Mineral Name,Valence Chemistry (concise),Valence Elements,Parsed Species,Parsed Elements,Expected Species,Validation Status,Missing Elements,Extra Elements,Charge Mismatches
Abellaite,NaPb^2+^_2_(CO_3_)_2_(OH),Na Pb^2+ C O H,Na Pb^2+ C O H,Na Pb C O H,Na Pb^2+ C O H,valid,,,
Abelloemringerite,Cu^2+^_2_Pb^2+^_2_Mn^3+^Mn^4+^_3_O_11_(OH)(H_2_O)_2_·H_2_O,Cu^2+ Pb^2+ Mn^3+ Mn^4+ O H,Cu^2+ Pb^2+ Mn^3+ Mn^4+ O H,Cu Pb Mn O H,Cu^2+ Pb^2+ Mn^3+ Mn^4+ O H,valid,,,
Abelsonite,Ni^2+^C_31_H_32_N_4_,Ni^2+ C H N,Ni^2+ C H N,Ni C H N,Ni^2+ C H N,valid,,,
Abenakiite-(Ce),Na_26_Ce^3+^_6_(SiO_3_)_6_(PO_4_)_6_(CO_3_)_6_(S^4+^O_2_)O,Na Ce^3+ Si O P C S^4+,Na Ce^3+ Si O P C S^4+,Na Ce Si O P C S,Na Ce^3+ Si O P C S^4+,valid,,,
Abernathyite,K(U^6+^O_2_)As^5+^O_4_·3H_2_O,K U^6+ O As^5+ H,K U^6+ O As^5+ H,K U O As H,K U^6+ O As^5+ H,valid,,,
Abhurite,Sn^2+^_21_O_6_(OH)_14_Cl_16_,Sn^2+ O H Cl,Sn^2+ O H Cl,Sn O H Cl,Sn^2+ O H Cl,valid,,,
Abramovite,Pb^2+^_2_Sn^4+^In^3+^Bi^3+^S^2-^_7_,Pb^2+ Sn^4+ In^3+ Bi^3+ S^2-,Pb^2+ Sn^4+ In^3+ Bi^3+ S^2-,Pb Sn In Bi S,Pb^2+ Sn^4+ In^3+ Bi^3+ S^2-,valid,,,
Abswurmbachite,Cu^2+^Mn^3+^_6_O_8_(SiO_4_),Cu^2+ Mn^3+ O Si,Cu^2+ Mn^3+ O Si,Cu Mn O Si,Cu^2+ Mn^3+ O Si,valid,,,
Abuite,CaAl_2_(PO_4_)_2_F_2_,Ca Al P O F,Ca Al P O F,Ca Al P O F,Ca Al P O F,valid,,,
Acanthite,Ag^1+^_2_S^2-^,Ag^1+ S^2-,Ag^1+ S^2-,Ag S,Ag^1+ S^2-,valid,,,
Acetamide,CH_3_CONH_2_,C H O N,C H O N,C H O N,C H O N,valid,,,
Achalaite,Fe^2+^Ti^4+^Nb^5+^_2_O_8_,Fe^2+ Ti^4+ Nb^5+ O,Fe^2+ Ti^4+ Nb^5+ O,Fe Ti Nb O,Fe^2+ Ti^4+ Nb^5+ O,valid,,,
Achávalite,FeSe,Fe Se,Fe Se,Fe Se,Fe Se,valid,,,
Achyrophanite,"(K,Na)_3_(Fe^3+^,Ti^4+^,Al,Mg)_5_O_2_(As^5+^O_4_)_5_",K Na Fe^3+ Ti^4+ Al Mg O As^5+,K Na Fe^3+ Ti^4+ Al Mg O As^5+,K Na Fe Ti Al Mg O As,K Na Fe^3+ Ti^4+ Al Mg O As^5+,valid,,,
Acmonidesite,"(N^3-^H_4_,K,Pb^2+^,Na)_9_Fe^2+^_4_(S^6+^O_4_)_5_Cl_8_",N^3- H K Pb^2+ Na Fe^2+ S^6+ O Cl,N^3- H K Pb^2+ Na Fe^2+ S^6+ O Cl,N H K Pb Na Fe S O Cl,N^3- H K Pb^2+ Na Fe^2+ S^6+ O Cl,valid,,,
Actinolite,Ca_2_(Mg_4.5-2.5_Fe^2+^_0.5-2.5_)Si_8_O_22_(OH)_2_,Ca Mg Fe^2+ Si O H,Ca Mg Fe^2+ Si O H,Ca Mg Fe Si O H,Ca Mg Fe^2+ Si O H,valid,,,
Acuminite,SrAlF_4_(OH)·H_2_O,Sr Al F O H,Sr Al F O H,Sr Al F O H,Sr Al F O H,valid,,,
Adachiite,CaFe^2+^_3_Al_6_(Si_5_AlO_18_)(BO_3_)_3_(OH)_3_(OH),Ca Fe^2+ Al Si O B H,Ca Fe^2+ Al Si O B H,Ca Fe Al Si O B H,Ca Fe^2+ Al Si O B H,valid,,,
Adamite,Zn^2+^_2_As^5+^O_4_(OH),Zn^2+ As^5+ O H,Zn^2+ As^5+ O H,Zn As O H,Zn^2+ As^5+ O H,valid,,,
Adamsite-(Y),NaY(CO_3_)_2_·6H_2_O,Na Y C O H,Na Y C O H,Na Y C O H,Na Y C O H,valid,,,
Adanite,Pb^2+^_2_(Te^4+^O_3_)(S^6+^O_4_),Pb^2+ Te^4+ O S^6+,Pb^2+ Te^4+ O S^6+,Pb Te O S,Pb^2+ Te^4+ O S^6+,valid,,,
Addibischoffite,Ca_2_Al_6_Al_6_O_20_,Ca Al O,Ca Al O,Ca Al O,Ca Al O,valid,,,
Adelite,CaMgAs^5+^O_4_(OH),Ca Mg As^5+ O H,Ca Mg As^5+ O H,Ca Mg As O H,Ca Mg As^5+ O H,valid,,,
Admontite,MgB_6_O_10_·7H_2_O,Mg B O H,Mg B O H,Mg B O H,Mg B O H,valid,,,
Adolfpateraite,K(U^6+^O_2_)(S^6+^O_4_)(OH)(H_2_O),K U^6+ O S^6+ H,K U^6+ O S^6+ H,K U O S H,K U^6+ O S^6+ H,valid,,,
Adranosite,(N^3-^H_4_)_4_NaAl_2_(S^6+^O_4_)_4_Cl(OH)_2_,N^3- H Na Al S^6+ O Cl,N^3- H Na Al S^6+ O Cl,N H Na Al S O Cl,N^3- H Na Al S^6+ O Cl,valid,,,
Adranosite-(Fe),(N^3-^H_4_)_4_NaFe^3+^_2_(S^6+^O_4_)_4_Cl(OH)_2_,N^3- H Na Fe^3+ S^6+ O Cl,N^3- H Na Fe^3+ S^6+ O Cl,N H Na Fe S O Cl,N^3- H Na Fe^3+ S^6+ O Cl,valid,,,
Adrianite,Ca_12_(Al_4_Mg_3_Si_7_)O_32_Cl_6_,Ca Al Mg Si O Cl,Ca Al Mg Si O Cl,Ca Al Mg Si O Cl,Ca Al Mg Si O Cl,valid,,,
Aegirine,NaFe^3+^Si_2_O_6_,Na Fe^3+ Si O,Na Fe^3+ Si O,Na Fe Si O,Na Fe^3+ Si O,valid,,,
Aegirine-augite,"(Ca,Na)(Fe^3+^,Mg,Fe^2+^)Si_2_O_6_",Ca Na Fe^3+ Mg Fe^2+ Si O,Ca Na Fe^3+ Mg Fe^2+ Si O,Ca Na Fe Mg Si O,Ca Na Fe^3+ Mg Fe^2+ Si O,valid,,,
Aenigmatite,Na_4_(Fe^2+^_10_Ti^4+^_2_)O_4_[Si_12_O_36_],Na Fe^2+ Ti^4+ O Si,Na Fe^2+ Ti^4+ O Si,Na Fe Ti O Si,Na Fe^2+ Ti^4+ O Si,valid,,,
Aerinite,"(Ca,Na)_6_(Fe^3+^,Fe^2+^,Mg,Al)_4_(Al,Mg)_6_Si_12_O_36_(OH)_12_(CO_3_)·12H_2_O",Ca Na Fe^3+ Fe^2+ Mg Al Si O H C,Ca Na Fe^3+ Fe^2+ Mg Al Si O H C,Ca Na Fe Mg Al Si O H C,Ca Na Fe^3+ Fe^2+ Mg Al Si O H C,valid,,,
Aerugite,Ni^2+^_8.5_(As^5+^O_4_)_2_As^5+^O_8_,Ni^2+ As^5+ O,Ni^2+ As^5+ O,Ni As O,Ni^2+ As^5+ O,valid,,,
Aeschynite-(Ce),Ce^3+^(Ti^4+^Nb^5+^)O_6_,Ce^3+ Ti^4+ Nb^5+ O,Ce^3+ Ti^4+ Nb^5+ O,Ce Ti Nb O,Ce^3+ Ti^4+ Nb^5+ O,valid,,,
Aeschynite-(Nd),Nd(Ti^4+^Nb^5+^)O_6_,Nd Ti^4+ Nb^5+ O,Nd Ti^4+ Nb^5+ O,Nd Ti Nb O,Nd Ti^4+ Nb^5+ O,valid,,,
Aeschynite-(Y),Y(Ti^4+^Nb^5+^)O_6_,Y Ti^4+ Nb^5+ O,Y Ti^4+ Nb^5+ O,Y Ti Nb O,Y Ti^4+ Nb^5+ O,valid,,,
Afghanite,"(Na,K)_22_Ca_10_(Si_24_Al_24_)O_96_(S^6+^O_4_)_6_Cl_6_",Na K Ca Si Al O S^6+ Cl,Na K Ca Si Al O S^6+ Cl,Na K Ca Si Al O S Cl,Na K Ca Si Al O S^6+ Cl,valid,,,
Afmite,Al_3_(OH)_4_(H_2_O)_3_(PO_4_)(PO_3_OH)·H_2_O,Al O H P,Al O H P,Al O H P,Al O H P,valid,,,
Afwillite,Ca_3_(SiO_4_)(SiO_2_(OH)_2_)·2H_2_O,Ca Si O H,Ca Si O H,Ca Si O H,Ca Si O H,valid,,,
Agaite,Pb^2+^_3_Cu^2+^Te^6+^O_5_(OH)_2_(CO_3_),Pb^2+ Cu^2+ Te^6+ O H C,Pb^2+ Cu^2+ Te^6+ O H C,Pb Cu Te O H C,Pb^2+ Cu^2+ Te^6+ O H C,valid,,,
Agakhanovite-(Y),YCa[box]_2_KBe_3_Si_12_O_30_,Y Ca K Be Si O,Y Ca K Be Si O,Y Ca K Be Si O,Y Ca K Be Si O,valid,,,
Agardite-(Ce),Cu^2+^_6_Ce^3+^(As^5+^O_4_)_3_(OH)_6_·3H_2_O,Cu^2+ Ce^3+ As^5+ O H,Cu^2+ Ce^3+ As^5+ O H,Cu Ce As O H,Cu^2+ Ce^3+ As^5+ O H,valid,,,
Agardite-(La),Cu^2+^_6_La^3+^(As^5+^O_4_)_3_(OH)_6_·3H_2_O,Cu^2+ La^3+ As^5+ O H,Cu^2+ La^3+ As^5+ O H,Cu La As O H,Cu^2+ La^3+ As^5+ O H,valid,,,
Agardite-(Nd),Cu^2+^_6_Nd(As^5+^O_4_)_3_(OH)_6_·3H_2_O,Cu^2+ Nd As^5+ O H,Cu^2+ Nd As^5+ O H,Cu Nd As O H,Cu^2+ Nd As^5+ O H,valid,,,
Agardite-(Y),Cu^2+^_6_Y(As^5+^O_4_)_3_(OH)_6_·3H_2_O,Cu^2+ Y As^5+ O H,Cu^2+ Y As^5+ O H,Cu Y As O H,Cu^2+ Y As^5+ O H,valid,,,
Agmantinite,Ag^1+^_2_Mn^2+^Sn^4+^S^2-^_4_,Ag^1+ Mn^2+ Sn^4+ S^2-,Ag^1+ Mn^2+ Sn^4+ S^2-,Ag Mn Sn S,Ag^1+ Mn^2+ Sn^4+ S^2-,valid,,,
Agrellite,NaCa_2_Si_4_O_10_F,Na Ca Si O F,Na Ca Si O F,Na Ca Si O F,Na Ca Si O F,valid,,,
Agricolaite,K_4_(U^6+^O_2_)(CO_3_)_3_,K U^6+ O C,K U^6+ O C,K U O C,K U^6+ O C,valid,,,
Agrinierite,K_2_Ca[(U^6+^O_2_)_3_O_3_(OH)_2_]_2_·5H_2_O,K Ca U^6+ O H,K Ca U^6+ O H,K Ca U O H,K Ca U^6+ O H,valid,,,
Aguilarite,Ag^1+^_4_Se^2-^S^2-^,Ag^1+ Se^2- S^2-,Ag^1+ Se^2- S^2-,Ag Se S,Ag^1+ Se^2- S^2-,valid,,,
Aheylite,Fe^2+^Al_6_(PO_4_)_4_(OH)_8_·4H_2_O,Fe^2+ Al P O H,Fe^2+ Al P O H,Fe Al P O H,Fe^2+ Al P O H,valid,,,
Ahlfeldite,Ni^2+^Se^4+^O_3_·2H_2_O,Ni^2+ Se^4+ O H,Ni^2+ Se^4+ O H,Ni Se O H,Ni^2+ Se^4+ O H,valid,,,
Ahrensite,SiFe^2+^_2_O_4_,Si Fe^2+ O,Si Fe^2+ O,Si Fe O,Si Fe^2+ O,valid,,,
Aikinite,Cu^1+^Pb^2+^Bi^3+^S^2-^_3_,Cu^1+ Pb^2+ Bi^3+ S^2-,Cu^1+ Pb^2+ Bi^3+ S^2-,Cu Pb Bi S,Cu^1+ Pb^2+ Bi^3+ S^2-,valid,,,
Aiolosite,Na_2_(Na_2_Bi^3+^)(S^6+^O_4_)_3_Cl,Na Bi^3+ S^6+ O Cl,Na Bi^3+ S^6+ O Cl,Na Bi S O Cl,Na Bi^3+ S^6+ O Cl,valid,,,
Airdite,Sr(V^4+^O)_2_(PO_4_)_2_·4H_2_O,Sr V^4+ O P H,Sr V^4+ O P H,Sr V O P H,Sr V^4+ O P H,valid,,,
Ajoite,K_3_Cu^2+^_20_Al_3_Si_29_O_76_(OH)_16_·8H_2_O,K Cu^2+ Al Si O H,K Cu^2+ Al Si O H,K Cu Al Si O H,K Cu^2+ Al Si O H,valid,,,
Akaganeite,"(Fe^3+^,Ni^2+^)_8_(OH,O)_16_Cl_1.25_·nH_2_O",Fe^3+ Ni^2+ O H Cl,Fe^3+ Ni^2+ O H Cl,Fe Ni O H Cl,Fe^3+ Ni^2+ O H Cl,valid,,,
Akaogiite,Ti^4+^O_2_,Ti^4+ O,Ti^4+ O,Ti O,Ti^4+ O,valid,,,
Akasakaite-(Ce),CaCe^3+^(Al_2_Mn^2+^)(Si_2_O_7_)(SiO_4_)O(OH),Ca Ce^3+ Al Mn^2+ Si O H,Ca Ce^3+ Al Mn^2+ Si O H,Ca Ce Al Mn Si O H,Ca Ce^3+ Al Mn^2+ Si O H,valid,,,
Akasakaite-(La),CaLa^3+^(Al_2_Mn^2+^)(Si_2_O_7_)(SiO_4_)O(OH),Ca La^3+ Al Mn^2+ Si O H,Ca La^3+ Al Mn^2+ Si O H,Ca La Al Mn Si O H,Ca La^3+ Al Mn^2+ Si O H,valid,,,
Akatoreite,Mn^2+^_9_Al_2_Si_8_O_24_(OH)_8_,Mn^2+ Al Si O H,Mn^2+ Al Si O H,Mn Al Si O H,Mn^2+ Al Si O H,valid,,,
Akdalaite,Al_5_O_7_(OH),Al O H,Al O H,Al O H,Al O H,valid,,,
Åkermanite,Ca_2_MgSi_2_O_7_,Ca Mg Si O,Ca Mg Si O,Ca Mg Si O,Ca Mg Si O,valid,,,
Akhtenskite,Mn^4+^O_2_,Mn^4+ O,Mn^4+ O,Mn O,Mn^4+ O,valid,,,
Akimotoite,MgSiO_3_,Mg Si O,Mg Si O,Mg Si O,Mg Si O,valid,,,
Aklimaite,Ca_4_[Si_2_O_5_(OH)_2_](OH)_4_·5H_2_O,Ca Si O H,Ca Si O H,Ca Si O H,Ca Si O H,valid,,,
Akopovaite,Al_4_Li_2_(OH)_12_(CO_3_)(H_2_O)_3_,Al Li O H C,Al Li O H C,Al Li O H C,Al Li O H C,valid,,,
Akrochordite,Mn^2+^Mn^2+^_2_Mn^2+^_2_(As^5+^O_4_)_2_(OH)_4_(H_2_O)_4_,Mn^2+ As^5+ O H,Mn^2+ As^5+ O H,Mn As O H,Mn^2+ As^5+ O H,valid,,,
Aksaite,MgB_6_O_7_(OH)_6_·2H_2_O,Mg B O H,Mg B O H,Mg B O H,Mg B O H,valid,,,
Aktashite,Cu^1+^_6_Hg^2+^_3_As^3+^_4_S^2-^_12_,Cu^1+ Hg^2+ As^3+ S^2-,Cu^1+ Hg^2+ As^3+ S^2-,Cu Hg As S,Cu^1+ Hg^2+ As^3+ S^2-,valid,,,
Alabandite,Mn^2+^S^2-^,Mn^2+ S^2-,Mn^2+ S^2-,Mn S,Mn^2+ S^2-,valid,,,
Alacránite,As_8_S_9_,As S,As S,As S,As S,valid,,,
Alamosite,Pb^2+^SiO_3_,Pb^2+ Si O,Pb^2+ Si O,Pb Si O,Pb^2+ Si O,valid,,,
Alarsite,AlAs^5+^O_4_,Al As^5+ O,Al As^5+ O,Al As O,Al As^5+ O,valid,,,
Albertiniite,Fe^2+^(S^4+^O_3_)·3H_2_O,Fe^2+ S^4+ O H,Fe^2+ S^4+ O H,Fe S O H,Fe^2+ S^4+ O H,valid,,,
Albite,NaAlSi_3_O_8_,Na Al Si O,Na Al Si O,Na Al Si O,Na Al Si O,valid,,,
Albrechtschraufite,Ca_4_Mg(U^6+^O_2_)_2_(CO_3_)_6_F_2_·17H_2_O,Ca Mg U^6+ O C F H,Ca Mg U^6+ O C F H,Ca Mg U O C F H,Ca Mg U^6+ O C F H,valid,,,
Alburnite,Ag^1+^_8_GeTe^2-^_2_S^2-^_4_,Ag^1+ Ge Te^2- S^2-,Ag^1+ Ge Te^2- S^2-,Ag Ge Te S,Ag^1+ Ge Te^2- S^2-,valid,,,
Alcantarillaite,[Fe^3+^_0.5_(H_2_O)_4_][CaAs^3+^_2_(Fe^3+^_2.5_W^6+^_0.5_)(As^5+^O_4_)_2_O_7_],Fe^3+ H O Ca As^3+ W^6+ As^5+,Fe^3+ H O Ca As^3+ W^6+ As^5+,Fe H O Ca As W,Fe^3+ H O Ca As^3+ W^6+ As^5+,valid,,,
Alcaparrosaite,K_3_Ti^4+^Fe^3+^(S^6+^O_4_)_4_O·2H_2_O,K Ti^4+ Fe^3+ S^6+ O H,K Ti^4+ Fe^3+ S^6+ O H,K Ti Fe S O H,K Ti^4+ Fe^3+ S^6+ O H,valid,,,
Aldermanite,[Mg(H_2_O)_6_][Na(H_2_O)_2_Al_3_(PO_4_)_2_(OH)_6_]·H_2_O,Mg H O Na Al P,Mg H O Na Al P,Mg H O Na Al P,Mg H O Na Al P,valid,,,
Aldomarinoite,Sr_2_Mn^3+^(As^5+^O_4_)_2_(OH),Sr Mn^3+ As^5+ O H,Sr Mn^3+ As^5+ O H,Sr Mn As O H,Sr Mn^3+ As^5+ O H,valid,,,
Aldridgeite,Cd^2+^Cu^2+^_4_(S^6+^O_4_)_2_(OH)_6_(H_2_O)_3_,Cd^2+ Cu^2+ S^6+ O H,Cd^2+ Cu^2+ S^6+ O H,Cd Cu S O H,Cd^2+ Cu^2+ S^6+ O H,valid,,,
Aleksandrovite,KCa_7_Sn^4+^_2_Li_3_Si_12_O_36_F_2_,K Ca Sn^4+ Li Si O F,K Ca Sn^4+ Li Si O F,K Ca Sn Li Si O F,K Ca Sn^4+ Li Si O F,valid,,,
Aleksite,Pb^2+^Bi^3+^_2_Te^2-^_2_S^2-^_2_,Pb^2+ Bi^3+ Te^2- S^2-,Pb^2+ Bi^3+ Te^2- S^2-,Pb Bi Te S,Pb^2+ Bi^3+ Te^2- S^2-,valid,,,
Aleutite,[Cu^2+^_5_O_2_](As^5+^O_4_)(V^5+^O_4_)·(Cu^2+^_0.5_[box]_0.5_)Cl,Cu^2+ O As^5+ V^5+ Cl,Cu^2+ O As^5+ V^5+ Cl,Cu O As V Cl,Cu^2+ O As^5+ V^5+ Cl,valid,,,
Alexearlite,Hg^2+^_3_(Mo^6+^O_4_)S^2-^_2_,Hg^2+ Mo^6+ O S^2-,Hg^2+ Mo^6+ O S^2-,Hg Mo O S,Hg^2+ Mo^6+ O S^2-,valid,,,
Alexkhomyakovite,K_6_(Ca_2_Na)(CO_3_)_5_Cl·6H_2_O,K Ca Na C O Cl H,K Ca Na C O Cl H,K Ca Na C O Cl H,K Ca Na C O Cl H,valid,,,
Alexkuznetsovite-(Ce),Ce^3+^_2_Mn^2+^(CO_3_)(Si_2_O_7_),Ce^3+ Mn^2+ C O Si,Ce^3+ Mn^2+ C O Si,Ce Mn C O Si,Ce^3+ Mn^2+ C O Si,valid,,,
Alexkuznetsovite-(La),La^3+^_2_Mn^2+^(CO_3_)(Si_2_O_7_),La^3+ Mn^2+ C O Si,La^3+ Mn^2+ C O Si,La Mn C O Si,La^3+ Mn^2+ C O Si,valid,,,
Alexshubnikovite,Ca_2_Cu^2+^_9_(As^5+^O_4_)_4_(OH)_9_Cl(H_2_O)_8_·2H_2_O,Ca Cu^2+ As^5+ O H Cl,Ca Cu^2+ As^5+ O H Cl,Ca Cu As O H Cl,Ca Cu^2+ As^5+ O H Cl,valid,,,
Alflarsenite,NaCa_2_Be_3_Si_4_O_13_(OH)·2H_2_O,Na Ca Be Si O H,Na Ca Be Si O H,Na Ca Be Si O H,Na Ca Be Si O H,valid,,,
Alforsite,Ba_5_(PO_4_)_3_Cl,Ba P O Cl,Ba P O Cl,Ba P O Cl,Ba P O Cl,valid,,,
Alfredcasparite,Sr_2_Ti^4+^O(Si_2_O_7_),Sr Ti^4+ O Si,Sr Ti^4+ O Si,Sr Ti O Si,Sr Ti^4+ O Si,valid,,,
Alfredopetrovite,Al_2_(Se^4+^O_3_)_3_·6H_2_O,Al Se^4+ O H,Al Se^4+ O H,Al Se O H,Al Se^4+ O H,valid,,,
Alfredstelznerite,Ca_4_B_16_O_16_(OH)_24_·19H_2_O,Ca B O H,Ca B O H,Ca B O H,Ca B O H,valid,,,
Algodonite,Cu_1-x_As_x_ (x ≈ 1/7),Cu As,Cu As,Cu As,Cu As,valid,,,
Alicewilsonite-(YCe),Na_2_Sr_2_YCe^3+^(CO_3_)_6_·3H_2_O,Na Sr Y Ce^3+ C O H,Na Sr Y Ce^3+ C O H,Na Sr Y Ce C O H,Na Sr Y Ce^3+ C O H,valid,,,
Alicewilsonite-(YLa),Na_2_Sr_2_YLa^3+^(CO_3_)_6_·3H_2_O,Na Sr Y La^3+ C O H,Na Sr Y La^3+ C O H,Na Sr Y La C O H,Na Sr Y La^3+ C O H,valid,,,
Aliettite,"Ca_0.2_Mg_6_(Si,Al)_8_O_20_(OH)_4_·4H_2_O",Ca Mg Si Al O H,Ca Mg Si Al O H,Ca Mg Si Al O H,Ca Mg Si Al O H,valid,,,
Allabogdanite,"(Fe,Ni)_2_P",Fe Ni P,Fe Ni P,Fe Ni P,Fe Ni P,valid,,,
Allactite,Mn^2+^_7_(As^5+^O_4_)_2_(OH)_8_,Mn^2+ As^5+ O H,Mn^2+ As^5+ O H,Mn As O H,Mn^2+ As^5+ O H,valid,,,
Allanite-(Ce),CaCe^3+^Al_2_Fe^2+^(Si_2_O_7_)(SiO_4_)O(OH),Ca Ce^3+ Al Fe^2+ Si O H,Ca Ce^3+ Al Fe^2+ Si O H,Ca Ce Al Fe Si O H,Ca Ce^3+ Al Fe^2+ Si O H,valid,,,
Allanite-(La),CaLa^3+^Fe^2+^Al_2_(Si_2_O_7_)(SiO_4_)O(OH),Ca La^3+ Fe^2+ Al Si O H,Ca La^3+ Fe^2+ Al Si O H,Ca La Fe Al Si O H,Ca La^3+ Fe^2+ Al Si O H,valid,,,
Allanite-(Nd),CaNdAl_2_Fe^2+^(Si_2_O_7_)(SiO_4_)O(OH),Ca Nd Al Fe^2+ Si O H,Ca Nd Al Fe^2+ Si O H,Ca Nd Al Fe Si O H,Ca Nd Al Fe^2+ Si O H,valid,,,
Allanite-(Sm),CaSm(Al_2_Fe^2+^)(Si_2_O_7_)(SiO_4_)O(OH),Ca Sm Al Fe^2+ Si O H,Ca Sm Al Fe^2+ Si O H,Ca Sm Al Fe Si O H,Ca Sm Al Fe^2+ Si O H,valid,,,
Allanite-(Y),CaYAl_2_Fe^2+^(Si_2_O_7_)(SiO_4_)O(OH),Ca Y Al Fe^2+ Si O H,Ca Y Al Fe^2+ Si O H,Ca Y Al Fe Si O H,Ca Y Al Fe^2+ Si O H,valid,,,
Allanpringite,Fe^3+^_3_(PO_4_)_2_(OH)_3_·5H_2_O,Fe^3+ P O H,Fe^3+ P O H,Fe P O H,Fe^3+ P O H,valid,,,
Allantoin,C_4_H_6_N_4_O_3_,C H N O,C H N O,C H N O,C H N O,valid,,,
Allargentum,Ag_1-x_Sb_x_ (x=0.09-0.16),Ag Sb,Ag Sb,Ag Sb,Ag Sb,valid,,,
Alleghanyite,Mn^2+^_5_(SiO_4_)_2_(OH)_2_,Mn^2+ Si O H,Mn^2+ Si O H,Mn Si O H,Mn^2+ Si O H,valid,,,
Allendeite,Sc_4_Zr^4+^_3_O_12_,Sc Zr^4+ O,Sc Zr^4+ O,Sc Zr O,Sc Zr^4+ O,valid,,,
Allochalcoselite,Cu^1+^Cu^2+^_5_Pb^2+^O_2_(Se^4+^O_3_)_2_Cl_5_,Cu^1+ Cu^2+ Pb^2+ O Se^4+ Cl,Cu^1+ Cu^2+ Pb^2+ O Se^4+ Cl,Cu Pb O Se Cl,Cu^1+ Cu^2+ Pb^2+ O Se^4+ Cl,valid,,,
Alloclasite,Co^3+^(AsS)^3-^,Co^3+ As S,Co^3+ As S,Co As S,Co^3+ As S,valid,,,
Allophane,Al_2_O_3_(SiO_2_)_1.3-2.0_·2.5-3.0H_2_O,Al O Si H,Al O Si H,Al O Si H,Al O Si H,valid,,,
Alloriite,"(Na,K,Ca)_24_(Na,Ca)_4_Ca_4_(Si,Al)_48_O_96_(S^6+^O_4_)_4_(S^4+^O_3_,CO_3_)_2_(OH,Cl)_2_(H_2_O,OH)_4_",Na K Ca Si Al O S^6+ S^4+ C H Cl,Na K Ca Si Al O S^6+ S^4+ C H Cl,Na K Ca Si Al O S C H Cl,Na K Ca Si Al O S^6+ S^4+ C H Cl,valid,,,
Alluaivite,"Na_19_(Ca,Mn^2+^)_6_(Ti^4+^,Nb^5+^)_3_Si_26_O_74_Cl·2H_2_O",Na Ca Mn^2+ Ti^4+ Nb^5+ Si O Cl H,Na Ca Mn^2+ Ti^4+ Nb^5+ Si O Cl H,Na Ca Mn Ti Nb Si O Cl H,Na Ca Mn^2+ Ti^4+ Nb^5+ Si O Cl H,valid,,,
Alluaudite,[box]NaMn^2+^Fe^3+^_2_(PO_4_)_3_,Na Mn^2+ Fe^3+ P O,Na Mn^2+ Fe^3+ P O,Na Mn Fe P O,Na Mn^2+ Fe^3+ P O,valid,,,
Almagreraite,Cu^2+^Zn^2+^Mn^4+^_3_O_8_,Cu^2+ Zn^2+ Mn^4+ O,Cu^2+ Zn^2+ Mn^4+ O,Cu Zn Mn O,Cu^2+ Zn^2+ Mn^4+ O,valid,,,
Almandine,Fe^2+^_3_Al_2_(SiO_4_)_3_,Fe^2+ Al Si O,Fe^2+ Al Si O,Fe Al Si O,Fe^2+ Al Si O,valid,,,
Almarudite,"K([box],Na)_2_(Mn^2+^,Fe^2+^,Mg)_2_[(Be,Al)_3_Si_12_]O_30_",K Na Mn^2+ Fe^2+ Mg Be Al Si O,K Na Mn^2+ Fe^2+ Mg Be Al Si O,K Na Mn Fe Mg Be Al Si O,K Na Mn^2+ Fe^2+ Mg Be Al Si O,valid,,,
Almeidaite,"Pb^2+^Zn^2+^_2_(Mn^2+^,Y)(Ti^4+^,Fe^3+^)_18_O_36_(OH,O)_2_",Pb^2+ Zn^2+ Mn^2+ Y Ti^4+ Fe^3+ O H,Pb^2+ Zn^2+ Mn^2+ Y Ti^4+ Fe^3+ O H,Pb Zn Mn Y Ti Fe O H,Pb^2+ Zn^2+ Mn^2+ Y Ti^4+ Fe^3+ O H,valid,,,
Alnaperbøeite-(Ce),(CaCe^3+^_2.5_Na_0.5_)Al_4_(Si_2_O_7_)(SiO_4_)_3_O(OH)_2_,Ca Ce^3+ Na Al Si O H,Ca Ce^3+ Na Al Si O H,Ca Ce Na Al Si O H,Ca Ce^3+ Na Al Si O H,valid,,,
Alpeite,Ca_4_Mn^3+^_2_Al_2_(Mn^3+^Mg)(SiO_4_)_2_(Si_3_O_10_)(V^5+^O_4_)(OH)_6_,Ca Mn^3+ Al Mg Si O V^5+ H,Ca Mn^3+ Al Mg Si O V^5+ H,Ca Mn Al Mg Si O V H,Ca Mn^3+ Al Mg Si O V^5+ H,valid,,,
Alpersite,MgS^6+^O_4_·7H_2_O,Mg S^6+ O H,Mg S^6+ O H,Mg S O H,Mg S^6+ O H,valid,,,
Alsakharovite-Zn,"NaSrKZn^2+^(Ti^4+^,Nb^5+^)_4_(Si_4_O_12_)_2_(O,OH)_4_·7H_2_O",Na Sr K Zn^2+ Ti^4+ Nb^5+ Si O H,Na Sr K Zn^2+ Ti^4+ Nb^5+ Si O H,Na Sr K Zn Ti Nb Si O H,Na Sr K Zn^2+ Ti^4+ Nb^5+ Si O H,valid,,,
Alstonite,BaCa(CO_3_)_2_,Ba Ca C O,Ba Ca C O,Ba Ca C O,Ba Ca C O,valid,,,
Altaite,Pb^2+^Te^2-^,Pb^2+ Te^2-,Pb^2+ Te^2-,Pb Te,Pb^2+ Te^2-,valid,,,
Alterite,Zn^2+^_2_Fe^3+^_4_(S^6+^O_4_)_4_((C_2_)^6+^O_4_)_2_(OH)_4_·17H_2_O,Zn^2+ Fe^3+ S^6+ O C H,Zn^2+ Fe^3+ S^6+ O C H,Zn Fe S O C H,Zn^2+ Fe^3+ S^6+ O C H,valid,,,
Althausite,"Mg_4_(PO_4_)_2_(OH,O)(F,[box])",Mg P O H F,Mg P O H F,Mg P O H F,Mg P O H F,valid,,,
Althupite,AlTh^4+^(U^6+^O_2_)_7_(PO_4_)_4_O_2_(OH)_5_·15H_2_O,Al Th^4+ U^6+ O P H,Al Th^4+ U^6+ O P H,Al Th U O P H,Al Th^4+ U^6+ O P H,valid,,,
Altisite,Na_3_K_6_Ti^4+^_2_Al_2_Si_8_O_26_Cl_3_,Na K Ti^4+ Al Si O Cl,Na K Ti^4+ Al Si O Cl,Na K Ti Al Si O Cl,Na K Ti^4+ Al Si O Cl,valid,,,
Aluminite,Al_2_S^6+^O_4_(OH)_4_·7H_2_O,Al S^6+ O H,Al S^6+ O H,Al S O H,Al S^6+ O H,valid,,,
Aluminium,Al,Al,Al,Al,Al,valid,,,
Aluminoceladonite,"K(Mg,Fe^2+^)AlSi_4_O_10_(OH)_2_",K Mg Fe^2+ Al Si O H,K Mg Fe^2+ Al Si O H,K Mg Fe Al Si O H,K Mg Fe^2+ Al Si O H,valid,,,
Aluminocerite-(CeCa),(Ce^3+^_6_Ca_3_)[box]Al(SiO_4_)_3_(SiO_3_OH)_4_(OH)_3_,Ce^3+ Ca Al Si O H,Ce^3+ Ca Al Si O H,Ce Ca Al Si O H,Ce^3+ Ca Al Si O H,valid,,,
Aluminocopiapite,AlFe^3+^_4_(S^6+^O_4_)_6_O(OH)(H_2_O)_14_·6H_2_O,Al Fe^3+ S^6+ O H,Al Fe^3+ S^6+ O H,Al Fe S O H,Al Fe^3+ S^6+ O H,valid,,,
Aluminocoquimbite,Al_2_Fe^3+^_2_(S^6+^O_4_)_6_(H_2_O)_12_·9H_2_O,Al Fe^3+ S^6+ O H,Al Fe^3+ S^6+ O H,Al Fe S O H,Al Fe^3+ S^6+ O H,valid,,,
Aluminomagnesiohulsite,Mg_2_AlO_2_(BO_3_),Mg Al O B,Mg Al O B,Mg Al O B,Mg Al O B,valid,,,
Alumino-oxy-rossmanite,Al_3_Al_6_(Si_5_AlO_18_)(BO_3_)_3_(OH)_3_O,Al Si O B H,Al Si O B H,Al Si O B H,Al Si O B H,valid,,,
Aluminopyracmonite,(N^3-^H_4_)_3_Al(S^6+^O_4_)_3_,N^3- H Al S^6+ O,N^3- H Al S^6+ O,N H Al S O,N^3- H Al S^6+ O,valid,,,
Aluminosugilite,KNa_2_Al_2_Li_3_Si_12_O_30_,K Na Al Li Si O,K Na Al Li Si O,K Na Al Li Si O,K Na Al Li Si O,valid,,,
Aluminotaipingite-(CeCa),(Ce^3+^_6_Ca_3_)Al(SiO_4_)_3_[SiO_3_(OH)]_4_F_3_,Ce^3+ Ca Al Si O H F,Ce^3+ Ca Al Si O H F,Ce Ca Al Si O H F,Ce^3+ Ca Al Si O H F,valid,,,
Alum-(K),KAl(S^6+^O_4_)_2_·12H_2_O,K Al S^6+ O H,K Al S^6+ O H,K Al S O H,K Al S^6+ O H,valid,,,
Alum-(Na),NaAl(S^6+^O_4_)_2_·12H_2_O,Na Al S^6+ O H,Na Al S^6+ O H,Na Al S O H,Na Al S^6+ O H,valid,,,
Alumoåkermanite,"(Ca,Na)_2_(Al,Mg,Fe^2+^)(Si_2_O_7_)",Ca Na Al Mg Fe^2+ Si O,Ca Na Al Mg Fe^2+ Si O,Ca Na Al Mg Fe Si O,Ca Na Al Mg Fe^2+ Si O,valid,,,
Alumoedtollite,K_2_NaCu^2+^_5_AlO_2_(As^5+^O_4_)_4_,K Na Cu^2+ Al O As^5+,K Na Cu^2+ Al O As^5+,K Na Cu Al O As,K Na Cu^2+ Al O As^5+,valid,,,
Alumohydrocalcite,CaAl_2_(CO_3_)_2_(OH)_4_·3H_2_O,Ca Al C O H,Ca Al C O H,Ca Al C O H,Ca Al C O H,valid,,,
Alumoklyuchevskite,K_3_Cu^2+^_3_AlO_2_(S^6+^O_4_)_4_,K Cu^2+ Al O S^6+,K Cu^2+ Al O S^6+,K Cu Al O S,K Cu^2+ Al O S^6+,valid,,,
Alumolukrahnite,CaCu^2+^Al(As^5+^O_4_)_2_(OH)(H_2_O),Ca Cu^2+ Al As^5+ O H,Ca Cu^2+ Al As^5+ O H,Ca Cu Al As O H,Ca Cu^2+ Al As^5+ O H,valid,,,
Alumotantite,AlTa^5+^O_4_,Al Ta^5+ O,Al Ta^5+ O,Al Ta O,Al Ta^5+ O,valid,,,
Alumovesuvianite,Ca_19_Al(Al_10_Mg_2_)(SiO_4_)_10_(Si_2_O_7_)_4_O(OH)_9_,Ca Al Mg Si O H,Ca Al Mg Si O H,Ca Al Mg Si O H,Ca Al Mg Si O H,valid,,,
Alunite,KAl_3_(S^6+^O_4_)_2_(OH)_6_,K Al S^6+ O H,K Al S^6+ O H,K Al S O H,K Al S^6+ O H,valid,,,
Alunogen,Al_2_(S^6+^O_4_)_3_(H_2_O)_12_·5H_2_O,Al S^6+ O H,Al S^6+ O H,Al S O H,Al S^6+ O H,valid,,,
Alvanite,Zn^2+^Al_4_(V^5+^O_3_)_2_(OH)_12_·2H_2_O,Zn^2+ Al V^5+ O H,Zn^2+ Al V^5+ O H,Zn Al V O H,Zn^2+ Al V^5+ O H,valid,,,
Alvesite,NaKZr^4+^Si_6_O_15_·2H_2_O,Na K Zr^4+ Si O H,Na K Zr^4+ Si O H,Na K Zr Si O H,Na K Zr^4+ Si O H,valid,,,
Alwilkinsite-(Y),Y(U^6+^O_2_)_3_(S^6+^O_4_)_2_O(OH)_3_(H_2_O)_7_·7H_2_O,Y U^6+ O S^6+ H,Y U^6+ O S^6+ H,Y U O S H,Y U^6+ O S^6+ H,valid,,,
Amableite-(Ce),Na_15_[(Ce^3+^_1.5_Na_1.5_)Mn^2+^_3_]Mn^2+^_2_Zr^4+^_3_[box]Si[Si_24_O_69_(OH)_3_](OH)_2_·H_2_O,Na Ce^3+ Mn^2+ Zr^4+ Si O H,Na Ce^3+ Mn^2+ Zr^4+ Si O H,Na Ce Mn Zr Si O H,Na Ce^3+ Mn^2+ Zr^4+ Si O H,valid,,,
Amakinite,Fe^2+^(OH)_2_,Fe^2+ O H,Fe^2+ O H,Fe O H,Fe^2+ O H,valid,,,
Amamoorite,CaMn^2+^_2_Mn^3+^(Si_2_O_7_)O(OH),Ca Mn^2+ Mn^3+ Si O H,Ca Mn^2+ Mn^3+ Si O H,Ca Mn Si O H,Ca Mn^2+ Mn^3+ Si O H,valid,,,
Amarantite,Fe^3+^_2_O(S^6+^O_4_)_2_·7H_2_O,Fe^3+ O S^6+ H,Fe^3+ O S^6+ H,Fe O S H,Fe^3+ O S^6+ H,valid,,,
Amarillite,NaFe^3+^(S^6+^O_4_)_2_·6H_2_O,Na Fe^3+ S^6+ O H,Na Fe^3+ S^6+ O H,Na Fe S O H,Na Fe^3+ S^6+ O H,valid,,,
Amaterasuite,Sr_4_Ti^4+^_6_Si_4_O_23_(OH)Cl,Sr Ti^4+ Si O H Cl,Sr Ti^4+ Si O H Cl,Sr Ti Si O H Cl,Sr Ti^4+ Si O H Cl,valid,,,
Amblygonite,LiAlPO_4_F,Li Al P O F,Li Al P O F,Li Al P O F,Li Al P O F,valid,,,
Ambrinoite,"[K,(N^3-^H_4_)]_2_(As^3+^,Sb^3+^)_6_(Sb^3+^,As^3+^)_2_S^2-^_13_·H_2_O",K N^3- H As^3+ Sb^3+ S^2- O,K N^3- H As^3+ Sb^3+ S^2- O,K N H As Sb S O,K N^3- H As^3+ Sb^3+ S^2- O,valid,,,
Ameghinite,NaB_3_O_3_(OH)_4_,Na B O H,Na B O H,Na B O H,Na B O H,valid,,,
Amesite,Mg_2_Al(AlSiO_5_)(OH)_4_,Mg Al Si O H,Mg Al Si O H,Mg Al Si O H,Mg Al Si O H,valid,,,
Amgaite,Tl^3+^_2_Te^6+^O_6_,Tl^3+ Te^6+ O,Tl^3+ Te^6+ O,Tl Te O,Tl^3+ Te^6+ O,valid,,,
Amicite,K_2_Na_2_(Si_4_Al_4_O_16_)·5H_2_O,K Na Si Al O H,K Na Si Al O H,K Na Si Al O H,K Na Si Al O H,valid,,,
Aminoffite,Ca_3_(BeOH)_2_Si_3_O_10_,Ca Be O H Si,Ca Be O H Si,Ca Be O H Si,Ca Be O H Si,valid,,,
Ammineite,Cu^2+^Cl_2_(N^3-^H_3_)_2_,Cu^2+ Cl N^3- H,Cu^2+ Cl N^3- H,Cu Cl N H,Cu^2+ Cl N^3- H,valid,,,
Ammonioalunite,N^3-^H_4_Al_3_(S^6+^O_4_)_2_(OH)_6_,N^3- H Al S^6+ O,N^3- H Al S^6+ O,N H Al S O,N^3- H Al S^6+ O,valid,,,
Ammonioborite,(N^3-^H_4_)_3_B_15_O_20_(OH)_8_·4H_2_O,N^3- H B O,N^3- H B O,N H B O,N^3- H B O,valid,,,
Ammoniojarosite,N^3-^H_4_Fe^3+^_3_(S^6+^O_4_)_2_(OH)_6_,N^3- H Fe^3+ S^6+ O,N^3- H Fe^3+ S^6+ O,N H Fe S O,N^3- H Fe^3+ S^6+ O,valid,,,
Ammoniolasalite,(N^3-^H_4_)_2_Mg_2_[V^5+^_10_O_28_]·20H_2_O,N^3- H Mg V^5+ O,N^3- H Mg V^5+ O,N H Mg V O,N^3- H Mg V^5+ O,valid,,,
Ammonioleucite,(N^3-^H_4_)AlSi_2_O_6_,N^3- H Al Si O,N^3- H Al Si O,N H Al Si O,N^3- H Al Si O,valid,,,
Ammoniomagnesiovoltaite,(N^3-^H_4_)_2_Mg_5_Fe^3+^_3_Al(S^6+^O_4_)_12_·18H_2_O,N^3- H Mg Fe^3+ Al S^6+ O,N^3- H Mg Fe^3+ Al S^6+ O,N H Mg Fe Al S O,N^3- H Mg Fe^3+ Al S^6+ O,valid,,,
Ammoniomathesiusite,(N^3-^H_4_)_5_(U^6+^O_2_)_4_(S^6+^O_4_)_4_(V^5+^O_5_)·4H_2_O,N^3- H U^6+ O S^6+ V^5+,N^3- H U^6+ O S^6+ V^5+,N H U O S V,N^3- H U^6+ O S^6+ V^5+,valid,,,
Ammoniotinsleyite,(N^3-^H_4_)Al_2_(PO_4_)_2_(OH)·2H_2_O,N^3- H Al P O,N^3- H Al P O,N H Al P O,N^3- H Al P O,valid,,,
Ammoniovoltaite,(N^3-^H_4_)_2_Fe^2+^_5_Fe^3+^_3_Al(S^6+^O_4_)_12_(H_2_O)_18_,N^3- H Fe^2+ Fe^3+ Al S^6+ O,N^3- H Fe^2+ Fe^3+ Al S^6+ O,N H Fe Al S O,N^3- H Fe^2+ Fe^3+ Al S^6+ O,valid,,,
Ammoniozippeite,(N^3-^H_4_)_2_[(U^6+^O_2_)_2_(S^6+^O_4_)O_2_]·H_2_O,N^3- H U^6+ O S^6+,N^3- H U^6+ O S^6+,N H U O S,N^3- H U^6+ O S^6+,valid,,,
Amoraite,Ca_12_Al_6_(OH)_36_(CO_3_)_2_(S^4+^O_3_)·15H_2_O,Ca Al O H C S^4+,Ca Al O H C S^4+,Ca Al O H C S,Ca Al O H C S^4+,valid,,,
Amstallite,"CaAl(Si,Al)_4_O_8_(OH)_4_·(H_2_O,Cl)",Ca Al Si O H Cl,Ca Al Si O H Cl,Ca Al Si O H Cl,Ca Al Si O H Cl,valid,,,
Amurselite,(N^3-^H_4_)_2_(U^6+^O_2_)_5_(Se^4+^O_3_)_3_O_2_(OH)_2_(H_2_O)·8H_2_O,N^3- H U^6+ O Se^4+,N^3- H U^6+ O Se^4+,N H U O Se,N^3- H U^6+ O Se^4+,valid,,,
Analcime,NaAlSi_2_O_6_·H_2_O,Na Al Si O H,Na Al Si O H,Na Al Si O H,Na Al Si O H,valid,,,
Anandite,BaFe^2+^_3_(Si_3_Fe^3+^)O_10_S^2-^(OH),Ba Fe^2+ Si Fe^3+ O S^2- H,Ba Fe^2+ Si Fe^3+ O S^2- H,Ba Fe Si O S H,Ba Fe^2+ Si Fe^3+ O S^2- H,valid,,,
Anapaite,Ca_2_Fe^2+^(PO_4_)_2_·4H_2_O,Ca Fe^2+ P O H,Ca Fe^2+ P O H,Ca Fe P O H,Ca Fe^2+ P O H,valid,,,
Anastasenkoite,CaFe^2+^P_2_O_7_,Ca Fe^2+ P O,Ca Fe^2+ P O,Ca Fe P O,Ca Fe^2+ P O,valid,,,
Anatase,Ti^4+^O_2_,Ti^4+ O,Ti^4+ O,Ti O,Ti^4+ O,valid,,,
Anatolygurbanovite,SrCa_2_Si_3_O_9_,Sr Ca Si O,Sr Ca Si O,Sr Ca Si O,Sr Ca Si O,valid,,,
Anatolyite,"Na_6_(Ca,Na)(Mg,Fe^3+^)_3_Al(As^5+^O_4_)_6_",Na Ca Mg Fe^3+ Al As^5+ O,Na Ca Mg Fe^3+ Al As^5+ O,Na Ca Mg Fe Al As O,Na Ca Mg Fe^3+ Al As^5+ O,valid,,,
Ancylite-(Ce),Ce^3+^Sr(CO_3_)_2_(OH)·H_2_O,Ce^3+ Sr C O H,Ce^3+ Sr C O H,Ce Sr C O H,Ce^3+ Sr C O H,valid,,,
Ancylite-(La),La^3+^Sr(CO_3_)_2_(OH)·H_2_O,La^3+ Sr C O H,La^3+ Sr C O H,La Sr C O H,La^3+ Sr C O H,valid,,,
Andalusite,Al_2_SiO_5_,Al Si O,Al Si O,Al Si O,Al Si O,valid,,,
Andersonite,Na_2_Ca(U^6+^O_2_)(CO_3_)_3_·5-6H_2_O,Na Ca U^6+ O C H,Na Ca U^6+ O C H,Na Ca U O C H,Na Ca U^6+ O C H,valid,,,
Andradite,Ca_3_Fe^3+^_2_(SiO_4_)_3_,Ca Fe^3+ Si O,Ca Fe^3+ Si O,Ca Fe Si O,Ca Fe^3+ Si O,valid,,,
Andreadiniite,Cu^1+^Hg^2+^Ag^1+^_7_Pb^2+^_7_Sb^3+^_24_S^2-^_48_,Cu^1+ Hg^2+ Ag^1+ Pb^2+ Sb^3+ S^2-,Cu^1+ Hg^2+ Ag^1+ Pb^2+ Sb^3+ S^2-,Cu Hg Ag Pb Sb S,Cu^1+ Hg^2+ Ag^1+ Pb^2+ Sb^3+ S^2-,valid,,,
Andrémeyerite,BaFe^2+^_2_Si_2_O_7_,Ba Fe^2+ Si O,Ba Fe^2+ Si O,Ba Fe Si O,Ba Fe^2+ Si O,valid,,,
Andreybulakhite,Ni^2+^((C_2_)^6+^O_4_)·2H_2_O,Ni^2+ C O H,Ni^2+ C O H,Ni C O H,Ni^2+ C O H,valid,,,
Andreyivanovite,FeCrP,Fe Cr P,Fe Cr P,Fe Cr P,Fe Cr P,valid,,,
Andrianovite,"Na_12_(K,Sr,Ce^3+^)_3_Ca_6_Mn^2+^_3_Zr^4+^_3_Nb^5+^Si_25_O_73_(O,H_2_O,OH)_5_",Na K Sr Ce^3+ Ca Mn^2+ Zr^4+ Nb^5+ Si O H,Na K Sr Ce^3+ Ca Mn^2+ Zr^4+ Nb^5+ Si O H,Na K Sr Ce Ca Mn Zr Nb Si O H,Na K Sr Ce^3+ Ca Mn^2+ Zr^4+ Nb^5+ Si O H,valid,,,
Andrieslombaardite,Rh^3+^(SbS)^3-^,Rh^3+ Sb S,Rh^3+ Sb S,Rh Sb S,Rh^3+ Sb S,valid,,,
Anduoite,RuAs_2_,Ru As,Ru As,Ru As,Ru As,valid,,,
Andychristyite,Pb^2+^Cu^2+^Te^6+^O_5_(H_2_O),Pb^2+ Cu^2+ Te^6+ O H,Pb^2+ Cu^2+ Te^6+ O H,Pb Cu Te O H,Pb^2+ Cu^2+ Te^6+ O H,valid,,,
Andymcdonaldite,Fe^3+^_2_Te^6+^O_6_,Fe^3+ Te^6+ O,Fe^3+ Te^6+ O,Fe Te O,Fe^3+ Te^6+ O,valid,,,
Andyrobertsite,KCd^2+^Cu^2+^_5_(As^5+^O_4_)_4_[As^5+^(OH)_2_O_2_]·2H_2_O,K Cd^2+ Cu^2+ As^5+ O H,K Cd^2+ Cu^2+ As^5+ O H,K Cd Cu As O H,K Cd^2+ Cu^2+ As^5+ O H,valid,,,
Angarfite,NaFe^3+^_5_(PO_4_)_4_(OH)_4_·4H_2_O,Na Fe^3+ P O H,Na Fe^3+ P O H,Na Fe P O H,Na Fe^3+ P O H,valid,,,
Angastonite,CaMgAl_2_(PO_4_)_2_(OH)_4_·7H_2_O,Ca Mg Al P O H,Ca Mg Al P O H,Ca Mg Al P O H,Ca Mg Al P O H,valid,,,
Ángelaite,Cu^1+^_2_Ag^1+^Pb^2+^Bi^3+^S^2-^_4_,Cu^1+ Ag^1+ Pb^2+ Bi^3+ S^2-,Cu^1+ Ag^1+ Pb^2+ Bi^3+ S^2-,Cu Ag Pb Bi S,Cu^1+ Ag^1+ Pb^2+ Bi^3+ S^2-,valid,,,
Angelellite,Fe^3+^_4_O_3_(As^5+^O_4_)_2_,Fe^3+ O As^5+,Fe^3+ O As^5+,Fe O As,Fe^3+ O As^5+,valid,,,
Anglesite,Pb^2+^S^6+^O_4_,Pb^2+ S^6+ O,Pb^2+ S^6+ O,Pb S O,Pb^2+ S^6+ O,valid,,,
Anhydrite,CaS^6+^O_4_,Ca S^6+ O,Ca S^6+ O,Ca S O,Ca S^6+ O,valid,,,
Anhydrokainite,KMgS^6+^O_4_Cl,K Mg S^6+ O Cl,K Mg S^6+ O Cl,K Mg S O Cl,K Mg S^6+ O Cl,valid,,,
Anilite,Cu_7_S_4_,Cu S,Cu S,Cu S,Cu S,valid,,,
Ankerite,CaFe^2+^(CO_3_)_2_,Ca Fe^2+ C O,Ca Fe^2+ C O,Ca Fe C O,Ca Fe^2+ C O,valid,,,
Ankinovichite,Ni^2+^Al_4_(V^5+^O_3_)_2_(OH)_12_·2H_2_O,Ni^2+ Al V^5+ O H,Ni^2+ Al V^5+ O H,Ni Al V O H,Ni^2+ Al V^5+ O H,valid,,,
Annabergite,Ni^2+^_3_(As^5+^O_4_)_2_·8H_2_O,Ni^2+ As^5+ O H,Ni^2+ As^5+ O H,Ni As O H,Ni^2+ As^5+ O H,valid,,,
Anningite-(Ce),(Ca_0.5_Ce^4+^_0.5_)(V^5+^O_4_),Ca Ce^4+ V^5+ O,Ca Ce^4+ V^5+ O,Ca Ce V O,Ca Ce^4+ V^5+ O,valid,,,
Annite,KFe^2+^_3_AlSi_3_O_10_(OH)_2_,K Fe^2+ Al Si O H,K Fe^2+ Al Si O H,K Fe Al Si O H,K Fe^2+ Al Si O H,valid,,,
Annivite-(Zn),Cu^1+^_6_(Cu^1+^_4_Zn^2+^_2_)Bi^3+^_4_S^2-^_13_,Cu^1+ Zn^2+ Bi^3+ S^2-,Cu^1+ Zn^2+ Bi^3+ S^2-,Cu Zn Bi S,Cu^1+ Zn^2+ Bi^3+ S^2-,valid,,,
Anorpiment,As^3+^_2_S^2-^_3_,As^3+ S^2-,As^3+ S^2-,As S,As^3+ S^2-,valid,,,
Anorthite,CaAl_2_Si_2_O_8_,Ca Al Si O,Ca Al Si O,Ca Al Si O,Ca Al Si O,valid,,,
Anorthominasragrite,V^4+^O(S^6+^O_4_)·5H_2_O,V^4+ O S^6+ H,V^4+ O S^6+ H,V O S H,V^4+ O S^6+ H,valid,,,
Anorthoroselite,Ca_2_Co^2+^(As^5+^O_4_)_2_·2H_2_O,Ca Co^2+ As^5+ O H,Ca Co^2+ As^5+ O H,Ca Co As O H,Ca Co^2+ As^5+ O H,valid,,,
Anorthoyttrialite-(Y),Y_4_(SiO_4_)(Si_3_O_10_),Y Si O,Y Si O,Y Si O,Y Si O,valid,,,
Ansermetite,Mn^2+^V^5+^_2_O_6_·4H_2_O,Mn^2+ V^5+ O H,Mn^2+ V^5+ O H,Mn V O H,Mn^2+ V^5+ O H,valid,,,
Antarcticite,CaCl_2_·6H_2_O,Ca Cl H O,Ca Cl H O,Ca Cl H O,Ca Cl H O,valid,,,
Anthoinite,AlW^6+^O_3_(OH)_3_,Al W^6+ O H,Al W^6+ O H,Al W O H,Al W^6+ O H,valid,,,
Anthonyite,Cu^2+^(OH)_2_·3H_2_O,Cu^2+ O H,Cu^2+ O H,Cu O H,Cu^2+ O H,valid,,,
Anthophyllite,[box]Mg_2_Mg_5_Si_8_O_22_(OH)_2_,Mg Si O H,Mg Si O H,Mg Si O H,Mg Si O H,valid,,,
Antigorite,Mg_3_Si_2_O_5_(OH)_4_,Mg Si O H,Mg Si O H,Mg Si O H,Mg Si O H,valid,,,
Antimonselite,Sb^3+^_2_Se^2-^_3_,Sb^3+ Se^2-,Sb^3+ Se^2-,Sb Se,Sb^3+ Se^2-,valid,,,
Antimony,Sb,Sb,Sb,Sb,Sb,valid,,,
Antipinite,KNa_3_Cu^2+^_2_((C_2_)^6+^O_4_)_4_,K Na Cu^2+ C O,K Na Cu^2+ C O,K Na Cu C O,K Na Cu^2+ C O,valid,,,
Antipovite,Cu^2+^_5_O_2_(PO_4_)_2_,Cu^2+ O P,Cu^2+ O P,Cu O P,Cu^2+ O P,valid,,,
Antlerite,Cu^2+^_3_(S^6+^O_4_)(OH)_4_,Cu^2+ S^6+ O H,Cu^2+ S^6+ O H,Cu S O H,Cu^2+ S^6+ O H,valid,,,
Antofagastaite,Na_2_Ca(S^6+^O_4_)_2_·1.5H_2_O,Na Ca S^6+ O H,Na Ca S^6+ O H,Na Ca S O H,Na Ca S^6+ O H,valid,,,
Anyuiite,AuPb_2_,Au Pb,Au Pb,Au Pb,Au Pb,valid,,,
Anzaite-(Ce),Ce^3+^_4_Fe^2+^Ti^4+^_6_O_18_(OH)_2_,Ce^3+ Fe^2+ Ti^4+ O H,Ce^3+ Fe^2+ Ti^4+ O H,Ce Fe Ti O H,Ce^3+ Fe^2+ Ti^4+ O H,valid,,,
Apachite,Cu^2+^_9_Si_10_O_29_·11H_2_O,Cu^2+ Si O H,Cu^2+ Si O H,Cu Si O H,Cu^2+ Si O H,valid,,,
Apexite,NaMg(PO_4_)·9H_2_O,Na Mg P O H,Na Mg P O H,Na Mg P O H,Na Mg P O H,valid,,,
Aphthitalite,K_3_Na(S^6+^O_4_)_2_,K Na S^6+ O,K Na S^6+ O,K Na S O,K Na S^6+ O,valid,,,
Apjohnite,Mn^2+^Al_2_(S^6+^O_4_)_4_·22H_2_O,Mn^2+ Al S^6+ O H,Mn^2+ Al S^6+ O H,Mn Al S O H,Mn^2+ Al S^6+ O H,valid,,,
Aplowite,Co^2+^S^6+^O_4_·4H_2_O,Co^2+ S^6+ O H,Co^2+ S^6+ O H,Co S O H,Co^2+ S^6+ O H,valid,,,
Apuanite,Fe^2+^Fe^3+^_4_Sb^3+^_4_O_12_S^2-^,Fe^2+ Fe^3+ Sb^3+ O S^2-,Fe^2+ Fe^3+ Sb^3+ O S^2-,Fe Sb O S,Fe^2+ Fe^3+ Sb^3+ O S^2-,valid,,,
Aqualite,"(H_3_O)_8_(Na,K,Sr)_5_Ca_6_Zr^4+^_3_Si_26_O_66_(OH)_9_Cl",H O Na K Sr Ca Zr^4+ Si Cl,H O Na K Sr Ca Zr^4+ Si Cl,H O Na K Sr Ca Zr Si Cl,H O Na K Sr Ca Zr^4+ Si Cl,valid,,,
Aradite,BaCa_6_(SiO_4_)(V^5+^O_4_)(V^5+^O_4_)_2_F,Ba Ca Si O V^5+ F,Ba Ca Si O V^5+ F,Ba Ca Si O V F,Ba Ca Si O V^5+ F,valid,,,
Aragonite,CaCO_3_,Ca C O,Ca C O,Ca C O,Ca C O,valid,,,
Arakiite,Zn^2+^Mn^2+^_12_Fe^3+^_2_(As^3+^O_3_)(As^5+^O_4_)_2_(OH)_23_,Zn^2+ Mn^2+ Fe^3+ As^3+ O As^5+ H,Zn^2+ Mn^2+ Fe^3+ As^3+ O As^5+ H,Zn Mn Fe As O H,Zn^2+ Mn^2+ Fe^3+ As^3+ O As^5+ H,valid,,,
Aramayoite,"Ag^1+^_3_Sb^3+^_2_(Bi^3+^,Sb^3+^)S^2-^_6_",Ag^1+ Sb^3+ Bi^3+ S^2-,Ag^1+ Sb^3+ Bi^3+ S^2-,Ag Sb Bi S,Ag^1+ Sb^3+ Bi^3+ S^2-,valid,,,
Arangasite,Al_2_(S^6+^O_4_)(PO_4_)F·9H_2_O,Al S^6+ O P F H,Al S^6+ O P F H,Al S O P F H,Al S^6+ O P F H,valid,,,
Arapovite,"(K_1-x_[box]_x_)(Ca,Na)_2_U^4+^Si_8_O_20_ (x~0.5)",K Ca Na U^4+ Si O,K Ca Na U^4+ Si O,K Ca Na U Si O,K Ca Na U^4+ Si O,valid,,,
Aravaipaite,Pb^2+^_3_AlF_9_·H_2_O,Pb^2+ Al F H O,Pb^2+ Al F H O,Pb Al F H O,Pb^2+ Al F H O,valid,,,
Aravaite,Ba_2_Ca_18_(SiO_4_)_6_(PO_4_)_3_(CO_3_)F_3_O,Ba Ca Si O P C F,Ba Ca Si O P C F,Ba Ca Si O P C F,Ba Ca Si O P C F,valid,,,
Arcanite,K_2_S^6+^O_4_,K S^6+ O,K S^6+ O,K S O,K S^6+ O,valid,,,
Archerite,H_2_KPO_4_,H K P O,H K P O,H K P O,H K P O,valid,,,
Arctite,(Na_5_Ca)Ca_6_Ba(PO_4_)_6_F_3_,Na Ca Ba P O F,Na Ca Ba P O F,Na Ca Ba P O F,Na Ca Ba P O F,valid,,,
Arcubisite,Ag_6_CuBiS_4_,Ag Cu Bi S,Ag Cu Bi S,Ag Cu Bi S,Ag Cu Bi S,valid,,,
Ardaite,Pb^2+^_17_Sb^3+^_15_S^2-^_35_Cl_9_,Pb^2+ Sb^3+ S^2- Cl,Pb^2+ Sb^3+ S^2- Cl,Pb Sb S Cl,Pb^2+ Sb^3+ S^2- Cl,valid,,,
Ardealite,Ca_2_(PO_3_OH)(S^6+^O_4_)·4H_2_O,Ca P O H S^6+,Ca P O H S^6+,Ca P O H S,Ca P O H S^6+,valid,,,
Ardennite-(As),Mn^2+^_4_Al_4_(AlMg)(As^5+^O_4_)(SiO_4_)_2_(Si_3_O_10_)(OH)_6_,Mn^2+ Al Mg As^5+ O Si H,Mn^2+ Al Mg As^5+ O Si H,Mn Al Mg As O Si H,Mn^2+ Al Mg As^5+ O Si H,valid,,,
Ardennite-(V),Mn^2+^_4_(AlMg)Al_4_(Si_5_V^5+^)O_22_(OH)_6_,Mn^2+ Al Mg Si V^5+ O H,Mn^2+ Al Mg Si V^5+ O H,Mn Al Mg Si V O H,Mn^2+ Al Mg Si V^5+ O H,valid,,,
Arfvedsonite,NaNa_2_(Fe^2+^_4_Fe^3+^)Si_8_O_22_(OH)_2_,Na Fe^2+ Fe^3+ Si O H,Na Fe^2+ Fe^3+ Si O H,Na Fe Si O H,Na Fe^2+ Fe^3+ Si O H,valid,,,
Argandite,Mn^2+^_7_(V^5+^O_4_)_2_(OH)_8_,Mn^2+ V^5+ O H,Mn^2+ V^5+ O H,Mn V O H,Mn^2+ V^5+ O H,valid,,,
Argentobaumhauerite,Ag_1.5_Pb_22_As_33.5_S_72_,Ag Pb As S,Ag Pb As S,Ag Pb As S,Ag Pb As S,valid,,,
Argentodufrénoysite,Ag^1+^_3_Pb^2+^_26_As^3+^_35_S^2-^_80_,Ag^1+ Pb^2+ As^3+ S^2-,Ag^1+ Pb^2+ As^3+ S^2-,Ag Pb As S,Ag^1+ Pb^2+ As^3+ S^2-,valid,,,
Argentojarosite,Ag^1+^Fe^3+^_3_(S^6+^O_4_)_2_(OH)_6_,Ag^1+ Fe^3+ S^6+ O H,Ag^1+ Fe^3+ S^6+ O H,Ag Fe S O H,Ag^1+ Fe^3+ S^6+ O H,valid,,,
Argentoliveingite,Ag^1+^_x_Pb^2+^_40-2x_As^3+^_48+x_S^2-^_112_ (3 < x < 4),Ag^1+ Pb^2+ As^3+ S^2-,Ag^1+ Pb^2+ As^3+ S^2-,Ag Pb As S,Ag^1+ Pb^2+ As^3+ S^2-,valid,,,
Argentopearceite,[Ag^1+^_9_Ag^1+^S^1-^_4_][Ag^1+^_6_As^3+^_2_S^1-^_7_],Ag^1+ S^1- As^3+,Ag^1+ S^1- As^3+,Ag S As,Ag^1+ S^1- As^3+,valid,,,
Argentopentlandite,"Ag(Fe,Ni)_8_S_8_",Ag Fe Ni S,Ag Fe Ni S,Ag Fe Ni S,Ag Fe Ni S,valid,,,
Argentopolybasite,[Ag^1+^_9_Ag^1+^S^2-^_4_][Ag^1+^_6_Sb^3+^_2_S^2-^_7_],Ag^1+ S^2- Sb^3+,Ag^1+ S^2- Sb^3+,Ag S Sb,Ag^1+ S^2- Sb^3+,valid,,,
Argentopyrite,Ag^1+^Fe^2+^Fe^3+^S^2-^_3_,Ag^1+ Fe^2+ Fe^3+ S^2-,Ag^1+ Fe^2+ Fe^3+ S^2-,Ag Fe S,Ag^1+ Fe^2+ Fe^3+ S^2-,valid,,,
Argentotennantite-(Fe),Ag^1+^_6_(Cu^1+^_4_Fe^2+^_2_)As^3+^_4_S^2-^_13_,Ag^1+ Cu^1+ Fe^2+ As^3+ S^2-,Ag^1+ Cu^1+ Fe^2+ As^3+ S^2-,Ag Cu Fe As S,Ag^1+ Cu^1+ Fe^2+ As^3+ S^2-,valid,,,
Argentotennantite-(Zn),Ag^1+^_6_Cu^1+^_4_Zn^2+^_2_As^3+^_4_S^2-^_13_,Ag^1+ Cu^1+ Zn^2+ As^3+ S^2-,Ag^1+ Cu^1+ Zn^2+ As^3+ S^2-,Ag Cu Zn As S,Ag^1+ Cu^1+ Zn^2+ As^3+ S^2-,valid,,,
Argentotetrahedrite-(Cd),Ag^1+^_6_(Cu^1+^_4_Cd^2+^_2_)Sb^3+^_4_S^2-^_13_,Ag^1+ Cu^1+ Cd^2+ Sb^3+ S^2-,Ag^1+ Cu^1+ Cd^2+ Sb^3+ S^2-,Ag Cu Cd Sb S,Ag^1+ Cu^1+ Cd^2+ Sb^3+ S^2-,valid,,,
Argentotetrahedrite-(Fe),Ag^1+^_6_(Cu^1+^_4_Fe^2+^_2_)Sb^3+^_4_S^2-^_13_,Ag^1+ Cu^1+ Fe^2+ Sb^3+ S^2-,Ag^1+ Cu^1+ Fe^2+ Sb^3+ S^2-,Ag Cu Fe Sb S,Ag^1+ Cu^1+ Fe^2+ Sb^3+ S^2-,valid,,,
Argentotetrahedrite-(Hg),Ag^1+^_6_(Cu^1+^_4_Hg^2+^_2_)Sb^3+^_4_S^2-^_13_,Ag^1+ Cu^1+ Hg^2+ Sb^3+ S^2-,Ag^1+ Cu^1+ Hg^2+ Sb^3+ S^2-,Ag Cu Hg Sb S,Ag^1+ Cu^1+ Hg^2+ Sb^3+ S^2-,valid,,,
Argentotetrahedrite-(Zn),Ag^1+^_6_(Cu^1+^_4_Zn^2+^_2_)Sb^3+^_4_S^2-^_13_,Ag^1+ Cu^1+ Zn^2+ Sb^3+ S^2-,Ag^1+ Cu^1+ Zn^2+ Sb^3+ S^2-,Ag Cu Zn Sb S,Ag^1+ Cu^1+ Zn^2+ Sb^3+ S^2-,valid,,,
Argesite,(N^3-^H_4_)_7_Bi^3+^_3_Cl_16_,N^3- H Bi^3+ Cl,N^3- H Bi^3+ Cl,N H Bi Cl,N^3- H Bi^3+ Cl,valid,,,
Argutite,GeO_2_,Ge O,Ge O,Ge O,Ge O,valid,,,
Argyrodite,Ag^1+^_8_Ge^4+^S^2-^_6_,Ag^1+ Ge^4+ S^2-,Ag^1+ Ge^4+ S^2-,Ag Ge S,Ag^1+ Ge^4+ S^2-,valid,,,
Arhbarite,Cu^2+^_2_MgAs^5+^O_4_(OH)_3_,Cu^2+ Mg As^5+ O H,Cu^2+ Mg As^5+ O H,Cu Mg As O H,Cu^2+ Mg As^5+ O H,valid,,,
Ariegilatite,BaCa_12_(SiO_4_)_4_(PO_4_)_2_F_2_O,Ba Ca Si O P F,Ba Ca Si O P F,Ba Ca Si O P F,Ba Ca Si O P F,valid,,,
Arisite-(Ce),NaCe^3+^_2_(CO_3_)_2_[(CO_3_)_1-x_F_2x_]F,Na Ce^3+ C O F,Na Ce^3+ C O F,Na Ce C O F,Na Ce^3+ C O F,valid,,,
Arisite-(La),NaLa^3+^_2_(CO_3_)_2_[(CO_3_)_1-x_F_2x_]F,Na La^3+ C O F,Na La^3+ C O F,Na La C O F,Na La^3+ C O F,valid,,,
Aristarainite,Na_2_Mg[B_6_O_8_(OH)_4_]_2_·4H_2_O,Na Mg B O H,Na Mg B O H,Na Mg B O H,Na Mg B O H,valid,,,
Armalcolite,MgTi^4+^_2_O_5_,Mg Ti^4+ O,Mg Ti^4+ O,Mg Ti O,Mg Ti^4+ O,valid,,,
Armangite,Mn^2+^_26_As^3+^_18_O_50_(CO_3_)(OH)_4_,Mn^2+ As^3+ O C H,Mn^2+ As^3+ O C H,Mn As O C H,Mn^2+ As^3+ O C H,valid,,,
Armbrusterite,Na_6_K_5_Mn^3+^Mn^2+^_14_[Si_9_O_22_]_4_(OH)_10_·4H_2_O,Na K Mn^3+ Mn^2+ Si O H,Na K Mn^3+ Mn^2+ Si O H,Na K Mn Si O H,Na K Mn^3+ Mn^2+ Si O H,valid,,,
Armellinoite-(Ce),Ca_4_Ce^4+^(As^5+^O_4_)_4_·H_2_O,Ca Ce^4+ As^5+ O H,Ca Ce^4+ As^5+ O H,Ca Ce As O H,Ca Ce^4+ As^5+ O H,valid,,,
Armenite,BaCa_2_(Al_6_Si_9_)O_30_·2H_2_O,Ba Ca Al Si O H,Ba Ca Al Si O H,Ba Ca Al Si O H,Ba Ca Al Si O H,valid,,,
Armstrongite,CaZr^4+^Si_6_O_15_·2H_2_O,Ca Zr^4+ Si O H,Ca Zr^4+ Si O H,Ca Zr Si O H,Ca Zr^4+ Si O H,valid,,,
Arrheniusite-(Ce),CaMg[(Ce^3+^_7_Y_3_)Ca_5_](SiO_4_)_3_(Si_3_B_3_O_18_)(As^5+^O_4_)(BO_3_)F_11_,Ca Mg Ce^3+ Y Si O B As^5+ F,Ca Mg Ce^3+ Y Si O B As^5+ F,Ca Mg Ce Y Si O B As F,Ca Mg Ce^3+ Y Si O B As^5+ F,valid,,,
Arrojadite-(BaNa),BaNa_3_(NaCa)Fe^2+^_13_Al(PO_4_)_11_(PO_3_OH)(OH)_2_,Ba Na Ca Fe^2+ Al P O H,Ba Na Ca Fe^2+ Al P O H,Ba Na Ca Fe Al P O H,Ba Na Ca Fe^2+ Al P O H,valid,,,
Arrojadite-(KFe),(KNa)Fe^2+^(CaNa_2_)Fe^2+^_13_Al(PO_4_)_11_(PO_3_OH)(OH)_2_,K Na Fe^2+ Ca Al P O H,K Na Fe^2+ Ca Al P O H,K Na Fe Ca Al P O H,K Na Fe^2+ Ca Al P O H,valid,,,
Arrojadite-(KNa),KNa_3_(CaNa_2_)Fe^2+^_13_Al(PO_4_)_11_(PO_3_OH)(OH)_2_,K Na Ca Fe^2+ Al P O H,K Na Ca Fe^2+ Al P O H,K Na Ca Fe Al P O H,K Na Ca Fe^2+ Al P O H,valid,,,
Arrojadite-(PbFe),Pb^2+^Fe^2+^(CaNa_2_)Fe^2+^_13_Al(PO_4_)_11_(PO_3_OH)(OH)_2_,Pb^2+ Fe^2+ Ca Na Al P O H,Pb^2+ Fe^2+ Ca Na Al P O H,Pb Fe Ca Na Al P O H,Pb^2+ Fe^2+ Ca Na Al P O H,valid,,,
Arrojadite-(SrFe),SrFe^2+^(CaNa_2_)Fe^2+^_13_Al(PO_4_)_11_(PO_3_OH)(OH)_2_,Sr Fe^2+ Ca Na Al P O H,Sr Fe^2+ Ca Na Al P O H,Sr Fe Ca Na Al P O H,Sr Fe^2+ Ca Na Al P O H,valid,,,
Arsenatrotitanite,NaTi^4+^(As^5+^O_4_)O,Na Ti^4+ As^5+ O,Na Ti^4+ As^5+ O,Na Ti As O,Na Ti^4+ As^5+ O,valid,,,
Arsenbrackebuschite,Pb_2_Fe^3+^(As^5+^O_4_)_2_(OH),Pb Fe^3+ As^5+ O H,Pb Fe^3+ As^5+ O H,Pb Fe As O H,Pb Fe^3+ As^5+ O H,valid,,,
Arsendescloizite,Pb^2+^Zn^2+^As^5+^O_4_(OH),Pb^2+ Zn^2+ As^5+ O H,Pb^2+ Zn^2+ As^5+ O H,Pb Zn As O H,Pb^2+ Zn^2+ As^5+ O H,valid,,,
Arsenic,As,As,As,As,As,valid,,,
Arseniopleite,NaCaMn^2+^Mn^2+^_2_(As^5+^O_4_)_3_,Na Ca Mn^2+ As^5+ O,Na Ca Mn^2+ As^5+ O,Na Ca Mn As O,Na Ca Mn^2+ As^5+ O,valid,,,
Arseniosiderite,Ca_2_Fe^3+^_3_O_2_(As^5+^O_4_)_3_(H_2_O)_2_·H_2_O,Ca Fe^3+ O As^5+ H,Ca Fe^3+ O As^5+ H,Ca Fe O As H,Ca Fe^3+ O As^5+ H,valid,,,
Arsenmarcobaldiite,Pb^2+^_12_(As^3+^_3.2_Sb^3+^_2.8_)S^2-^_21_,Pb^2+ As^3+ Sb^3+ S^2-,Pb^2+ As^3+ Sb^3+ S^2-,Pb As Sb S,Pb^2+ As^3+ Sb^3+ S^2-,valid,,,
Arsenmedaite,Mn^2+^_6_As^5+^Si_5_O_18_(OH),Mn^2+ As^5+ Si O H,Mn^2+ As^5+ Si O H,Mn As Si O H,Mn^2+ As^5+ Si O H,valid,,,
Arsenobenauite,SrFe^3+^_3_(As^5+^O_4_)(As^5+^O_3_OH)(OH)_6_,Sr Fe^3+ As^5+ O H,Sr Fe^3+ As^5+ O H,Sr Fe As O H,Sr Fe^3+ As^5+ O H,valid,,,
Arsenoclasite,Mn^2+^_5_(As^5+^O_4_)_2_(OH)_4_,Mn^2+ As^5+ O H,Mn^2+ As^5+ O H,Mn As O H,Mn^2+ As^5+ O H,valid,,,
Arsenocrandallite,CaAl_3_(As^5+^O_4_)(As^5+^O_3_OH)(OH)_6_,Ca Al As^5+ O H,Ca Al As^5+ O H,Ca Al As O H,Ca Al As^5+ O H,valid,,,
Arsenoflorencite-(Ce),Ce^3+^Al_3_(As^5+^O_4_)_2_(OH)_6_,Ce^3+ Al As^5+ O H,Ce^3+ Al As^5+ O H,Ce Al As O H,Ce^3+ Al As^5+ O H,valid,,,
Arsenoflorencite-(La),La^3+^Al_3_(As^5+^O_4_)_2_(OH)_6_,La^3+ Al As^5+ O H,La^3+ Al As^5+ O H,La Al As O H,La^3+ Al As^5+ O H,valid,,,
Arsenogoldfieldite,Cu^1+^_6_Cu^1+^_6_(As^3+^_2_Te^4+^_2_)S^2-^_13_,Cu^1+ As^3+ Te^4+ S^2-,Cu^1+ As^3+ Te^4+ S^2-,Cu As Te S,Cu^1+ As^3+ Te^4+ S^2-,valid,,,
Arsenogorceixite,BaAl_3_As^5+^O_4_(As^5+^O_3_OH)(OH)_6_,Ba Al As^5+ O H,Ba Al As^5+ O H,Ba Al As O H,Ba Al As^5+ O H,valid,,,
Arsenogoyazite,SrAl_3_(As^5+^O_4_)(As^5+^O_3_OH)(OH)_6_,Sr Al As^5+ O H,Sr Al As^5+ O H,Sr Al As O H,Sr Al As^5+ O H,valid,,,
Arsenohauchecornite,Ni_18_Bi_3_AsS_16_,Ni Bi As S,Ni Bi As S,Ni Bi As S,Ni Bi As S,valid,,,
Arsenohopeite,Zn^2+^_3_(As^5+^O_4_)_2_·4H_2_O,Zn^2+ As^5+ O H,Zn^2+ As^5+ O H,Zn As O H,Zn^2+ As^5+ O H,valid,,,
Arsenolamprite,As,As,As,As,As,valid,,,
Arsenolite,As^3+^_2_O_3_,As^3+ O,As^3+ O,As O,As^3+ O,valid,,,
Arsenopalladinite,Pd_8_As_3_,Pd As,Pd As,Pd As,Pd As,valid,,,
Arsenopyrite,Fe^3+^(AsS)^3-^,Fe^3+ As S,Fe^3+ As S,Fe As S,Fe^3+ As S,valid,,,
Arsenosabugalite,H_0.5_Al_0.5_(U^6+^O_2_)_2_(As^5+^O_4_)_2_·8H_2_O,H Al U^6+ O As^5+,H Al U^6+ O As^5+,H Al U O As,H Al U^6+ O As^5+,valid,,,
Arsenotučekite,Ni_18_Sb_3_AsS_16_,Ni Sb As S,Ni Sb As S,Ni Sb As S,Ni Sb As S,valid,,,
Arsenoústalečite,Cu^1+^_6_Cu^1+^_6_(As^3+^_2_Te^4+^_2_)Se^2-^_13_,Cu^1+ As^3+ Te^4+ Se^2-,Cu^1+ As^3+ Te^4+ Se^2-,Cu As Te Se,Cu^1+ As^3+ Te^4+ Se^2-,valid,,,
Arsenovanmeersscheite,U^6+^(U^6+^O_2_)_3_(As^5+^O_4_)_2_(OH)_6_·4H_2_O,U^6+ O As^5+ H,U^6+ O As^5+ H,U O As H,U^6+ O As^5+ H,valid,,,
Arsenoveszelyite,Cu^2+^_2_Zn^2+^(As^5+^O_4_)(OH)_3_·2H_2_O,Cu^2+ Zn^2+ As^5+ O H,Cu^2+ Zn^2+ As^5+ O H,Cu Zn As O H,Cu^2+ Zn^2+ As^5+ O H,valid,,,
Arsenowagnerite,Mg_2_As^5+^O_4_F,Mg As^5+ O F,Mg As^5+ O F,Mg As O F,Mg As^5+ O F,valid,,,
Arsenquatrandorite,Ag^1+^_17.6_Pb^2+^_12.8_Sb^3+^_38.1_As^3+^_11.5_S^2-^_96_,Ag^1+ Pb^2+ Sb^3+ As^3+ S^2-,Ag^1+ Pb^2+ Sb^3+ As^3+ S^2-,Ag Pb Sb As S,Ag^1+ Pb^2+ Sb^3+ As^3+ S^2-,valid,,,
Arsentsumebite,Pb^2+^_2_Cu^2+^(As^5+^O_4_)(S^6+^O_4_)(OH),Pb^2+ Cu^2+ As^5+ O S^6+ H,Pb^2+ Cu^2+ As^5+ O S^6+ H,Pb Cu As O S H,Pb^2+ Cu^2+ As^5+ O S^6+ H,valid,,,
Arsenudinaite,NaMg_4_(As^5+^O_4_)_3_,Na Mg As^5+ O,Na Mg As^5+ O,Na Mg As O,Na Mg As^5+ O,valid,,,
Arsenuranospathite,Al(U^6+^O_2_)_2_(As^5+^O_4_)_2_F·20H_2_O,Al U^6+ O As^5+ F H,Al U^6+ O As^5+ F H,Al U O As F H,Al U^6+ O As^5+ F H,valid,,,
Arsenuranylite,Ca(U^6+^O_2_)_4_(As^5+^O_4_)_2_(OH)_4_·6H_2_O,Ca U^6+ O As^5+ H,Ca U^6+ O As^5+ H,Ca U O As H,Ca U^6+ O As^5+ H,valid,,,
Arsiccioite,Ag^1+^Hg^2+^_2_Tl^1+^As^3+^_2_S^2-^_6_,Ag^1+ Hg^2+ Tl^1+ As^3+ S^2-,Ag^1+ Hg^2+ Tl^1+ As^3+ S^2-,Ag Hg Tl As S,Ag^1+ Hg^2+ Tl^1+ As^3+ S^2-,valid,,,
Arsmirandite,Na_18_Cu^2+^_12_Fe^3+^O_8_(As^5+^O_4_)_8_Cl_5_,Na Cu^2+ Fe^3+ O As^5+ Cl,Na Cu^2+ Fe^3+ O As^5+ Cl,Na Cu Fe O As Cl,Na Cu^2+ Fe^3+ O As^5+ Cl,valid,,,
Arthurite,Cu^2+^Fe^3+^_2_(As^5+^O_4_)_2_(OH)_2_·4H_2_O,Cu^2+ Fe^3+ As^5+ O H,Cu^2+ Fe^3+ As^5+ O H,Cu Fe As O H,Cu^2+ Fe^3+ As^5+ O H,valid,,,
Artinite,Mg_2_CO_3_(OH)_2_·3H_2_O,Mg C O H,Mg C O H,Mg C O H,Mg C O H,valid,,,
Artroeite,Pb^2+^AlF_3_(OH)_2_,Pb^2+ Al F O H,Pb^2+ Al F O H,Pb Al F O H,Pb^2+ Al F O H,valid,,,
Artsmithite,Hg^1+^_4_Al(PO_4_)_1.74_(OH)_1.78_,Hg^1+ Al P O H,Hg^1+ Al P O H,Hg Al P O H,Hg^1+ Al P O H,valid,,,
Arupite,Ni^2+^_3_(PO_4_)_2_·8H_2_O,Ni^2+ P O H,Ni^2+ P O H,Ni P O H,Ni^2+ P O H,valid,,,
Arzamastsevite,K_6_Al_5_Si_6_O_20_(OH)_4_Cl,K Al Si O H Cl,K Al Si O H Cl,K Al Si O H Cl,K Al Si O H Cl,valid,,,
Arzrunite,Pb^2+^_2_Cu^2+^_4_S^6+^O_4_(OH)_4_Cl_6_·2H_2_O,Pb^2+ Cu^2+ S^6+ O H Cl,Pb^2+ Cu^2+ S^6+ O H Cl,Pb Cu S O H Cl,Pb^2+ Cu^2+ S^6+ O H Cl,valid,,,
Asagiite,Ni^2+^Cu^2+^_4_(S^6+^O_4_)_2_(OH)_6_·6H_2_O,Ni^2+ Cu^2+ S^6+ O H,Ni^2+ Cu^2+ S^6+ O H,Ni Cu S O H,Ni^2+ Cu^2+ S^6+ O H,valid,,,
Asbecasite,Ca_3_Ti^4+^As^3+^_6_Be_2_Si_2_O_20_,Ca Ti^4+ As^3+ Be Si O,Ca Ti^4+ As^3+ Be Si O,Ca Ti As Be Si O,Ca Ti^4+ As^3+ Be Si O,valid,,,
Asbolane,"Mn^4+^(O,OH)_2_·(Co^3+^,Ni^2+^,Mg,Ca)_x_(OH)_2x_·nH_2_O",Mn^4+ O H Co^3+ Ni^2+ Mg Ca,Mn^4+ O H Co^3+ Ni^2+ Mg Ca,Mn O H Co Ni Mg Ca,Mn^4+ O H Co^3+ Ni^2+ Mg Ca,valid,,,
Aschamalmite,Pb^2+^_6-3x_Bi^3+^_2+x_S^2-^_9_,Pb^2+ Bi^3+ S^2-,Pb^2+ Bi^3+ S^2-,Pb Bi S,Pb^2+ Bi^3+ S^2-,valid,,,
Åsgruvanite-(Ce),Ce^3+^_16_Ca_5_Al(SiO_4_)_6_(As^3+^O_3_)_8_(CO_3_)_2_Cl_4_F_3_(OH)_2_,Ce^3+ Ca Al Si O As^3+ C Cl F H,Ce^3+ Ca Al Si O As^3+ C Cl F H,Ce Ca Al Si O As C Cl F H,Ce^3+ Ca Al Si O As^3+ C Cl F H,valid,,,
Ashburtonite,HPb^2+^_4_Cu^2+^_4_(Si_4_O_12_)(HCO_3_)_4_(OH)_4_Cl,H Pb^2+ Cu^2+ Si O C Cl,H Pb^2+ Cu^2+ Si O C Cl,H Pb Cu Si O C Cl,H Pb^2+ Cu^2+ Si O C Cl,valid,,,
Ashcroftine-(Y),K_5_Na_5_Y_12_Si_28_O_70_(OH)_2_(CO_3_)_8_·8H_2_O,K Na Y Si O H C,K Na Y Si O H C,K Na Y Si O H C,K Na Y Si O H C,valid,,,
Ashoverite,Zn^2+^(OH)_2_,Zn^2+ O H,Zn^2+ O H,Zn O H,Zn^2+ O H,valid,,,
Asimowite,Fe^2+^_2_SiO_4_,Fe^2+ Si O,Fe^2+ Si O,Fe Si O,Fe^2+ Si O,valid,,,
Asisite,Pb^2+^_7_SiO_8_Cl_2_,Pb^2+ Si O Cl,Pb^2+ Si O Cl,Pb Si O Cl,Pb^2+ Si O Cl,valid,,,
Åskagenite-(Nd),Mn^2+^Nd(Al_2_Fe^3+^)[Si_2_O_7_][SiO_4_]O_2_,Mn^2+ Nd Al Fe^3+ Si O,Mn^2+ Nd Al Fe^3+ Si O,Mn Nd Al Fe Si O,Mn^2+ Nd Al Fe^3+ Si O,valid,,,
Aspedamite,"[box]_12_(Fe^3+^,Fe^2+^)_3_Nb^5+^_4_[Th^4+^(Nb^5+^,Fe^3+^)_12_O_42_][(H_2_O),(OH)]_12_",Fe^3+ Fe^2+ Nb^5+ Th^4+ O H,Fe^3+ Fe^2+ Nb^5+ Th^4+ O H,Fe Nb Th O H,Fe^3+ Fe^2+ Nb^5+ Th^4+ O H,valid,,,
Aspidolite,NaMg_3_(Si_3_Al)O_10_(OH)_2_,Na Mg Si Al O H,Na Mg Si Al O H,Na Mg Si Al O H,Na Mg Si Al O H,valid,,,
Asselbornite,Pb^2+^(U^6+^O_2_)_4_(Bi^3+^O)_3_(As^5+^O_4_)_2_(OH)_7_·4H_2_O,Pb^2+ U^6+ O Bi^3+ As^5+ H,Pb^2+ U^6+ O Bi^3+ As^5+ H,Pb U O Bi As H,Pb^2+ U^6+ O Bi^3+ As^5+ H,valid,,,
Astrocyanite-(Ce),Cu^2+^_2_Ce^3+^_2_(U^6+^O_2_)(CO_3_)_5_(OH)_2_·1.5H_2_O,Cu^2+ Ce^3+ U^6+ O C H,Cu^2+ Ce^3+ U^6+ O C H,Cu Ce U O C H,Cu^2+ Ce^3+ U^6+ O C H,valid,,,
Astrophyllite,K_2_NaFe^2+^_7_Ti^4+^_2_(Si_4_O_12_)_2_O_2_(OH)_4_F,K Na Fe^2+ Ti^4+ Si O H F,K Na Fe^2+ Ti^4+ Si O H F,K Na Fe Ti Si O H F,K Na Fe^2+ Ti^4+ Si O H F,valid,,,
Atacamite,Cu^2+^_2_Cl(OH)_3_,Cu^2+ Cl O H,Cu^2+ Cl O H,Cu Cl O H,Cu^2+ Cl O H,valid,,,
Atelestite,Bi^3+^_2_O(As^5+^O_4_)(OH),Bi^3+ O As^5+ H,Bi^3+ O As^5+ H,Bi O As H,Bi^3+ O As^5+ H,valid,,,
Atelisite-(Y),Y_4_Si_3_O_8_(OH)_8_,Y Si O H,Y Si O H,Y Si O H,Y Si O H,valid,,,
Atencioite,Ca_2_Fe^2+^_3_Mg_2_Be_4_(PO_4_)_6_(OH)_4_·6H_2_O,Ca Fe^2+ Mg Be P O H,Ca Fe^2+ Mg Be P O H,Ca Fe Mg Be P O H,Ca Fe^2+ Mg Be P O H,valid,,,
Athabascaite,Cu_5_Se_4_,Cu Se,Cu Se,Cu Se,Cu Se,valid,,,
Atheneite,Pd_2_(As_0.75_Hg_0.25_),Pd As Hg,Pd As Hg,Pd As Hg,Pd As Hg,valid,,,
Atlasovite,Cu^2+^_6_Fe^3+^Bi^3+^O_4_(S^6+^O_4_)_5_·KCl,Cu^2+ Fe^3+ Bi^3+ O S^6+ K Cl,Cu^2+ Fe^3+ Bi^3+ O S^6+ K Cl,Cu Fe Bi O S K Cl,Cu^2+ Fe^3+ Bi^3+ O S^6+ K Cl,valid,,,
Atokite,Pd_3_Sn,Pd Sn,Pd Sn,Pd Sn,Pd Sn,valid,,,
Attakolite,CaMn^2+^Al_4_(HSiO_4_)(PO_4_)_3_(OH)_4_,Ca Mn^2+ Al H Si O P,Ca Mn^2+ Al H Si O P,Ca Mn Al H Si O P,Ca Mn^2+ Al H Si O P,valid,,,
Attikaite,Ca_3_Cu^2+^_2_Al_2_(As^5+^O_4_)_4_(OH)_4_·2H_2_O,Ca Cu^2+ Al As^5+ O H,Ca Cu^2+ Al As^5+ O H,Ca Cu Al As O H,Ca Cu^2+ Al As^5+ O H,valid,,,
Aubertite,Cu^2+^Al(S^6+^O_4_)_2_Cl·14H_2_O,Cu^2+ Al S^6+ O Cl H,Cu^2+ Al S^6+ O Cl H,Cu Al S O Cl H,Cu^2+ Al S^6+ O Cl H,valid,,,
Auerbakhite,Mn^2+^Tl^1+^_2_As^3+^_2_S^2-^_5_,Mn^2+ Tl^1+ As^3+ S^2-,Mn^2+ Tl^1+ As^3+ S^2-,Mn Tl As S,Mn^2+ Tl^1+ As^3+ S^2-,valid,,,
Augelite,Al_2_PO_4_(OH)_3_,Al P O H,Al P O H,Al P O H,Al P O H,valid,,,
Augite,"(Ca,Mg,Fe^2+^)_2_Si_2_O_6_",Ca Mg Fe^2+ Si O,Ca Mg Fe^2+ Si O,Ca Mg Fe Si O,Ca Mg Fe^2+ Si O,valid,,,
Auriacusite,Fe^3+^Cu^2+^(As^5+^O_4_)O,Fe^3+ Cu^2+ As^5+ O,Fe^3+ Cu^2+ As^5+ O,Fe Cu As O,Fe^3+ Cu^2+ As^5+ O,valid,,,
Aurichalcite,"(Zn^2+^,Cu^2+^)_5_(CO_3_)_2_(OH)_6_",Zn^2+ Cu^2+ C O H,Zn^2+ Cu^2+ C O H,Zn Cu C O H,Zn^2+ Cu^2+ C O H,valid,,,
Auricupride,Cu_3_Au,Cu Au,Cu Au,Cu Au,Cu Au,valid,,,
Aurihydrargyrumite,Au_6_Hg_5_,Au Hg,Au Hg,Au Hg,Au Hg,valid,,,
Aurivilliusite,Hg^1+^Hg^2+^OI^1-^,Hg^1+ Hg^2+ O I^1-,Hg^1+ Hg^2+ O I^1-,Hg O I,Hg^1+ Hg^2+ O I^1-,valid,,,
Auropearceite,[Ag^1+^_9_Au^1+^S^2-^_4_][Ag^1+^_6_As^3+^_2_S^2-^_7_],Ag^1+ Au^1+ S^2- As^3+,Ag^1+ Au^1+ S^2- As^3+,Ag Au S As,Ag^1+ Au^1+ S^2- As^3+,valid,,,
Auropolybasite,[Ag^1+^_9_Au^1+^S^2-^_4_][Ag^1+^_6_Sb^3+^_2_S^2-^_7_],Ag^1+ Au^1+ S^2- Sb^3+,Ag^1+ Au^1+ S^2- Sb^3+,Ag Au S Sb,Ag^1+ Au^1+ S^2- Sb^3+,valid,,,
Aurorite,Mn^2+^Mn^4+^_3_O_7_·3H_2_O,Mn^2+ Mn^4+ O H,Mn^2+ Mn^4+ O H,Mn O H,Mn^2+ Mn^4+ O H,valid,,,
Auroselenide,AuSe,Au Se,Au Se,Au Se,Au Se,valid,,,
Aurostibite,AuSb_2_,Au Sb,Au Sb,Au Sb,Au Sb,valid,,,
Austinite,CaZn^2+^As^5+^O_4_(OH),Ca Zn^2+ As^5+ O H,Ca Zn^2+ As^5+ O H,Ca Zn As O H,Ca Zn^2+ As^5+ O H,valid,,,
Autunite,Ca(U^6+^O_2_)_2_(PO_4_)_2_·10-12H_2_O,Ca U^6+ O P H,Ca U^6+ O P H,Ca U O P H,Ca U^6+ O P H,valid,,,
Avdoninite,K_2_Cu^2+^_5_Cl_8_(OH)_4_·2H_2_O,K Cu^2+ Cl O H,K Cu^2+ Cl O H,K Cu Cl O H,K Cu^2+ Cl O H,valid,,,
Averievite,Cu^2+^_5_O_2_(V^5+^O_4_)_2_·Cu^2+^Cl_2_,Cu^2+ O V^5+ Cl,Cu^2+ O V^5+ Cl,Cu O V Cl,Cu^2+ O V^5+ Cl,valid,,,
Avicennite,Tl^3+^_2_O_3_,Tl^3+ O,Tl^3+ O,Tl O,Tl^3+ O,valid,,,
Avogadrite,KBF_4_,K B F,K B F,K B F,K B F,valid,,,
Awaruite,Ni_3_Fe,Ni Fe,Ni Fe,Ni Fe,Ni Fe,valid,,,
Axelite,Na_14_Cu^2+^_7_(As^5+^O_4_)_8_F_2_Cl_2_,Na Cu^2+ As^5+ O F Cl,Na Cu^2+ As^5+ O F Cl,Na Cu As O F Cl,Na Cu^2+ As^5+ O F Cl,valid,,,
Axinite-(Fe),Ca_4_Fe^2+^_2_Al_4_[B_2_Si_8_O_30_](OH)_2_,Ca Fe^2+ Al B Si O H,Ca Fe^2+ Al B Si O H,Ca Fe Al B Si O H,Ca Fe^2+ Al B Si O H,valid,,,
Axinite-(Mg),Ca_4_Mg_2_Al_4_[B_2_Si_8_O_30_](OH)_2_,Ca Mg Al B Si O H,Ca Mg Al B Si O H,Ca Mg Al B Si O H,Ca Mg Al B Si O H,valid,,,
Axinite-(Mn),Ca_4_Mn^2+^_2_Al_4_[B_2_Si_8_O_30_](OH)_2_,Ca Mn^2+ Al B Si O H,Ca Mn^2+ Al B Si O H,Ca Mn Al B Si O H,Ca Mn^2+ Al B Si O H,valid,,,
Azoproite,Mg_2_(Ti^4+^_0.5_Mg_0.5_)O_2_(BO_3_),Mg Ti^4+ O B,Mg Ti^4+ O B,Mg Ti O B,Mg Ti^4+ O B,valid,,,
Azurite,Cu^2+^_3_(CO_3_)_2_(OH)_2_,Cu^2+ C O H,Cu^2+ C O H,Cu C O H,Cu^2+ C O H,valid,,,
Babánekite,Cu^2+^_3_(As^5+^O_4_)_2_·8H_2_O,Cu^2+ As^5+ O H,Cu^2+ As^5+ O H,Cu As O H,Cu^2+ As^5+ O H,valid,,,
Babefphite,BaBePO_4_F,Ba Be P O F,Ba Be P O F,Ba Be P O F,Ba Be P O F,valid,,,
Babingtonite,Ca_2_Fe^2+^Fe^3+^Si_5_O_14_(OH),Ca Fe^2+ Fe^3+ Si O H,Ca Fe^2+ Fe^3+ Si O H,Ca Fe Si O H,Ca Fe^2+ Fe^3+ Si O H,valid,,,
Babkinite,"Pb_2_Bi_2_(S,Se)_3_",Pb Bi S Se,Pb Bi S Se,Pb Bi S Se,Pb Bi S Se,valid,,,
Babunaite-(Nd),Nd(As^5+^O_4_),Nd As^5+ O,Nd As^5+ O,Nd As O,Nd As^5+ O,valid,,,
Bacaferrite,BaCaFe^3+^_4_O_8_,Ba Ca Fe^3+ O,Ba Ca Fe^3+ O,Ba Ca Fe O,Ba Ca Fe^3+ O,valid,,,
Backite,Pb^2+^_2_AlTe^6+^O_6_Cl,Pb^2+ Al Te^6+ O Cl,Pb^2+ Al Te^6+ O Cl,Pb Al Te O Cl,Pb^2+ Al Te^6+ O Cl,valid,,,
Badakhshanite-(Y),Y_2_Mn^2+^_4_Al(Si_2_B_7_BeO_24_),Y Mn^2+ Al Si B Be O,Y Mn^2+ Al Si B Be O,Y Mn Al Si B Be O,Y Mn^2+ Al Si B Be O,valid,,,
Badalovite,NaNaMg(MgFe^3+^)(As^5+^O_4_)_3_,Na Mg Fe^3+ As^5+ O,Na Mg Fe^3+ As^5+ O,Na Mg Fe As O,Na Mg Fe^3+ As^5+ O,valid,,,
Baddeleyite,Zr^4+^O_2_,Zr^4+ O,Zr^4+ O,Zr O,Zr^4+ O,valid,,,
Badengzhuite,TiP,Ti P,Ti P,Ti P,Ti P,valid,,,
Bafertisite,Ba_2_Fe^2+^_4_Ti^4+^_2_(Si_2_O_7_)_2_O_2_(OH)_2_F_2_,Ba Fe^2+ Ti^4+ Si O H F,Ba Fe^2+ Ti^4+ Si O H F,Ba Fe Ti Si O H F,Ba Fe^2+ Ti^4+ Si O H F,valid,,,
Baghdadite,Ca_3_Zr^4+^(Si_2_O_7_)O_2_,Ca Zr^4+ Si O,Ca Zr^4+ Si O,Ca Zr Si O,Ca Zr^4+ Si O,valid,,,
Bahariyaite,K(MnO_4_)^1-^,K Mn O,K Mn O,K Mn O,K Mn O,valid,,,
Bahianite,Al_5_Sb^5+^_3_O_14_(OH)_2_,Al Sb^5+ O H,Al Sb^5+ O H,Al Sb O H,Al Sb^5+ O H,valid,,,
Baiamareite,Ag^1+^_4_Pb^2+^_12_Fe^2+^_4_Sb^3+^_20_S^2-^_48_,Ag^1+ Pb^2+ Fe^2+ Sb^3+ S^2-,Ag^1+ Pb^2+ Fe^2+ Sb^3+ S^2-,Ag Pb Fe Sb S,Ag^1+ Pb^2+ Fe^2+ Sb^3+ S^2-,valid,,,
Baileychlore,"(Zn^2+^,Fe^2+^,Al,Mg)_6_(Si,Al)_4_O_10_(OH)_8_",Zn^2+ Fe^2+ Al Mg Si O H,Zn^2+ Fe^2+ Al Mg Si O H,Zn Fe Al Mg Si O H,Zn^2+ Fe^2+ Al Mg Si O H,valid,,,
Bainbridgeite-(NdCe),Na_2_Ba_2_NdCe^3+^(CO_3_)_6_·3H_2_O,Na Ba Nd Ce^3+ C O H,Na Ba Nd Ce^3+ C O H,Na Ba Nd Ce C O H,Na Ba Nd Ce^3+ C O H,valid,,,
Bainbridgeite-(YCe),Na_2_Ba_2_YCe^3+^(CO_3_)_6_·3H_2_O,Na Ba Y Ce^3+ C O H,Na Ba Y Ce^3+ C O H,Na Ba Y Ce C O H,Na Ba Y Ce^3+ C O H,valid,,,
Bairdite,Pb^2+^_2_Cu^2+^_4_Te^6+^_2_O_10_(OH)_2_(S^6+^O_4_)·H_2_O,Pb^2+ Cu^2+ Te^6+ O H S^6+,Pb^2+ Cu^2+ Te^6+ O H S^6+,Pb Cu Te O H S,Pb^2+ Cu^2+ Te^6+ O H S^6+,valid,,,
Bakakinite,Ca_2_V^5+^_2_O_7_,Ca V^5+ O,Ca V^5+ O,Ca V O,Ca V^5+ O,valid,,,
Bakhchisaraitsevite,Na_2_Mg_5_(PO_4_)_4_·7H_2_O,Na Mg P O H,Na Mg P O H,Na Mg P O H,Na Mg P O H,valid,,,
Baksanite,Bi_6_Te_2_S_3_,Bi Te S,Bi Te S,Bi Te S,Bi Te S,valid,,,
Balangeroite,Mg_21_Si_8_O_27_(OH)_20_,Mg Si O H,Mg Si O H,Mg Si O H,Mg Si O H,valid,,,
Balestraite,KLi_2_V^5+^Si_4_O_12_,K Li V^5+ Si O,K Li V^5+ Si O,K Li V Si O,K Li V^5+ Si O,valid,,,
Balićžunićite,Bi^3+^_2_O(S^6+^O_4_)_2_,Bi^3+ O S^6+,Bi^3+ O S^6+,Bi O S,Bi^3+ O S^6+,valid,,,
Balipholite,LiBaMg_2_Al_3_(Si_2_O_6_)_2_(OH)_8_,Li Ba Mg Al Si O H,Li Ba Mg Al Si O H,Li Ba Mg Al Si O H,Li Ba Mg Al Si O H,valid,,,
Balkanite,Ag_5_Cu_9_HgS_8_,Ag Cu Hg S,Ag Cu Hg S,Ag Cu Hg S,Ag Cu Hg S,valid,,,
Balliranoite,"(Na,K)_6_Ca_2_(Si_6_Al_6_O_24_)Cl_2_(CO_3_)",Na K Ca Si Al O Cl C,Na K Ca Si Al O Cl C,Na K Ca Si Al O Cl C,Na K Ca Si Al O Cl C,valid,,,
Balyakinite,Cu^2+^Te^4+^O_3_,Cu^2+ Te^4+ O,Cu^2+ Te^4+ O,Cu Te O,Cu^2+ Te^4+ O,valid,,,
Bambollaite,"Cu(Se,Te)_2_",Cu Se Te,Cu Se Te,Cu Se Te,Cu Se Te,valid,,,
Bamfordite,Fe^3+^Mo^6+^_2_O_6_(OH)_3_·H_2_O,Fe^3+ Mo^6+ O H,Fe^3+ Mo^6+ O H,Fe Mo O H,Fe^3+ Mo^6+ O H,valid,,,
Banalsite,Na_2_BaAl_4_Si_4_O_16_,Na Ba Al Si O,Na Ba Al Si O,Na Ba Al Si O,Na Ba Al Si O,valid,,,
Bandylite,Cu^2+^B(OH)_4_Cl,Cu^2+ B O H Cl,Cu^2+ B O H Cl,Cu B O H Cl,Cu^2+ B O H Cl,valid,,,
Bannermanite,"(Na,K)_x_V^4+^_x_V^5+^_6-x_O_15_ (0.5",Na K V^4+ V^5+ O,Na K V^4+ V^5+ O,Na K V O,Na K V^4+ V^5+ O,valid,,,
Bannisterite,CaMn^2+^_10_[(Si_14_Al_2_)O_38_(OH)_8_]·nH_2_O,Ca Mn^2+ Si Al O H,Ca Mn^2+ Si Al O H,Ca Mn Si Al O H,Ca Mn^2+ Si Al O H,valid,,,
Baotite,"Ba_4_(Ti^4+^,Nb^5+^,W^6+^)_8_O_16_(SiO_3_)_4_Cl",Ba Ti^4+ Nb^5+ W^6+ O Si Cl,Ba Ti^4+ Nb^5+ W^6+ O Si Cl,Ba Ti Nb W O Si Cl,Ba Ti^4+ Nb^5+ W^6+ O Si Cl,valid,,,
Barahonaite-(Al),"(Ca,Cu^2+^,Na,Fe^3+^,Al)_12_Al_2_(As^5+^O_4_)_8_(OH,Cl)_x_·nH_2_O",Ca Cu^2+ Na Fe^3+ Al As^5+ O H Cl,Ca Cu^2+ Na Fe^3+ Al As^5+ O H Cl,Ca Cu Na Fe Al As O H Cl,Ca Cu^2+ Na Fe^3+ Al As^5+ O H Cl,valid,,,
Barahonaite-(Fe),"(Ca,Cu^2+^,Na,Fe^3+^,Al)_12_Fe^3+^_2_(As^5+^O_4_)_8_(OH,Cl)_x_·nH_2_O",Ca Cu^2+ Na Fe^3+ Al As^5+ O H Cl,Ca Cu^2+ Na Fe^3+ Al As^5+ O H Cl,Ca Cu Na Fe Al As O H Cl,Ca Cu^2+ Na Fe^3+ Al As^5+ O H Cl,valid,,,
Bararite,(N^3-^H_4_)_2_SiF_6_,N^3- H Si F,N^3- H Si F,N H Si F,N^3- H Si F,valid,,,
Baratovite,KLi_3_Ca_7_Ti^4+^_2_(SiO_3_)_12_F_2_,K Li Ca Ti^4+ Si O F,K Li Ca Ti^4+ Si O F,K Li Ca Ti Si O F,K Li Ca Ti^4+ Si O F,valid,,,
Barberiite,N^3-^H_4_BF_4_,N^3- H B F,N^3- H B F,N H B F,N^3- H B F,valid,,,
Barbosalite,Fe^2+^Fe^3+^_2_(PO_4_)_2_(OH)_2_,Fe^2+ Fe^3+ P O H,Fe^2+ Fe^3+ P O H,Fe P O H,Fe^2+ Fe^3+ P O H,valid,,,
Barentsite,Na_7_Al(CO_3_)_2_(HCO_3_)_2_F_4_,Na Al C O H F,Na Al C O H F,Na Al C O H F,Na Al C O H F,valid,,,
Bariandite,"Al_0.6_(V^5+^,V^4+^)_8_O_20_·9H_2_O",Al V^5+ V^4+ O H,Al V^5+ V^4+ O H,Al V O H,Al V^5+ V^4+ O H,valid,,,
Barićite,Mg_3_(PO_4_)_2_(H_2_O)_8_,Mg P O H,Mg P O H,Mg P O H,Mg P O H,valid,,,
Barikaite,Ag^1+^_3_Pb^2+^_10_(Sb^3+^_8_As^3+^_11_)S^2-^_40_,Ag^1+ Pb^2+ Sb^3+ As^3+ S^2-,Ag^1+ Pb^2+ Sb^3+ As^3+ S^2-,Ag Pb Sb As S,Ag^1+ Pb^2+ Sb^3+ As^3+ S^2-,valid,,,
Barioferrite,BaFe^3+^_12_O_19_,Ba Fe^3+ O,Ba Fe^3+ O,Ba Fe O,Ba Fe^3+ O,valid,,,
Bariolakargiite,BaZr^4+^O_3_,Ba Zr^4+ O,Ba Zr^4+ O,Ba Zr O,Ba Zr^4+ O,valid,,,
Bario-olgite,"Na(Na,Sr,Ce^3+^)_2_Ba(PO_4_)_2_",Na Sr Ce^3+ Ba P O,Na Sr Ce^3+ Ba P O,Na Sr Ce Ba P O,Na Sr Ce^3+ Ba P O,valid,,,
Bario-orthojoaquinite,Ba_4_Fe^2+^_2_Ti^4+^_2_O_2_(SiO_3_)_8_·H_2_O,Ba Fe^2+ Ti^4+ O Si H,Ba Fe^2+ Ti^4+ O Si H,Ba Fe Ti O Si H,Ba Fe^2+ Ti^4+ O Si H,valid,,,
Barioperovskite,BaTi^4+^O_3_,Ba Ti^4+ O,Ba Ti^4+ O,Ba Ti O,Ba Ti^4+ O,valid,,,
Bariopharmacoalumite,Ba_0.5_Al_4_(As^5+^O_4_)_3_(OH)_4_·4H_2_O,Ba Al As^5+ O H,Ba Al As^5+ O H,Ba Al As O H,Ba Al As^5+ O H,valid,,,
Bariopharmacosiderite,Ba_0.5_Fe^3+^_4_(As^5+^O_4_)_3_(OH)_4_·5H_2_O,Ba Fe^3+ As^5+ O H,Ba Fe^3+ As^5+ O H,Ba Fe As O H,Ba Fe^3+ As^5+ O H,valid,,,
Bariosincosite,Ba(V^4+^O)_2_(PO_4_)_2_·4H_2_O,Ba V^4+ O P H,Ba V^4+ O P H,Ba V O P H,Ba V^4+ O P H,valid,,,
Barkovite,Ni_1.5_Sn,Ni Sn,Ni Sn,Ni Sn,Ni Sn,valid,,,
Barlowite,Cu^2+^_4_BrF(OH)_6_,Cu^2+ Br F O H,Cu^2+ Br F O H,Cu Br F O H,Cu^2+ Br F O H,valid,,,
Barnesite,Na_2_V^5+^_6_O_16_·3H_2_O,Na V^5+ O H,Na V^5+ O H,Na V O H,Na V^5+ O H,valid,,,
Barquillite,Cu^1+^_2_Cd^2+^Ge^4+^S^2-^_4_,Cu^1+ Cd^2+ Ge^4+ S^2-,Cu^1+ Cd^2+ Ge^4+ S^2-,Cu Cd Ge S,Cu^1+ Cd^2+ Ge^4+ S^2-,valid,,,
Barrerite,Na_2_(Al_2_Si_7_)O_18_·6H_2_O,Na Al Si O H,Na Al Si O H,Na Al Si O H,Na Al Si O H,valid,,,
Barringerite,"(Fe,Ni)_2_P",Fe Ni P,Fe Ni P,Fe Ni P,Fe Ni P,valid,,,
Barroisite,[box]NaCa[Mg_3_Al_2_](Si_7_Al)O_22_(OH)_2_,Na Ca Mg Al Si O H,Na Ca Mg Al Si O H,Na Ca Mg Al Si O H,Na Ca Mg Al Si O H,valid,,,
Barronite,([box]_0.5_Ba_0.5_)(U^6+^O_2_)_2_Si_5_O_12_(OH)·2H_2_O,Ba U^6+ O Si H,Ba U^6+ O Si H,Ba U O Si H,Ba U^6+ O Si H,valid,,,
Barrotite,Cu^2+^_9_Al(HSiO_4_)_2_(S^6+^O_4_)(HAs^5+^O_4_)_0.5_(OH)_12_·8H_2_O,Cu^2+ Al H Si O S^6+ As^5+,Cu^2+ Al H Si O S^6+ As^5+,Cu Al H Si O S As,Cu^2+ Al H Si O S^6+ As^5+,valid,,,
Barrydawsonite-(Y),Na_1.5_Y_0.5_CaSi_3_O_9_H,Na Y Ca Si O H,Na Y Ca Si O H,Na Y Ca Si O H,Na Y Ca Si O H,valid,,,
Barstowite,Pb^2+^_4_CO_3_Cl_6_·H_2_O,Pb^2+ C O Cl H,Pb^2+ C O Cl H,Pb C O Cl H,Pb^2+ C O Cl H,valid,,,
Bartelkeite,Pb^2+^Fe^2+^Ge(Ge_2_O_7_)(OH)_2_·H_2_O,Pb^2+ Fe^2+ Ge O H,Pb^2+ Fe^2+ Ge O H,Pb Fe Ge O H,Pb^2+ Fe^2+ Ge O H,valid,,,
Bartonite,K_6_Fe_20_S_26_S,K Fe S,K Fe S,K Fe S,K Fe S,valid,,,
Barwoodite,"Mn^2+^_6_(Nb^5+^,[box])_2_(SiO_4_)_2_(O,OH)_6_",Mn^2+ Nb^5+ Si O H,Mn^2+ Nb^5+ Si O H,Mn Nb Si O H,Mn^2+ Nb^5+ Si O H,valid,,,
Barylite,BaBe_2_Si_2_O_7_,Ba Be Si O,Ba Be Si O,Ba Be Si O,Ba Be Si O,valid,,,
Barysilite,Pb^2+^_8_Mn^2+^(Si_2_O_7_)_3_,Pb^2+ Mn^2+ Si O,Pb^2+ Mn^2+ Si O,Pb Mn Si O,Pb^2+ Mn^2+ Si O,valid,,,
Baryte,BaS^6+^O_4_,Ba S^6+ O,Ba S^6+ O,Ba S O,Ba S^6+ O,valid,,,
Barytocalcite,BaCa(CO_3_)_2_,Ba Ca C O,Ba Ca C O,Ba Ca C O,Ba Ca C O,valid,,,
Barytolamprophyllite,(BaK)Ti^4+^_2_Na_3_Ti^4+^(Si_2_O_7_)_2_O_2_(OH)_2_,Ba K Ti^4+ Na Si O H,Ba K Ti^4+ Na Si O H,Ba K Ti Na Si O H,Ba K Ti^4+ Na Si O H,valid,,,
Bassanite,CaS^6+^O_4_·0.5H_2_O,Ca S^6+ O H,Ca S^6+ O H,Ca S O H,Ca S^6+ O H,valid,,,
Bassetite,Fe^2+^(U^6+^O_2_)_2_(PO_4_)_2_(H_2_O)_10_,Fe^2+ U^6+ O P H,Fe^2+ U^6+ O P H,Fe U O P H,Fe^2+ U^6+ O P H,valid,,,
Bassoite,SrV^4+^_3_O_7_·4H_2_O,Sr V^4+ O H,Sr V^4+ O H,Sr V O H,Sr V^4+ O H,valid,,,
Bastnäsite-(Ce),Ce^3+^CO_3_F,Ce^3+ C O F,Ce^3+ C O F,Ce C O F,Ce^3+ C O F,valid,,,
Bastnäsite-(La),LaCO_3_F,La C O F,La C O F,La C O F,La C O F,valid,,,
Bastnäsite-(Nd),NdCO_3_F,Nd C O F,Nd C O F,Nd C O F,Nd C O F,valid,,,
Bastnäsite-(Y),YCO_3_F,Y C O F,Y C O F,Y C O F,Y C O F,valid,,,
Batagayite,"CaZn^2+^_2_(Zn^2+^,Cu^2+^)_6_(PO_4_)_4_[PO_3_(OH)]_3_·12H_2_O",Ca Zn^2+ Cu^2+ P O H,Ca Zn^2+ Cu^2+ P O H,Ca Zn Cu P O H,Ca Zn^2+ Cu^2+ P O H,valid,,,
Batievaite-(Y),Ca_2_Y_2_[(H_2_O)_2_[box]]Ti^4+^(Si_2_O_7_)_2_(OH)_2_(H_2_O)_2_,Ca Y H O Ti^4+ Si,Ca Y H O Ti^4+ Si,Ca Y H O Ti Si,Ca Y H O Ti^4+ Si,valid,,,
Batiferrite,BaTi^4+^_2_Fe^3+^_8_Fe^2+^_2_O_19_,Ba Ti^4+ Fe^3+ Fe^2+ O,Ba Ti^4+ Fe^3+ Fe^2+ O,Ba Ti Fe O,Ba Ti^4+ Fe^3+ Fe^2+ O,valid,,,
Batisite,Na_2_BaTi^4+^_2_(Si_4_O_12_)O_2_,Na Ba Ti^4+ Si O,Na Ba Ti^4+ Si O,Na Ba Ti Si O,Na Ba Ti^4+ Si O,valid,,,
Batisivite,"BaTi^4+^_6_(V^3+^,Cr^3+^)_8_(Si_2_O_7_)O_22_",Ba Ti^4+ V^3+ Cr^3+ Si O,Ba Ti^4+ V^3+ Cr^3+ Si O,Ba Ti V Cr Si O,Ba Ti^4+ V^3+ Cr^3+ Si O,valid,,,
Batoniite,Al_8_(S^6+^O_4_)_5_(OH)_14_(H_2_O)_18_·5H_2_O,Al S^6+ O H,Al S^6+ O H,Al S O H,Al S^6+ O H,valid,,,
Baumhauerite,Pb^2+^_12_As^3+^_16_S^2-^_36_,Pb^2+ As^3+ S^2-,Pb^2+ As^3+ S^2-,Pb As S,Pb^2+ As^3+ S^2-,valid,,,
Baumhauerite II,Pb^2+^_3_As^3+^_4_S^2-^_9_,Pb^2+ As^3+ S^2-,Pb^2+ As^3+ S^2-,Pb As S,Pb^2+ As^3+ S^2-,valid,,,
Baumoite,Ba_0.5_[(U^6+^O_2_)_3_O_8_Mo^6+^_2_(OH)_3_](H_2_O)_3_,Ba U^6+ O Mo^6+ H,Ba U^6+ O Mo^6+ H,Ba U O Mo H,Ba U^6+ O Mo^6+ H,valid,,,
Baumstarkite,Ag_3_Sb_3_S_6_,Ag Sb S,Ag Sb S,Ag Sb S,Ag Sb S,valid,,,
Bauranoite,BaU^6+^_2_O_7_·4-5H_2_O,Ba U^6+ O H,Ba U^6+ O H,Ba U O H,Ba U^6+ O H,valid,,,
Bavenite,Ca_4_Be_2+x_Al_2-x_Si_9_O_26-x_(OH)_2+x_ (x = 0 to 1),Ca Be Al Si O H,Ca Be Al Si O H,Ca Be Al Si O H,Ca Be Al Si O H,valid,,,
Bavsiite,Ba_2_V^4+^_2_O_2_[Si_4_O_12_],Ba V^4+ O Si,Ba V^4+ O Si,Ba V O Si,Ba V^4+ O Si,valid,,,
Bayanoboite-(Y),Ba_2_Y(CO_3_)_2_F_3_,Ba Y C O F,Ba Y C O F,Ba Y C O F,Ba Y C O F,valid,,,
Bayerite,Al(OH)_3_,Al O H,Al O H,Al O H,Al O H,valid,,,
Bayldonite,Cu^2+^_3_Pb^2+^O(As^5+^O_3_OH)_2_(OH)_2_,Cu^2+ Pb^2+ O As^5+ H,Cu^2+ Pb^2+ O As^5+ H,Cu Pb O As H,Cu^2+ Pb^2+ O As^5+ H,valid,,,
Bayleyite,Mg_2_(U^6+^O_2_)(CO_3_)_3_·18H_2_O,Mg U^6+ O C H,Mg U^6+ O C H,Mg U O C H,Mg U^6+ O C H,valid,,,
Baylissite,K_2_Mg(CO_3_)_2_·4H_2_O,K Mg C O H,K Mg C O H,K Mg C O H,K Mg C O H,valid,,,
Bazhenovite,Ca_8_(S_5_)^2-^(S^6+^O_3_S^2-^)(OH)_12_·20H_2_O,Ca S S^6+ O S^2- H,Ca S S^6+ O S^2- H,Ca S O H,Ca S S^6+ O S^2- H,valid,,,
Bazirite,BaZr^4+^Si_3_O_9_,Ba Zr^4+ Si O,Ba Zr^4+ Si O,Ba Zr Si O,Ba Zr^4+ Si O,valid,,,
Bazzite,Be_3_Sc_2_(Si_6_O_18_),Be Sc Si O,Be Sc Si O,Be Sc Si O,Be Sc Si O,valid,,,
Bearsite,Be_2_As^5+^O_4_(OH)·4H_2_O,Be As^5+ O H,Be As^5+ O H,Be As O H,Be As^5+ O H,valid,,,
Bearthite,Ca_2_Al(PO_4_)_2_OH,Ca Al P O H,Ca Al P O H,Ca Al P O H,Ca Al P O H,valid,,,
Beaverite-(Cu),Pb^2+^Cu^2+^Fe^3+^_2_(S^6+^O_4_)_2_(OH)_6_,Pb^2+ Cu^2+ Fe^3+ S^6+ O H,Pb^2+ Cu^2+ Fe^3+ S^6+ O H,Pb Cu Fe S O H,Pb^2+ Cu^2+ Fe^3+ S^6+ O H,valid,,,
Beaverite-(Zn),Pb^2+^Zn^2+^Fe^3+^_2_(S^6+^O_4_)_2_(OH)_6_,Pb^2+ Zn^2+ Fe^3+ S^6+ O H,Pb^2+ Zn^2+ Fe^3+ S^6+ O H,Pb Zn Fe S O H,Pb^2+ Zn^2+ Fe^3+ S^6+ O H,valid,,,
Bechererite,Zn^2+^_7_Cu^2+^(OH)_13_[SiO(OH)_3_S^6+^O_4_],Zn^2+ Cu^2+ O H Si S^6+,Zn^2+ Cu^2+ O H Si S^6+,Zn Cu O H Si S,Zn^2+ Cu^2+ O H Si S^6+,valid,,,
Beckettite,Ca_2_V^3+^_6_Al_6_O_20_,Ca V^3+ Al O,Ca V^3+ Al O,Ca V Al O,Ca V^3+ Al O,valid,,,
Becquerelite,Ca(U^6+^O_2_)_6_O_4_(OH)_6_·8H_2_O,Ca U^6+ O H,Ca U^6+ O H,Ca U O H,Ca U^6+ O H,valid,,,
Bederite,Ca_2_Mn^2+^_4_Fe^3+^_2_(PO_4_)_6_·2H_2_O,Ca Mn^2+ Fe^3+ P O H,Ca Mn^2+ Fe^3+ P O H,Ca Mn Fe P O H,Ca Mn^2+ Fe^3+ P O H,valid,,,
Beershevaite,CaFe^3+^_3_(PO_4_)_3_O,Ca Fe^3+ P O,Ca Fe^3+ P O,Ca Fe P O,Ca Fe^3+ P O,valid,,,
Béhierite,Ta^5+^BO_4_,Ta^5+ B O,Ta^5+ B O,Ta B O,Ta^5+ B O,valid,,,
Behoite,Be(OH)_2_,Be O H,Be O H,Be O H,Be O H,valid,,,
Běhounekite,U^4+^(S^6+^O_4_)_2_·4H_2_O,U^4+ S^6+ O H,U^4+ S^6+ O H,U S O H,U^4+ S^6+ O H,valid,,,
Beidellite,"(Na,Ca)_0.3_Al_2_(Si,Al)_4_O_10_(OH)_2_·nH_2_O",Na Ca Al Si O H,Na Ca Al Si O H,Na Ca Al Si O H,Na Ca Al Si O H,valid,,,
Belakovskiite,Na_7_(U^6+^O_2_)(S^6+^O_4_)_4_(S^6+^O_3_OH)·3H_2_O,Na U^6+ O S^6+ H,Na U^6+ O S^6+ H,Na U O S H,Na U^6+ O S^6+ H,valid,,,
Belendorffite,Cu_7_Hg_6_,Cu Hg,Cu Hg,Cu Hg,Cu Hg,valid,,,
Belkovite,Ba_3_Nb^5+^_6_(Si_2_O_7_)_2_O_12_,Ba Nb^5+ Si O,Ba Nb^5+ Si O,Ba Nb Si O,Ba Nb^5+ Si O,valid,,,
Bellbergite,"(K,Ba,Sr)_2_Sr_2_Ca_2_(Ca,Na)_4_(Si,Al)_36_O_72_·30H_2_O",K Ba Sr Ca Na Si Al O H,K Ba Sr Ca Na Si Al O H,K Ba Sr Ca Na Si Al O H,K Ba Sr Ca Na Si Al O H,valid,,,
Bellidoite,Cu_2_Se,Cu Se,Cu Se,Cu Se,Cu Se,valid,,,
Bellingerite,Cu^2+^_3_(I^5+^O_3_)_6_·2H_2_O,Cu^2+ I^5+ O H,Cu^2+ I^5+ O H,Cu I O H,Cu^2+ I^5+ O H,valid,,,
Belloite,Cu^2+^(OH)Cl,Cu^2+ O H Cl,Cu^2+ O H Cl,Cu O H Cl,Cu^2+ O H Cl,valid,,,
Belmonteite,CaMn^2+^_2_(As^5+^O_4_)_2_(H_2_O)_6_·H_2_O,Ca Mn^2+ As^5+ O H,Ca Mn^2+ As^5+ O H,Ca Mn As O H,Ca Mn^2+ As^5+ O H,valid,,,
Belogubite,Cu^2+^Zn^2+^(S^6+^O_4_)_2_·10H_2_O,Cu^2+ Zn^2+ S^6+ O H,Cu^2+ Zn^2+ S^6+ O H,Cu Zn S O H,Cu^2+ Zn^2+ S^6+ O H,valid,,,
Belomarinaite,KNa(S^6+^O_4_),K Na S^6+ O,K Na S^6+ O,K Na S O,K Na S^6+ O,valid,,,
Belousovite,KZn^2+^(S^6+^O_4_)Cl,K Zn^2+ S^6+ O Cl,K Zn^2+ S^6+ O Cl,K Zn S O Cl,K Zn^2+ S^6+ O Cl,valid,,,
Belovite-(Ce),NaCe^3+^Sr_3_(PO_4_)_3_F,Na Ce^3+ Sr P O F,Na Ce^3+ Sr P O F,Na Ce Sr P O F,Na Ce^3+ Sr P O F,valid,,,
Belovite-(La),NaLaSr_3_(PO_4_)_3_F,Na La Sr P O F,Na La Sr P O F,Na La Sr P O F,Na La Sr P O F,valid,,,
Belyankinite,"Ca_1-2_(Ti^4+^,Zr^4+^,Nb^5+^)_5_O_12_·9H_2_O",Ca Ti^4+ Zr^4+ Nb^5+ O H,Ca Ti^4+ Zr^4+ Nb^5+ O H,Ca Ti Zr Nb O H,Ca Ti^4+ Zr^4+ Nb^5+ O H,valid,,,
Bementite,Mn^2+^_7_Si_6_O_15_(OH)_8_,Mn^2+ Si O H,Mn^2+ Si O H,Mn Si O H,Mn^2+ Si O H,valid,,,
Benauite,SrFe^3+^_3_(PO_4_)(PO_3_OH)(OH)_6_,Sr Fe^3+ P O H,Sr Fe^3+ P O H,Sr Fe P O H,Sr Fe^3+ P O H,valid,,,
Benavidesite,Pb^2+^_4_Mn^2+^Sb^3+^_6_S^2-^_14_,Pb^2+ Mn^2+ Sb^3+ S^2-,Pb^2+ Mn^2+ Sb^3+ S^2-,Pb Mn Sb S,Pb^2+ Mn^2+ Sb^3+ S^2-,valid,,,
Bendadaite,Fe^2+^Fe^3+^_2_(As^5+^O_4_)_2_(OH)_2_·4H_2_O,Fe^2+ Fe^3+ As^5+ O H,Fe^2+ Fe^3+ As^5+ O H,Fe As O H,Fe^2+ Fe^3+ As^5+ O H,valid,,,
Benitoite,BaTi^4+^Si_3_O_9_,Ba Ti^4+ Si O,Ba Ti^4+ Si O,Ba Ti Si O,Ba Ti^4+ Si O,valid,,,
Benjaminite,Ag_3_Bi_7_S_12_,Ag Bi S,Ag Bi S,Ag Bi S,Ag Bi S,valid,,,
Benleonardite,"Ag^1+^_15_Cu^1+^(Sb^3+^,As^3+^)_2_S^2-^_7_Te^2-^_4_",Ag^1+ Cu^1+ Sb^3+ As^3+ S^2- Te^2-,Ag^1+ Cu^1+ Sb^3+ As^3+ S^2- Te^2-,Ag Cu Sb As S Te,Ag^1+ Cu^1+ Sb^3+ As^3+ S^2- Te^2-,valid,,,
Bennesherite,Ba_2_Fe^2+^Si_2_O_7_,Ba Fe^2+ Si O,Ba Fe^2+ Si O,Ba Fe Si O,Ba Fe^2+ Si O,valid,,,
Benstonite,Ba_6_Ca_6_Mg(CO_3_)_13_,Ba Ca Mg C O,Ba Ca Mg C O,Ba Ca Mg C O,Ba Ca Mg C O,valid,,,
Bentorite,Ca_6_Cr^3+^_2_(S^6+^O_4_)_3_(OH)_12_·26H_2_O,Ca Cr^3+ S^6+ O H,Ca Cr^3+ S^6+ O H,Ca Cr S O H,Ca Cr^3+ S^6+ O H,valid,,,
Benyacarite,(H_2_O)_2_Mn^2+^_2_(Ti^4+^_2_Fe^3+^)(PO_4_)_4_(OF)(H_2_O)_10_·4H_2_O,H O Mn^2+ Ti^4+ Fe^3+ P F,H O Mn^2+ Ti^4+ Fe^3+ P F,H O Mn Ti Fe P F,H O Mn^2+ Ti^4+ Fe^3+ P F,valid,,,
Beraunite,Fe^3+^_6_(PO_4_)_4_O(OH)_4_·6H_2_O,Fe^3+ P O H,Fe^3+ P O H,Fe P O H,Fe^3+ P O H,valid,,,
Berborite,Be_2_BO_3_(OH)·H_2_O,Be B O H,Be B O H,Be B O H,Be B O H,valid,,,
Berdesinskiite,V^3+^_2_Ti^4+^O_5_,V^3+ Ti^4+ O,V^3+ Ti^4+ O,V Ti O,V^3+ Ti^4+ O,valid,,,
Berezanskite,KTi^4+^_2_(Li_3_Si_12_)O_30_,K Ti^4+ Li Si O,K Ti^4+ Li Si O,K Ti Li Si O,K Ti^4+ Li Si O,valid,,,
Bergbauerite,(H_2_O)_2_Mn^2+^_2_(Fe^3+^_2_Ti^4+^)(PO_4_)_4_(OH)_2_(H_2_O)_10_·4H_2_O,H O Mn^2+ Fe^3+ Ti^4+ P,H O Mn^2+ Fe^3+ Ti^4+ P,H O Mn Fe Ti P,H O Mn^2+ Fe^3+ Ti^4+ P,valid,,,
Bergenite,Ca_2_Ba_4_(U^6+^O_2_)_9_O_6_(PO_4_)_6_·16H_2_O,Ca Ba U^6+ O P H,Ca Ba U^6+ O P H,Ca Ba U O P H,Ca Ba U^6+ O P H,valid,,,
Bergslagite,CaBe(As^5+^O_4_)(OH),Ca Be As^5+ O H,Ca Be As^5+ O H,Ca Be As O H,Ca Be As^5+ O H,valid,,,
Berlinite,AlPO_4_,Al P O,Al P O,Al P O,Al P O,valid,,,
Bermanite,Mn^2+^Mn^3+^_2_(PO_4_)_2_(OH)_2_·4H_2_O,Mn^2+ Mn^3+ P O H,Mn^2+ Mn^3+ P O H,Mn P O H,Mn^2+ Mn^3+ P O H,valid,,,
Bernalite,Fe^3+^(OH)_3_,Fe^3+ O H,Fe^3+ O H,Fe O H,Fe^3+ O H,valid,,,
Bernardevansite,Al_2_(Se^4+^O_3_)_3_·6H_2_O,Al Se^4+ O H,Al Se^4+ O H,Al Se O H,Al Se^4+ O H,valid,,,
Bernardite,Tl^1+^As^3+^_5_S^2-^_8_,Tl^1+ As^3+ S^2-,Tl^1+ As^3+ S^2-,Tl As S,Tl^1+ As^3+ S^2-,valid,,,
Bernarlottiite,Pb^2+^_12_(As^3+^_10_Sb^3+^_6_)S^2-^_36_,Pb^2+ As^3+ Sb^3+ S^2-,Pb^2+ As^3+ Sb^3+ S^2-,Pb As Sb S,Pb^2+ As^3+ Sb^3+ S^2-,valid,,,
Berndlehmannite,Cu^2+^(Cr^3+^V^3+^)S^2-^_4_,Cu^2+ Cr^3+ V^3+ S^2-,Cu^2+ Cr^3+ V^3+ S^2-,Cu Cr V S,Cu^2+ Cr^3+ V^3+ S^2-,valid,,,
Berndtite,Sn^4+^S^2-^_2_,Sn^4+ S^2-,Sn^4+ S^2-,Sn S,Sn^4+ S^2-,valid,,,
Bernwoodite,Ca_5_Ti^4+^Al_2_Si_2_O_14_,Ca Ti^4+ Al Si O,Ca Ti^4+ Al Si O,Ca Ti Al Si O,Ca Ti^4+ Al Si O,valid,,,
Berryite,Cu^1+^_3_Ag^1+^_2_Pb^2+^_3_Bi^3+^_7_S^2-^_16_,Cu^1+ Ag^1+ Pb^2+ Bi^3+ S^2-,Cu^1+ Ag^1+ Pb^2+ Bi^3+ S^2-,Cu Ag Pb Bi S,Cu^1+ Ag^1+ Pb^2+ Bi^3+ S^2-,valid,,,
Berthierine,"(Fe^2+^,Fe^3+^,Al)_3_(Si,Al)_2_O_5_(OH)_4_",Fe^2+ Fe^3+ Al Si O H,Fe^2+ Fe^3+ Al Si O H,Fe Al Si O H,Fe^2+ Fe^3+ Al Si O H,valid,,,
Berthierite,Fe^2+^Sb^3+^_2_S^2-^_4_,Fe^2+ Sb^3+ S^2-,Fe^2+ Sb^3+ S^2-,Fe Sb S,Fe^2+ Sb^3+ S^2-,valid,,,
Bertossaite,Li_2_CaAl_4_(PO_4_)_4_(OH)_4_,Li Ca Al P O H,Li Ca Al P O H,Li Ca Al P O H,Li Ca Al P O H,valid,,,
Bertrandite,Be_4_Si_2_O_7_(OH)_2_,Be Si O H,Be Si O H,Be Si O H,Be Si O H,valid,,,
Beryl,Be_3_Al_2_(Si_6_O_18_),Be Al Si O,Be Al Si O,Be Al Si O,Be Al Si O,valid,,,
Beryllite,Be_3_SiO_4_(OH)_2_·H_2_O,Be Si O H,Be Si O H,Be Si O H,Be Si O H,valid,,,
Beryllonite,NaBePO_4_,Na Be P O,Na Be P O,Na Be P O,Na Be P O,valid,,,
Berzelianite,Cu_2-x_Se (x ≈ 0.12),Cu Se,Cu Se,Cu Se,Cu Se,valid,,,
Berzeliite,NaCa_2_Mg_2_(As^5+^O_4_)_3_,Na Ca Mg As^5+ O,Na Ca Mg As^5+ O,Na Ca Mg As O,Na Ca Mg As^5+ O,valid,,,
Beshtauite,(N^3-^H_4_)_2_(U^6+^O_2_)(S^6+^O_4_)_2_·2H_2_O,N^3- H U^6+ O S^6+,N^3- H U^6+ O S^6+,N H U O S,N^3- H U^6+ O S^6+,valid,,,
Betekhtinite,"(Cu,Fe)_21_Pb_2_S_15_",Cu Fe Pb S,Cu Fe Pb S,Cu Fe Pb S,Cu Fe Pb S,valid,,,
Betpakdalite-CaCa,[Ca_2_(H_2_O)_17_Ca(H_2_O)_6_][Mo^6+^_8_As^5+^_2_Fe^3+^_3_O_36_(OH)],Ca H O Mo^6+ As^5+ Fe^3+,Ca H O Mo^6+ As^5+ Fe^3+,Ca H O Mo As Fe,Ca H O Mo^6+ As^5+ Fe^3+,valid,,,
Betpakdalite-CaMg,[Ca_2_(H_2_O)_17_Mg(H_2_O)_6_][Mo^6+^_8_As^5+^_2_Fe^3+^_3_O_36_(OH)],Ca H O Mg Mo^6+ As^5+ Fe^3+,Ca H O Mg Mo^6+ As^5+ Fe^3+,Ca H O Mg Mo As Fe,Ca H O Mg Mo^6+ As^5+ Fe^3+,valid,,,
Betpakdalite-FeFe,[Fe^3+^_2_(H_2_O)_15_(OH)_2_Fe^3+^(H_2_O)_6_][Mo^6+^_8_As^3+^_2_Fe^3+^_3_O_37_],Fe^3+ H O Mo^6+ As^3+,Fe^3+ H O Mo^6+ As^3+,Fe H O Mo As,Fe^3+ H O Mo^6+ As^3+,valid,,,
Betpakdalite-NaCa,[Na_2_(H_2_O)_17_Ca(H_2_O)_6_][Mo^6+^_8_As^5+^_2_Fe^3+^_3_O_34_(OH)_3_],Na H O Ca Mo^6+ As^5+ Fe^3+,Na H O Ca Mo^6+ As^5+ Fe^3+,Na H O Ca Mo As Fe,Na H O Ca Mo^6+ As^5+ Fe^3+,valid,,,
Betpakdalite-NaNa,[Na_2_(H_2_O)_16_Na(H_2_O)_6_][Mo^6+^_8_As^5+^_2_Fe^3+^_3_O_33_(OH)_4_],Na H O Mo^6+ As^5+ Fe^3+,Na H O Mo^6+ As^5+ Fe^3+,Na H O Mo As Fe,Na H O Mo^6+ As^5+ Fe^3+,valid,,,
Bettertonite,Al_6_(As^5+^O_4_)_3_(OH)_9_·16H_2_O,Al As^5+ O H,Al As^5+ O H,Al As O H,Al As^5+ O H,valid,,,
Betzite,Na_6_Ca_2_(Al_6_Si_6_O_24_)Cl_4_,Na Ca Al Si O Cl,Na Ca Al Si O Cl,Na Ca Al Si O Cl,Na Ca Al Si O Cl,valid,,,
Beudantite,Pb^2+^Fe^3+^_3_(As^5+^O_4_)(S^6+^O_4_)(OH)_6_,Pb^2+ Fe^3+ As^5+ O S^6+ H,Pb^2+ Fe^3+ As^5+ O S^6+ H,Pb Fe As O S H,Pb^2+ Fe^3+ As^5+ O S^6+ H,valid,,,
Beusite,Mn^2+^Mn^2+^_2_(PO_4_)_2_,Mn^2+ P O,Mn^2+ P O,Mn P O,Mn^2+ P O,valid,,,
Beusite-(Ca),CaMn^2+^_2_(PO_4_)_2_,Ca Mn^2+ P O,Ca Mn^2+ P O,Ca Mn P O,Ca Mn^2+ P O,valid,,,
Beyerite,CaBi^3+^_2_O_2_(CO_3_)_2_,Ca Bi^3+ O C,Ca Bi^3+ O C,Ca Bi O C,Ca Bi^3+ O C,valid,,,
Bezsmertnovite,"(Au,Ag)_4_Cu(Te,Pb)",Au Ag Cu Te Pb,Au Ag Cu Te Pb,Au Ag Cu Te Pb,Au Ag Cu Te Pb,valid,,,
Biachellaite,"(Na,Ca,K)_8_(Si_6_Al_6_O_24_)(S^6+^O_4_)_2_(OH)_0.5_·H_2_O",Na Ca K Si Al O S^6+ H,Na Ca K Si Al O S^6+ H,Na Ca K Si Al O S H,Na Ca K Si Al O S^6+ H,valid,,,
Biagioniite,Tl_2_SbS_2_,Tl Sb S,Tl Sb S,Tl Sb S,Tl Sb S,valid,,,
Bianchiniite,Ba_2_(Ti^4+^V^3+^)(As^3+^_2_O_5_)_2_OF,Ba Ti^4+ V^3+ As^3+ O F,Ba Ti^4+ V^3+ As^3+ O F,Ba Ti V As O F,Ba Ti^4+ V^3+ As^3+ O F,valid,,,
Bianchite,Zn^2+^S^6+^O_4_·6H_2_O,Zn^2+ S^6+ O H,Zn^2+ S^6+ O H,Zn S O H,Zn^2+ S^6+ O H,valid,,,
Bicapite,[KNa_2_Mg_2_(H_2_O)_25_][H_2_PV^5+^_12_O_40_(V^5+^O)_2_],K Na Mg H O P V^5+,K Na Mg H O P V^5+,K Na Mg H O P V,K Na Mg H O P V^5+,valid,,,
Bicchulite,Ca_2_Al_2_SiO_6_(OH)_2_,Ca Al Si O H,Ca Al Si O H,Ca Al Si O H,Ca Al Si O H,valid,,,
Bideauxite,Ag^1+^Pb^2+^_2_F_2_Cl_3_,Ag^1+ Pb^2+ F Cl,Ag^1+ Pb^2+ F Cl,Ag Pb F Cl,Ag^1+ Pb^2+ F Cl,valid,,,
Bieberite,Co^2+^S^6+^O_4_·7H_2_O,Co^2+ S^6+ O H,Co^2+ S^6+ O H,Co S O H,Co^2+ S^6+ O H,valid,,,
Biehlite,Sb^3+^_2_Mo^6+^O_6_,Sb^3+ Mo^6+ O,Sb^3+ Mo^6+ O,Sb Mo O,Sb^3+ Mo^6+ O,valid,,,
Bigcreekite,BaSi_2_O_5_·4H_2_O,Ba Si O H,Ba Si O H,Ba Si O H,Ba Si O H,valid,,,
Bijvoetite-(Y),Y_8_(U^6+^O_2_)_16_O_8_(CO_3_)_16_(OH)_8_·39H_2_O,Y U^6+ O C H,Y U^6+ O C H,Y U O C H,Y U^6+ O C H,valid,,,
Bikitaite,LiAlSi_2_O_6_·H_2_O,Li Al Si O H,Li Al Si O H,Li Al Si O H,Li Al Si O H,valid,,,
Bilibinskite,PbAu_3_Cu_2_Te_2_,Pb Au Cu Te,Pb Au Cu Te,Pb Au Cu Te,Pb Au Cu Te,valid,,,
Bílinite,Fe^2+^Fe^3+^_2_(S^6+^O_4_)_4_·22H_2_O,Fe^2+ Fe^3+ S^6+ O H,Fe^2+ Fe^3+ S^6+ O H,Fe S O H,Fe^2+ Fe^3+ S^6+ O H,valid,,,
Billietite,Ba(U^6+^O_2_)_6_O_4_(OH)_6_·8H_2_O,Ba U^6+ O H,Ba U^6+ O H,Ba U O H,Ba U^6+ O H,valid,,,
Billingsleyite,Ag_7_AsS_6_,Ag As S,Ag As S,Ag As S,Ag As S,valid,,,
Billwiseite,Sb^3+^_5_Nb^5+^_3_W^6+^O_18_,Sb^3+ Nb^5+ W^6+ O,Sb^3+ Nb^5+ W^6+ O,Sb Nb W O,Sb^3+ Nb^5+ W^6+ O,valid,,,
Bimbowrieite,NaMgFe^3+^_5_(PO_4_)_4_(OH)_6_·2H_2_O,Na Mg Fe^3+ P O H,Na Mg Fe^3+ P O H,Na Mg Fe P O H,Na Mg Fe^3+ P O H,valid,,,
Bindheimite,Pb^2+^_2_Sb^5+^_2_O_7_,Pb^2+ Sb^5+ O,Pb^2+ Sb^5+ O,Pb Sb O,Pb^2+ Sb^5+ O,valid,,,
Biphosphammite,H_2_(N^3-^H_4_)PO_4_,H N^3- P O,H N^3- P O,H N P O,H N^3- P O,valid,,,
Biraite-(Ce),Ce^3+^_2_Fe^2+^Si_2_O_7_(CO_3_),Ce^3+ Fe^2+ Si O C,Ce^3+ Fe^2+ Si O C,Ce Fe Si O C,Ce^3+ Fe^2+ Si O C,valid,,,
Biraite-(La),La_2_Fe^2+^(CO_3_)(Si_2_O_7_),La Fe^2+ C O Si,La Fe^2+ C O Si,La Fe C O Si,La Fe^2+ C O Si,valid,,,
Birchite,Cd^2+^_2_Cu^2+^_2_(PO_4_)_2_S^6+^O_4_·5H_2_O,Cd^2+ Cu^2+ P O S^6+ H,Cd^2+ Cu^2+ P O S^6+ H,Cd Cu P O S H,Cd^2+ Cu^2+ P O S^6+ H,valid,,,
Biringuccite,Na_2_B_5_O_8_(OH)·H_2_O,Na B O H,Na B O H,Na B O H,Na B O H,valid,,,
Birnessite,"(Na,Ca,K)_0.6_(Mn^4+^,Mn^3+^)_2_O_4_·1.5H_2_O",Na Ca K Mn^4+ Mn^3+ O H,Na Ca K Mn^4+ Mn^3+ O H,Na Ca K Mn O H,Na Ca K Mn^4+ Mn^3+ O H,valid,,,
Birunite,Ca_18_(SiO_3_)_8.5_(CO_3_)_8.5_S^6+^O_4_·15H_2_O,Ca Si O C S^6+ H,Ca Si O C S^6+ H,Ca Si O C S H,Ca Si O C S^6+ H,valid,,,
Bischofite,MgCl_2_·6H_2_O,Mg Cl H O,Mg Cl H O,Mg Cl H O,Mg Cl H O,valid,,,
Bismite,Bi^3+^_2_O_3_,Bi^3+ O,Bi^3+ O,Bi O,Bi^3+ O,valid,,,
Bismoclite,Bi^3+^OCl,Bi^3+ O Cl,Bi^3+ O Cl,Bi O Cl,Bi^3+ O Cl,valid,,,
Bismuth,Bi,Bi,Bi,Bi,Bi,valid,,,
Bismuthinite,Bi^3+^_2_S^2-^_3_,Bi^3+ S^2-,Bi^3+ S^2-,Bi S,Bi^3+ S^2-,valid,,,
Bismutite,Bi^3+^_2_O_2_(CO_3_),Bi^3+ O C,Bi^3+ O C,Bi O C,Bi^3+ O C,valid,,,
Bismutocolumbite,Bi^3+^Nb^5+^O_4_,Bi^3+ Nb^5+ O,Bi^3+ Nb^5+ O,Bi Nb O,Bi^3+ Nb^5+ O,valid,,,
Bismutoferrite,Fe^3+^_2_Bi^3+^(SiO_4_)_2_(OH),Fe^3+ Bi^3+ Si O H,Fe^3+ Bi^3+ Si O H,Fe Bi Si O H,Fe^3+ Bi^3+ Si O H,valid,,,
Bismutohauchecornite,Ni_9_Bi_2_S_8_,Ni Bi S,Ni Bi S,Ni Bi S,Ni Bi S,valid,,,
Bismutostibiconite,"(Bi^3+^,Fe^3+^,[box])_2_Sb^5+^_2_O_7_",Bi^3+ Fe^3+ Sb^5+ O,Bi^3+ Fe^3+ Sb^5+ O,Bi Fe Sb O,Bi^3+ Fe^3+ Sb^5+ O,valid,,,
Bismutotantalite,Bi^3+^Ta^5+^O_4_,Bi^3+ Ta^5+ O,Bi^3+ Ta^5+ O,Bi Ta O,Bi^3+ Ta^5+ O,valid,,,
Bitikleite,Ca_3_Sn^4+^Sb^5+^Al_3_O_12_,Ca Sn^4+ Sb^5+ Al O,Ca Sn^4+ Sb^5+ Al O,Ca Sn Sb Al O,Ca Sn^4+ Sb^5+ Al O,valid,,,
Bityite,CaLiAl_2_(Si_2_BeAl)O_10_(OH)_2_,Ca Li Al Si Be O H,Ca Li Al Si Be O H,Ca Li Al Si Be O H,Ca Li Al Si Be O H,valid,,,
Bixbyite-(Fe),Fe^3+^_2_O_3_,Fe^3+ O,Fe^3+ O,Fe O,Fe^3+ O,valid,,,
Bixbyite-(Mn),Mn^3+^_2_O_3_,Mn^3+ O,Mn^3+ O,Mn O,Mn^3+ O,valid,,,
Bjarebyite,BaMn^2+^_2_Al_2_(PO_4_)_3_(OH)_3_,Ba Mn^2+ Al P O H,Ba Mn^2+ Al P O H,Ba Mn Al P O H,Ba Mn^2+ Al P O H,valid,,,
Blakeite,Fe^3+^_2_(Te^4+^O_3_)_3_,Fe^3+ Te^4+ O,Fe^3+ Te^4+ O,Fe Te O,Fe^3+ Te^4+ O,valid,,,
Blatonite,(U^6+^O_2_)CO_3_·H_2_O,U^6+ O C H,U^6+ O C H,U O C H,U^6+ O C H,valid,,,
Blatterite,Sb^5+^_3_Mn^3+^_9_Mn^2+^_35_(BO_3_)_16_O_32_,Sb^5+ Mn^3+ Mn^2+ B O,Sb^5+ Mn^3+ Mn^2+ B O,Sb Mn B O,Sb^5+ Mn^3+ Mn^2+ B O,valid,,,
Bleasdaleite,"Ca_2_Cu^2+^_5_(Bi^3+^,Cu^2+^)(PO_4_)_4_(H_2_O,OH,Cl)_13_",Ca Cu^2+ Bi^3+ P O H Cl,Ca Cu^2+ Bi^3+ P O H Cl,Ca Cu Bi P O H Cl,Ca Cu^2+ Bi^3+ P O H Cl,valid,,,
Blixite,Pb^2+^_8_O_5_(OH)_2_Cl_4_,Pb^2+ O H Cl,Pb^2+ O H Cl,Pb O H Cl,Pb^2+ O H Cl,valid,,,
Blödite,Na_2_Mg(S^6+^O_4_)_2_·4H_2_O,Na Mg S^6+ O H,Na Mg S^6+ O H,Na Mg S O H,Na Mg S^6+ O H,valid,,,
Blossite,Cu^2+^_2_V^5+^_2_O_7_,Cu^2+ V^5+ O,Cu^2+ V^5+ O,Cu V O,Cu^2+ V^5+ O,valid,,,
Bluebellite,Cu^2+^_6_(I^5+^O_3_)(OH)_10_Cl,Cu^2+ I^5+ O H Cl,Cu^2+ I^5+ O H Cl,Cu I O H Cl,Cu^2+ I^5+ O H Cl,valid,,,
Bluelizardite,Na_7_(U^6+^O_2_)(S^6+^O_4_)_4_Cl·2H_2_O,Na U^6+ O S^6+ Cl H,Na U^6+ O S^6+ Cl H,Na U O S Cl H,Na U^6+ O S^6+ Cl H,valid,,,
Blueridgeite,[Pb^2+^_8_Zn^2+^_3_Cu^2+^(OH)_16_](S^6+^O_4_)_2_(S^6+^O_3_S^2-^)_2_·2H_2_O,Pb^2+ Zn^2+ Cu^2+ O H S^6+ S^2-,Pb^2+ Zn^2+ Cu^2+ O H S^6+ S^2-,Pb Zn Cu O H S,Pb^2+ Zn^2+ Cu^2+ O H S^6+ S^2-,valid,,,
Bluestreakite,K_4_Mg_2_[(V^4+^_2_V^5+^_8_)O_28_]·14H_2_O,K Mg V^4+ V^5+ O H,K Mg V^4+ V^5+ O H,K Mg V O H,K Mg V^4+ V^5+ O H,valid,,,
Bobcookite,NaAl(U^6+^O_2_)_2_(S^6+^O_4_)_4_·18H_2_O,Na Al U^6+ O S^6+ H,Na Al U^6+ O S^6+ H,Na Al U O S H,Na Al U^6+ O S^6+ H,valid,,,
Bobfergusonite,[box]Na_2_Mn^2+^_5_Fe^3+^Al(PO_4_)_6_,Na Mn^2+ Fe^3+ Al P O,Na Mn^2+ Fe^3+ Al P O,Na Mn Fe Al P O,Na Mn^2+ Fe^3+ Al P O,valid,,,
Bobfinchite,Na[(U^6+^O_2_)_8_O_3_(OH)_11_]·10H_2_O,Na U^6+ O H,Na U^6+ O H,Na U O H,Na U^6+ O H,valid,,,
Bobierrite,Mg_3_(PO_4_)_2_·8H_2_O,Mg P O H,Mg P O H,Mg P O H,Mg P O H,valid,,,
Bobjonesite,V^4+^OS^6+^O_4_·3H_2_O,V^4+ O S^6+ H,V^4+ O S^6+ H,V O S H,V^4+ O S^6+ H,valid,,,
Bobkingite,Cu^2+^_5_Cl_2_(OH)_8_·2H_2_O,Cu^2+ Cl O H,Cu^2+ Cl O H,Cu Cl O H,Cu^2+ Cl O H,valid,,,
Bobmeyerite,Pb^2+^_4_(Al_3_Cu^2+^)(Si_4_O_12_)(S^6+^_0.5_Si_0.5_O_4_)(OH)_7_Cl·3H_2_O,Pb^2+ Al Cu^2+ Si O S^6+ H Cl,Pb^2+ Al Cu^2+ Si O S^6+ H Cl,Pb Al Cu Si O S H Cl,Pb^2+ Al Cu^2+ Si O S^6+ H Cl,valid,,,
Bobshannonite,"Na_2_KBa(Mn^2+^,Na)_8_(Nb^5+^,Ti^4+^)_4_(Si_2_O_7_)_4_O_4_(OH)_4_(O,F)_2_",Na K Ba Mn^2+ Nb^5+ Ti^4+ Si O H F,Na K Ba Mn^2+ Nb^5+ Ti^4+ Si O H F,Na K Ba Mn Nb Ti Si O H F,Na K Ba Mn^2+ Nb^5+ Ti^4+ Si O H F,valid,,,
Bobtraillite,"(Na,[box])_12_([box],Na)_12_Sr_12_Zr^4+^_14_(Si_3_O_9_)_10_[Si_2_BO_7_(OH)_2_]_6_·12H_2_O",Na Sr Zr^4+ Si O B H,Na Sr Zr^4+ Si O B H,Na Sr Zr Si O B H,Na Sr Zr^4+ Si O B H,valid,,,
Bodieite,Bi^3+^_2_(Te^4+^O_3_)_2_(S^6+^O_4_),Bi^3+ Te^4+ O S^6+,Bi^3+ Te^4+ O S^6+,Bi Te O S,Bi^3+ Te^4+ O S^6+,valid,,,
Boevskite,Pb^2+^_4_(Te^4+^O_3_)_2_(S^6+^O_4_)(S^6+^O_3_S^2-^),Pb^2+ Te^4+ O S^6+ S^2-,Pb^2+ Te^4+ O S^6+ S^2-,Pb Te O S,Pb^2+ Te^4+ O S^6+ S^2-,valid,,,
Bogdanovite,"(Au,Te,Pb)_3_(Cu,Fe)",Au Te Pb Cu Fe,Au Te Pb Cu Fe,Au Te Pb Cu Fe,Au Te Pb Cu Fe,valid,,,
Bøggildite,Na_2_Sr_2_Al_2_(PO_4_)F_9_,Na Sr Al P O F,Na Sr Al P O F,Na Sr Al P O F,Na Sr Al P O F,valid,,,
Boggsite,Na_3_Ca_8_(Si_77_Al_19_)O_192_·70H_2_O,Na Ca Si Al O H,Na Ca Si Al O H,Na Ca Si Al O H,Na Ca Si Al O H,valid,,,
Bøgvadite,Na_2_Ba_2_SrAl_4_F_20_,Na Ba Sr Al F,Na Ba Sr Al F,Na Ba Sr Al F,Na Ba Sr Al F,valid,,,
Bohdanowiczite,Ag^1+^Bi^3+^Se^2-^_2_,Ag^1+ Bi^3+ Se^2-,Ag^1+ Bi^3+ Se^2-,Ag Bi Se,Ag^1+ Bi^3+ Se^2-,valid,,,
Böhmite,AlO(OH),Al O H,Al O H,Al O H,Al O H,valid,,,
Bohseite,Ca_4_Be_3+x_Al_1-x_Si_9_O_25-x_(OH)_3+x_ (x = 0 to 1),Ca Be Al Si O H,Ca Be Al Si O H,Ca Be Al Si O H,Ca Be Al Si O H,valid,,,
Bohuslavite,Fe^3+^_4_(PO_4_)_3_(S^6+^O_4_)(OH)·nH_2_O (15≤n≤24),Fe^3+ P O S^6+ H,Fe^3+ P O S^6+ H,Fe P O S H,Fe^3+ P O S^6+ H,valid,,,
Bojarite,Cu^2+^_3_(N_3_C_2_H_2_)^1-^_3_(OH)Cl_2_·6H_2_O,Cu^2+ N C H O Cl,Cu^2+ N C H O Cl,Cu N C H O Cl,Cu^2+ N C H O Cl,valid,,,
Bokite,"(Al,Fe^3+^)_1.3_(V^5+^,V^4+^,Fe^3+^)_8_O_20_·7.5H_2_O",Al Fe^3+ V^5+ V^4+ O H,Al Fe^3+ V^5+ V^4+ O H,Al Fe V O H,Al Fe^3+ V^5+ V^4+ O H,valid,,,
Boleite,KAg^1+^_9_Pb^2+^_26_Cu^2+^_24_Cl_62_(OH)_48_,K Ag^1+ Pb^2+ Cu^2+ Cl O H,K Ag^1+ Pb^2+ Cu^2+ Cl O H,K Ag Pb Cu Cl O H,K Ag^1+ Pb^2+ Cu^2+ Cl O H,valid,,,
Bolivarite,Al_2_PO_4_(OH)_3_·4H_2_O,Al P O H,Al P O H,Al P O H,Al P O H,valid,,,
Bolotinaite,(Na_7_[box])(Al_6_Si_6_O_24_)F·4H_2_O,Na Al Si O F H,Na Al Si O F H,Na Al Si O F H,Na Al Si O F H,valid,,,
Boltwoodite,K_0.63_Na_0.37_[(U^6+^O_2_)(SiO_3_OH)](H_2_O)_1.5_,K Na U^6+ O Si H,K Na U^6+ O Si H,K Na U O Si H,K Na U^6+ O Si H,valid,,,
Bonaccordite,Ni^2+^_2_Fe^3+^O_2_(BO_3_),Ni^2+ Fe^3+ O B,Ni^2+ Fe^3+ O B,Ni Fe O B,Ni^2+ Fe^3+ O B,valid,,,
Bonaccorsiite,KK_2_Na_3_(Al_6_Si_36_)O_84_,K Na Al Si O,K Na Al Si O,K Na Al Si O,K Na Al Si O,valid,,,
Bonacinaite,Sc(As^5+^O_4_)·2H_2_O,Sc As^5+ O H,Sc As^5+ O H,Sc As O H,Sc As^5+ O H,valid,,,
Bonattite,Cu^2+^S^6+^O_4_·3H_2_O,Cu^2+ S^6+ O H,Cu^2+ S^6+ O H,Cu S O H,Cu^2+ S^6+ O H,valid,,,
Bonazziite,As_4_S_4_,As S,As S,As S,As S,valid,,,
Bonshtedtite,Na_3_Fe^2+^(PO_4_)(CO_3_),Na Fe^2+ P O C,Na Fe^2+ P O C,Na Fe P O C,Na Fe^2+ P O C,valid,,,
Boojumite,Pb^2+^_8_O_4_(OH)_2_(S^6+^O_3_S^2-^)_3_,Pb^2+ O H S^6+ S^2-,Pb^2+ O H S^6+ S^2-,Pb O H S,Pb^2+ O H S^6+ S^2-,valid,,,
Boothite,Cu^2+^S^6+^O_4_·7H_2_O,Cu^2+ S^6+ O H,Cu^2+ S^6+ O H,Cu S O H,Cu^2+ S^6+ O H,valid,,,
Boracite,Mg_3_B_7_O_13_Cl,Mg B O Cl,Mg B O Cl,Mg B O Cl,Mg B O Cl,valid,,,
Boralsilite,Al_16_B_6_O_30_(Si_2_O_7_),Al B O Si,Al B O Si,Al B O Si,Al B O Si,valid,,,
Borax,Na_2_B_4_O_5_(OH)_4_·8H_2_O,Na B O H,Na B O H,Na B O H,Na B O H,valid,,,
Borcarite,Ca_4_MgB_4_O_6_(CO_3_)_2_(OH)_6_,Ca Mg B O C H,Ca Mg B O C H,Ca Mg B O C H,Ca Mg B O C H,valid,,,
Borisenkoite,Cu^2+^_3_(V^5+^O_4_)_2_,Cu^2+ V^5+ O,Cu^2+ V^5+ O,Cu V O,Cu^2+ V^5+ O,valid,,,
Bornemanite,Na_6_(Na[box])Ba_2_Ti^4+^_2_Nb^5+^_2_(Na_5_[box])Ti^4+^_2_(Si_2_O_7_)_4_(PO_4_)_2_O_4_(OH)_2_F_2_,Na Ba Ti^4+ Nb^5+ Si O P H F,Na Ba Ti^4+ Nb^5+ Si O P H F,Na Ba Ti Nb Si O P H F,Na Ba Ti^4+ Nb^5+ Si O P H F,valid,,,
Bornhardtite,Co^2+^Co^3+^_2_Se^2-^_4_,Co^2+ Co^3+ Se^2-,Co^2+ Co^3+ Se^2-,Co Se,Co^2+ Co^3+ Se^2-,valid,,,
Bornite,Cu^1+^_5_Fe^3+^S^2-^_4_,Cu^1+ Fe^3+ S^2-,Cu^1+ Fe^3+ S^2-,Cu Fe S,Cu^1+ Fe^3+ S^2-,valid,,,
Borocookeite,LiAl_4_(Si_3_B)O_10_(OH)_8_,Li Al Si B O H,Li Al Si B O H,Li Al Si B O H,Li Al Si B O H,valid,,,
Borodaevite,"Ag_4.83_Fe_0.21_Pb_0.45_(Bi,Sb)_8.84_S_16_",Ag Fe Pb Bi Sb S,Ag Fe Pb Bi Sb S,Ag Fe Pb Bi Sb S,Ag Fe Pb Bi Sb S,valid,,,
Boromullite,Al_9_BSi_2_O_19_,Al B Si O,Al B Si O,Al B Si O,Al B Si O,valid,,,
Boromuscovite,KAl_2_(Si_3_B)O_10_(OH)_2_,K Al Si B O H,K Al Si B O H,K Al Si B O H,K Al Si B O H,valid,,,
Borovskite,Pd_3_SbTe_4_,Pd Sb Te,Pd Sb Te,Pd Sb Te,Pd Sb Te,valid,,,
Bortnikovite,Pd_4_Cu_3_Zn,Pd Cu Zn,Pd Cu Zn,Pd Cu Zn,Pd Cu Zn,valid,,,
Bortolanite,Ca_2_(Ca_1.5_Zr^4+^_0.5_)Na(NaCa)Ti^4+^(Si_2_O_7_)_2_(OF)F_2_,Ca Zr^4+ Na Ti^4+ Si O F,Ca Zr^4+ Na Ti^4+ Si O F,Ca Zr Na Ti Si O F,Ca Zr^4+ Na Ti^4+ Si O F,valid,,,
Borzęckiite,Pb^2+^(U^6+^O_2_)_3_(Se^4+^O_3_)_2_O_2_·3H_2_O,Pb^2+ U^6+ O Se^4+ H,Pb^2+ U^6+ O Se^4+ H,Pb U O Se H,Pb^2+ U^6+ O Se^4+ H,valid,,,
Boscardinite,Tl^1+^Pb^2+^_4_(Sb^3+^_7_As^3+^_2_)S^2-^_18_,Tl^1+ Pb^2+ Sb^3+ As^3+ S^2-,Tl^1+ Pb^2+ Sb^3+ As^3+ S^2-,Tl Pb Sb As S,Tl^1+ Pb^2+ Sb^3+ As^3+ S^2-,valid,,,
Bosiite,NaFe^3+^_3_(Al_4_Mg_2_)(Si_6_O_18_)(BO_3_)_3_(OH)_3_O,Na Fe^3+ Al Mg Si O B H,Na Fe^3+ Al Mg Si O B H,Na Fe Al Mg Si O B H,Na Fe^3+ Al Mg Si O B H,valid,,,
Bosoite,SiO_2_·nC_x_H_2x+2_,Si O C H,Si O C H,Si O C H,Si O C H,valid,,,
Bostwickite,CaMn^3+^_6_Si_3_O_16_·7H_2_O,Ca Mn^3+ Si O H,Ca Mn^3+ Si O H,Ca Mn Si O H,Ca Mn^3+ Si O H,valid,,,
Botallackite,Cu^2+^_2_Cl(OH)_3_,Cu^2+ Cl O H,Cu^2+ Cl O H,Cu Cl O H,Cu^2+ Cl O H,valid,,,
Botryogen,MgFe^3+^(S^6+^O_4_)_2_(OH)·7H_2_O,Mg Fe^3+ S^6+ O H,Mg Fe^3+ S^6+ O H,Mg Fe S O H,Mg Fe^3+ S^6+ O H,valid,,,
Bottinoite,Ni^2+^Sb^5+^_2_(OH)_12_·6H_2_O,Ni^2+ Sb^5+ O H,Ni^2+ Sb^5+ O H,Ni Sb O H,Ni^2+ Sb^5+ O H,valid,,,
Botuobinskite,SrFe^2+^(Ti^4+^_12_Cr^3+^_6_)Mg_2_[O_36_(OH)_2_],Sr Fe^2+ Ti^4+ Cr^3+ Mg O H,Sr Fe^2+ Ti^4+ Cr^3+ Mg O H,Sr Fe Ti Cr Mg O H,Sr Fe^2+ Ti^4+ Cr^3+ Mg O H,valid,,,
Bouazzerite,Bi^3+^_6_Mg_11_Fe^3+^_14_(As^5+^O_4_)_18_O_12_(OH)_4_(H_2_O)_86_,Bi^3+ Mg Fe^3+ As^5+ O H,Bi^3+ Mg Fe^3+ As^5+ O H,Bi Mg Fe As O H,Bi^3+ Mg Fe^3+ As^5+ O H,valid,,,
Boulangerite,Pb^2+^_5_Sb^3+^_4_S^2-^_11_,Pb^2+ Sb^3+ S^2-,Pb^2+ Sb^3+ S^2-,Pb Sb S,Pb^2+ Sb^3+ S^2-,valid,,,
Bounahasite,Cu^1+^Cu^2+^_2_(OH)_3_Cl_2_,Cu^1+ Cu^2+ O H Cl,Cu^1+ Cu^2+ O H Cl,Cu O H Cl,Cu^1+ Cu^2+ O H Cl,valid,,,
Bournonite,Cu^1+^Pb^2+^Sb^3+^S^2-^_3_,Cu^1+ Pb^2+ Sb^3+ S^2-,Cu^1+ Pb^2+ Sb^3+ S^2-,Cu Pb Sb S,Cu^1+ Pb^2+ Sb^3+ S^2-,valid,,,
Bouškaite,(Mo^6+^O_2_)_2_O(S^6+^O_3_OH)_2_(H_2_O)_2_·2H_2_O,Mo^6+ O S^6+ H,Mo^6+ O S^6+ H,Mo O S H,Mo^6+ O S^6+ H,valid,,,
Boussingaultite,(N^3-^H_4_)_2_Mg(S^6+^O_4_)_2_·6H_2_O,N^3- H Mg S^6+ O,N^3- H Mg S^6+ O,N H Mg S O,N^3- H Mg S^6+ O,valid,,,
Bowieite,Rh^3+^_2_S^2-^_3_,Rh^3+ S^2-,Rh^3+ S^2-,Rh S,Rh^3+ S^2-,valid,,,
Bowlesite,PtSnS,Pt Sn S,Pt Sn S,Pt Sn S,Pt Sn S,valid,,,
Boyleite,Zn^2+^S^6+^O_4_·4H_2_O,Zn^2+ S^6+ O H,Zn^2+ S^6+ O H,Zn S O H,Zn^2+ S^6+ O H,valid,,,
Braccoite,NaMn^2+^_5_[Si_5_O_14_(OH)](As^5+^O_3_OH),Na Mn^2+ Si O H As^5+,Na Mn^2+ Si O H As^5+,Na Mn Si O H As,Na Mn^2+ Si O H As^5+,valid,,,
Bracewellite,Cr^3+^O(OH),Cr^3+ O H,Cr^3+ O H,Cr O H,Cr^3+ O H,valid,,,
Brackebuschite,Pb^2+^_2_Mn^3+^(V^5+^O_4_)_2_(OH),Pb^2+ Mn^3+ V^5+ O H,Pb^2+ Mn^3+ V^5+ O H,Pb Mn V O H,Pb^2+ Mn^3+ V^5+ O H,valid,,,
Bradaczekite,NaCu^2+^Cu^2+^Cu^2+^_2_(As^5+^O_4_)_3_,Na Cu^2+ As^5+ O,Na Cu^2+ As^5+ O,Na Cu As O,Na Cu^2+ As^5+ O,valid,,,
Bradleyite,Na_3_Mg(PO_4_)(CO_3_),Na Mg P O C,Na Mg P O C,Na Mg P O C,Na Mg P O C,valid,,,
Braggite,PdPt_3_S_4_,Pd Pt S,Pd Pt S,Pd Pt S,Pd Pt S,valid,,,
Braithwaiteite,NaCu^2+^_5_(Ti^4+^Sb^5+^)O_2_(As^5+^O_4_)_4_[As^5+^O_3_(OH)]_2_·8H_2_O,Na Cu^2+ Ti^4+ Sb^5+ O As^5+ H,Na Cu^2+ Ti^4+ Sb^5+ O As^5+ H,Na Cu Ti Sb O As H,Na Cu^2+ Ti^4+ Sb^5+ O As^5+ H,valid,,,
Braitschite-(Ce),"Ca_6.15_Na_0.85_Ce^3+^_2_[B_6_O_7_(OH)_3_(O,OH)_3_]_4_·H_2_O",Ca Na Ce^3+ B O H,Ca Na Ce^3+ B O H,Ca Na Ce B O H,Ca Na Ce^3+ B O H,valid,,,
Branchite,C_20_H_34_,C H,C H,C H,C H,valid,,,
Brandãoite,BeAl_2_(PO_4_)_2_(OH)_2_(H_2_O)_4_·H_2_O,Be Al P O H,Be Al P O H,Be Al P O H,Be Al P O H,valid,,,
Brandholzite,MgSb^5+^_2_(OH)_12_·6H_2_O,Mg Sb^5+ O H,Mg Sb^5+ O H,Mg Sb O H,Mg Sb^5+ O H,valid,,,
Brandtite,Ca_2_Mn^2+^(As^5+^O_4_)_2_·2H_2_O,Ca Mn^2+ As^5+ O H,Ca Mn^2+ As^5+ O H,Ca Mn As O H,Ca Mn^2+ As^5+ O H,valid,,,
Brannerite,U^4+^Ti^4+^_2_O_6_,U^4+ Ti^4+ O,U^4+ Ti^4+ O,U Ti O,U^4+ Ti^4+ O,valid,,,
Brannockite,KSn^4+^_2_(Li_3_Si_12_)O_30_,K Sn^4+ Li Si O,K Sn^4+ Li Si O,K Sn Li Si O,K Sn^4+ Li Si O,valid,,,
Brassite,Mg(As^5+^O_3_OH)·4H_2_O,Mg As^5+ O H,Mg As^5+ O H,Mg As O H,Mg As^5+ O H,valid,,,
Brattforsite,Mn^2+^_19_As^3+^_12_O_36_Cl_2_,Mn^2+ As^3+ O Cl,Mn^2+ As^3+ O Cl,Mn As O Cl,Mn^2+ As^3+ O Cl,valid,,,
Braunerite,K_2_Ca(U^6+^O_2_)(CO_3_)_3_·6H_2_O,K Ca U^6+ O C H,K Ca U^6+ O C H,K Ca U O C H,K Ca U^6+ O C H,valid,,,
Braunite,Mn^2+^Mn^3+^_6_SiO_12_,Mn^2+ Mn^3+ Si O,Mn^2+ Mn^3+ Si O,Mn Si O,Mn^2+ Mn^3+ Si O,valid,,,
Brazilianite,NaAl_3_(PO_4_)_2_(OH)_4_,Na Al P O H,Na Al P O H,Na Al P O H,Na Al P O H,valid,,,
Bredigite,Ca_7_Mg(SiO_4_)_4_,Ca Mg Si O,Ca Mg Si O,Ca Mg Si O,Ca Mg Si O,valid,,,
Breithauptite,NiSb,Ni Sb,Ni Sb,Ni Sb,Ni Sb,valid,,,
Brendelite,"(Bi^3+^,Pb^2+^)_2_(Fe^3+^,Fe^2+^)O_2_(OH)PO_4_",Bi^3+ Pb^2+ Fe^3+ Fe^2+ O H P,Bi^3+ Pb^2+ Fe^3+ Fe^2+ O H P,Bi Pb Fe O H P,Bi^3+ Pb^2+ Fe^3+ Fe^2+ O H P,valid,,,
Brenkite,Ca_2_(CO_3_)F_2_,Ca C O F,Ca C O F,Ca C O F,Ca C O F,valid,,,
Brewsterite-Ba,Ba(Al_2_Si_6_)O_16_·5H_2_O,Ba Al Si O H,Ba Al Si O H,Ba Al Si O H,Ba Al Si O H,valid,,,
Brewsterite-Sr,Sr(Al_2_Si_6_)O_16_·5H_2_O,Sr Al Si O H,Sr Al Si O H,Sr Al Si O H,Sr Al Si O H,valid,,,
Breyite,Ca_3_Si_3_O_9_,Ca Si O,Ca Si O,Ca Si O,Ca Si O,valid,,,
Brezinaite,Cr^2+^Cr^3+^_2_S^2-^_4_,Cr^2+ Cr^3+ S^2-,Cr^2+ Cr^3+ S^2-,Cr S,Cr^2+ Cr^3+ S^2-,valid,,,
Brianite,Na_2_CaMg(PO_4_)_2_,Na Ca Mg P O,Na Ca Mg P O,Na Ca Mg P O,Na Ca Mg P O,valid,,,
Brianroulstonite,Ca_3_B_5_O_6_(OH)_7_Cl_2_·8H_2_O,Ca B O H Cl,Ca B O H Cl,Ca B O H Cl,Ca B O H Cl,valid,,,
Brianyoungite,Zn^2+^_3_CO_3_(OH)_4_,Zn^2+ C O H,Zn^2+ C O H,Zn C O H,Zn^2+ C O H,valid,,,
Briartite,Cu^1+^_2_Fe^2+^Ge^4+^S^2-^_4_,Cu^1+ Fe^2+ Ge^4+ S^2-,Cu^1+ Fe^2+ Ge^4+ S^2-,Cu Fe Ge S,Cu^1+ Fe^2+ Ge^4+ S^2-,valid,,,
Bridgesite-(Ce),CaCe^3+^_2_Cu^2+^_6_(S^6+^O_4_)_4_(OH)_12_·8H_2_O,Ca Ce^3+ Cu^2+ S^6+ O H,Ca Ce^3+ Cu^2+ S^6+ O H,Ca Ce Cu S O H,Ca Ce^3+ Cu^2+ S^6+ O H,valid,,,
Bridgmanite,MgSiO_3_,Mg Si O,Mg Si O,Mg Si O,Mg Si O,valid,,,
Brindleyite,"(Ni^2+^,Al)_3_(Si,Al)_2_O_5_(OH)_4_",Ni^2+ Al Si O H,Ni^2+ Al Si O H,Ni Al Si O H,Ni^2+ Al Si O H,valid,,,
Brinrobertsite,"(Na,K,Ca)_0.3_(Al,Fe^3+^,Mg)_4_(Si,Al)_8_O_20_(OH)_4_·3.5H_2_O",Na K Ca Al Fe^3+ Mg Si O H,Na K Ca Al Fe^3+ Mg Si O H,Na K Ca Al Fe Mg Si O H,Na K Ca Al Fe^3+ Mg Si O H,valid,,,
Britholite-(Ce),Ca_2_Ce^3+^_3_(SiO_4_)_3_OH,Ca Ce^3+ Si O H,Ca Ce^3+ Si O H,Ca Ce Si O H,Ca Ce^3+ Si O H,valid,,,
Britholite-(Y),Ca_2_Y_3_(SiO_4_)_3_OH,Ca Y Si O H,Ca Y Si O H,Ca Y Si O H,Ca Y Si O H,valid,,,
Britvinite,Pb^2+^_14_Mg_9_Si_10_O_28_(BO_3_)_4_(CO_3_)_2_F_2_(OH)_12_,Pb^2+ Mg Si O B C F H,Pb^2+ Mg Si O B C F H,Pb Mg Si O B C F H,Pb^2+ Mg Si O B C F H,valid,,,
Brizziite,NaSb^5+^O_3_,Na Sb^5+ O,Na Sb^5+ O,Na Sb O,Na Sb^5+ O,valid,,,
Brochantite,Cu^2+^_4_S^6+^O_4_(OH)_6_,Cu^2+ S^6+ O H,Cu^2+ S^6+ O H,Cu S O H,Cu^2+ S^6+ O H,valid,,,
Brockite,"(Ca,Th^4+^,Ce^4+^)PO_4_·H_2_O",Ca Th^4+ Ce^4+ P O H,Ca Th^4+ Ce^4+ P O H,Ca Th Ce P O H,Ca Th^4+ Ce^4+ P O H,valid,,,
Brodtkorbite,Cu^1+^_2_Hg^2+^Se^2-^_2_,Cu^1+ Hg^2+ Se^2-,Cu^1+ Hg^2+ Se^2-,Cu Hg Se,Cu^1+ Hg^2+ Se^2-,valid,,,
Bromargyrite,Ag^1+^Br,Ag^1+ Br,Ag^1+ Br,Ag Br,Ag^1+ Br,valid,,,
Bromellite,BeO,Be O,Be O,Be O,Be O,valid,,,
Brontesite,(N^3-^H_4_)_3_Pb^2+^Cl_5_,N^3- H Pb^2+ Cl,N^3- H Pb^2+ Cl,N H Pb Cl,N^3- H Pb^2+ Cl,valid,,,
Brookite,Ti^4+^O_2_,Ti^4+ O,Ti^4+ O,Ti O,Ti^4+ O,valid,,,
Browneite,Mn^2+^S^2-^,Mn^2+ S^2-,Mn^2+ S^2-,Mn S,Mn^2+ S^2-,valid,,,
Brownleeite,MnSi,Mn Si,Mn Si,Mn Si,Mn Si,valid,,,
Brownmillerite,Ca_2_Fe^3+^AlO_5_,Ca Fe^3+ Al O,Ca Fe^3+ Al O,Ca Fe Al O,Ca Fe^3+ Al O,valid,,,
Brucite,Mg(OH)_2_,Mg O H,Mg O H,Mg O H,Mg O H,valid,,,
Brüggenite,Ca(I^5+^O_3_)_2_·H_2_O,Ca I^5+ O H,Ca I^5+ O H,Ca I O H,Ca I^5+ O H,valid,,,
Brugnatellite,Mg_6_Fe^3+^CO_3_(OH)_13_·4H_2_O,Mg Fe^3+ C O H,Mg Fe^3+ C O H,Mg Fe C O H,Mg Fe^3+ C O H,valid,,,
Brumadoite,Cu^2+^_3_Te^6+^O_4_(OH)_4_·5H_2_O,Cu^2+ Te^6+ O H,Cu^2+ Te^6+ O H,Cu Te O H,Cu^2+ Te^6+ O H,valid,,,
Brunogeierite,Fe^2+^_2_GeO_4_,Fe^2+ Ge O,Fe^2+ Ge O,Fe Ge O,Fe^2+ Ge O,valid,,,
Brunovskyite,NaZr^4+^Si_2_O_6_(OH),Na Zr^4+ Si O H,Na Zr^4+ Si O H,Na Zr Si O H,Na Zr^4+ Si O H,valid,,,
Brushite,Ca(PO_3_OH)·2H_2_O,Ca P O H,Ca P O H,Ca P O H,Ca P O H,valid,,,
Brusnitsynite,Mn^2+^_3_Cu^1+^Pb^2+^As^3+^_3_Sb^3+^_2_S^2-^_12_,Mn^2+ Cu^1+ Pb^2+ As^3+ Sb^3+ S^2-,Mn^2+ Cu^1+ Pb^2+ As^3+ Sb^3+ S^2-,Mn Cu Pb As Sb S,Mn^2+ Cu^1+ Pb^2+ As^3+ Sb^3+ S^2-,valid,,,
Bubnovaite,K_2_Na_8_Ca(S^6+^O_4_)_6_,K Na Ca S^6+ O,K Na Ca S^6+ O,K Na Ca S O,K Na Ca S^6+ O,valid,,,
Buchwaldite,NaCaPO_4_,Na Ca P O,Na Ca P O,Na Ca P O,Na Ca P O,valid,,,
Buckhornite,(Pb_2_BiS_3_)(AuTe_2_),Pb Bi S Au Te,Pb Bi S Au Te,Pb Bi S Au Te,Pb Bi S Au Te,valid,,,
Buddingtonite,(N^3-^H_4_)AlSi_3_O_8_,N^3- H Al Si O,N^3- H Al Si O,N H Al Si O,N^3- H Al Si O,valid,,,
Bukovite,(Cu^1+^_3_Fe^3+^)Tl^1+^_2_Se^2-^_4_,Cu^1+ Fe^3+ Tl^1+ Se^2-,Cu^1+ Fe^3+ Tl^1+ Se^2-,Cu Fe Tl Se,Cu^1+ Fe^3+ Tl^1+ Se^2-,valid,,,
Bukovskýite,Fe^3+^_2_(As^5+^O_4_)(S^6+^O_4_)(OH)·7H_2_O,Fe^3+ As^5+ O S^6+ H,Fe^3+ As^5+ O S^6+ H,Fe As O S H,Fe^3+ As^5+ O S^6+ H,valid,,,
Bulachite,Al_6_(As^5+^O_4_)_3_(OH)_9_(H_2_O)_4_·2H_2_O,Al As^5+ O H,Al As^5+ O H,Al As O H,Al As^5+ O H,valid,,,
Bulgakite,"Li_2_(Ca,Na)Fe^2+^_7_Ti^4+^_2_(Si_4_O_12_)_2_O_2_(OH)_4_(O,F)(H_2_O)_2_",Li Ca Na Fe^2+ Ti^4+ Si O H F,Li Ca Na Fe^2+ Ti^4+ Si O H F,Li Ca Na Fe Ti Si O H F,Li Ca Na Fe^2+ Ti^4+ Si O H F,valid,,,
Bultfonteinite,Ca_2_[SiO_3_(OH)]F·H_2_O,Ca Si O H F,Ca Si O H F,Ca Si O H F,Ca Si O H F,valid,,,
Bunnoite,Mn^2+^_6_AlSi_6_O_18_(OH)_3_,Mn^2+ Al Si O H,Mn^2+ Al Si O H,Mn Al Si O H,Mn^2+ Al Si O H,valid,,,
Bunsenite,Ni^2+^O,Ni^2+ O,Ni^2+ O,Ni O,Ni^2+ O,valid,,,
Burangaite,NaFe^2+^Al_5_(PO_4_)_4_(OH)_6_·2H_2_O,Na Fe^2+ Al P O H,Na Fe^2+ Al P O H,Na Fe Al P O H,Na Fe^2+ Al P O H,valid,,,
Burbankite,"(Na,Ca)_3_(Sr,Ba,Ce^3+^)_3_(CO_3_)_5_",Na Ca Sr Ba Ce^3+ C O,Na Ca Sr Ba Ce^3+ C O,Na Ca Sr Ba Ce C O,Na Ca Sr Ba Ce^3+ C O,valid,,,
Burckhardtite,Pb^2+^_2_(Fe^3+^Te^6+^)[AlSi_3_O_8_]O_6_,Pb^2+ Fe^3+ Te^6+ Al Si O,Pb^2+ Fe^3+ Te^6+ Al Si O,Pb Fe Te Al Si O,Pb^2+ Fe^3+ Te^6+ Al Si O,valid,,,
Burgessite,Co^2+^_2_(H_2_O)_4_(As^5+^O_3_OH)_2_·H_2_O,Co^2+ H O As^5+,Co^2+ H O As^5+,Co H O As,Co^2+ H O As^5+,valid,,,
Burkeite,Na_4_(S^6+^O_4_)(CO_3_),Na S^6+ O C,Na S^6+ O C,Na S O C,Na S^6+ O C,valid,,,
Burnettite,CaV^3+^AlSiO_6_,Ca V^3+ Al Si O,Ca V^3+ Al Si O,Ca V Al Si O,Ca V^3+ Al Si O,valid,,,
Burnsite,KCd^2+^Cu^2+^_7_O_2_(Se^4+^O_3_)_2_Cl_9_,K Cd^2+ Cu^2+ O Se^4+ Cl,K Cd^2+ Cu^2+ O Se^4+ Cl,K Cd Cu O Se Cl,K Cd^2+ Cu^2+ O Se^4+ Cl,valid,,,
Burovaite-Ca,"(Na,K)_4_Ca_2_(Ti^4+^,Nb^5+^)_8_[Si_4_O_12_]_4_(OH,O)_8_·12H_2_O",Na K Ca Ti^4+ Nb^5+ Si O H,Na K Ca Ti^4+ Nb^5+ Si O H,Na K Ca Ti Nb Si O H,Na K Ca Ti^4+ Nb^5+ Si O H,valid,,,
Burpalite,Na_2_CaZr^4+^(Si_2_O_7_)F_2_,Na Ca Zr^4+ Si O F,Na Ca Zr^4+ Si O F,Na Ca Zr Si O F,Na Ca Zr^4+ Si O F,valid,,,
Burroite,(N^3-^H_4_)_2_Ca_2_[V^5+^_10_O_28_]·15H_2_O,N^3- H Ca V^5+ O,N^3- H Ca V^5+ O,N H Ca V O,N^3- H Ca V^5+ O,valid,,,
Burtite,CaSn^4+^(OH)_6_,Ca Sn^4+ O H,Ca Sn^4+ O H,Ca Sn O H,Ca Sn^4+ O H,valid,,,
Buryatite,"Ca_3_(Si,Fe^3+^,Al)S^6+^O_4_B(OH)_4_(OH,O)_6_·12H_2_O",Ca Si Fe^3+ Al S^6+ O B H,Ca Si Fe^3+ Al S^6+ O B H,Ca Si Fe Al S O B H,Ca Si Fe^3+ Al S^6+ O B H,valid,,,
Buseckite,"(Fe^2+^,Zn^2+^,Mn^2+^)S^2-^",Fe^2+ Zn^2+ Mn^2+ S^2-,Fe^2+ Zn^2+ Mn^2+ S^2-,Fe Zn Mn S,Fe^2+ Zn^2+ Mn^2+ S^2-,valid,,,
Buserite,Na_4_Mn^3+^_6_Mn^4+^_8_O_27_·21H_2_O,Na Mn^3+ Mn^4+ O H,Na Mn^3+ Mn^4+ O H,Na Mn O H,Na Mn^3+ Mn^4+ O H,valid,,,
Bushmakinite,Pb^2+^_2_Al(PO_4_)(V^5+^O_4_)(OH),Pb^2+ Al P O V^5+ H,Pb^2+ Al P O V^5+ H,Pb Al P O V H,Pb^2+ Al P O V^5+ H,valid,,,
Bussenite,"(Na,[box])_2_Ba_4_(Fe^2+^,Na)_2_Ti^4+^_2_(Si_2_O_7_)_2_(CO_3_)_2_O_2_(OH)_2_(H_2_O)_2_F_2_",Na Ba Fe^2+ Ti^4+ Si O C H F,Na Ba Fe^2+ Ti^4+ Si O C H F,Na Ba Fe Ti Si O C H F,Na Ba Fe^2+ Ti^4+ Si O C H F,valid,,,
Bussyite-(Ce),"(Ce^3+^,REE)_3_(Na,H_2_O)_6_Mn^2+^Si_9_Be_5_(O,OH)_30_F_4_",Ce^3+ REE Na H O Mn^2+ Si Be F,Ce^3+ REE Na H O Mn^2+ Si Be F,Ce REE Na H O Mn Si Be F,Ce^3+ REE Na H O Mn^2+ Si Be F,valid,,,
Bussyite-(Y),"(Y,REE,Ca)_3_(Na,Ca)_6_Mn^2+^Si_9_Be_5_(O,F,OH)_34_",Y REE Ca Na Mn^2+ Si Be O F H,Y REE Ca Na Mn^2+ Si Be O F H,Y REE Ca Na Mn Si Be O F H,Y REE Ca Na Mn^2+ Si Be O F H,valid,,,
Bustamite,Mn^2+^_2_Ca_2_Mn^2+^Ca(Si_3_O_9_)_2_,Mn^2+ Ca Si O,Mn^2+ Ca Si O,Mn Ca Si O,Mn^2+ Ca Si O,valid,,,
Butianite,Ni_6_SnS_2_,Ni Sn S,Ni Sn S,Ni Sn S,Ni Sn S,valid,,,
Butlerite,Fe^3+^S^6+^O_4_(OH)·2H_2_O,Fe^3+ S^6+ O H,Fe^3+ S^6+ O H,Fe S O H,Fe^3+ S^6+ O H,valid,,,
Bütschliite,K_2_Ca(CO_3_)_2_,K Ca C O,K Ca C O,K Ca C O,K Ca C O,valid,,,
Buttgenbachite,Cu^2+^_36_(N^5+^O_3_)_2_Cl_6_(OH)_64_·nH_2_O,Cu^2+ N^5+ O Cl H,Cu^2+ N^5+ O Cl H,Cu N O Cl H,Cu^2+ N^5+ O Cl H,valid,,,
Buynite,Tl^1+^Pb^2+^_14_As^3+^_17_S^2-^_40_,Tl^1+ Pb^2+ As^3+ S^2-,Tl^1+ Pb^2+ As^3+ S^2-,Tl Pb As S,Tl^1+ Pb^2+ As^3+ S^2-,valid,,,
Byelorussite-(Ce),"NaBa_2_Ce^3+^_2_Mn^2+^Ti^4+^_2_Si_8_O_26_(F,OH)·H_2_O",Na Ba Ce^3+ Mn^2+ Ti^4+ Si O F H,Na Ba Ce^3+ Mn^2+ Ti^4+ Si O F H,Na Ba Ce Mn Ti Si O F H,Na Ba Ce^3+ Mn^2+ Ti^4+ Si O F H,valid,,,
Bykovaite,"(Ba,Na,K)_2_(Na,Ti^4+^,Mn^2+^)_4_(Ti^4+^,Nb^5+^)_2_O_2_Si_4_O_14_(H_2_O,F,OH)_2_·3.5H_2_O",Ba Na K Ti^4+ Mn^2+ Nb^5+ O Si H F,Ba Na K Ti^4+ Mn^2+ Nb^5+ O Si H F,Ba Na K Ti Mn Nb O Si H F,Ba Na K Ti^4+ Mn^2+ Nb^5+ O Si H F,valid,,,
Byrudite,BeV^3+^_2_Ti^4+^O_6_,Be V^3+ Ti^4+ O,Be V^3+ Ti^4+ O,Be V Ti O,Be V^3+ Ti^4+ O,valid,,,
Bystrite,Na_7_Ca(Al_6_Si_6_)O_24_(S_5_)^2-^Cl,Na Ca Al Si O S Cl,Na Ca Al Si O S Cl,Na Ca Al Si O S Cl,Na Ca Al Si O S Cl,valid,,,
Byströmite,MgSb^5+^_2_O_6_,Mg Sb^5+ O,Mg Sb^5+ O,Mg Sb O,Mg Sb^5+ O,valid,,,
Bytízite,Cu_3_SbSe_3_,Cu Sb Se,Cu Sb Se,Cu Sb Se,Cu Sb Se,valid,,,
Byzantievite,"Ba_5_(Ca,REE,Y)_22_(Ti^4+^,Nb^5+^)_18_(SiO_4_)_4_(PO_4_,SiO_4_)_4_(BO_3_)_9_O_22_((OH),F)_43_(H_2_O)_1.5_",Ba Ca REE Y Ti^4+ Nb^5+ Si O P B H F,Ba Ca REE Y Ti^4+ Nb^5+ Si O P B H F,Ba Ca REE Y Ti Nb Si O P B H F,Ba Ca REE Y Ti^4+ Nb^5+ Si O P B H F,valid,,,
Cabalzarite,CaMg_2_(As^5+^O_4_)_2_·2H_2_O,Ca Mg As^5+ O H,Ca Mg As^5+ O H,Ca Mg As O H,Ca Mg As^5+ O H,valid,,,
Cabrerite,Ni^2+^Mg_2_(As^5+^O_4_)_2_·8H_2_O,Ni^2+ Mg As^5+ O H,Ni^2+ Mg As^5+ O H,Ni Mg As O H,Ni^2+ Mg As^5+ O H,valid,,,
Cabriite,Pd_2_CuSn,Pd Cu Sn,Pd Cu Sn,Pd Cu Sn,Pd Cu Sn,valid,,,
Cabvinite,Th^4+^_2_F_7_(OH)·3H_2_O,Th^4+ F O H,Th^4+ F O H,Th F O H,Th^4+ F O H,valid,,,
Cacoxenite,Fe^3+^_24_AlO_6_(PO_4_)_17_(OH)_12_·75H_2_O,Fe^3+ Al O P H,Fe^3+ Al O P H,Fe Al O P H,Fe^3+ Al O P H,valid,,,
Cadmium,Cd,Cd,Cd,Cd,Cd,valid,,,
Cadmoindite,Cd^2+^In^3+^_2_S^2-^_4_,Cd^2+ In^3+ S^2-,Cd^2+ In^3+ S^2-,Cd In S,Cd^2+ In^3+ S^2-,valid,,,
Cadmoselite,Cd^2+^Se^2-^,Cd^2+ Se^2-,Cd^2+ Se^2-,Cd Se,Cd^2+ Se^2-,valid,,,
Cadsulfohite,Cd_2_(S^6+^O_4_)(OH)_2_,Cd S^6+ O H,Cd S^6+ O H,Cd S O H,Cd S^6+ O H,valid,,,
Cadvanite,Cd(V^5+^O_3_)_2_,Cd V^5+ O,Cd V^5+ O,Cd V O,Cd V^5+ O,valid,,,
Cadwaladerite,"Al_2_(H_2_O)(OH)_4_·n(Cl,OH^-^,H_2_O)",Al H O Cl,Al H O Cl,Al H O Cl,Al H O Cl,valid,,,
Caesiumpharmacosiderite,CsFe^3+^_4_[(As^5+^O_4_)_3_(OH)_4_]·4H_2_O,Cs Fe^3+ As^5+ O H,Cs Fe^3+ As^5+ O H,Cs Fe As O H,Cs Fe^3+ As^5+ O H,valid,,,
Cafarsite,"(Ca,Na,[box])_19_Ti^4+^_8_Fe^3+^_4_Fe^2+^_4_(As^3+^O_3_)_28_F",Ca Na Ti^4+ Fe^3+ Fe^2+ As^3+ O F,Ca Na Ti^4+ Fe^3+ Fe^2+ As^3+ O F,Ca Na Ti Fe As O F,Ca Na Ti^4+ Fe^3+ Fe^2+ As^3+ O F,valid,,,
Cafeosite,Ca_4_Fe^2+^_3_Fe^3+^_2_ [box]O_6_S^2-^_4_,Ca Fe^2+ Fe^3+ O S^2-,Ca Fe^2+ Fe^3+ O S^2-,Ca Fe O S,Ca Fe^2+ Fe^3+ O S^2-,valid,,,
Cafetite,CaTi^4+^_2_O_5_·H_2_O,Ca Ti^4+ O H,Ca Ti^4+ O H,Ca Ti O H,Ca Ti^4+ O H,valid,,,
Cahnite,Ca_2_B(As^5+^O_4_)(OH)_4_,Ca B As^5+ O H,Ca B As^5+ O H,Ca B As O H,Ca B As^5+ O H,valid,,,
Cairncrossite,Sr_2_Ca_7-x_Na_2x_(Si_4_O_10_)_4_(OH)_2_(H_2_O)_15-x_,Sr Ca Na Si O H,Sr Ca Na Si O H,Sr Ca Na Si O H,Sr Ca Na Si O H,valid,,,
Calamaite,Na_2_Ti^4+^O(S^6+^O_4_)_2_·2H_2_O,Na Ti^4+ O S^6+ H,Na Ti^4+ O S^6+ H,Na Ti O S H,Na Ti^4+ O S^6+ H,valid,,,
Calaverite,AuTe_2_,Au Te,Au Te,Au Te,Au Te,valid,,,
Calciborite,CaB_2_O_4_,Ca B O,Ca B O,Ca B O,Ca B O,valid,,,
Calcinaksite,KNaCa(Si_4_O_10_)·H_2_O,K Na Ca Si O H,K Na Ca Si O H,K Na Ca Si O H,K Na Ca Si O H,valid,,,
Calcioancylite-(Ce),"(Ce^3+^,Ca,Sr)(CO_3_)(OH,H_2_O)",Ce^3+ Ca Sr C O H,Ce^3+ Ca Sr C O H,Ce Ca Sr C O H,Ce^3+ Ca Sr C O H,valid,,,
Calcioancylite-(La),(LaCa)(CO_3_)_2_(OH)(H_2_O),La Ca C O H,La Ca C O H,La Ca C O H,La Ca C O H,valid,,,
Calcioancylite-(Nd),Nd_2.8_Ca_1.2_(CO_3_)_4_(OH)_3_·H_2_O,Nd Ca C O H,Nd Ca C O H,Nd Ca C O H,Nd Ca C O H,valid,,,
Calcioandyrobertsite,KCaCu^2+^_5_(As^5+^O_4_)_4_[As^5+^(OH)_2_O_2_]·2H_2_O,K Ca Cu^2+ As^5+ O H,K Ca Cu^2+ As^5+ O H,K Ca Cu As O H,K Ca Cu^2+ As^5+ O H,valid,,,
Calcioaravaipaite,Pb^2+^Ca_2_AlF_9_,Pb^2+ Ca Al F,Pb^2+ Ca Al F,Pb Ca Al F,Pb^2+ Ca Al F,valid,,,
Calcioburbankite,"Na_3_(Ca,Ce^3+^,Sr,La)_3_(CO_3_)_5_",Na Ca Ce^3+ Sr La C O,Na Ca Ce^3+ Sr La C O,Na Ca Ce Sr La C O,Na Ca Ce^3+ Sr La C O,valid,,,
Calciocatapleiite,CaZr^4+^Si_3_O_9_·H_2_O,Ca Zr^4+ Si O H,Ca Zr^4+ Si O H,Ca Zr Si O H,Ca Zr^4+ Si O H,valid,,,
Calciocopiapite,CaFe^3+^_4_(S^6+^O_4_)_6_(OH)_2_·20H_2_O,Ca Fe^3+ S^6+ O H,Ca Fe^3+ S^6+ O H,Ca Fe S O H,Ca Fe^3+ S^6+ O H,valid,,,
Calciodelrioite,Ca(V^5+^O_3_)_2_·4H_2_O,Ca V^5+ O H,Ca V^5+ O H,Ca V O H,Ca V^5+ O H,valid,,,
Calcioferrite,Ca_4_MgFe^3+^_4_(PO_4_)_6_(OH)_4_·12H_2_O,Ca Mg Fe^3+ P O H,Ca Mg Fe^3+ P O H,Ca Mg Fe P O H,Ca Mg Fe^3+ P O H,valid,,,
Calciohatertite,NaNaCa(CaFe^3+^)(As^5+^O_4_)_3_,Na Ca Fe^3+ As^5+ O,Na Ca Fe^3+ As^5+ O,Na Ca Fe As O,Na Ca Fe^3+ As^5+ O,valid,,,
Calciohilairite,CaZr^4+^Si_3_O_9_·3H_2_O,Ca Zr^4+ Si O H,Ca Zr^4+ Si O H,Ca Zr Si O H,Ca Zr^4+ Si O H,valid,,,
Calciojohillerite,NaCaMgMg_2_(As^5+^O_4_)_3_,Na Ca Mg As^5+ O,Na Ca Mg As^5+ O,Na Ca Mg As O,Na Ca Mg As^5+ O,valid,,,
Calciolangbeinite,K_2_Ca_2_(S^6+^O_4_)_3_,K Ca S^6+ O,K Ca S^6+ O,K Ca S O,K Ca S^6+ O,valid,,,
Calciomurmanite,(Ca[box])Ti^4+^_2_(Na[box])Ti^4+^_2_(Si_2_O_7_)_2_O_2_(OH)_2_(H_2_O)_4_,Ca Ti^4+ Na Si O H,Ca Ti^4+ Na Si O H,Ca Ti Na Si O H,Ca Ti^4+ Na Si O H,valid,,,
Calcio-olivine,Ca_2_SiO_4_,Ca Si O,Ca Si O,Ca Si O,Ca Si O,valid,,,
Calciopetersite,Cu^2+^_6_Ca(PO_4_)_2_(PO_3_OH)(OH)_6_·3H_2_O,Cu^2+ Ca P O H,Cu^2+ Ca P O H,Cu Ca P O H,Cu^2+ Ca P O H,valid,,,
Calciopharmacoalumite,Ca_0.5_Al_4_(As^5+^O_4_)_3_(OH)_4_·5H_2_O,Ca Al As^5+ O H,Ca Al As^5+ O H,Ca Al As O H,Ca Al As^5+ O H,valid,,,
Calciosamarskite,"(Ca,Fe^3+^,Fe^2+^,Y)(Nb^5+^Ta^5+^,Ti^4+^)O_4_",Ca Fe^3+ Fe^2+ Y Nb^5+ Ta^5+ Ti^4+ O,Ca Fe^3+ Fe^2+ Y Nb^5+ Ta^5+ Ti^4+ O,Ca Fe Y Nb Ta Ti O,Ca Fe^3+ Fe^2+ Y Nb^5+ Ta^5+ Ti^4+ O,valid,,,
Calciotantite,CaTa^5+^_4_O_11_,Ca Ta^5+ O,Ca Ta^5+ O,Ca Ta O,Ca Ta^5+ O,valid,,,
Calciouranoite,"(Ca,Ba,Pb^2+^,K,Na)U^6+^_2_O_7_·5H_2_O",Ca Ba Pb^2+ K Na U^6+ O H,Ca Ba Pb^2+ K Na U^6+ O H,Ca Ba Pb K Na U O H,Ca Ba Pb^2+ K Na U^6+ O H,valid,,,
Calcioursilite,Ca_4_(U^6+^O_2_)_4_(Si_2_O_5_)_5_(OH)_6_·15H_2_O,Ca U^6+ O Si H,Ca U^6+ O Si H,Ca U O Si H,Ca U^6+ O Si H,valid,,,
Calcioveatchite,SrCaB_11_O_16_(OH)_5_·H_2_O,Sr Ca B O H,Sr Ca B O H,Sr Ca B O H,Sr Ca B O H,valid,,,
Calcite,CaCO_3_,Ca C O,Ca C O,Ca C O,Ca C O,valid,,,
Calcjarlite,"Na_2_(Ca,[box])_14_(Mg,[box])_2_Al_12_F_64_(OH)_4_",Na Ca Mg Al F O H,Na Ca Mg Al F O H,Na Ca Mg Al F O H,Na Ca Mg Al F O H,valid,,,
Calclacite,Ca(CH_3_COO)^1-^Cl·5H_2_O,Ca C H O Cl,Ca C H O Cl,Ca C H O Cl,Ca C H O Cl,valid,,,
Calcurmolite,(Ca_1-x_Na_x_)_2_(U^6+^O_2_)_3_(Mo^6+^O_4_)_2_(OH)_6-x_·nH_2_O,Ca Na U^6+ O Mo^6+ H,Ca Na U^6+ O Mo^6+ H,Ca Na U O Mo H,Ca Na U^6+ O Mo^6+ H,valid,,,
Calcybeborosilite-(Y),"(Y,REE,Ca)_2_(B,Be)_2_(SiO_4_)_2_(OH,O)_2_",Y REE Ca B Be Si O H,Y REE Ca B Be Si O H,Y REE Ca B Be Si O H,Y REE Ca B Be Si O H,valid,,,
Calderite,Mn^2+^_3_Fe^3+^_2_(SiO_4_)_3_,Mn^2+ Fe^3+ Si O,Mn^2+ Fe^3+ Si O,Mn Fe Si O,Mn^2+ Fe^3+ Si O,valid,,,
Calderónite,Pb^2+^_2_Fe^3+^(V^5+^O_4_)_2_(OH),Pb^2+ Fe^3+ V^5+ O H,Pb^2+ Fe^3+ V^5+ O H,Pb Fe V O H,Pb^2+ Fe^3+ V^5+ O H,valid,,,
Caledonite,Cu^2+^_2_Pb^2+^_5_(S^6+^O_4_)_3_(CO_3_)(OH)_6_,Cu^2+ Pb^2+ S^6+ O C H,Cu^2+ Pb^2+ S^6+ O C H,Cu Pb S O C H,Cu^2+ Pb^2+ S^6+ O C H,valid,,,
Calkinsite-(Ce),Ce^3+^_2_(CO_3_)_3_·4H_2_O,Ce^3+ C O H,Ce^3+ C O H,Ce C O H,Ce^3+ C O H,valid,,,
Callaghanite,Cu^2+^_2_Mg_2_CO_3_(OH)_6_·2H_2_O,Cu^2+ Mg C O H,Cu^2+ Mg C O H,Cu Mg C O H,Cu^2+ Mg C O H,valid,,,
Calomel,HgCl,Hg Cl,Hg Cl,Hg Cl,Hg Cl,valid,,,
Calumetite,CaCu^2+^_4_(OH)_8_Cl_2_·3.5H_2_O,Ca Cu^2+ O H Cl,Ca Cu^2+ O H Cl,Ca Cu O H Cl,Ca Cu^2+ O H Cl,valid,,,
Calvertite,Cu_5_Ge_0.5_S_4_,Cu Ge S,Cu Ge S,Cu Ge S,Cu Ge S,valid,,,
Calzirtite,Ca_2_Zr^4+^_5_Ti^4+^_2_O_16_,Ca Zr^4+ Ti^4+ O,Ca Zr^4+ Ti^4+ O,Ca Zr Ti O,Ca Zr^4+ Ti^4+ O,valid,,,
Camanchacaite,Na[box]CaMg_2_(As^5+^O_4_)_2_[As^5+^O_2_(OH)_2_],Na Ca Mg As^5+ O H,Na Ca Mg As^5+ O H,Na Ca Mg As O H,Na Ca Mg As^5+ O H,valid,,,
Cámaraite,NaBa_3_Fe^2+^_8_Ti^4+^_4_(Si_2_O_7_)_4_O_4_(OH)_4_F_3_,Na Ba Fe^2+ Ti^4+ Si O H F,Na Ba Fe^2+ Ti^4+ Si O H F,Na Ba Fe Ti Si O H F,Na Ba Fe^2+ Ti^4+ Si O H F,valid,,,
Camaronesite,Fe^3+^_2_(PO_3_OH)_2_(S^6+^O_4_)(H_2_O)_4_·1-2H_2_O,Fe^3+ P O H S^6+,Fe^3+ P O H S^6+,Fe P O H S,Fe^3+ P O H S^6+,valid,,,
Camérolaite,Cu^2+^_6_Al_3_(OH)_18_(H_2_O)_2_[Sb^5+^(OH)_6_](S^6+^O_4_),Cu^2+ Al O H Sb^5+ S^6+,Cu^2+ Al O H Sb^5+ S^6+,Cu Al O H Sb S,Cu^2+ Al O H Sb^5+ S^6+,valid,,,
Cameronite,"Cu_5-x_(Cu,Ag)_3+x_Te_10_ (x = 0.43)",Cu Ag Te,Cu Ag Te,Cu Ag Te,Cu Ag Te,valid,,,
Camgasite,CaMgAs^5+^O_4_(OH)·5H_2_O,Ca Mg As^5+ O H,Ca Mg As^5+ O H,Ca Mg As O H,Ca Mg As^5+ O H,valid,,,
Caminite,Mg_7_(S^6+^O_4_)_5_(OH)_4_·H_2_O,Mg S^6+ O H,Mg S^6+ O H,Mg S O H,Mg S^6+ O H,valid,,,
Campigliaite,Cu^2+^_4_Mn^2+^(S^6+^O_4_)_2_(OH)_6_·4H_2_O,Cu^2+ Mn^2+ S^6+ O H,Cu^2+ Mn^2+ S^6+ O H,Cu Mn S O H,Cu^2+ Mn^2+ S^6+ O H,valid,,,
Campostriniite,(Bi^3+^_2.5_Na_0.5_)(N^3-^H_4_)_2_Na_2_(S^6+^O_4_)_6_·H_2_O,Bi^3+ Na N^3- H S^6+ O,Bi^3+ Na N^3- H S^6+ O,Bi Na N H S O,Bi^3+ Na N^3- H S^6+ O,valid,,,
Canaphite,Na_2_CaP_2_O_7_·4H_2_O,Na Ca P O H,Na Ca P O H,Na Ca P O H,Na Ca P O H,valid,,,
Canasite,K_3_Na_3_Ca_5_Si_12_O_30_(OH)_4_,K Na Ca Si O H,K Na Ca Si O H,K Na Ca Si O H,K Na Ca Si O H,valid,,,
Canavesite,Mg_2_(HBO_3_)(CO_3_)·5H_2_O,Mg H B O C,Mg H B O C,Mg H B O C,Mg H B O C,valid,,,
Cancrinite,"(Na,Ca,[box])_8_(Al_6_Si_6_)O_24_(CO_3_,S^6+^O_4_)_2_·2H_2_O",Na Ca Al Si O C S^6+ H,Na Ca Al Si O C S^6+ H,Na Ca Al Si O C S H,Na Ca Al Si O C S^6+ H,valid,,,
Cancrisilite,Na_7_(Si_7_Al_5_)O_24_(CO_3_)·3H_2_O,Na Si Al O C H,Na Si Al O C H,Na Si Al O C H,Na Si Al O C H,valid,,,
Canfieldite,Ag^1+^_8_Sn^4+^S^2-^_6_,Ag^1+ Sn^4+ S^2-,Ag^1+ Sn^4+ S^2-,Ag Sn S,Ag^1+ Sn^4+ S^2-,valid,,,
Cannizzarite,Pb^2+^_8_Bi^3+^_10_S^2-^_23_,Pb^2+ Bi^3+ S^2-,Pb^2+ Bi^3+ S^2-,Pb Bi S,Pb^2+ Bi^3+ S^2-,valid,,,
Cannonite,Bi^3+^_2_O(S^6+^O_4_)(OH)_2_,Bi^3+ O S^6+ H,Bi^3+ O S^6+ H,Bi O S H,Bi^3+ O S^6+ H,valid,,,
Canosioite,Ba_2_Fe^3+^(As^5+^O_4_)_2_(OH),Ba Fe^3+ As^5+ O H,Ba Fe^3+ As^5+ O H,Ba Fe As O H,Ba Fe^3+ As^5+ O H,valid,,,
Canutite,Na[box]Mn^2+^Mn^2+^_2_(As^5+^O_4_)[As^5+^O_3_(OH)]_2_,Na Mn^2+ As^5+ O H,Na Mn^2+ As^5+ O H,Na Mn As O H,Na Mn^2+ As^5+ O H,valid,,,
Caoxite,Ca(C_2_)^6+^O_4_·3H_2_O,Ca C O H,Ca C O H,Ca C O H,Ca C O H,valid,,,
Capgaronnite,AgHgClS,Ag Hg Cl S,Ag Hg Cl S,Ag Hg Cl S,Ag Hg Cl S,valid,,,
Cappelenite-(Y),BaY_6_B_6_Si_3_O_24_F_2_,Ba Y B Si O F,Ba Y B Si O F,Ba Y B Si O F,Ba Y B Si O F,valid,,,
Capranicaite,KCaNaAl_4_B_4_Si_2_O_18_,K Ca Na Al B Si O,K Ca Na Al B Si O,K Ca Na Al B Si O,K Ca Na Al B Si O,valid,,,
Caracolite,Na_2_(Pb^2+^_2_Na)(S^6+^O_4_)_3_Cl,Na Pb^2+ S^6+ O Cl,Na Pb^2+ S^6+ O Cl,Na Pb S O Cl,Na Pb^2+ S^6+ O Cl,valid,,,
Carboborite,Ca_2_Mg[B(OH)_4_]_2_(CO_3_)_2_·4H_2_O,Ca Mg B O H C,Ca Mg B O H C,Ca Mg B O H C,Ca Mg B O H C,valid,,,
Carbobystrite,Na_8_(Al_6_Si_6_O_24_)(CO_3_)·4H_2_O,Na Al Si O C H,Na Al Si O C H,Na Al Si O C H,Na Al Si O C H,valid,,,
Carbocalumite,Ca_4_Al_2_(OH)_12_(CO_3_)·6H_2_O,Ca Al O H C,Ca Al O H C,Ca Al O H C,Ca Al O H C,valid,,,
Carbocernaite,SrCa(CO_3_)_2_,Sr Ca C O,Sr Ca C O,Sr Ca C O,Sr Ca C O,valid,,,
Carboferriphoxite,[(N^3-^H_4_)K(H_2_CO_3_)][Fe^3+^(HPO_4_)(H_2_PO_4_)((C_2_)^6+^O_4_)],N^3- H K C O Fe^3+ P,N^3- H K C O Fe^3+ P,N H K C O Fe P,N^3- H K C O Fe^3+ P,valid,,,
Carboirite,Fe^2+^Al_2_GeO_5_(OH)_2_,Fe^2+ Al Ge O H,Fe^2+ Al Ge O H,Fe Al Ge O H,Fe^2+ Al Ge O H,valid,,,
Carbokentbrooksite,"(Na,[box])_12_(Na,Ce^3+^)_3_Ca_6_Mn^2+^_3_Zr^4+^_3_Nb^5+^Si_25_O_73_(OH)_3_(CO_3_)·H_2_O",Na Ce^3+ Ca Mn^2+ Zr^4+ Nb^5+ Si O H C,Na Ce^3+ Ca Mn^2+ Zr^4+ Nb^5+ Si O H C,Na Ce Ca Mn Zr Nb Si O H C,Na Ce^3+ Ca Mn^2+ Zr^4+ Nb^5+ Si O H C,valid,,,
Carbonatecyanotrichite,Cu^2+^_4_Al_2_CO_3_(OH)_12_·2H_2_O,Cu^2+ Al C O H,Cu^2+ Al C O H,Cu Al C O H,Cu^2+ Al C O H,valid,,,
Cardite,Zn^2+^_5.5_(As^5+^O_4_)_2_(As^5+^O_3_OH)(OH)_3_·3H_2_O,Zn^2+ As^5+ O H,Zn^2+ As^5+ O H,Zn As O H,Zn^2+ As^5+ O H,valid,,,
Carducciite,"(Ag^1+^Sb^3+^)Pb^2+^_6_(As^3+^,Sb^3+^)_8_S^2-^_20_",Ag^1+ Sb^3+ Pb^2+ As^3+ S^2-,Ag^1+ Sb^3+ Pb^2+ As^3+ S^2-,Ag Sb Pb As S,Ag^1+ Sb^3+ Pb^2+ As^3+ S^2-,valid,,,
Caresite,Fe^2+^_4_Al_2_(OH)_12_CO_3_·3H_2_O,Fe^2+ Al O H C,Fe^2+ Al O H C,Fe Al O H C,Fe^2+ Al O H C,valid,,,
Carletonite,"KNa_4_Ca_4_Si_8_O_18_(CO_3_)_4_(F,OH)·H_2_O",K Na Ca Si O C F H,K Na Ca Si O C F H,K Na Ca Si O C F H,K Na Ca Si O C F H,valid,,,
Carletonmooreite,Ni_3_Si,Ni Si,Ni Si,Ni Si,Ni Si,valid,,,
Carlfrancisite,"Mn^2+^_3_(Mn^2+^,Mg,Fe^3+^,Al)_42_[As^3+^O_3_]_2_(As^5+^O_4_)_4_[(Si,As^5+^)O_4_]_6_[(As^5+^,Si)O_4_]_2_(OH)_42_",Mn^2+ Mg Fe^3+ Al As^3+ O As^5+ Si H,Mn^2+ Mg Fe^3+ Al As^3+ O As^5+ Si H,Mn Mg Fe Al As O Si H,Mn^2+ Mg Fe^3+ Al As^3+ O As^5+ Si H,valid,,,
Carlfriesite,CaTe^4+^_2_Te^6+^O_8_,Ca Te^4+ Te^6+ O,Ca Te^4+ Te^6+ O,Ca Te O,Ca Te^4+ Te^6+ O,valid,,,
Carlgieseckeite-(Nd),NaNdCa_3_(PO_4_)_3_F,Na Nd Ca P O F,Na Nd Ca P O F,Na Nd Ca P O F,Na Nd Ca P O F,valid,,,
Carlhintzeite,Ca_2_AlF_7_·H_2_O,Ca Al F H O,Ca Al F H O,Ca Al F H O,Ca Al F H O,valid,,,
Carlinite,Tl^1+^_2_S^2-^,Tl^1+ S^2-,Tl^1+ S^2-,Tl S,Tl^1+ S^2-,valid,,,
Carlosbarbosaite,(U^6+^O_2_)_2_Nb^5+^_2_O_6_(OH)_2_·2H_2_O,U^6+ O Nb^5+ H,U^6+ O Nb^5+ H,U O Nb H,U^6+ O Nb^5+ H,valid,,,
Carlosruizite,K_3_Na_2_Na_3_Mg_5_(I^5+^O_3_)_6_(Se^6+^O_4_)_6_·6H_2_O,K Na Mg I^5+ O Se^6+ H,K Na Mg I^5+ O Se^6+ H,K Na Mg I O Se H,K Na Mg I^5+ O Se^6+ H,valid,,,
Carlosturanite,"(Mg,Fe^2+^,Ti^4+^)_21_(Si,Al)_12_O_28_(OH)_34_·H_2_O",Mg Fe^2+ Ti^4+ Si Al O H,Mg Fe^2+ Ti^4+ Si Al O H,Mg Fe Ti Si Al O H,Mg Fe^2+ Ti^4+ Si Al O H,valid,,,
Carlsbergite,Cr^3+^N^3-^,Cr^3+ N^3-,Cr^3+ N^3-,Cr N,Cr^3+ N^3-,valid,,,
Carlsonite,(N^3-^H_4_)_5_Fe^3+^_3_O(S^6+^O_4_)_6_·7H_2_O,N^3- H Fe^3+ O S^6+,N^3- H Fe^3+ O S^6+,N H Fe O S,N^3- H Fe^3+ O S^6+,valid,,,
Carmeltazite,Zr^4+^Al_2_Ti^3+^_4_O_11_,Zr^4+ Al Ti^3+ O,Zr^4+ Al Ti^3+ O,Zr Al Ti O,Zr^4+ Al Ti^3+ O,valid,,,
Carmichaelite,"(Ti^4+^,Cr^3+^,Fe^3+^)(O,OH)_2_",Ti^4+ Cr^3+ Fe^3+ O H,Ti^4+ Cr^3+ Fe^3+ O H,Ti Cr Fe O H,Ti^4+ Cr^3+ Fe^3+ O H,valid,,,
Carminite,Pb^2+^Fe^3+^_2_(As^5+^O_4_)_2_(OH)_2_,Pb^2+ Fe^3+ As^5+ O H,Pb^2+ Fe^3+ As^5+ O H,Pb Fe As O H,Pb^2+ Fe^3+ As^5+ O H,valid,,,
Carnallite,KMgCl_3_·6H_2_O,K Mg Cl H O,K Mg Cl H O,K Mg Cl H O,K Mg Cl H O,valid,,,
Carnotite,K_2_(U^6+^O_2_)_2_(V^5+^O_4_)_2_·3H_2_O,K U^6+ O V^5+ H,K U^6+ O V^5+ H,K U O V H,K U^6+ O V^5+ H,valid,,,
Carobbiite,KF,K F,K F,K F,K F,valid,,,
Carpathite,C_24_H_12_,C H,C H,C H,C H,valid,,,
Carpholite,Mn^2+^Al_2_Si_2_O_6_(OH)_4_,Mn^2+ Al Si O H,Mn^2+ Al Si O H,Mn Al Si O H,Mn^2+ Al Si O H,valid,,,
Carraraite,Ca_3_Ge(S^6+^O_4_)(CO_3_)(OH)_6_·12H_2_O,Ca Ge S^6+ O C H,Ca Ge S^6+ O C H,Ca Ge S O C H,Ca Ge S^6+ O C H,valid,,,
Carrboydite,Ni^2+^_14_Al_9_(S^6+^O_4_)_6_(OH)_43_·7H_2_O,Ni^2+ Al S^6+ O H,Ni^2+ Al S^6+ O H,Ni Al S O H,Ni^2+ Al S^6+ O H,valid,,,
Carrollite,Cu^1+^Co^3+^_2_S_4_,Cu^1+ Co^3+ S,Cu^1+ Co^3+ S,Cu Co S,Cu^1+ Co^3+ S,valid,,,
Caryinite,NaCaCaMn^2+^_2_(As^5+^O_4_)_3_,Na Ca Mn^2+ As^5+ O,Na Ca Mn^2+ As^5+ O,Na Ca Mn As O,Na Ca Mn^2+ As^5+ O,valid,,,
Caryochroite,"(Na,Sr)_3_(Fe^3+^,Mg)_10_Ti^4+^_2_Si_12_O_37_(H_2_O,O,OH)_17_",Na Sr Fe^3+ Mg Ti^4+ Si O H,Na Sr Fe^3+ Mg Ti^4+ Si O H,Na Sr Fe Mg Ti Si O H,Na Sr Fe^3+ Mg Ti^4+ Si O H,valid,,,
Caryopilite,Mn^2+^_3_Si_2_O_5_(OH)_4_,Mn^2+ Si O H,Mn^2+ Si O H,Mn Si O H,Mn^2+ Si O H,valid,,,
Cascandite,CaScSi_3_O_8_(OH),Ca Sc Si O H,Ca Sc Si O H,Ca Sc Si O H,Ca Sc Si O H,valid,,,
Caseyite,[(V^5+^O_2_)Al_7.5_(OH)_15_(H_2_O)_13_]_2_[H_2_V^4+^V^5+^_9_O_28_][V^5+^_10_O_28_]_2_·90H_2_O,V^5+ O Al H V^4+,V^5+ O Al H V^4+,V O Al H,V^5+ O Al H V^4+,valid,,,
Cassagnaite,Ca_4_Fe^3+^_4_V^3+^_2_(OH)_6_O_2_(Si_3_O_10_)(SiO_4_)_2_,Ca Fe^3+ V^3+ O H Si,Ca Fe^3+ V^3+ O H Si,Ca Fe V O H Si,Ca Fe^3+ V^3+ O H Si,valid,,,
Cassedanneite,Pb^2+^_5_(V^5+^O_4_)_2_(Cr^6+^O_4_)_2_·H_2_O,Pb^2+ V^5+ O Cr^6+ H,Pb^2+ V^5+ O Cr^6+ H,Pb V O Cr H,Pb^2+ V^5+ O Cr^6+ H,valid,,,
Cassidyite,Ca_2_Ni^2+^(PO_4_)_2_·2H_2_O,Ca Ni^2+ P O H,Ca Ni^2+ P O H,Ca Ni P O H,Ca Ni^2+ P O H,valid,,,
Cassiterite,Sn^4+^O_2_,Sn^4+ O,Sn^4+ O,Sn O,Sn^4+ O,valid,,,
Castellaroite,Mn^2+^_3_(As^5+^O_4_)_2_·4.5H_2_O,Mn^2+ As^5+ O H,Mn^2+ As^5+ O H,Mn As O H,Mn^2+ As^5+ O H,valid,,,
Caswellsilverite,NaCr^3+^S^2-^_2_,Na Cr^3+ S^2-,Na Cr^3+ S^2-,Na Cr S,Na Cr^3+ S^2-,valid,,,
Catalanoite,Na_2_HPO_4_·8H_2_O,Na H P O,Na H P O,Na H P O,Na H P O,valid,,,
Catamarcaite,Cu_6_GeWS_8_,Cu Ge W S,Cu Ge W S,Cu Ge W S,Cu Ge W S,valid,,,
Catapleiite,Na_2_Zr^4+^Si_3_O_9_·2H_2_O,Na Zr^4+ Si O H,Na Zr^4+ Si O H,Na Zr Si O H,Na Zr^4+ Si O H,valid,,,
Cattierite,Co^2+^(S_2_)^2-^,Co^2+ S,Co^2+ S,Co S,Co^2+ S,valid,,,
Cattiite,Mg_3_(PO_4_)_2_·22H_2_O,Mg P O H,Mg P O H,Mg P O H,Mg P O H,valid,,,
Cavansite,CaV^4+^OSi_4_O_10_·4H_2_O,Ca V^4+ O Si H,Ca V^4+ O Si H,Ca V O Si H,Ca V^4+ O Si H,valid,,,
Cavoite,CaV^4+^_3_O_7_,Ca V^4+ O,Ca V^4+ O,Ca V O,Ca V^4+ O,valid,,,
Cayalsite-(Y),CaY_6_Al_2_Si_4_O_18_F_6_,Ca Y Al Si O F,Ca Y Al Si O F,Ca Y Al Si O F,Ca Y Al Si O F,valid,,,
Caysichite-(Y),"(Ca,Yb,Er)_4_Y_4_Si_8_O_20_(CO_3_)_6_(OH)·7H_2_O",Ca Yb Er Y Si O C H,Ca Yb Er Y Si O C H,Ca Yb Er Y Si O C H,Ca Yb Er Y Si O C H,valid,,,
Cebaite-(Ce),Ba_3_Ce^3+^_2_(CO_3_)_5_F_2_,Ba Ce^3+ C O F,Ba Ce^3+ C O F,Ba Ce C O F,Ba Ce^3+ C O F,valid,,,
Cebollite,Ca_5_Al_2_(SiO_4_)_3_(OH)_4_,Ca Al Si O H,Ca Al Si O H,Ca Al Si O H,Ca Al Si O H,valid,,,
Čechite,Pb^2+^Fe^2+^V^5+^O_4_(OH),Pb^2+ Fe^2+ V^5+ O H,Pb^2+ Fe^2+ V^5+ O H,Pb Fe V O H,Pb^2+ Fe^2+ V^5+ O H,valid,,,
Čejkaite,Na_4_U^6+^O_2_(CO_3_)_3_,Na U^6+ O C,Na U^6+ O C,Na U O C,Na U^6+ O C,valid,,,
Celadonite,KMgFe^3+^Si_4_O_10_(OH)_2_,K Mg Fe^3+ Si O H,K Mg Fe^3+ Si O H,K Mg Fe Si O H,K Mg Fe^3+ Si O H,valid,,,
Celestine,SrS^6+^O_4_,Sr S^6+ O,Sr S^6+ O,Sr S O,Sr S^6+ O,valid,,,
Celleriite,[box](Mn^2+^_2_Al)Al_6_(Si_6_O_18_)(BO_3_)_3_(OH)_3_(OH),Mn^2+ Al Si O B H,Mn^2+ Al Si O B H,Mn Al Si O B H,Mn^2+ Al Si O B H,valid,,,
Celsian,BaAl_2_Si_2_O_8_,Ba Al Si O,Ba Al Si O,Ba Al Si O,Ba Al Si O,valid,,,
Centennialite,CaCu^2+^_3_Cl_2_(OH)_6_·nH_2_O (n ~ 0.7),Ca Cu^2+ Cl O H,Ca Cu^2+ Cl O H,Ca Cu Cl O H,Ca Cu^2+ Cl O H,valid,,,
Cerchiaraite-(Al),Ba_4_Al_4_(Si_4_O_12_)O_2_(OH)_4_Cl_2_[Si_2_O_3_(OH)_4_],Ba Al Si O H Cl,Ba Al Si O H Cl,Ba Al Si O H Cl,Ba Al Si O H Cl,valid,,,
Cerchiaraite-(Fe),Ba_4_Fe^3+^_4_(Si_4_O_12_)O_2_(OH)_4_Cl_2_[Si_2_O_3_(OH)_4_],Ba Fe^3+ Si O H Cl,Ba Fe^3+ Si O H Cl,Ba Fe Si O H Cl,Ba Fe^3+ Si O H Cl,valid,,,
Cerchiaraite-(Mn),Ba_4_Mn^3+^_4_(Si_4_O_12_)O_2_(OH)_4_Cl_2_[Si_2_O_3_(OH)_4_],Ba Mn^3+ Si O H Cl,Ba Mn^3+ Si O H Cl,Ba Mn Si O H Cl,Ba Mn^3+ Si O H Cl,valid,,,
Cerianite-(Ce),Ce^4+^O_2_,Ce^4+ O,Ce^4+ O,Ce O,Ce^4+ O,valid,,,
Cerite-(CeCa),(Ce^3+^_7_Ca_2_)[box]Mg(SiO_4_)_3_(SiO_3_OH)_4_(OH)_3_,Ce^3+ Ca Mg Si O H,Ce^3+ Ca Mg Si O H,Ce Ca Mg Si O H,Ce^3+ Ca Mg Si O H,valid,,,
Cerium,Ce,Ce,Ce,Ce,Ce,valid,,,
Černýite,Cu^1+^_2_Cd^2+^Sn^4+^S^2-^_4_,Cu^1+ Cd^2+ Sn^4+ S^2-,Cu^1+ Cd^2+ Sn^4+ S^2-,Cu Cd Sn S,Cu^1+ Cd^2+ Sn^4+ S^2-,valid,,,
Cerromojonite,Cu^1+^Pb^2+^Bi^3+^Se^2-^_3_,Cu^1+ Pb^2+ Bi^3+ Se^2-,Cu^1+ Pb^2+ Bi^3+ Se^2-,Cu Pb Bi Se,Cu^1+ Pb^2+ Bi^3+ Se^2-,valid,,,
Ceruleite,Cu^2+^Al_4_(As^5+^O_4_)_2_(OH)_8_(H_2_O)_4_,Cu^2+ Al As^5+ O H,Cu^2+ Al As^5+ O H,Cu Al As O H,Cu^2+ Al As^5+ O H,valid,,,
Cerussite,Pb^2+^CO_3_,Pb^2+ C O,Pb^2+ C O,Pb C O,Pb^2+ C O,valid,,,
Cervandonite-(Ce),"(Ce^3+^,Nd,La^3+^)(Fe^3+^,Ti^4+^,Fe^2+^,Al)_3_O_2_(Si_2_O_7_)_0.8_(As^3+^O_3_)_1.2_(OH)_0.6_",Ce^3+ Nd La^3+ Fe^3+ Ti^4+ Fe^2+ Al O Si As^3+ H,Ce^3+ Nd La^3+ Fe^3+ Ti^4+ Fe^2+ Al O Si As^3+ H,Ce Nd La Fe Ti Al O Si As H,Ce^3+ Nd La^3+ Fe^3+ Ti^4+ Fe^2+ Al O Si As^3+ H,valid,,,
Cervantite,Sb^3+^Sb^5+^O_4_,Sb^3+ Sb^5+ O,Sb^3+ Sb^5+ O,Sb O,Sb^3+ Sb^5+ O,valid,,,
Cervelleite,Ag_4_TeS,Ag Te S,Ag Te S,Ag Te S,Ag Te S,valid,,,
Cesanite,Ca_2_Na_3_(S^6+^O_4_)_3_OH,Ca Na S^6+ O H,Ca Na S^6+ O H,Ca Na S O H,Ca Na S^6+ O H,valid,,,
Césarferreiraite,Fe^2+^Fe^3+^_2_(As^5+^O_4_)_2_(OH)_2_·8H_2_O,Fe^2+ Fe^3+ As^5+ O H,Fe^2+ Fe^3+ As^5+ O H,Fe As O H,Fe^2+ Fe^3+ As^5+ O H,valid,,,
Cesàrolite,Pb^2+^Mn^4+^_3_O_6_(OH)_2_,Pb^2+ Mn^4+ O H,Pb^2+ Mn^4+ O H,Pb Mn O H,Pb^2+ Mn^4+ O H,valid,,,
Cesbronite,Cu^2+^_3_Te^6+^O_4_(OH)_4_,Cu^2+ Te^6+ O H,Cu^2+ Te^6+ O H,Cu Te O H,Cu^2+ Te^6+ O H,valid,,,
Cesiodymite,CsKCu^2+^_5_O(S^6+^O_4_)_5_,Cs K Cu^2+ O S^6+,Cs K Cu^2+ O S^6+,Cs K Cu O S,Cs K Cu^2+ O S^6+,valid,,,
Cesiokenopyrochlore,"[box]Nb^5+^_2_(O,OH)_6_Cs_1-x_",Nb^5+ O H Cs,Nb^5+ O H Cs,Nb O H Cs,Nb^5+ O H Cs,valid,,,
Cesplumtantite,Cs_2_Pb^2+^_3_Ta^5+^_8_O_24_,Cs Pb^2+ Ta^5+ O,Cs Pb^2+ Ta^5+ O,Cs Pb Ta O,Cs Pb^2+ Ta^5+ O,valid,,,
Cetineite,NaK_5_Sb^3+^_14_S^2-^_6_O_18_·6H_2_O,Na K Sb^3+ S^2- O H,Na K Sb^3+ S^2- O H,Na K Sb S O H,Na K Sb^3+ S^2- O H,valid,,,
Chabazite-Ca,Ca_2_Al_4_Si_8_O_24_·13H_2_O,Ca Al Si O H,Ca Al Si O H,Ca Al Si O H,Ca Al Si O H,valid,,,
Chabazite-K,(K_2_NaCa_0.5_)Al_4_Si_8_O_24_·11H_2_O,K Na Ca Al Si O H,K Na Ca Al Si O H,K Na Ca Al Si O H,K Na Ca Al Si O H,valid,,,
Chabazite-Mg,(Mg_0.7_K_0.5_Ca_0.5_Na_0.1_)Al_3_Si_9_O_24_·10H_2_O,Mg K Ca Na Al Si O H,Mg K Ca Na Al Si O H,Mg K Ca Na Al Si O H,Mg K Ca Na Al Si O H,valid,,,
Chabazite-Na,(Na_3_K)Al_4_Si_8_O_24_·11H_2_O,Na K Al Si O H,Na K Al Si O H,Na K Al Si O H,Na K Al Si O H,valid,,,
Chabazite-Sr,"(Sr,Ca)_2_Al_4_Si_8_O_24_·11H_2_O",Sr Ca Al Si O H,Sr Ca Al Si O H,Sr Ca Al Si O H,Sr Ca Al Si O H,valid,,,
Chabournéite,"Ag^1+^_z_Tl^1+^_8-x-z_Pb^2+^_4+2x_Sb^3+^_40-x-y_As^3+^_y_S^2-^_68_ (0.00 ≤ x ≤ 0.40, 16.15 ≤ y ≤ 19.11, 0.04 ≤ z ≤ 0.11)",Ag^1+ Tl^1+ Pb^2+ Sb^3+ As^3+ S^2-,Ag^1+ Tl^1+ Pb^2+ Sb^3+ As^3+ S^2-,Ag Tl Pb Sb As S,Ag^1+ Tl^1+ Pb^2+ Sb^3+ As^3+ S^2-,valid,,,
Chadwickite,U^6+^O_2_HAs^3+^O_3_,U^6+ O H As^3+,U^6+ O H As^3+,U O H As,U^6+ O H As^3+,valid,,,
Chaidamuite,Zn^2+^Fe^3+^(S^6+^O_4_)_2_(OH)·4H_2_O,Zn^2+ Fe^3+ S^6+ O H,Zn^2+ Fe^3+ S^6+ O H,Zn Fe S O H,Zn^2+ Fe^3+ S^6+ O H,valid,,,
Chalcanthite,Cu^2+^S^6+^O_4_·5H_2_O,Cu^2+ S^6+ O H,Cu^2+ S^6+ O H,Cu S O H,Cu^2+ S^6+ O H,valid,,,
Chalcoalumite,Cu^2+^Al_4_S^6+^O_4_(OH)_12_·3H_2_O,Cu^2+ Al S^6+ O H,Cu^2+ Al S^6+ O H,Cu Al S O H,Cu^2+ Al S^6+ O H,valid,,,
Chalcocite,Cu^1+^_2_S^2-^,Cu^1+ S^2-,Cu^1+ S^2-,Cu S,Cu^1+ S^2-,valid,,,
Chalcocyanite,Cu^2+^S^6+^O_4_,Cu^2+ S^6+ O,Cu^2+ S^6+ O,Cu S O,Cu^2+ S^6+ O,valid,,,
Chalcomenite,Cu^2+^Se^4+^O_3_·2H_2_O,Cu^2+ Se^4+ O H,Cu^2+ Se^4+ O H,Cu Se O H,Cu^2+ Se^4+ O H,valid,,,
Chalconatronite,Na_2_Cu^2+^(CO_3_)_2_·3H_2_O,Na Cu^2+ C O H,Na Cu^2+ C O H,Na Cu C O H,Na Cu^2+ C O H,valid,,,
Chalcophanite,Zn^2+^Mn^4+^_3_O_7_·3H_2_O,Zn^2+ Mn^4+ O H,Zn^2+ Mn^4+ O H,Zn Mn O H,Zn^2+ Mn^4+ O H,valid,,,
Chalcophyllite,Cu^2+^_18_Al_2_(As^5+^O_4_)_4_(S^6+^O_4_)_3_(OH)_24_·36H_2_O,Cu^2+ Al As^5+ O S^6+ H,Cu^2+ Al As^5+ O S^6+ H,Cu Al As O S H,Cu^2+ Al As^5+ O S^6+ H,valid,,,
Chalcopyrite,Cu^1+^Fe^3+^S^2-^_2_,Cu^1+ Fe^3+ S^2-,Cu^1+ Fe^3+ S^2-,Cu Fe S,Cu^1+ Fe^3+ S^2-,valid,,,
Chalcosiderite,Cu^2+^Fe^3+^_6_(PO_4_)_4_(OH)_8_·4H_2_O,Cu^2+ Fe^3+ P O H,Cu^2+ Fe^3+ P O H,Cu Fe P O H,Cu^2+ Fe^3+ P O H,valid,,,
Chalcostibite,Cu^1+^Sb^3+^S^2-^_2_,Cu^1+ Sb^3+ S^2-,Cu^1+ Sb^3+ S^2-,Cu Sb S,Cu^1+ Sb^3+ S^2-,valid,,,
Chalcothallite,"(Tl^1+^,K)_2_(Cu^1+^,Cu^2+^,Fe^2+^,Ag^1+^)_6.3_Sb^3-^S^2-^_4_",Tl^1+ K Cu^1+ Cu^2+ Fe^2+ Ag^1+ Sb^3- S^2-,Tl^1+ K Cu^1+ Cu^2+ Fe^2+ Ag^1+ Sb^3- S^2-,Tl K Cu Fe Ag Sb S,Tl^1+ K Cu^1+ Cu^2+ Fe^2+ Ag^1+ Sb^3- S^2-,valid,,,
Challacolloite,KPb^2+^_2_Cl_5_,K Pb^2+ Cl,K Pb^2+ Cl,K Pb Cl,K Pb^2+ Cl,valid,,,
Chambersite,Mn^2+^_3_B_7_O_13_Cl,Mn^2+ B O Cl,Mn^2+ B O Cl,Mn B O Cl,Mn^2+ B O Cl,valid,,,
Chaméanite,"(Cu,Fe)_4_As(Se,S)_4_",Cu Fe As Se S,Cu Fe As Se S,Cu Fe As Se S,Cu Fe As Se S,valid,,,
Chamosite,"(Fe^2+^,Mg,Al,Fe^3+^)_6_(Si,Al)_4_O_10_(OH,O)_8_",Fe^2+ Mg Al Fe^3+ Si O H,Fe^2+ Mg Al Fe^3+ Si O H,Fe Mg Al Si O H,Fe^2+ Mg Al Fe^3+ Si O H,valid,,,
Chanabayaite,"Cu^2+^_2_Cl(N_3_C_2_H_2_)^1-^_2_(N^3-^H_3_,Cl,H_2_O,[box])_4_",Cu^2+ Cl N C H N^3- O,Cu^2+ Cl N C H N^3- O,Cu Cl N C H O,Cu^2+ Cl N C H N^3- O,valid,,,
Changbaiite,Pb^2+^Nb^5+^_2_O_6_,Pb^2+ Nb^5+ O,Pb^2+ Nb^5+ O,Pb Nb O,Pb^2+ Nb^5+ O,valid,,,
Changchengite,Ir^3+^(BiS)^3-^,Ir^3+ Bi S,Ir^3+ Bi S,Ir Bi S,Ir^3+ Bi S,valid,,,
Changesite-(Ce),(Ca_8_Ce^3+^)[box]Fe^2+^(PO_4_)_7_,Ca Ce^3+ Fe^2+ P O,Ca Ce^3+ Fe^2+ P O,Ca Ce Fe P O,Ca Ce^3+ Fe^2+ P O,valid,,,
Changesite-(Y),(Ca_8_Y)[box]Fe^2+^(PO_4_)_7_,Ca Y Fe^2+ P O,Ca Y Fe^2+ P O,Ca Y Fe P O,Ca Y Fe^2+ P O,valid,,,
Changoite,Na_2_Zn^2+^(S^6+^O_4_)_2_·4H_2_O,Na Zn^2+ S^6+ O H,Na Zn^2+ S^6+ O H,Na Zn S O H,Na Zn^2+ S^6+ O H,valid,,,
Chantalite,CaAl_2_SiO_4_(OH)_4_,Ca Al Si O H,Ca Al Si O H,Ca Al Si O H,Ca Al Si O H,valid,,,
Chaoite,C,C,C,C,C,valid,,,
Chapmanite,Fe^3+^_2_Sb^3+^(Si_2_O_5_)O_3_(OH),Fe^3+ Sb^3+ Si O H,Fe^3+ Sb^3+ Si O H,Fe Sb Si O H,Fe^3+ Sb^3+ Si O H,valid,,,
Charleshatchettite,CaNb^5+^_4_O_10_(OH)_2_·8H_2_O,Ca Nb^5+ O H,Ca Nb^5+ O H,Ca Nb O H,Ca Nb^5+ O H,valid,,,
Charlesite,"Ca_6_Al_2_(S^6+^O_4_)_2_B(OH)_4_(OH,O)_12_·26H_2_O",Ca Al S^6+ O B H,Ca Al S^6+ O B H,Ca Al S O B H,Ca Al S^6+ O B H,valid,,,
Charmarite,Mn^2+^_4_Al_2_(OH)_12_CO_3_·3H_2_O,Mn^2+ Al O H C,Mn^2+ Al O H C,Mn Al O H C,Mn^2+ Al O H C,valid,,,
Charoite,"(K,Sr,Ba,Mn^2+^)_15-16_(Ca,Na)_32_Si_70_(O,OH)_180_(OH,F)_4_·nH_2_O",K Sr Ba Mn^2+ Ca Na Si O H F,K Sr Ba Mn^2+ Ca Na Si O H F,K Sr Ba Mn Ca Na Si O H F,K Sr Ba Mn^2+ Ca Na Si O H F,valid,,,
Chatkalite,Cu^1+^_6_Fe^2+^Sn^4+^_2_S^2-^_8_,Cu^1+ Fe^2+ Sn^4+ S^2-,Cu^1+ Fe^2+ Sn^4+ S^2-,Cu Fe Sn S,Cu^1+ Fe^2+ Sn^4+ S^2-,valid,,,
Chayesite,KMg_4_Fe^3+^[Si_12_O_30_],K Mg Fe^3+ Si O,K Mg Fe^3+ Si O,K Mg Fe Si O,K Mg Fe^3+ Si O,valid,,,
Chegemite,Ca_7_(SiO_4_)_3_(OH)_2_,Ca Si O H,Ca Si O H,Ca Si O H,Ca Si O H,valid,,,
Chekhovichite,Bi^3+^_2_Te^4+^_4_O_11_,Bi^3+ Te^4+ O,Bi^3+ Te^4+ O,Bi Te O,Bi^3+ Te^4+ O,valid,,,
Chelkarite,CaMgB_2_O_4_Cl_2_·7H_2_O,Ca Mg B O Cl H,Ca Mg B O Cl H,Ca Mg B O Cl H,Ca Mg B O Cl H,valid,,,
Chenevixite,Cu^2+^Fe^3+^(As^5+^O_4_)(OH)_2_,Cu^2+ Fe^3+ As^5+ O H,Cu^2+ Fe^3+ As^5+ O H,Cu Fe As O H,Cu^2+ Fe^3+ As^5+ O H,valid,,,
Chengdeite,Ir_3_Fe,Ir Fe,Ir Fe,Ir Fe,Ir Fe,valid,,,
Chenguodaite,Ag_9_FeTe_2_S_4_,Ag Fe Te S,Ag Fe Te S,Ag Fe Te S,Ag Fe Te S,valid,,,
Chenite,Cu^2+^Pb^2+^_4_(S^6+^O_4_)_2_(OH)_6_,Cu^2+ Pb^2+ S^6+ O H,Cu^2+ Pb^2+ S^6+ O H,Cu Pb S O H,Cu^2+ Pb^2+ S^6+ O H,valid,,,
Chenmingite,Fe^2+^Cr^3+^_2_O_4_,Fe^2+ Cr^3+ O,Fe^2+ Cr^3+ O,Fe Cr O,Fe^2+ Cr^3+ O,valid,,,
Chenowethite,Mg(H_2_O)_6_[(U^6+^O_2_)_2_(S^6+^O_4_)_2_(OH)_2_]·5H_2_O,Mg H O U^6+ S^6+,Mg H O U^6+ S^6+,Mg H O U S,Mg H O U^6+ S^6+,valid,,,
Chenzhangruite,Mn^2+^Fe^2+^Te^4+^_4_O_10_,Mn^2+ Fe^2+ Te^4+ O,Mn^2+ Fe^2+ Te^4+ O,Mn Fe Te O,Mn^2+ Fe^2+ Te^4+ O,valid,,,
Cheralite,CaTh^4+^(PO_4_)_2_,Ca Th^4+ P O,Ca Th^4+ P O,Ca Th P O,Ca Th^4+ P O,valid,,,
Cheremnykhite,Pb^2+^_3_Zn^2+^_3_Te^6+^O_6_(V^5+^O_4_)_2_,Pb^2+ Zn^2+ Te^6+ O V^5+,Pb^2+ Zn^2+ Te^6+ O V^5+,Pb Zn Te O V,Pb^2+ Zn^2+ Te^6+ O V^5+,valid,,,
Cherepanovite,RhAs,Rh As,Rh As,Rh As,Rh As,valid,,,
Chernikovite,(H_3_O)(U^6+^O_2_)(PO_4_)·3H_2_O,H O U^6+ P,H O U^6+ P,H O U P,H O U^6+ P,valid,,,
Chernovite-(Y),YAs^5+^O_4_,Y As^5+ O,Y As^5+ O,Y As O,Y As^5+ O,valid,,,
Chernykhite,BaV^3+^_2_(Si_2_Al_2_)O_10_(OH)_2_,Ba V^3+ Si Al O H,Ba V^3+ Si Al O H,Ba V Si Al O H,Ba V^3+ Si Al O H,valid,,,
Cherokeeite,[Pb^2+^_2_Zn^2+^(OH)_4_](S^6+^O_4_)·H_2_O,Pb^2+ Zn^2+ O H S^6+,Pb^2+ Zn^2+ O H S^6+,Pb Zn O H S,Pb^2+ Zn^2+ O H S^6+,valid,,,
Chervetite,Pb^2+^_2_V^5+^_2_O_7_,Pb^2+ V^5+ O,Pb^2+ V^5+ O,Pb V O,Pb^2+ V^5+ O,valid,,,
Chesnokovite,Na_2_SiO_2_(OH)_2_·8H_2_O,Na Si O H,Na Si O H,Na Si O H,Na Si O H,valid,,,
Chessexite,Na_4_Ca_2_Mg_3_Al_8_(SiO_4_)_2_(S^6+^O_4_)_10_(OH)_10_·40H_2_O,Na Ca Mg Al Si O S^6+ H,Na Ca Mg Al Si O S^6+ H,Na Ca Mg Al Si O S H,Na Ca Mg Al Si O S^6+ H,valid,,,
Chesterite,Mg_17_Si_20_O_54_(OH)_6_,Mg Si O H,Mg Si O H,Mg Si O H,Mg Si O H,valid,,,
Chestermanite,"Mg_2_(Fe^3+^,Mg,Al,Sb^5+^)O_2_BO_3_",Mg Fe^3+ Al Sb^5+ O B,Mg Fe^3+ Al Sb^5+ O B,Mg Fe Al Sb O B,Mg Fe^3+ Al Sb^5+ O B,valid,,,
Chevkinite-(Ce),"Ce^3+^_4_(Ti^4+^,Fe^2+^,Fe^3+^)_5_O_8_(Si_2_O_7_)_2_",Ce^3+ Ti^4+ Fe^2+ Fe^3+ O Si,Ce^3+ Ti^4+ Fe^2+ Fe^3+ O Si,Ce Ti Fe O Si,Ce^3+ Ti^4+ Fe^2+ Fe^3+ O Si,valid,,,
Chiappinoite-(Y),Y_2_Mn^2+^(Si_3_O_7_)_4_,Y Mn^2+ Si O,Y Mn^2+ Si O,Y Mn Si O,Y Mn^2+ Si O,valid,,,
Chiavennite,CaMn^2+^(BeOH)_2_Si_5_O_13_·2H_2_O,Ca Mn^2+ Be O H Si,Ca Mn^2+ Be O H Si,Ca Mn Be O H Si,Ca Mn^2+ Be O H Si,valid,,,
Chibaite,"SiO_2_·n(CH_4_,C_2_H_6_,C_3_H_8_,C_4_H_10_); (n_max_ = 3/17)",Si O C H,Si O C H,Si O C H,Si O C H,valid,,,
Chihmingite,Ni^2+^Al_2_O_4_,Ni^2+ Al O,Ni^2+ Al O,Ni Al O,Ni^2+ Al O,valid,,,
Chihuahuaite,Fe^2+^Al_12_O_19_,Fe^2+ Al O,Fe^2+ Al O,Fe Al O,Fe^2+ Al O,valid,,,
Childrenite,Fe^2+^AlPO_4_(OH)_2_·H_2_O,Fe^2+ Al P O H,Fe^2+ Al P O H,Fe Al P O H,Fe^2+ Al P O H,valid,,,
Chiluite,Bi^3+^_3_Te^6+^Mo^6+^O_10.5_,Bi^3+ Te^6+ Mo^6+ O,Bi^3+ Te^6+ Mo^6+ O,Bi Te Mo O,Bi^3+ Te^6+ Mo^6+ O,valid,,,
Chinchorroite,Na_2_Mg_5_(As^5+^_2_O_7_)_2_(As^5+^O_3_OH)_2_(H_2_O)_10_,Na Mg As^5+ O H,Na Mg As^5+ O H,Na Mg As O H,Na Mg As^5+ O H,valid,,,
Chinleite-(Ce),NaCe^3+^(S^6+^O_4_)_2_(H_2_O),Na Ce^3+ S^6+ O H,Na Ce^3+ S^6+ O H,Na Ce S O H,Na Ce^3+ S^6+ O H,valid,,,
Chinleite-(Nd),NaNd(S^6+^O_4_)_2_·H_2_O,Na Nd S^6+ O H,Na Nd S^6+ O H,Na Nd S O H,Na Nd S^6+ O H,valid,,,
Chinleite-(Y),NaY(S^6+^O_4_)_2_·H_2_O,Na Y S^6+ O H,Na Y S^6+ O H,Na Y S O H,Na Y S^6+ O H,valid,,,
Chinnerite,[Mg(H_2_O)_6_]Na(H_2_O)_2_Al_3_(PO_4_)_2_F_6_,Mg H O Na Al P F,Mg H O Na Al P F,Mg H O Na Al P F,Mg H O Na Al P F,valid,,,
Chiolite,Na_5_Al_3_F_14_,Na Al F,Na Al F,Na Al F,Na Al F,valid,,,
Chirvinskyite,"(Na,Ca)_13_(Fe^2+^,Mn^2+^,[box])_2_Ti^4+^_2_(Zr^4+^,Ti^4+^)_3_(Si_2_O_7_)_4_(OH,O,F)_12_",Na Ca Fe^2+ Mn^2+ Ti^4+ Zr^4+ Si O H F,Na Ca Fe^2+ Mn^2+ Ti^4+ Zr^4+ Si O H F,Na Ca Fe Mn Ti Zr Si O H F,Na Ca Fe^2+ Mn^2+ Ti^4+ Zr^4+ Si O H F,valid,,,
Chistyakovaite,Al(U^6+^O_2_)_2_(As^5+^O_4_)_2_F·6.5H_2_O,Al U^6+ O As^5+ F H,Al U^6+ O As^5+ F H,Al U O As F H,Al U^6+ O As^5+ F H,valid,,,
Chivruaiite,"Ca_4_(Ti^4+^,Nb^5+^)_5_(Si_6_O_17_)_2_(OH,O)_5_·13-14H_2_O",Ca Ti^4+ Nb^5+ Si O H,Ca Ti^4+ Nb^5+ Si O H,Ca Ti Nb Si O H,Ca Ti^4+ Nb^5+ Si O H,valid,,,
Chiyokoite,Ca_3_Si(CO_3_)[B(OH)_4_]O(OH)_5_·12H_2_O,Ca Si C O B H,Ca Si C O B H,Ca Si C O B H,Ca Si C O B H,valid,,,
Chkalovite,Na_2_BeSi_2_O_6_,Na Be Si O,Na Be Si O,Na Be Si O,Na Be Si O,valid,,,
Chladniite,Na_3_CaMg_11_(PO_4_)_9_,Na Ca Mg P O,Na Ca Mg P O,Na Ca Mg P O,Na Ca Mg P O,valid,,,
Chloraluminite,AlCl_3_·6H_2_O,Al Cl H O,Al Cl H O,Al Cl H O,Al Cl H O,valid,,,
Chlorapatite,Ca_5_(PO_4_)_3_Cl,Ca P O Cl,Ca P O Cl,Ca P O Cl,Ca P O Cl,valid,,,
Chlorargyrite,Ag^1+^Cl,Ag^1+ Cl,Ag^1+ Cl,Ag Cl,Ag^1+ Cl,valid,,,
Chlorartinite,Mg_2_CO_3_Cl(OH)·2.5H_2_O,Mg C O Cl H,Mg C O Cl H,Mg C O Cl H,Mg C O Cl H,valid,,,
Chlorbartonite,K_6_Fe_24_S_26_Cl,K Fe S Cl,K Fe S Cl,K Fe S Cl,K Fe S Cl,valid,,,
Chlorellestadite,Ca_5_(SiO_4_)_1.5_(S^6+^O_4_)_1.5_Cl,Ca Si O S^6+ Cl,Ca Si O S^6+ Cl,Ca Si O S Cl,Ca Si O S^6+ Cl,valid,,,
Chloritoid,Fe^2+^Al_2_OSiO_4_(OH)_2_,Fe^2+ Al O Si H,Fe^2+ Al O Si H,Fe Al O Si H,Fe^2+ Al O Si H,valid,,,
Chlorkyuygenite,Ca_12_Al_14_O_32_[(H_2_O)_4_Cl_2_],Ca Al O H Cl,Ca Al O H Cl,Ca Al O H Cl,Ca Al O H Cl,valid,,,
Chlormagaluminite,Mg_4_Al_2_(OH)_12_Cl_2_(H_2_O)_2,Mg Al O H Cl,Mg Al O H Cl,Mg Al O H Cl,Mg Al O H Cl,valid,,,
Chlormanganokalite,K_4_Mn^2+^Cl_6_,K Mn^2+ Cl,K Mn^2+ Cl,K Mn Cl,K Mn^2+ Cl,valid,,,
Chlormayenite,Ca_12_Al_14_O_32_[[box]_4_Cl_2_],Ca Al O Cl,Ca Al O Cl,Ca Al O Cl,Ca Al O Cl,valid,,,
Chlorocalcite,KCaCl_3_,K Ca Cl,K Ca Cl,K Ca Cl,K Ca Cl,valid,,,
Chloromagnesite,MgCl_2_,Mg Cl,Mg Cl,Mg Cl,Mg Cl,valid,,,
Chloromenite,Cu^2+^_9_O_2_(Se^4+^O_3_)_4_Cl_6_,Cu^2+ O Se^4+ Cl,Cu^2+ O Se^4+ Cl,Cu O Se Cl,Cu^2+ O Se^4+ Cl,valid,,,
Chlorophoenicite,Mn^2+^_3_Zn^2+^_2_(OH)_6_As^5+^[O_3_(OH)_3_],Mn^2+ Zn^2+ O H As^5+,Mn^2+ Zn^2+ O H As^5+,Mn Zn O H As,Mn^2+ Zn^2+ O H As^5+,valid,,,
Chlorothionite,K_2_Cu^2+^S^6+^O_4_Cl_2_,K Cu^2+ S^6+ O Cl,K Cu^2+ S^6+ O Cl,K Cu S O Cl,K Cu^2+ S^6+ O Cl,valid,,,
Chloroxiphite,Pb^2+^_3_Cu^2+^O_2_Cl_2_(OH)_2_,Pb^2+ Cu^2+ O Cl H,Pb^2+ Cu^2+ O Cl H,Pb Cu O Cl H,Pb^2+ Cu^2+ O Cl H,valid,,,
Choloalite,"(Pb^2+^,Ca)_3_(Cu^2+^,Sb^5+^)_3_Te^4+^_6_O_18_Cl",Pb^2+ Ca Cu^2+ Sb^5+ Te^4+ O Cl,Pb^2+ Ca Cu^2+ Sb^5+ Te^4+ O Cl,Pb Ca Cu Sb Te O Cl,Pb^2+ Ca Cu^2+ Sb^5+ Te^4+ O Cl,valid,,,
Chondrodite,Mg_5_(SiO_4_)_2_F_2_,Mg Si O F,Mg Si O F,Mg Si O F,Mg Si O F,valid,,,
Chongite,Ca_3_Mg_2_(As^5+^O_4_)_2_(As^5+^O_3_OH)_2_·4H_2_O,Ca Mg As^5+ O H,Ca Mg As^5+ O H,Ca Mg As O H,Ca Mg As^5+ O H,valid,,,
Chopinite,Mg_3_[box](PO_4_)_2_,Mg P O,Mg P O,Mg P O,Mg P O,valid,,,
Chorążewiczite,Pb^2+^_2_Fe^3+^(Te^6+^O_6_)(HCO_3_),Pb^2+ Fe^3+ Te^6+ O H C,Pb^2+ Fe^3+ Te^6+ O H C,Pb Fe Te O H C,Pb^2+ Fe^3+ Te^6+ O H C,valid,,,
Chovanite,Pb^2+^_15-2x_Sb^3+^_14+2x_S^2-^_36_O_x_; (x~0.2),Pb^2+ Sb^3+ S^2- O,Pb^2+ Sb^3+ S^2- O,Pb Sb S O,Pb^2+ Sb^3+ S^2- O,valid,,,
Chrisstanleyite,Ag_2_Pd_3_Se_4_,Ag Pd Se,Ag Pd Se,Ag Pd Se,Ag Pd Se,valid,,,
Christelite,Zn^2+^_3_Cu^2+^_2_(S^6+^_4_)_2_(OH)_6_·4H_2_O,Zn^2+ Cu^2+ S^6+ O H,Zn^2+ Cu^2+ S^6+ O H,Zn Cu S O H,Zn^2+ Cu^2+ S^6+ O H,valid,,,
Christite,Tl^1+^Hg^2+^As^3+^S^2-^_3_,Tl^1+ Hg^2+ As^3+ S^2-,Tl^1+ Hg^2+ As^3+ S^2-,Tl Hg As S,Tl^1+ Hg^2+ As^3+ S^2-,valid,,,
Christofschäferite-(Ce),"(Ce^3+^,La^3+^,Ca)_4_Mn^2+^(Ti^4+^,Fe^3+^)_3_(Fe^3+^,Fe^2+^,Ti^4+^)(Si_2_O_7_)_2_O_8_",Ce^3+ La^3+ Ca Mn^2+ Ti^4+ Fe^3+ Fe^2+ Si O,Ce^3+ La^3+ Ca Mn^2+ Ti^4+ Fe^3+ Fe^2+ Si O,Ce La Ca Mn Ti Fe Si O,Ce^3+ La^3+ Ca Mn^2+ Ti^4+ Fe^3+ Fe^2+ Si O,valid,,,
Chromatite,CaCr^6+^O_4_,Ca Cr^6+ O,Ca Cr^6+ O,Ca Cr O,Ca Cr^6+ O,valid,,,
Chrombismite,Bi^3+^_16_Cr^6+^O_27_,Bi^3+ Cr^6+ O,Bi^3+ Cr^6+ O,Bi Cr O,Bi^3+ Cr^6+ O,valid,,,
Chromceladonite,KMgCr^3+^Si_4_O_10_(OH)_2_,K Mg Cr^3+ Si O H,K Mg Cr^3+ Si O H,K Mg Cr Si O H,K Mg Cr^3+ Si O H,valid,,,
Chromferide,Fe_1.5_Cr_0.2_,Fe Cr,Fe Cr,Fe Cr,Fe Cr,valid,,,
Chromio-pargasite,NaCa_2_(Mg_4_Cr^3+^)(Si_6_Al_2_)O_22_(OH)_2_,Na Ca Mg Cr^3+ Si Al O H,Na Ca Mg Cr^3+ Si Al O H,Na Ca Mg Cr Si Al O H,Na Ca Mg Cr^3+ Si Al O H,valid,,,
Chromite,Fe^2+^Cr^3+^_2_O_4_,Fe^2+ Cr^3+ O,Fe^2+ Cr^3+ O,Fe Cr O,Fe^2+ Cr^3+ O,valid,,,
Chromium,Cr,Cr,Cr,Cr,Cr,valid,,,
Chromium-dravite,NaMg_3_Cr^3+^_6_(Si_6_O_18_)(BO_3_)_3_(OH)_3_OH,Na Mg Cr^3+ Si O B H,Na Mg Cr^3+ Si O B H,Na Mg Cr Si O B H,Na Mg Cr^3+ Si O B H,valid,,,
Chromo-alumino-povondraite,NaCr^3+^_3_(Al_4_Mg_2_)(Si_6_O_18_)(BO_3_)_3_(OH)_3_O,Na Cr^3+ Al Mg Si O B H,Na Cr^3+ Al Mg Si O B H,Na Cr Al Mg Si O B H,Na Cr^3+ Al Mg Si O B H,valid,,,
Chromphyllite,KCr^3+^_2_(Si_3_Al)O_10_(OH)_2_,K Cr^3+ Si Al O H,K Cr^3+ Si Al O H,K Cr Si Al O H,K Cr^3+ Si Al O H,valid,,,
Chromschieffelinite,Pb^2+^_10_Te^6+^_6_O_20_(OH)_14_(Cr^6+^O_4_)·5H_2_O,Pb^2+ Te^6+ O H Cr^6+,Pb^2+ Te^6+ O H Cr^6+,Pb Te O H Cr,Pb^2+ Te^6+ O H Cr^6+,valid,,,
Chromviskontite,Pb^2+^_5_Cu^2+^_2_(Cr^6+^O_4_)_3_(Se^4+^O_3_)(OH)_6_,Pb^2+ Cu^2+ Cr^6+ O Se^4+ H,Pb^2+ Cu^2+ Cr^6+ O Se^4+ H,Pb Cu Cr O Se H,Pb^2+ Cu^2+ Cr^6+ O Se^4+ H,valid,,,
Chrysoberyl,BeAl_2_O_4_,Be Al O,Be Al O,Be Al O,Be Al O,valid,,,
Chrysocolla,(Cu^2+^_2-x_Al_x_)H_2-x_Si_2_O_5_(OH)_4_·nH_2_O,Cu^2+ Al H Si O,Cu^2+ Al H Si O,Cu Al H Si O,Cu^2+ Al H Si O,valid,,,
Chrysothallite,K_6_Cu^2+^_6_Tl^3+^Cl_17_(OH)_4_·H_2_O,K Cu^2+ Tl^3+ Cl O H,K Cu^2+ Tl^3+ Cl O H,K Cu Tl Cl O H,K Cu^2+ Tl^3+ Cl O H,valid,,,
Chrysotile,Mg_3_Si_2_O_5_(OH)_4_,Mg Si O H,Mg Si O H,Mg Si O H,Mg Si O H,valid,,,
Chubarovite,KZn^2+^_2_(BO_3_)Cl_2_,K Zn^2+ B O Cl,K Zn^2+ B O Cl,K Zn B O Cl,K Zn^2+ B O Cl,valid,,,
Chudobaite,Mg_5_(As^5+^O_4_)_2_(As^5+^O_3_OH)_2_·10H_2_O,Mg As^5+ O H,Mg As^5+ O H,Mg As O H,Mg As^5+ O H,valid,,,
Chukanovite,Fe^2+^_2_CO_3_(OH)_2_,Fe^2+ C O H,Fe^2+ C O H,Fe C O H,Fe^2+ C O H,valid,,,
Chukhrovite-(Ca),Ca_3_Ca_1.5_Al_2_(S^6+^O_4_)F_13_·12H_2_O,Ca Al S^6+ O F H,Ca Al S^6+ O F H,Ca Al S O F H,Ca Al S^6+ O F H,valid,,,
Chukhrovite-(Ce),Ca_3_Ce^3+^Al_2_(S^6+^O_4_)F_13_(H_2_O)_12_,Ca Ce^3+ Al S^6+ O F H,Ca Ce^3+ Al S^6+ O F H,Ca Ce Al S O F H,Ca Ce^3+ Al S^6+ O F H,valid,,,
Chukhrovite-(Nd),Ca_3_NdAl_2_S^6+^O_4_F_13_·12H_2_O,Ca Nd Al S^6+ O F H,Ca Nd Al S^6+ O F H,Ca Nd Al S O F H,Ca Nd Al S^6+ O F H,valid,,,
Chukhrovite-(Y),Ca_3_YAl_2_(S^6+^O_4_)F_13_·10H_2_O,Ca Y Al S^6+ O F H,Ca Y Al S^6+ O F H,Ca Y Al S O F H,Ca Y Al S^6+ O F H,valid,,,
Chukochenite,(Li_0.5_Al_0.5_)Al_2_O_4_,Li Al O,Li Al O,Li Al O,Li Al O,valid,,,
Chukotkaite,Ag^1+^Pb^2+^_7_Sb^3+^_5_S^2-^_15_,Ag^1+ Pb^2+ Sb^3+ S^2-,Ag^1+ Pb^2+ Sb^3+ S^2-,Ag Pb Sb S,Ag^1+ Pb^2+ Sb^3+ S^2-,valid,,,
Churchite-(Y),YPO_4_·2H_2_O,Y P O H,Y P O H,Y P O H,Y P O H,valid,,,
Chursinite,Hg^1+^Hg^2+^(As^5+^O_4_),Hg^1+ Hg^2+ As^5+ O,Hg^1+ Hg^2+ As^5+ O,Hg As O,Hg^1+ Hg^2+ As^5+ O,valid,,,
Chvaleticeite,Mn^2+^S^6+^O_4_·6H_2_O,Mn^2+ S^6+ O H,Mn^2+ S^6+ O H,Mn S O H,Mn^2+ S^6+ O H,valid,,,
Chvilevaite,"Na(Cu,Fe,Zn)_2_S_2_",Na Cu Fe Zn S,Na Cu Fe Zn S,Na Cu Fe Zn S,Na Cu Fe Zn S,valid,,,
Cianciulliite,Mg_2_Mn^2+^Zn^2+^_2_(OH)_10_·2-4H_2_O,Mg Mn^2+ Zn^2+ O H,Mg Mn^2+ Zn^2+ O H,Mg Mn Zn O H,Mg Mn^2+ Zn^2+ O H,valid,,,
Cinnabar,HgS,Hg S,Hg S,Hg S,Hg S,valid,,,
Ciprianiite,Ca_4_(Th^4+^Ca)Al(Be_0.5_[box]_1.5_)[B_4_Si_4_O_22_](OH)_2_,Ca Th^4+ Al Be B Si O H,Ca Th^4+ Al Be B Si O H,Ca Th Al Be B Si O H,Ca Th^4+ Al Be B Si O H,valid,,,
Ciriottiite,"Cu^1+^_4_Pb^2+^_19_(Sb^3+^,As^3+^,Bi^3+^)_22_(As_2_)^4+^S^2-^_56_",Cu^1+ Pb^2+ Sb^3+ As^3+ Bi^3+ As S^2-,Cu^1+ Pb^2+ Sb^3+ As^3+ Bi^3+ As S^2-,Cu Pb Sb As Bi S,Cu^1+ Pb^2+ Sb^3+ As^3+ Bi^3+ As S^2-,valid,,,
Cirrolite,Ca_3_Al_2_(PO_4_)_3_(OH)_3_,Ca Al P O H,Ca Al P O H,Ca Al P O H,Ca Al P O H,valid,,,
Clairite,(N^3-^H_4_)_2_Fe^3+^_3_(S^6+^O_4_)_4_(OH)_3_·3H_2_O,N^3- H Fe^3+ S^6+ O,N^3- H Fe^3+ S^6+ O,N H Fe S O,N^3- H Fe^3+ S^6+ O,valid,,,
Claraite,"(Cu^2+^,Zn^2+^)_15_(CO_3_)_4_(As^5+^O_4_)_2_(S^6+^O_4_)(OH)_14_·7H_2_O",Cu^2+ Zn^2+ C O As^5+ S^6+ H,Cu^2+ Zn^2+ C O As^5+ S^6+ H,Cu Zn C O As S H,Cu^2+ Zn^2+ C O As^5+ S^6+ H,valid,,,
Claringbullite,Cu^2+^_4_FCl(OH)_6_,Cu^2+ F Cl O H,Cu^2+ F Cl O H,Cu F Cl O H,Cu^2+ F Cl O H,valid,,,
Clarkeite,Na(U^6+^O_2_)O(OH)·nH_2_O,Na U^6+ O H,Na U^6+ O H,Na U O H,Na U^6+ O H,valid,,,
Claudetite,As^3+^_2_O_3_,As^3+ O,As^3+ O,As O,As^3+ O,valid,,,
Clausthalite,Pb^2+^Se^2-^,Pb^2+ Se^2-,Pb^2+ Se^2-,Pb Se,Pb^2+ Se^2-,valid,,,
Clearcreekite,Hg^1+^_3_(CO_3_)(OH)·2H_2_O,Hg^1+ C O H,Hg^1+ C O H,Hg C O H,Hg^1+ C O H,valid,,,
Clerite,Mn^2+^Sb^3+^_2_S^2-^_4_,Mn^2+ Sb^3+ S^2-,Mn^2+ Sb^3+ S^2-,Mn Sb S,Mn^2+ Sb^3+ S^2-,valid,,,
Cleusonite,"Pb^2+^(U^4+^,U^6+^)Fe^2+^_2_(Ti^4+^,Fe^2+^,Fe^3+^)_18_(O,OH)_38_",Pb^2+ U^4+ U^6+ Fe^2+ Ti^4+ Fe^3+ O H,Pb^2+ U^4+ U^6+ Fe^2+ Ti^4+ Fe^3+ O H,Pb U Fe Ti O H,Pb^2+ U^4+ U^6+ Fe^2+ Ti^4+ Fe^3+ O H,valid,,,
Cliffordite,U^6+^Te^4+^_3_O_9_,U^6+ Te^4+ O,U^6+ Te^4+ O,U Te O,U^6+ Te^4+ O,valid,,,
Clinoatacamite,Cu^2+^_2_Cl(OH)_3_,Cu^2+ Cl O H,Cu^2+ Cl O H,Cu Cl O H,Cu^2+ Cl O H,valid,,,
Clinobehoite,Be(OH)_2_,Be O H,Be O H,Be O H,Be O H,valid,,,
Clinobisvanite,Bi^3+^V^5+^O_4_,Bi^3+ V^5+ O,Bi^3+ V^5+ O,Bi V O,Bi^3+ V^5+ O,valid,,,
Clinocervantite,Sb^3+^Sb^5+^O_4_,Sb^3+ Sb^5+ O,Sb^3+ Sb^5+ O,Sb O,Sb^3+ Sb^5+ O,valid,,,
Clinochalcomenite,Cu^2+^Se^4+^O_3_(H_2_O)_2_,Cu^2+ Se^4+ O H,Cu^2+ Se^4+ O H,Cu Se O H,Cu^2+ Se^4+ O H,valid,,,
Clinochlore,Mg_5_Al(AlSi_3_O_10_)(OH)_8_,Mg Al Si O H,Mg Al Si O H,Mg Al Si O H,Mg Al Si O H,valid,,,
Clinoclase,Cu^2+^_3_As^5+^O_4_(OH)_3_,Cu^2+ As^5+ O H,Cu^2+ As^5+ O H,Cu As O H,Cu^2+ As^5+ O H,valid,,,
Clinoenstatite,MgSiO_3_,Mg Si O,Mg Si O,Mg Si O,Mg Si O,valid,,,
Clinofergusonite-(Ce),Ce^3+^Nb^5+^O_4_,Ce^3+ Nb^5+ O,Ce^3+ Nb^5+ O,Ce Nb O,Ce^3+ Nb^5+ O,valid,,,
Clinofergusonite-(Nd),NdNb^5+^O_4_,Nd Nb^5+ O,Nd Nb^5+ O,Nd Nb O,Nd Nb^5+ O,valid,,,
Clinofergusonite-(Y),YNb^5+^O_4_,Y Nb^5+ O,Y Nb^5+ O,Y Nb O,Y Nb^5+ O,valid,,,
Clino-ferri-holmquistite,[box]Li_2_(Mg_3_Fe^3+^_2_)Si_8_O_22_(OH)_2_,Li Mg Fe^3+ Si O H,Li Mg Fe^3+ Si O H,Li Mg Fe Si O H,Li Mg Fe^3+ Si O H,valid,,,
Clino-ferro-ferri-holmquistite,[box]Li_2_(Fe^2+^_3_Fe^3+^_2_)Si_8_O_22_(OH)_2_,Li Fe^2+ Fe^3+ Si O H,Li Fe^2+ Fe^3+ Si O H,Li Fe Si O H,Li Fe^2+ Fe^3+ Si O H,valid,,,
Clinoferrosilite,Fe^2+^SiO_3_,Fe^2+ Si O,Fe^2+ Si O,Fe Si O,Fe^2+ Si O,valid,,,
Clino-ferro-suenoite,[box]Mn^2+^_2_Fe^2+^_5_(Si_8_O_22_)(OH)_2_,Mn^2+ Fe^2+ Si O H,Mn^2+ Fe^2+ Si O H,Mn Fe Si O H,Mn^2+ Fe^2+ Si O H,valid,,,
Clinohedrite,CaZn^2+^SiO_4_·H_2_O,Ca Zn^2+ Si O H,Ca Zn^2+ Si O H,Ca Zn Si O H,Ca Zn^2+ Si O H,valid,,,
Clinohumite,Mg_9_(SiO_4_)_4_F_2_,Mg Si O F,Mg Si O F,Mg Si O F,Mg Si O F,valid,,,
Clinojimthompsonite,Mg_5_Si_6_O_16_(OH)_2_,Mg Si O H,Mg Si O H,Mg Si O H,Mg Si O H,valid,,,
Clinokurchatovite,CaMgB_2_O_5_,Ca Mg B O,Ca Mg B O,Ca Mg B O,Ca Mg B O,valid,,,
Clinometaborite,HBO_2_,H B O,H B O,H B O,H B O,valid,,,
Clino-oscarkempffite,Ag^1+^_15_Pb^2+^_6_Sb^3+^_21_Bi^3+^_18_S^2-^_72_,Ag^1+ Pb^2+ Sb^3+ Bi^3+ S^2-,Ag^1+ Pb^2+ Sb^3+ Bi^3+ S^2-,Ag Pb Sb Bi S,Ag^1+ Pb^2+ Sb^3+ Bi^3+ S^2-,valid,,,
Clinophosinaite,Na_3_Ca(SiO_3_)(PO_4_),Na Ca Si O P,Na Ca Si O P,Na Ca Si O P,Na Ca Si O P,valid,,,
Clinoptilolite-Ca,Ca_3_(Si_30_Al_6_)O_72_·20H_2_O,Ca Si Al O H,Ca Si Al O H,Ca Si Al O H,Ca Si Al O H,valid,,,
Clinoptilolite-K,K_6_(Si_30_Al_6_)O_72_·20H_2_O,K Si Al O H,K Si Al O H,K Si Al O H,K Si Al O H,valid,,,
Clinoptilolite-Na,Na_6_(Si_30_Al_6_)O_72_·20H_2_O,Na Si Al O H,Na Si Al O H,Na Si Al O H,Na Si Al O H,valid,,,
Clinosafflorite,Co^3+^(As_2_)^3-^,Co^3+ As,Co^3+ As,Co As,Co^3+ As,valid,,,
Clino-suenoite,[box]Mn^2+^_2_Mg_5_Si_8_O_22_(OH)_2_,Mn^2+ Mg Si O H,Mn^2+ Mg Si O H,Mn Mg Si O H,Mn^2+ Mg Si O H,valid,,,
Clinosulphur,S,S,S,S,S,valid,,,
Clinotobermorite,Ca_5_Si_6_O_17_·5H_2_O,Ca Si O H,Ca Si O H,Ca Si O H,Ca Si O H,valid,,,
Clinoungemachite,K_3_Na_8_Fe^3+^(S^6+^O_4_)_6_(OH)_2_·10H_2_O,K Na Fe^3+ S^6+ O H,K Na Fe^3+ S^6+ O H,K Na Fe S O H,K Na Fe^3+ S^6+ O H,valid,,,
Clinozoisite,Ca_2_Al_3_(Si_2_O_7_)(SiO_4_)O(OH),Ca Al Si O H,Ca Al Si O H,Ca Al Si O H,Ca Al Si O H,valid,,,
Clintonite,CaAlMg_2_(SiAl_3_)O_10_(OH)_2_,Ca Al Mg Si O H,Ca Al Mg Si O H,Ca Al Mg Si O H,Ca Al Mg Si O H,valid,,,
Clogauite,Pb^2+^Bi^3+^_4_Te^2-^_4_S^2-^_3_,Pb^2+ Bi^3+ Te^2- S^2-,Pb^2+ Bi^3+ Te^2- S^2-,Pb Bi Te S,Pb^2+ Bi^3+ Te^2- S^2-,valid,,,
Cloncurryite,Cu^2+^_0.5_(V^4+^O)_0.5_Al_2_(PO_4_)_2_F_2_·5H_2_O,Cu^2+ V^4+ O Al P F H,Cu^2+ V^4+ O Al P F H,Cu V O Al P F H,Cu^2+ V^4+ O Al P F H,valid,,,
Cloudite,BaFe^3+^_3_(PO_4_)(S^6+^O_4_)(OH)_6_,Ba Fe^3+ P O S^6+ H,Ba Fe^3+ P O S^6+ H,Ba Fe P O S H,Ba Fe^3+ P O S^6+ H,valid,,,
Coalingite,Mg_10_Fe^3+^_2_CO_3_(OH)_24_·2H_2_O,Mg Fe^3+ C O H,Mg Fe^3+ C O H,Mg Fe C O H,Mg Fe^3+ C O H,valid,,,
Cobaltarthurite,Co^2+^Fe^3+^_2_(As^5+^O_4_)_2_(OH)_2_·4H_2_O,Co^2+ Fe^3+ As^5+ O H,Co^2+ Fe^3+ As^5+ O H,Co Fe As O H,Co^2+ Fe^3+ As^5+ O H,valid,,,
Cobaltaustinite,CaCo^2+^As^5+^O_4_(OH),Ca Co^2+ As^5+ O H,Ca Co^2+ As^5+ O H,Ca Co As O H,Ca Co^2+ As^5+ O H,valid,,,
Cobaltite,Co^3+^(AsS)^3-^,Co^3+ As S,Co^3+ As S,Co As S,Co^3+ As S,valid,,,
Cobaltkieserite,Co^2+^S^6+^O_4_·H_2_O,Co^2+ S^6+ O H,Co^2+ S^6+ O H,Co S O H,Co^2+ S^6+ O H,valid,,,
Cobaltkoritnigite,Co^2+^(As^5+^O_3_OH)·H_2_O,Co^2+ As^5+ O H,Co^2+ As^5+ O H,Co As O H,Co^2+ As^5+ O H,valid,,,
Cobaltlotharmeyerite,CaCo^2+^_2_(As^5+^O_4_)_2_·2H_2_O,Ca Co^2+ As^5+ O H,Ca Co^2+ As^5+ O H,Ca Co As O H,Ca Co^2+ As^5+ O H,valid,,,
Cobaltneustädtelite,"Bi^3+^_2_Fe^3+^(Co^2+^,Fe^3+^)(As^5+^O_4_)_2_(O,OH)_4_",Bi^3+ Fe^3+ Co^2+ As^5+ O H,Bi^3+ Fe^3+ Co^2+ As^5+ O H,Bi Fe Co As O H,Bi^3+ Fe^3+ Co^2+ As^5+ O H,valid,,,
Cobaltoblödite,Na_2_Co^2+^(S^6+^O_4_)_2_·4H_2_O,Na Co^2+ S^6+ O H,Na Co^2+ S^6+ O H,Na Co S O H,Na Co^2+ S^6+ O H,valid,,,
Cobaltomenite,Co^2+^Se^4+^O_3_·2H_2_O,Co^2+ Se^4+ O H,Co^2+ Se^4+ O H,Co Se O H,Co^2+ Se^4+ O H,valid,,,
Cobaltpentlandite,Co_9_S_8_,Co S,Co S,Co S,Co S,valid,,,
Cobalttsumcorite,Pb^2+^Co^2+^_2_(As^5+^O_4_)_2_·2H_2_O,Pb^2+ Co^2+ As^5+ O H,Pb^2+ Co^2+ As^5+ O H,Pb Co As O H,Pb^2+ Co^2+ As^5+ O H,valid,,,
Cobaltzippeite,Co^2+^(U^6+^O_2_)_2_(S^6+^O_4_)O_2_·3.5H_2_O,Co^2+ U^6+ O S^6+ H,Co^2+ U^6+ O S^6+ H,Co U O S H,Co^2+ U^6+ O S^6+ H,valid,,,
Coccinite,Hg^2+^I^1-^_2_,Hg^2+ I^1-,Hg^2+ I^1-,Hg I,Hg^2+ I^1-,valid,,,
Cochromite,Co^2+^Cr^3+^_2_O_4_,Co^2+ Cr^3+ O,Co^2+ Cr^3+ O,Co Cr O,Co^2+ Cr^3+ O,valid,,,
Coconinoite,Fe^3+^_2_Al_2_(U^6+^O_2_)_2_(PO_4_)_4_(S^6+^O_4_)(OH)_2_·20H_2_O,Fe^3+ Al U^6+ O P S^6+ H,Fe^3+ Al U^6+ O P S^6+ H,Fe Al U O P S H,Fe^3+ Al U^6+ O P S^6+ H,valid,,,
Coesite,SiO_2_,Si O,Si O,Si O,Si O,valid,,,
Coffinite,U^4+^(SiO_4_)·nH_2_O,U^4+ Si O H,U^4+ Si O H,U Si O H,U^4+ Si O H,valid,,,
Cohenite,Fe_3_C,Fe C,Fe C,Fe C,Fe C,valid,,,
Coiraite,"(Pb^2+^,Sn^2+^)_12.5_As^3+^_3_Fe^2+^Sn^4+^_5_S^2-^_28_",Pb^2+ Sn^2+ As^3+ Fe^2+ Sn^4+ S^2-,Pb^2+ Sn^2+ As^3+ Fe^2+ Sn^4+ S^2-,Pb Sn As Fe S,Pb^2+ Sn^2+ As^3+ Fe^2+ Sn^4+ S^2-,valid,,,
Colchesterite,Bi^3+^_2_Mo^6+^_2_O_9_,Bi^3+ Mo^6+ O,Bi^3+ Mo^6+ O,Bi Mo O,Bi^3+ Mo^6+ O,valid,,,
Coldwellite,Pd_3_Ag_2_S,Pd Ag S,Pd Ag S,Pd Ag S,Pd Ag S,valid,,,
Colemanite,CaB_3_O_4_(OH)_3_·H_2_O,Ca B O H,Ca B O H,Ca B O H,Ca B O H,valid,,,
Colimaite,K_3_V^5+^S^2-^_4_,K V^5+ S^2-,K V^5+ S^2-,K V S,K V^5+ S^2-,valid,,,
Colinowensite,BaCu^2+^Si_2_O_6_,Ba Cu^2+ Si O,Ba Cu^2+ Si O,Ba Cu Si O,Ba Cu^2+ Si O,valid,,,
Collinsite,Ca_2_Mg(PO_4_)_2_·2H_2_O,Ca Mg P O H,Ca Mg P O H,Ca Mg P O H,Ca Mg P O H,valid,,,
Colomeraite,NaTi^3+^Si_2_O_6_,Na Ti^3+ Si O,Na Ti^3+ Si O,Na Ti Si O,Na Ti^3+ Si O,valid,,,
Coloradoite,Hg^2+^Te^2-^,Hg^2+ Te^2-,Hg^2+ Te^2-,Hg Te,Hg^2+ Te^2-,valid,,,
Colquiriite,CaLiAlF_6_,Ca Li Al F,Ca Li Al F,Ca Li Al F,Ca Li Al F,valid,,,
Columbite-(Fe),Fe^2+^Nb^5+^_2_O_6_,Fe^2+ Nb^5+ O,Fe^2+ Nb^5+ O,Fe Nb O,Fe^2+ Nb^5+ O,valid,,,
Columbite-(Mg),MgNb^5+^_2_O_6_,Mg Nb^5+ O,Mg Nb^5+ O,Mg Nb O,Mg Nb^5+ O,valid,,,
Columbite-(Mn),Mn^2+^Nb^5+^_2_O_6_,Mn^2+ Nb^5+ O,Mn^2+ Nb^5+ O,Mn Nb O,Mn^2+ Nb^5+ O,valid,,,
Colusite,Cu^1+^_12_Cu^2+^V^3+^As^5+^_3_S^2-^_16_,Cu^1+ Cu^2+ V^3+ As^5+ S^2-,Cu^1+ Cu^2+ V^3+ As^5+ S^2-,Cu V As S,Cu^1+ Cu^2+ V^3+ As^5+ S^2-,valid,,,
Comancheite,"Hg^2+^_55_N^3-^_24_(N^3-^H_2_,OH)_4_(Cl,Br)_34_",Hg^2+ N^3- H O Cl Br,Hg^2+ N^3- H O Cl Br,Hg N H O Cl Br,Hg^2+ N^3- H O Cl Br,valid,,,
Combeite,Na_4.5_Ca_3.5_Si_6_O_17.5_(OH)_0.5_,Na Ca Si O H,Na Ca Si O H,Na Ca Si O H,Na Ca Si O H,valid,,,
Comblainite,Ni^2+^_4_Co^3+^_2_(OH)_12_(CO_3_)·3H_2_O,Ni^2+ Co^3+ O H C,Ni^2+ Co^3+ O H C,Ni Co O H C,Ni^2+ Co^3+ O H C,valid,,,
Compreignacite,K_2_(U^6+^O_2_)_6_O_4_(OH)_6_·7H_2_O,K U^6+ O H,K U^6+ O H,K U O H,K U^6+ O H,valid,,,
Congolite,Fe^2+^_3_B_7_O_13_Cl,Fe^2+ B O Cl,Fe^2+ B O Cl,Fe B O Cl,Fe^2+ B O Cl,valid,,,
Conichalcite,CaCu^2+^As^5+^O_4_(OH),Ca Cu^2+ As^5+ O H,Ca Cu^2+ As^5+ O H,Ca Cu As O H,Ca Cu^2+ As^5+ O H,valid,,,
Connellite,Cu^2+^_36_(S^6+^O_4_)(OH)_62_Cl_8_·6H_2_O,Cu^2+ S^6+ O H Cl,Cu^2+ S^6+ O H Cl,Cu S O H Cl,Cu^2+ S^6+ O H Cl,valid,,,
Cookeite,LiAl_4_(Si_3_Al)O_10_(OH)_8_,Li Al Si O H,Li Al Si O H,Li Al Si O H,Li Al Si O H,valid,,,
Coombsite,"KMn^2+^_13_(Si,Al)_18_O_42_(OH)_14_",K Mn^2+ Si Al O H,K Mn^2+ Si Al O H,K Mn Si Al O H,K Mn^2+ Si Al O H,valid,,,
Cooperite,Pt^2+^S^2-^,Pt^2+ S^2-,Pt^2+ S^2-,Pt S,Pt^2+ S^2-,valid,,,
Coparsite,Cu^2+^_4_O_2_As^5+^O_4_Cl,Cu^2+ O As^5+ Cl,Cu^2+ O As^5+ Cl,Cu O As Cl,Cu^2+ O As^5+ Cl,valid,,,
Copiapite,Fe^2+^Fe^3+^_4_(S^6+^O_4_)_6_(OH)_2_·20H_2_O,Fe^2+ Fe^3+ S^6+ O H,Fe^2+ Fe^3+ S^6+ O H,Fe S O H,Fe^2+ Fe^3+ S^6+ O H,valid,,,
Copper,Cu,Cu,Cu,Cu,Cu,valid,,,
Coquandite,Sb^3+^_6+x_O_8+x_(S^6+^O_4_)(OH)_x_(H_2_O)_1-x_ (x = 0.3),Sb^3+ O S^6+ H,Sb^3+ O S^6+ H,Sb O S H,Sb^3+ O S^6+ H,valid,,,
Coquimbite,AlFe^3+^_3_(S^6+^O_4_)_6_(H_2_O)_12_·6H_2_O,Al Fe^3+ S^6+ O H,Al Fe^3+ S^6+ O H,Al Fe S O H,Al Fe^3+ S^6+ O H,valid,,,
Coralloite,Mn^2+^Mn^3+^_2_(As^5+^O_4_)_2_(OH)_2_·4H_2_O,Mn^2+ Mn^3+ As^5+ O H,Mn^2+ Mn^3+ As^5+ O H,Mn As O H,Mn^2+ Mn^3+ As^5+ O H,valid,,,
Corderoite,Hg_3_S_2_Cl_2_,Hg S Cl,Hg S Cl,Hg S Cl,Hg S Cl,valid,,,
Cordierite,Mg_2_Al_3_(Si_5_AlO_18_),Mg Al Si O,Mg Al Si O,Mg Al Si O,Mg Al Si O,valid,,,
Cordylite-(Ce),"(Na,Ca,[box])BaCe^3+^_2_(CO_3_)_4_(F,O)",Na Ca Ba Ce^3+ C O F,Na Ca Ba Ce^3+ C O F,Na Ca Ba Ce C O F,Na Ca Ba Ce^3+ C O F,valid,,,
Cordylite-(La),NaCaBa_2_La_3_Sr(CO_3_)_8_F_2_,Na Ca Ba La Sr C O F,Na Ca Ba La Sr C O F,Na Ca Ba La Sr C O F,Na Ca Ba La Sr C O F,valid,,,
Corkite,Pb^2+^Fe^3+^_3_(S^6+^O_4_)(PO_4_)(OH)_6_,Pb^2+ Fe^3+ S^6+ O P H,Pb^2+ Fe^3+ S^6+ O P H,Pb Fe S O P H,Pb^2+ Fe^3+ S^6+ O P H,valid,,,
Cornetite,Cu^2+^_3_PO_4_(OH)_3_,Cu^2+ P O H,Cu^2+ P O H,Cu P O H,Cu^2+ P O H,valid,,,
Cornubite,Cu^2+^_5_(As^5+^O_4_)_2_(OH)_4_,Cu^2+ As^5+ O H,Cu^2+ As^5+ O H,Cu As O H,Cu^2+ As^5+ O H,valid,,,
Cornwallite,Cu^2+^_5_(As^5+^O_4_)_2_(OH)_4_,Cu^2+ As^5+ O H,Cu^2+ As^5+ O H,Cu As O H,Cu^2+ As^5+ O H,valid,,,
Coronadite,Pb^2+^(Mn^4+^_6_Mn^3+^_2_)O_16_,Pb^2+ Mn^4+ Mn^3+ O,Pb^2+ Mn^4+ Mn^3+ O,Pb Mn O,Pb^2+ Mn^4+ Mn^3+ O,valid,,,
Correianevesite,Fe^2+^Mn^2+^_2_(PO_4_)_2_·3H_2_O,Fe^2+ Mn^2+ P O H,Fe^2+ Mn^2+ P O H,Fe Mn P O H,Fe^2+ Mn^2+ P O H,valid,,,
Corrensite,"(Ca,Na,K)_1-x_(Mg,Fe^2+^,Al)_9_(Si,Al)_8_O_20_(OH)_10_·nH_2_O",Ca Na K Mg Fe^2+ Al Si O H,Ca Na K Mg Fe^2+ Al Si O H,Ca Na K Mg Fe Al Si O H,Ca Na K Mg Fe^2+ Al Si O H,valid,,,
Cortesognoite,CaV^3+^_2_Si_2_O_7_(OH)_2_·H_2_O,Ca V^3+ Si O H,Ca V^3+ Si O H,Ca V Si O H,Ca V^3+ Si O H,valid,,,
Corundum,Al_2_O_3_,Al O,Al O,Al O,Al O,valid,,,
Corvusite,"(Na,Ca,K)_1-x_(V^5+^,V^4+^,Fe^2+^)_8_O_20_·4H_2_O",Na Ca K V^5+ V^4+ Fe^2+ O H,Na Ca K V^5+ V^4+ Fe^2+ O H,Na Ca K V Fe O H,Na Ca K V^5+ V^4+ Fe^2+ O H,valid,,,
Cosalite,Pb^2+^_2_Bi^3+^_2_S^2-^_5_,Pb^2+ Bi^3+ S^2-,Pb^2+ Bi^3+ S^2-,Pb Bi S,Pb^2+ Bi^3+ S^2-,valid,,,
Coskrenite-(Ce),Ce^3+^_2_(S^6+^O_4_)_2_((C_2_)^6+^O_4_)·8H_2_O,Ce^3+ S^6+ O C H,Ce^3+ S^6+ O C H,Ce S O C H,Ce^3+ S^6+ O C H,valid,,,
Cossaite,"(Mg_0.5_,[box])Al_6_(S^6+^O_4_)_6_(HS^6+^O_4_)F_6_·36H_2_O",Mg Al S^6+ O H F,Mg Al S^6+ O H F,Mg Al S O H F,Mg Al S^6+ O H F,valid,,,
Costibite,Co^3+^(SbS)^3-^,Co^3+ Sb S,Co^3+ Sb S,Co Sb S,Co^3+ Sb S,valid,,,
Cotunnite,Pb^2+^Cl_2_,Pb^2+ Cl,Pb^2+ Cl,Pb Cl,Pb^2+ Cl,valid,,,
Coulsonite,Fe^2+^V^3+^_2_O_4_,Fe^2+ V^3+ O,Fe^2+ V^3+ O,Fe V O,Fe^2+ V^3+ O,valid,,,
Cousinite,MgU^4+^_2_(Mo^6+^O_4_)_2_(OH)_6_·2H_2_O (?),Mg U^4+ Mo^6+ O H,Mg U^4+ Mo^6+ O H,Mg U Mo O H,Mg U^4+ Mo^6+ O H,valid,,,
Coutinhoite,Th^4+^_x_Ba_1-2x_(U^6+^O_2_)_2_Si_5_O_13_·3H_2_O,Th^4+ Ba U^6+ O Si H,Th^4+ Ba U^6+ O Si H,Th Ba U O Si H,Th^4+ Ba U^6+ O Si H,valid,,,
Covellite,Cu^1+^S,Cu^1+ S,Cu^1+ S,Cu S,Cu^1+ S,valid,,,
Cowlesite,Ca(Al_2_Si_3_)O_10_·5-6H_2_O,Ca Al Si O H,Ca Al Si O H,Ca Al Si O H,Ca Al Si O H,valid,,,
Coyoteite,NaFe^3+^_3_S^2-^_5_·2H_2_O,Na Fe^3+ S^2- H O,Na Fe^3+ S^2- H O,Na Fe S H O,Na Fe^3+ S^2- H O,valid,,,
Crandallite,CaAl_3_(PO_4_)(PO_3_OH)(OH)_6_,Ca Al P O H,Ca Al P O H,Ca Al P O H,Ca Al P O H,valid,,,
Cranswickite,MgS^6+^O_4_·4H_2_O,Mg S^6+ O H,Mg S^6+ O H,Mg S O H,Mg S^6+ O H,valid,,,
Crawfordite,Na_3_Sr(PO_4_)(CO_3_),Na Sr P O C,Na Sr P O C,Na Sr P O C,Na Sr P O C,valid,,,
Creaseyite,Cu^2+^_2_Pb^2+^_2_Fe^3+^_2_Si_5_O_17_·6H_2_O,Cu^2+ Pb^2+ Fe^3+ Si O H,Cu^2+ Pb^2+ Fe^3+ Si O H,Cu Pb Fe Si O H,Cu^2+ Pb^2+ Fe^3+ Si O H,valid,,,
Crednerite,Cu^1+^Mn^3+^O_2_,Cu^1+ Mn^3+ O,Cu^1+ Mn^3+ O,Cu Mn O,Cu^1+ Mn^3+ O,valid,,,
Creedite,Ca_3_Al_2_(S^6+^O_4_)(OH)_2_F_8_·2H_2_O,Ca Al S^6+ O H F,Ca Al S^6+ O H F,Ca Al S O H F,Ca Al S^6+ O H F,valid,,,
Crerarite,"(Pt,Pb^2+^)Bi_3_(S^2-^,Se^2-^)_4-x_ (x = 0.4-0-8)",Pt Pb^2+ Bi S^2- Se^2-,Pt Pb^2+ Bi S^2- Se^2-,Pt Pb Bi S Se,Pt Pb^2+ Bi S^2- Se^2-,valid,,,
Crichtonite,"Sr(Mn^2+^,Y,U^6+^)Fe^2+^_2_(Ti^4+^,Fe^3+^,Cr^3+^,V^5+^)_18_(O,OH)_38_",Sr Mn^2+ Y U^6+ Fe^2+ Ti^4+ Fe^3+ Cr^3+ V^5+ O H,Sr Mn^2+ Y U^6+ Fe^2+ Ti^4+ Fe^3+ Cr^3+ V^5+ O H,Sr Mn Y U Fe Ti Cr V O H,Sr Mn^2+ Y U^6+ Fe^2+ Ti^4+ Fe^3+ Cr^3+ V^5+ O H,valid,,,
Criddleite,Ag_2_Au_3_TlSb_10_S_10_,Ag Au Tl Sb S,Ag Au Tl Sb S,Ag Au Tl Sb S,Ag Au Tl Sb S,valid,,,
Crimsonite,Pb^2+^Fe^3+^_2_(PO_4_)_2_(OH)_2_,Pb^2+ Fe^3+ P O H,Pb^2+ Fe^3+ P O H,Pb Fe P O H,Pb^2+ Fe^3+ P O H,valid,,,
Cristobalite,SiO_2_,Si O,Si O,Si O,Si O,valid,,,
Crocobelonite,CaFe^3+^_2_O(PO_4_)_2_,Ca Fe^3+ O P,Ca Fe^3+ O P,Ca Fe O P,Ca Fe^3+ O P,valid,,,
Crocoite,Pb^2+^Cr^6+^O_4_,Pb^2+ Cr^6+ O,Pb^2+ Cr^6+ O,Pb Cr O,Pb^2+ Cr^6+ O,valid,,,
Cronstedtite,"(Fe^2+^,Fe^3+^)_3_(Si,Fe^3+^)_2_O_5_(OH)_4_",Fe^2+ Fe^3+ Si O H,Fe^2+ Fe^3+ Si O H,Fe Si O H,Fe^2+ Fe^3+ Si O H,valid,,,
Cronusite,Ca_0.2_CrS_2_·2H_2_O,Ca Cr S H O,Ca Cr S H O,Ca Cr S H O,Ca Cr S H O,valid,,,
Crookesite,Cu^1+^_7_Tl^1+^Se^2-^_4_,Cu^1+ Tl^1+ Se^2-,Cu^1+ Tl^1+ Se^2-,Cu Tl Se,Cu^1+ Tl^1+ Se^2-,valid,,,
Crowningshieldite,(Ni_0.9_Fe_0.1_)S,Ni Fe S,Ni Fe S,Ni Fe S,Ni Fe S,valid,,,
Cryobostryxite,KZn^2+^Cl_3_·2H_2_O,K Zn^2+ Cl H O,K Zn^2+ Cl H O,K Zn Cl H O,K Zn^2+ Cl H O,valid,,,
Cryolite,Na_3_AlF_6_,Na Al F,Na Al F,Na Al F,Na Al F,valid,,,
Cryolithionite,Na_3_Al_2_(LiF_4_)_3_,Na Al Li F,Na Al Li F,Na Al Li F,Na Al Li F,valid,,,
Cryptochalcite,K_2_Cu^2+^_5_O(S^6+^O_4_)_5_,K Cu^2+ O S^6+,K Cu^2+ O S^6+,K Cu O S,K Cu^2+ O S^6+,valid,,,
Cryptohalite,(N^3-^H_4_)_2_SiF_6_,N^3- H Si F,N^3- H Si F,N H Si F,N^3- H Si F,valid,,,
Cryptomelane,K(Mn^4+^_7_Mn^3+^)O_16_,K Mn^4+ Mn^3+ O,K Mn^4+ Mn^3+ O,K Mn O,K Mn^4+ Mn^3+ O,valid,,,
Cryptophyllite,K_2_Ca[Si_4_O_10_]·5H_2_O,K Ca Si O H,K Ca Si O H,K Ca Si O H,K Ca Si O H,valid,,,
Cualstibite,Cu^2+^_2_AlSb^5+^(OH)_12_,Cu^2+ Al Sb^5+ O H,Cu^2+ Al Sb^5+ O H,Cu Al Sb O H,Cu^2+ Al Sb^5+ O H,valid,,,
Cuatrocapaite-(K),K_3_(NaMg[box])(As^3+^_2_O_3_)_6_Cl_6_·16H_2_O,K Na Mg As^3+ O Cl H,K Na Mg As^3+ O Cl H,K Na Mg As O Cl H,K Na Mg As^3+ O Cl H,valid,,,
Cuatrocapaite-(NH4),(N^3-^H_4_)_3_(NaMg[box])(As^3+^_2_O_3_)_6_Cl_6_·16H_2_O,N^3- H Na Mg As^3+ O Cl,N^3- H Na Mg As^3+ O Cl,N H Na Mg As O Cl,N^3- H Na Mg As^3+ O Cl,valid,,,
Cubanite,Cu^1+^Fe^2+^Fe^3+^S^2-^_3_,Cu^1+ Fe^2+ Fe^3+ S^2-,Cu^1+ Fe^2+ Fe^3+ S^2-,Cu Fe S,Cu^1+ Fe^2+ Fe^3+ S^2-,valid,,,
Cuboargyrite,Ag^1+^Sb^3+^S^2-^_2_,Ag^1+ Sb^3+ S^2-,Ag^1+ Sb^3+ S^2-,Ag Sb S,Ag^1+ Sb^3+ S^2-,valid,,,
Cubo-ice,H_2_O,H O,H O,H O,H O,valid,,,
Cubothioplumbite,[Pb^2+^_4_(OH)_4_]Pb^2+^(S^6+^O_3_S^2-^)_3_,Pb^2+ O H S^6+ S^2-,Pb^2+ O H S^6+ S^2-,Pb O H S,Pb^2+ O H S^6+ S^2-,valid,,,
Cumengeite,Pb^2+^_21_Cu^2+^_20_Cl_42_(OH)_40_·6H_2_O,Pb^2+ Cu^2+ Cl O H,Pb^2+ Cu^2+ Cl O H,Pb Cu Cl O H,Pb^2+ Cu^2+ Cl O H,valid,,,
Cummingtonite,[box]Mg_2_Mg_5_Si_8_O_22_(OH)_2_,Mg Si O H,Mg Si O H,Mg Si O H,Mg Si O H,valid,,,
Cupalite,CuAl,Cu Al,Cu Al,Cu Al,Cu Al,valid,,,
Cuprite,Cu^1+^_2_O,Cu^1+ O,Cu^1+ O,Cu O,Cu^1+ O,valid,,,
Cuproauride,Cu_3_Au,Cu Au,Cu Au,Cu Au,Cu Au,valid,,,
Cuprobismutite,Cu^1+^_8_Ag^1+^Bi^3+^_13_S^2-^_24_,Cu^1+ Ag^1+ Bi^3+ S^2-,Cu^1+ Ag^1+ Bi^3+ S^2-,Cu Ag Bi S,Cu^1+ Ag^1+ Bi^3+ S^2-,valid,,,
Cuprocherokeeite,[Pb^2+^_8_Zn^2+^_3_Cu^2+^(OH)_16_](S^6+^O_4_)_4_·4H_2_O,Pb^2+ Zn^2+ Cu^2+ O H S^6+,Pb^2+ Zn^2+ Cu^2+ O H S^6+,Pb Zn Cu O H S,Pb^2+ Zn^2+ Cu^2+ O H S^6+,valid,,,
Cuprocopiapite,Cu^2+^Fe^3+^_4_(S^6+^O_4_)_6_(OH)_2_·20H_2_O,Cu^2+ Fe^3+ S^6+ O H,Cu^2+ Fe^3+ S^6+ O H,Cu Fe S O H,Cu^2+ Fe^3+ S^6+ O H,valid,,,
Cuprodobrovolskyite,Na_4_Cu^2+^(S^6+^O_4_)_3_,Na Cu^2+ S^6+ O,Na Cu^2+ S^6+ O,Na Cu S O,Na Cu^2+ S^6+ O,valid,,,
Cuprodongchuanite,Pb^2+^_4_Cu^2+^Zn^2+^_2_(PO_4_)_4_(OH)_2_,Pb^2+ Cu^2+ Zn^2+ P O H,Pb^2+ Cu^2+ Zn^2+ P O H,Pb Cu Zn P O H,Pb^2+ Cu^2+ Zn^2+ P O H,valid,,,
Cuproiridsite,Cu^1+^Ir^3+^Ir^4+^S^2-^_4_,Cu^1+ Ir^3+ Ir^4+ S^2-,Cu^1+ Ir^3+ Ir^4+ S^2-,Cu Ir S,Cu^1+ Ir^3+ Ir^4+ S^2-,valid,,,
Cuprokalininite,Cu^1+^Cr^3+^Cr^4+^S^2-^_4_,Cu^1+ Cr^3+ Cr^4+ S^2-,Cu^1+ Cr^3+ Cr^4+ S^2-,Cu Cr S,Cu^1+ Cr^3+ Cr^4+ S^2-,valid,,,
Cupromakopavonite,Cu^1+^_8_Ag^1+^_3_Pb^2+^_4_Bi^3+^_19_S^2-^_38_,Cu^1+ Ag^1+ Pb^2+ Bi^3+ S^2-,Cu^1+ Ag^1+ Pb^2+ Bi^3+ S^2-,Cu Ag Pb Bi S,Cu^1+ Ag^1+ Pb^2+ Bi^3+ S^2-,valid,,,
Cupromakovickyite,Cu^1+^_4_Ag^1+^Pb^2+^_2_Bi^3+^_9_S^2-^_18_,Cu^1+ Ag^1+ Pb^2+ Bi^3+ S^2-,Cu^1+ Ag^1+ Pb^2+ Bi^3+ S^2-,Cu Ag Pb Bi S,Cu^1+ Ag^1+ Pb^2+ Bi^3+ S^2-,valid,,,
Cupromolybdite,Cu^2+^_3_O(Mo^6+^O_4_)_2_,Cu^2+ O Mo^6+,Cu^2+ O Mo^6+,Cu O Mo,Cu^2+ O Mo^6+,valid,,,
Cuproneyite,Cu^1+^_7_Pb^2+^_27_Bi^3+^_25_S^2-^_68_,Cu^1+ Pb^2+ Bi^3+ S^2-,Cu^1+ Pb^2+ Bi^3+ S^2-,Cu Pb Bi S,Cu^1+ Pb^2+ Bi^3+ S^2-,valid,,,
Cupropavonite,Cu^1+^_0.9_Ag^1+^_0.5_Pb^2+^_0.6_Bi^3+^_2.5_S^2-^_5_,Cu^1+ Ag^1+ Pb^2+ Bi^3+ S^2-,Cu^1+ Ag^1+ Pb^2+ Bi^3+ S^2-,Cu Ag Pb Bi S,Cu^1+ Ag^1+ Pb^2+ Bi^3+ S^2-,valid,,,
Cupropearceite,[Cu^1+^_6_As^3+^_2_S^2-^_7_][Ag^1+^_9_Cu^1+^S^2-^_4_],Cu^1+ As^3+ S^2- Ag^1+,Cu^1+ As^3+ S^2- Ag^1+,Cu As S Ag,Cu^1+ As^3+ S^2- Ag^1+,valid,,,
Cupropolybasite,[Cu^1+^_6_Sb^3+^_2_S^2-^_7_][Ag^1+^_9_Cu^1+^S^2-^_4_],Cu^1+ Sb^3+ S^2- Ag^1+,Cu^1+ Sb^3+ S^2- Ag^1+,Cu Sb S Ag,Cu^1+ Sb^3+ S^2- Ag^1+,valid,,,
Cuprorhodsite,(Cu^1+^_0.5_Fe^3+^_0.5_)Rh^3+^_2_S^2-^_4_,Cu^1+ Fe^3+ Rh^3+ S^2-,Cu^1+ Fe^3+ Rh^3+ S^2-,Cu Fe Rh S,Cu^1+ Fe^3+ Rh^3+ S^2-,valid,,,
Cuprorivaite,CaCu^2+^Si_4_O_10_,Ca Cu^2+ Si O,Ca Cu^2+ Si O,Ca Cu Si O,Ca Cu^2+ Si O,valid,,,
Cuprosenandorite,Ag^1+^_16_Cu^1+^_8_Pb^2+^_24_Sb^3+^_72_S^2-^_144_,Ag^1+ Cu^1+ Pb^2+ Sb^3+ S^2-,Ag^1+ Cu^1+ Pb^2+ Sb^3+ S^2-,Ag Cu Pb Sb S,Ag^1+ Cu^1+ Pb^2+ Sb^3+ S^2-,valid,,,
Cuprosklodowskite,Cu^2+^(U^6+^O_2_)_2_(SiO_3_OH)_2_·6H_2_O,Cu^2+ U^6+ O Si H,Cu^2+ U^6+ O Si H,Cu U O Si H,Cu^2+ U^6+ O Si H,valid,,,
Cuprospinel,Cu^2+^Fe^3+^_2_O_4_,Cu^2+ Fe^3+ O,Cu^2+ Fe^3+ O,Cu Fe O,Cu^2+ Fe^3+ O,valid,,,
Cuprostibite,"Cu_2_(Sb,Tl)",Cu Sb Tl,Cu Sb Tl,Cu Sb Tl,Cu Sb Tl,valid,,,
Cuprotungstite,Cu^2+^_3_(W^6+^O_4_)_2_(OH)_2_,Cu^2+ W^6+ O H,Cu^2+ W^6+ O H,Cu W O H,Cu^2+ W^6+ O H,valid,,,
Cuprozheshengite,Pb^2+^_4_Cu^2+^Zn^2+^_2_(As^5+^O_4_)_2_(PO_4_)_2_(OH)_2_,Pb^2+ Cu^2+ Zn^2+ As^5+ O P H,Pb^2+ Cu^2+ Zn^2+ As^5+ O P H,Pb Cu Zn As O P H,Pb^2+ Cu^2+ Zn^2+ As^5+ O P H,valid,,,
Curetonite,"Ba(Al,Ti^4+^)(PO_4_)(OH,O)F",Ba Al Ti^4+ P O H F,Ba Al Ti^4+ P O H F,Ba Al Ti P O H F,Ba Al Ti^4+ P O H F,valid,,,
Curienite,Pb^2+^(U^6+^O_2_)_2_(V^5+^O_4_)_2_·5H_2_O,Pb^2+ U^6+ O V^5+ H,Pb^2+ U^6+ O V^5+ H,Pb U O V H,Pb^2+ U^6+ O V^5+ H,valid,,,
Curite,Pb^2+^_3+x_[(U^6+^O_2_)_4_O_4+x_(OH)_3-x_]_2_·2H_2_O,Pb^2+ U^6+ O H,Pb^2+ U^6+ O H,Pb U O H,Pb^2+ U^6+ O H,valid,,,
Currierite,Na_4_Ca_3_MgAl_4_(As^5+^O_3_OH)_12_·9H_2_O,Na Ca Mg Al As^5+ O H,Na Ca Mg Al As^5+ O H,Na Ca Mg Al As O H,Na Ca Mg Al As^5+ O H,valid,,,
Cuspidine,Ca_4_(Si_2_O_7_)F_2_,Ca Si O F,Ca Si O F,Ca Si O F,Ca Si O F,valid,,,
Cuyaite,Ca_2_Mn^3+^As^3+^_14_O_24_Cl,Ca Mn^3+ As^3+ O Cl,Ca Mn^3+ As^3+ O Cl,Ca Mn As O Cl,Ca Mn^3+ As^3+ O Cl,valid,,,
Cuzticite,Fe^3+^_2_Te^6+^O_6_·3H_2_O,Fe^3+ Te^6+ O H,Fe^3+ Te^6+ O H,Fe Te O H,Fe^3+ Te^6+ O H,valid,,,
Cyanochroite,K_2_Cu^2+^(S^6+^O_4_)_2_·6H_2_O,K Cu^2+ S^6+ O H,K Cu^2+ S^6+ O H,K Cu S O H,K Cu^2+ S^6+ O H,valid,,,
Cyanotrichite,Cu^2+^_4_Al_2_S^6+^O_4_(OH)_12_·2H_2_O,Cu^2+ Al S^6+ O H,Cu^2+ Al S^6+ O H,Cu Al S O H,Cu^2+ Al S^6+ O H,valid,,,
Cylindrite,FePb_3_Sn_4_Sb_2_S_14_,Fe Pb Sn Sb S,Fe Pb Sn Sb S,Fe Pb Sn Sb S,Fe Pb Sn Sb S,valid,,,
Cymrite,"Ba(Si,Al)_4_(O,OH)_8_·H_2_O",Ba Si Al O H,Ba Si Al O H,Ba Si Al O H,Ba Si Al O H,valid,,,
Cyprine,Ca_19_Cu^2+^(Al_11_Mg)(SiO_4_)_10_(Si_2_O_7_)_4_O(OH)_9_,Ca Cu^2+ Al Mg Si O H,Ca Cu^2+ Al Mg Si O H,Ca Cu Al Mg Si O H,Ca Cu^2+ Al Mg Si O H,valid,,,
Cyrilovite,NaFe^3+^_3_(PO_4_)_2_(OH)_4_·2H_2_O,Na Fe^3+ P O H,Na Fe^3+ P O H,Na Fe P O H,Na Fe^3+ P O H,valid,,,
Czochralskiite,Na_4_Ca_3_Mg(PO_4_)_4_,Na Ca Mg P O,Na Ca Mg P O,Na Ca Mg P O,Na Ca Mg P O,valid,,,
Dachiardite-Ca,Ca_2_(Si_20_Al_4_)O_48_·13H_2_O,Ca Si Al O H,Ca Si Al O H,Ca Si Al O H,Ca Si Al O H,valid,,,
Dachiardite-K,K_4_(Si_20_Al_4_)O_48_·13H_2_O,K Si Al O H,K Si Al O H,K Si Al O H,K Si Al O H,valid,,,
Dachiardite-Na,Na_4_(Si_20_Al_4_)O_48_·13H_2_O,Na Si Al O H,Na Si Al O H,Na Si Al O H,Na Si Al O H,valid,,,
Dacostaite,K(Mg_2_Al)[Mg(H_2_O)_6_]_2_(As^5+^O_4_)_2_F_6_·2H_2_O,K Mg Al H O As^5+ F,K Mg Al H O As^5+ F,K Mg Al H O As F,K Mg Al H O As^5+ F,valid,,,
Dadsonite,Pb^2+^_23_Sb^3+^_25_S^2-^_60_Cl,Pb^2+ Sb^3+ S^2- Cl,Pb^2+ Sb^3+ S^2- Cl,Pb Sb S Cl,Pb^2+ Sb^3+ S^2- Cl,valid,,,
Dagenaisite,Zn^2+^_3_Te^6+^O_6_,Zn^2+ Te^6+ O,Zn^2+ Te^6+ O,Zn Te O,Zn^2+ Te^6+ O,valid,,,
Daliranite,Pb^2+^Hg^2+^As^3+^_2_S^2-^_5_,Pb^2+ Hg^2+ As^3+ S^2-,Pb^2+ Hg^2+ As^3+ S^2-,Pb Hg As S,Pb^2+ Hg^2+ As^3+ S^2-,valid,,,
Dalnegorskite,Ca_5_Mn^2+^(Si_3_O_9_)_2_,Ca Mn^2+ Si O,Ca Mn^2+ Si O,Ca Mn Si O,Ca Mn^2+ Si O,valid,,,
Dalnegroite,"Tl^1+^_4_Pb^2+^_2_(As^3+^,Sb^3+^)_20_S^2-^_34_",Tl^1+ Pb^2+ As^3+ Sb^3+ S^2-,Tl^1+ Pb^2+ As^3+ Sb^3+ S^2-,Tl Pb As Sb S,Tl^1+ Pb^2+ As^3+ Sb^3+ S^2-,valid,,,
Dalyite,K_2_Zr^4+^Si_6_O_15_,K Zr^4+ Si O,K Zr^4+ Si O,K Zr Si O,K Zr^4+ Si O,valid,,,
Damaraite,Pb^2+^_3_O_2_(OH)Cl,Pb^2+ O H Cl,Pb^2+ O H Cl,Pb O H Cl,Pb^2+ O H Cl,valid,,,
Damiaoite,PtIn_2_,Pt In,Pt In,Pt In,Pt In,valid,,,
Danalite,Be_3_Fe^2+^_4_(SiO_4_)_3_S^2-^,Be Fe^2+ Si O S^2-,Be Fe^2+ Si O S^2-,Be Fe Si O S,Be Fe^2+ Si O S^2-,valid,,,
Danbaite,CuZn_2_,Cu Zn,Cu Zn,Cu Zn,Cu Zn,valid,,,
Danburite,CaB_2_Si_2_O_8_,Ca B Si O,Ca B Si O,Ca B Si O,Ca B Si O,valid,,,
Danielsite,"(Cu,Ag)_14_HgS_8_",Cu Ag Hg S,Cu Ag Hg S,Cu Ag Hg S,Cu Ag Hg S,valid,,,
D'ansite,Na_21_Mg(S^6+^O_4_)_10_Cl_3_,Na Mg S^6+ O Cl,Na Mg S^6+ O Cl,Na Mg S O Cl,Na Mg S^6+ O Cl,valid,,,
D'ansite-(Fe),Na_21_Fe^2+^(S^6+^O_4_)_10_Cl_3_,Na Fe^2+ S^6+ O Cl,Na Fe^2+ S^6+ O Cl,Na Fe S O Cl,Na Fe^2+ S^6+ O Cl,valid,,,
D'ansite-(Mn),Na_21_Mn^2+^(S^6+^O_4_)_10_Cl_3_,Na Mn^2+ S^6+ O Cl,Na Mn^2+ S^6+ O Cl,Na Mn S O Cl,Na Mn^2+ S^6+ O Cl,valid,,,
Dantopaite,Ag^1+^_5_Bi^3+^_13_S^2-^_22_,Ag^1+ Bi^3+ S^2-,Ag^1+ Bi^3+ S^2-,Ag Bi S,Ag^1+ Bi^3+ S^2-,valid,,,
Daomanite,CuPtAsS_2_,Cu Pt As S,Cu Pt As S,Cu Pt As S,Cu Pt As S,valid,,,
Daqingshanite-(Ce),Sr_3_Ce^3+^PO_4_(CO_3_)_3_,Sr Ce^3+ P O C,Sr Ce^3+ P O C,Sr Ce P O C,Sr Ce^3+ P O C,valid,,,
Darapiosite,KNa_2_Mn^2+^_2_(Li_2_Zn^2+^Si_12_)O_30_,K Na Mn^2+ Li Zn^2+ Si O,K Na Mn^2+ Li Zn^2+ Si O,K Na Mn Li Zn Si O,K Na Mn^2+ Li Zn^2+ Si O,valid,,,
Darapskite,Na_3_(S^6+^O_4_)(N^5+^O_3_)·H_2_O,Na S^6+ O N^5+ H,Na S^6+ O N^5+ H,Na S O N H,Na S^6+ O N^5+ H,valid,,,
Dargaite,BaCa_12_(SiO_4_)_4_(S^6+^O_4_)_2_O_3_,Ba Ca Si O S^6+,Ba Ca Si O S^6+,Ba Ca Si O S,Ba Ca Si O S^6+,valid,,,
Darrellhenryite,NaLiAl_2_Al_6_(BO_3_)_3_Si_6_O_18_(OH)_3_O,Na Li Al B O Si H,Na Li Al B O Si H,Na Li Al B O Si H,Na Li Al B O Si H,valid,,,
Dashkovaite,Mg(HCOO)^1-^_2_·2H_2_O,Mg H C O,Mg H C O,Mg H C O,Mg H C O,valid,,,
Datolite,CaB(SiO_4_)(OH),Ca B Si O H,Ca B Si O H,Ca B Si O H,Ca B Si O H,valid,,,
Daubréeite,Bi^3+^O(OH),Bi^3+ O H,Bi^3+ O H,Bi O H,Bi^3+ O H,valid,,,
Daubréelite,Fe^2+^Cr^3+^_2_S^2-^_4_,Fe^2+ Cr^3+ S^2-,Fe^2+ Cr^3+ S^2-,Fe Cr S,Fe^2+ Cr^3+ S^2-,valid,,,
Davanite,K_2_Ti^4+^Si_6_O_15_,K Ti^4+ Si O,K Ti^4+ Si O,K Ti Si O,K Ti^4+ Si O,valid,,,
Davemaoite,CaSiO_3_,Ca Si O,Ca Si O,Ca Si O,Ca Si O,valid,,,
Davidbrownite-(NH4),(N^3-^H_4_)_5_(V^4+^O)_2_((C_2_)^6+^O_4_)[PO_2.75_(OH)_1.25_]_4_·3H_2_O,N^3- H V^4+ O C P,N^3- H V^4+ O C P,N H V O C P,N^3- H V^4+ O C P,valid,,,
Davidite-(Ce),"Ce^3+^(Y,U^4+^)Fe^3+^_2_(Ti^4+^,Fe^3+^,Cr^3+^,V^5+^)_18_(O,OH,F)_38_",Ce^3+ Y U^4+ Fe^3+ Ti^4+ Cr^3+ V^5+ O H F,Ce^3+ Y U^4+ Fe^3+ Ti^4+ Cr^3+ V^5+ O H F,Ce Y U Fe Ti Cr V O H F,Ce^3+ Y U^4+ Fe^3+ Ti^4+ Cr^3+ V^5+ O H F,valid,,,
Davidite-(La),"La^3+^(Y,U^4+^)Fe^3+^_2_(Ti^4+^,Fe^3+^,Cr^3+^,V^5+^)_18_(O,OH,F)_38_",La^3+ Y U^4+ Fe^3+ Ti^4+ Cr^3+ V^5+ O H F,La^3+ Y U^4+ Fe^3+ Ti^4+ Cr^3+ V^5+ O H F,La Y U Fe Ti Cr V O H F,La^3+ Y U^4+ Fe^3+ Ti^4+ Cr^3+ V^5+ O H F,valid,,,
Davidlloydite,Zn^2+^_3_(As^5+^O_4_)_2_·4H_2_O,Zn^2+ As^5+ O H,Zn^2+ As^5+ O H,Zn As O H,Zn^2+ As^5+ O H,valid,,,
Davidsmithite,"(Ca,[box])_2_Na_6_Al_8_Si_8_O_32_",Ca Na Al Si O,Ca Na Al Si O,Ca Na Al Si O,Ca Na Al Si O,valid,,,
Davinciite,Na_12_K_3_Ca_6_Fe^2+^_3_Zr^4+^_3_(Si_26_O_73_OH)Cl_2_,Na K Ca Fe^2+ Zr^4+ Si O H Cl,Na K Ca Fe^2+ Zr^4+ Si O H Cl,Na K Ca Fe Zr Si O H Cl,Na K Ca Fe^2+ Zr^4+ Si O H Cl,valid,,,
Davisite,CaScAlSiO_6_,Ca Sc Al Si O,Ca Sc Al Si O,Ca Sc Al Si O,Ca Sc Al Si O,valid,,,
Davreuxite,Mn^2+^Al_6_Si_4_O_17_(OH)_2_,Mn^2+ Al Si O H,Mn^2+ Al Si O H,Mn Al Si O H,Mn^2+ Al Si O H,valid,,,
Davyne,"(Na,K)_6_Ca_2_(Si_6_Al_6_)O_24_Cl_3_(S^6+^O_4_)_0.5_",Na K Ca Si Al O Cl S^6+,Na K Ca Si Al O Cl S^6+,Na K Ca Si Al O Cl S,Na K Ca Si Al O Cl S^6+,valid,,,
Dawsonite,NaAlCO_3_(OH)_2_,Na Al C O H,Na Al C O H,Na Al C O H,Na Al C O H,valid,,,
Deanesmithite,Hg^1+^_2_Hg^2+^_3_S^2-^_2_OCr^6+^O_4_,Hg^1+ Hg^2+ S^2- O Cr^6+,Hg^1+ Hg^2+ S^2- O Cr^6+,Hg S O Cr,Hg^1+ Hg^2+ S^2- O Cr^6+,valid,,,
Debattistiite,Ag_9_Hg_0.5_As_6_S_12_Te_2_,Ag Hg As S Te,Ag Hg As S Te,Ag Hg As S Te,Ag Hg As S Te,valid,,,
Decagonite,Al_71_Ni_24_Fe_5_,Al Ni Fe,Al Ni Fe,Al Ni Fe,Al Ni Fe,valid,,,
Decrespignyite-(Y),Y_4_Cu^2+^(CO_3_)_4_Cl(OH)_5_·2H_2_O,Y Cu^2+ C O Cl H,Y Cu^2+ C O Cl H,Y Cu C O Cl H,Y Cu^2+ C O Cl H,valid,,,
Deerite,Fe^2+^_6_Fe^3+^_3_(Si_6_O_17_)O_3_(OH)_5_,Fe^2+ Fe^3+ Si O H,Fe^2+ Fe^3+ Si O H,Fe Si O H,Fe^2+ Fe^3+ Si O H,valid,,,
Defernite,Ca_6_(CO_3_)_1.58_(Si_2_O_7_)_0.21_(OH)_7_[Cl_0.50_(OH)_0.08_(H_2_O)_0.42_],Ca C O Si H Cl,Ca C O Si H Cl,Ca C O Si H Cl,Ca C O Si H Cl,valid,,,
Dekatriasartorite,Tl^1+^Pb^2+^_58_As^3+^_97_S^2-^_204_,Tl^1+ Pb^2+ As^3+ S^2-,Tl^1+ Pb^2+ As^3+ S^2-,Tl Pb As S,Tl^1+ Pb^2+ As^3+ S^2-,valid,,,
Delafossite,Cu^1+^Fe^3+^O_2_,Cu^1+ Fe^3+ O,Cu^1+ Fe^3+ O,Cu Fe O,Cu^1+ Fe^3+ O,valid,,,
Delchiaroite,Cu_3_I(CH_3_S)_2_,Cu I C H S,Cu I C H S,Cu I C H S,Cu I C H S,valid,,,
Delhayelite,K_7_Na_3_Ca_5_Al_2_Si_14_O_38_F_4_Cl_2_,K Na Ca Al Si O F Cl,K Na Ca Al Si O F Cl,K Na Ca Al Si O F Cl,K Na Ca Al Si O F Cl,valid,,,
Delhuyarite-(Ce),Ce^3+^_4_Mg(Fe^3+^_2_W^6+^)[box](Si_2_O_7_)_2_O_6_(OH)_2_,Ce^3+ Mg Fe^3+ W^6+ Si O H,Ce^3+ Mg Fe^3+ W^6+ Si O H,Ce Mg Fe W Si O H,Ce^3+ Mg Fe^3+ W^6+ Si O H,valid,,,
Deliensite,Fe^2+^(U^6+^O_2_)_2_(S^6+^O_4_)_2_(OH)_2_·7H_2_O,Fe^2+ U^6+ O S^6+ H,Fe^2+ U^6+ O S^6+ H,Fe U O S H,Fe^2+ U^6+ O S^6+ H,valid,,,
Delindeite,Ba_2_Ti^4+^_2_(Na_2_[box])Ti^4+^(Si_2_O_7_)_2_(OH)_2_(H_2_O)_2_O_2_,Ba Ti^4+ Na Si O H,Ba Ti^4+ Na Si O H,Ba Ti Na Si O H,Ba Ti^4+ Na Si O H,valid,,,
Dellagiustaite,V^2+^Al_2_O_4_,V^2+ Al O,V^2+ Al O,V Al O,V^2+ Al O,valid,,,
Dellaite,Ca_6_(Si_2_O_7_)(SiO_4_)(OH)_2_,Ca Si O H,Ca Si O H,Ca Si O H,Ca Si O H,valid,,,
Deloneite,(Na_0.5_REE_0.25_Ca_0.25_)(Ca_0.75_REE_0.25_)Sr_1.5_(CaNa_0.25_REE_0.25_)(PO_4_)_3_F_0.5_(OH)_0.5_,Na REE Ca Sr P O F H,Na REE Ca Sr P O F H,Na REE Ca Sr P O F H,Na REE Ca Sr P O F H,valid,,,
Deloryite,Cu^2+^_4_(U^6+^O_2_)(Mo^6+^O_4_)_2_(OH)_6_,Cu^2+ U^6+ O Mo^6+ H,Cu^2+ U^6+ O Mo^6+ H,Cu U O Mo H,Cu^2+ U^6+ O Mo^6+ H,valid,,,
Delrioite,Sr(V^5+^O_3_)_2_·4H_2_O,Sr V^5+ O H,Sr V^5+ O H,Sr V O H,Sr V^5+ O H,valid,,,
Deltalumite,(Al_0.67_[box]_0.33_)Al_2_O_4_,Al O,Al O,Al O,Al O,valid,,,
Deltanitrogen,N,N,N,N,N,valid,,,
Delvauxite,CaFe^3+^_4_(PO_4_)_2_(OH)_8_·4-5H_2_O,Ca Fe^3+ P O H,Ca Fe^3+ P O H,Ca Fe P O H,Ca Fe^3+ P O H,valid,,,
Demagistrisite,BaCa_2_Mn^3+^_4_(Si_3_O_10_)(Si_2_O_7_)(OH)_4_·3H_2_O,Ba Ca Mn^3+ Si O H,Ba Ca Mn^3+ Si O H,Ba Ca Mn Si O H,Ba Ca Mn^3+ Si O H,valid,,,
Demartinite,K_2_SiF_6_,K Si F,K Si F,K Si F,K Si F,valid,,,
Demesmaekerite,Pb^2+^_2_Cu^2+^_5_(U^6+^O_2_)_2_(Se^4+^O_3_)_6_(OH)_6_·2H_2_O,Pb^2+ Cu^2+ U^6+ O Se^4+ H,Pb^2+ Cu^2+ U^6+ O Se^4+ H,Pb Cu U O Se H,Pb^2+ Cu^2+ U^6+ O Se^4+ H,valid,,,
Demicheleite-(Br),Bi^3+^S^2-^Br,Bi^3+ S^2- Br,Bi^3+ S^2- Br,Bi S Br,Bi^3+ S^2- Br,valid,,,
Demicheleite-(Cl),Bi^3+^S^2-^Cl,Bi^3+ S^2- Cl,Bi^3+ S^2- Cl,Bi S Cl,Bi^3+ S^2- Cl,valid,,,
Demicheleite-(I),Bi^3+^S^2-^I^1-^,Bi^3+ S^2- I^1-,Bi^3+ S^2- I^1-,Bi S I,Bi^3+ S^2- I^1-,valid,,,
Dendoraite-(NH4),(N^3-^H_4_)_2_NaAl((C_2_)^6+^O_4_)(PO_3_OH)_2_(H_2_O)_2_,N^3- H Na Al C O P,N^3- H Na Al C O P,N H Na Al C O P,N^3- H Na Al C O P,valid,,,
Denisovite,KCa_2_Si_3_O_8_F,K Ca Si O F,K Ca Si O F,K Ca Si O F,K Ca Si O F,valid,,,
Denningite,CaMn^2+^Te^4+^_4_O_10_,Ca Mn^2+ Te^4+ O,Ca Mn^2+ Te^4+ O,Ca Mn Te O,Ca Mn^2+ Te^4+ O,valid,,,
Depmeierite,"Na_8_(Al_6_Si_6_O_24_)(PO_4_,CO_3_)_1-x_·3H_2_O; (x<0.5)",Na Al Si O P C H,Na Al Si O P C H,Na Al Si O P C H,Na Al Si O P C H,valid,,,
Derbylite,Fe^3+^_4_Ti^4+^_3_Sb^3+^O_13_(OH),Fe^3+ Ti^4+ Sb^3+ O H,Fe^3+ Ti^4+ Sb^3+ O H,Fe Ti Sb O H,Fe^3+ Ti^4+ Sb^3+ O H,valid,,,
Derriksite,Cu^2+^_4_(U^6+^O_2_)(Se^4+^O_3_)_2_(OH)_6_,Cu^2+ U^6+ O Se^4+ H,Cu^2+ U^6+ O Se^4+ H,Cu U O Se H,Cu^2+ U^6+ O Se^4+ H,valid,,,
Dervillite,Ag_2_AsS_2_,Ag As S,Ag As S,Ag As S,Ag As S,valid,,,
Desautelsite,Mg_6_Mn^3+^_2_(OH)_16_(CO_3_)·4H_2_O,Mg Mn^3+ O H C,Mg Mn^3+ O H C,Mg Mn O H C,Mg Mn^3+ O H C,valid,,,
Descloizite,Pb^2+^Zn^2+^V^5+^O_4_(OH),Pb^2+ Zn^2+ V^5+ O H,Pb^2+ Zn^2+ V^5+ O H,Pb Zn V O H,Pb^2+ Zn^2+ V^5+ O H,valid,,,
Désorite,Pb^2+^_2_(Fe^3+^_6_Zn^2+^)O_2_(PO_4_)_4_(OH)_8_,Pb^2+ Fe^3+ Zn^2+ O P H,Pb^2+ Fe^3+ Zn^2+ O P H,Pb Fe Zn O P H,Pb^2+ Fe^3+ Zn^2+ O P H,valid,,,
Despujolsite,Ca_3_Mn^4+^(S^6+^O_4_)_2_(OH)_6_·3H_2_O,Ca Mn^4+ S^6+ O H,Ca Mn^4+ S^6+ O H,Ca Mn S O H,Ca Mn^4+ S^6+ O H,valid,,,
Dessauite-(Y),"Sr^2+^(Y,U^4+^,Mn^2+^)Fe^3+^_2_(Ti^4+^,Fe^3+^,Cr^3+^,V^5+^)_18_(O,OH)_38_",Sr^2+ Y U^4+ Mn^2+ Fe^3+ Ti^4+ Cr^3+ V^5+ O H,Sr^2+ Y U^4+ Mn^2+ Fe^3+ Ti^4+ Cr^3+ V^5+ O H,Sr Y U Mn Fe Ti Cr V O H,Sr^2+ Y U^4+ Mn^2+ Fe^3+ Ti^4+ Cr^3+ V^5+ O H,valid,,,
Destinezite,Fe^3+^_2_(PO_4_)(S^6+^O_4_)(OH)·6H_2_O,Fe^3+ P O S^6+ H,Fe^3+ P O S^6+ H,Fe P O S H,Fe^3+ P O S^6+ H,valid,,,
Deveroite-(Ce),Ce^3+^_2_((C_2_)^6+^O_4_)_3_·10H_2_O,Ce^3+ C O H,Ce^3+ C O H,Ce C O H,Ce^3+ C O H,valid,,,
Devilliersite,Ca_4_Ca_2_Fe^3+^_10_O_4_[(Fe^3+^_10_Si_2_)O_36_],Ca Fe^3+ O Si,Ca Fe^3+ O Si,Ca Fe O Si,Ca Fe^3+ O Si,valid,,,
Devilline,CaCu^2+^_4_(S^6+^O_4_)_2_(OH)_6_·3H_2_O,Ca Cu^2+ S^6+ O H,Ca Cu^2+ S^6+ O H,Ca Cu S O H,Ca Cu^2+ S^6+ O H,valid,,,
Devitoite,Ba_6_Fe^2+^_7_Fe^3+^_2_(Si_4_O_12_)_2_(PO_4_)_2_(CO_3_)O_2_(OH)_4_,Ba Fe^2+ Fe^3+ Si O P C H,Ba Fe^2+ Fe^3+ Si O P C H,Ba Fe Si O P C H,Ba Fe^2+ Fe^3+ Si O P C H,valid,,,
Dewindtite,H_2_Pb^2+^_3_(U^6+^O_2_)_6_O_4_(PO_4_)_4_·12H_2_O,H Pb^2+ U^6+ O P,H Pb^2+ U^6+ O P,H Pb U O P,H Pb^2+ U^6+ O P,valid,,,
Dewitite,"Ag^1+^_z_Tl^1+^_10-x-z_Pb^2+^_2x_Sb^3+^_42-x-y_As^3+^_y_S^2-^_68_ (0.09 ≤ x ≤ 2.13, 13.99 ≤ y ≤ 19.79, 0.10 ≤ z ≤ 0.50)",Ag^1+ Tl^1+ Pb^2+ Sb^3+ As^3+ S^2-,Ag^1+ Tl^1+ Pb^2+ Sb^3+ As^3+ S^2-,Ag Tl Pb Sb As S,Ag^1+ Tl^1+ Pb^2+ Sb^3+ As^3+ S^2-,valid,,,
Deynekoite,Ca_9_[box]Fe^3+^(PO_4_)_7_,Ca Fe^3+ P O,Ca Fe^3+ P O,Ca Fe P O,Ca Fe^3+ P O,valid,,,
Diaboleite,Cu^2+^Pb^2+^_2_Cl_2_(OH)_4_,Cu^2+ Pb^2+ Cl O H,Cu^2+ Pb^2+ Cl O H,Cu Pb Cl O H,Cu^2+ Pb^2+ Cl O H,valid,,,
Diadochite,Fe^3+^_2_(PO_4_)(S^6+^O_4_)(OH)·6H_2_O,Fe^3+ P O S^6+ H,Fe^3+ P O S^6+ H,Fe P O S H,Fe^3+ P O S^6+ H,valid,,,
Diamond,C,C,C,C,C,valid,,,
Diaoyudaoite,NaAl_11_O_17_,Na Al O,Na Al O,Na Al O,Na Al O,valid,,,
Diaphorite,Ag^1+^_3_Pb^2+^_2_Sb^3+^_3_S^2-^_8_,Ag^1+ Pb^2+ Sb^3+ S^2-,Ag^1+ Pb^2+ Sb^3+ S^2-,Ag Pb Sb S,Ag^1+ Pb^2+ Sb^3+ S^2-,valid,,,
Diaspore,AlO(OH),Al O H,Al O H,Al O H,Al O H,valid,,,
Dickinsonite-(KMnNa),K(NaMn^2+^)CaNa_3_AlMn^2+^_13_(PO_4_)_12_(OH)_2_,K Na Mn^2+ Ca Al P O H,K Na Mn^2+ Ca Al P O H,K Na Mn Ca Al P O H,K Na Mn^2+ Ca Al P O H,valid,,,
Dickite,Al_2_Si_2_O_5_(OH)_4_,Al Si O H,Al Si O H,Al Si O H,Al Si O H,valid,,,
Dickthomssenite,MgV^5+^_2_O_6_·7H_2_O,Mg V^5+ O H,Mg V^5+ O H,Mg V O H,Mg V^5+ O H,valid,,,
Diegogattaite,Na_2_CaCu^2+^_2_Si_8_O_20_·H_2_O,Na Ca Cu^2+ Si O H,Na Ca Cu^2+ Si O H,Na Ca Cu Si O H,Na Ca Cu^2+ Si O H,valid,,,
Dienerite,Ni_3_As,Ni As,Ni As,Ni As,Ni As,valid,,,
Dietrichite,Zn^2+^Al_2_(S^6+^O_4_)_4_·22H_2_O,Zn^2+ Al S^6+ O H,Zn^2+ Al S^6+ O H,Zn Al S O H,Zn^2+ Al S^6+ O H,valid,,,
Dietzeite,Ca_2_(I^5+^O_3_)_2_Cr^6+^O_4_·H_2_O,Ca I^5+ O Cr^6+ H,Ca I^5+ O Cr^6+ H,Ca I O Cr H,Ca I^5+ O Cr^6+ H,valid,,,
Digenite,Cu_1.8_S,Cu S,Cu S,Cu S,Cu S,valid,,,
Dimorphite,As_4_S_3_,As S,As S,As S,As S,valid,,,
Dingdaohengite-(Ce),"(Ce^3+^,La^3+^)_4_Fe^2+^(Ti^4+^,Fe^2+^,Mg,Fe^3+^)_2_Ti^4+^_2_Si_4_O_22_",Ce^3+ La^3+ Fe^2+ Ti^4+ Mg Fe^3+ Si O,Ce^3+ La^3+ Fe^2+ Ti^4+ Mg Fe^3+ Si O,Ce La Fe Ti Mg Si O,Ce^3+ La^3+ Fe^2+ Ti^4+ Mg Fe^3+ Si O,valid,,,
Dinilawiite,[Pb^2+^_4_OAl(OH)_6_]_2_(S^6+^O_3_S^2-^)_2_·(S^6+^O_3_S^2-^)(H_2_O)_5_,Pb^2+ O Al H S^6+ S^2-,Pb^2+ O Al H S^6+ S^2-,Pb O Al H S,Pb^2+ O Al H S^6+ S^2-,valid,,,
Dinite,C_20_H_36_,C H,C H,C H,C H,valid,,,
Diopside,CaMgSi_2_O_6_,Ca Mg Si O,Ca Mg Si O,Ca Mg Si O,Ca Mg Si O,valid,,,
Dioptase,Cu^2+^SiO_3_·H_2_O,Cu^2+ Si O H,Cu^2+ Si O H,Cu Si O H,Cu^2+ Si O H,valid,,,
Dioskouriite,CaCu^2+^_4_Cl_6_(OH)_4_·4H_2_O,Ca Cu^2+ Cl O H,Ca Cu^2+ Cl O H,Ca Cu Cl O H,Ca Cu^2+ Cl O H,valid,,,
Direnzoite,NaK_6_MgCa_2_(Al_13_Si_47_)O_120_·36H_2_O,Na K Mg Ca Al Si O H,Na K Mg Ca Al Si O H,Na K Mg Ca Al Si O H,Na K Mg Ca Al Si O H,valid,,,
Dissakisite-(Ce),CaCe^3+^MgAl_2_(Si_2_O_7_)(SiO_4_)O(OH),Ca Ce^3+ Mg Al Si O H,Ca Ce^3+ Mg Al Si O H,Ca Ce Mg Al Si O H,Ca Ce^3+ Mg Al Si O H,valid,,,
Dissakisite-(La),CaLaMgAl_2_(Si_2_O_7_)(SiO_4_)O(OH),Ca La Mg Al Si O H,Ca La Mg Al Si O H,Ca La Mg Al Si O H,Ca La Mg Al Si O H,valid,,,
Disulfodadsonite,Pb^2+^_11_Sb^3+^_13_S^2-^_30_(S_2_)^2-^_0.5_,Pb^2+ Sb^3+ S^2- S,Pb^2+ Sb^3+ S^2- S,Pb Sb S,Pb^2+ Sb^3+ S^2- S,valid,,,
Dittmarite,(N^3-^H_4_)MgPO_4_·H_2_O,N^3- H Mg P O,N^3- H Mg P O,N H Mg P O,N^3- H Mg P O,valid,,,
Diversilite-(Ce),Na_2_Ba_6_Ce^3+^_2_Fe^2+^Ti^4+^_3_Si_12_O_36_(OH)_10_·nH_2_O,Na Ba Ce^3+ Fe^2+ Ti^4+ Si O H,Na Ba Ce^3+ Fe^2+ Ti^4+ Si O H,Na Ba Ce Fe Ti Si O H,Na Ba Ce^3+ Fe^2+ Ti^4+ Si O H,valid,,,
Dixenite,Cu^1+^Mn^2+^_14_Fe^3+^(As^3+^O_3_)_5_(SiO_4_)_2_(As^5+^O_4_)(OH)_6_,Cu^1+ Mn^2+ Fe^3+ As^3+ O Si As^5+ H,Cu^1+ Mn^2+ Fe^3+ As^3+ O Si As^5+ H,Cu Mn Fe As O Si H,Cu^1+ Mn^2+ Fe^3+ As^3+ O Si As^5+ H,valid,,,
Djerfisherite,"K_6_(Fe,Cu,Ni)_25_S_26_Cl",K Fe Cu Ni S Cl,K Fe Cu Ni S Cl,K Fe Cu Ni S Cl,K Fe Cu Ni S Cl,valid,,,
Djurleite,Cu_31_S_16_,Cu S,Cu S,Cu S,Cu S,valid,,,
Dmisokolovite,K_3_Cu^2+^_5_AlO_2_(As^5+^O_4_)_4_,K Cu^2+ Al O As^5+,K Cu^2+ Al O As^5+,K Cu Al O As,K Cu^2+ Al O As^5+,valid,,,
Dmisteinbergite,CaAl_2_Si_2_O_8_,Ca Al Si O,Ca Al Si O,Ca Al Si O,Ca Al Si O,valid,,,
Dmitryivanovite,CaAl_2_O_4_,Ca Al O,Ca Al O,Ca Al O,Ca Al O,valid,,,
Dmitryvarlamovite,Ti^4+^_2_(Fe^3+^Nb^5+^)O_8_,Ti^4+ Fe^3+ Nb^5+ O,Ti^4+ Fe^3+ Nb^5+ O,Ti Fe Nb O,Ti^4+ Fe^3+ Nb^5+ O,valid,,,
Dobrovolskyite,Na_4_Ca(S^6+^O_4_)_3_,Na Ca S^6+ O,Na Ca S^6+ O,Na Ca S O,Na Ca S^6+ O,valid,,,
Dobšináite,Ca_2_Ca(As^5+^O_4_)_2_·2H_2_O,Ca As^5+ O H,Ca As^5+ O H,Ca As O H,Ca As^5+ O H,valid,,,
Dokuchaevite,Cu^2+^_8_O_2_(V^5+^O_4_)_3_Cl_3_,Cu^2+ O V^5+ Cl,Cu^2+ O V^5+ Cl,Cu O V Cl,Cu^2+ O V^5+ Cl,valid,,,
Dolerophanite,Cu^2+^_2_OS^6+^O_4_,Cu^2+ O S^6+,Cu^2+ O S^6+,Cu O S,Cu^2+ O S^6+,valid,,,
Dollaseite-(Ce),CaCe^3+^Mg_2_Al(Si_2_O_7_)(SiO_4_)(OH)F,Ca Ce^3+ Mg Al Si O H F,Ca Ce^3+ Mg Al Si O H F,Ca Ce Mg Al Si O H F,Ca Ce^3+ Mg Al Si O H F,valid,,,
Dolomite,CaMg(CO_3_)_2_,Ca Mg C O,Ca Mg C O,Ca Mg C O,Ca Mg C O,valid,,,
Doloresite,V^4+^_3_O_4_(OH)_4_,V^4+ O H,V^4+ O H,V O H,V^4+ O H,valid,,,
Domerockite,Cu^2+^_4_(As^5+^O_4_)(As^5+^O_3_OH)(OH)_3_·H_2_O,Cu^2+ As^5+ O H,Cu^2+ As^5+ O H,Cu As O H,Cu^2+ As^5+ O H,valid,,,
Domeykite,Cu_3_As,Cu As,Cu As,Cu As,Cu As,valid,,,
Domitrovicite,Zn^2+^(C_2_H_3_O_3_)^1-^_2_·2H_2_O,Zn^2+ C H O,Zn^2+ C H O,Zn C H O,Zn^2+ C H O,valid,,,
Donbassite,Al_2_(Si_3_Al)O_10_(OH)_2_·Al_2.33_(OH)_6_,Al Si O H,Al Si O H,Al Si O H,Al Si O H,valid,,,
Dondoellite,Ca_2_Fe^2+^(PO_4_)_2_·2H_2_O,Ca Fe^2+ P O H,Ca Fe^2+ P O H,Ca Fe P O H,Ca Fe^2+ P O H,valid,,,
Dongchuanite,Pb^2+^_4_Zn^2+^Zn^2+^_2_(PO_4_)_4_(OH)_2_,Pb^2+ Zn^2+ P O H,Pb^2+ Zn^2+ P O H,Pb Zn P O H,Pb^2+ Zn^2+ P O H,valid,,,
Donharrisite,Ni_3_HgS_3_,Ni Hg S,Ni Hg S,Ni Hg S,Ni Hg S,valid,,,
Donnayite-(Y),NaSr_3_CaY(CO_3_)_6_·3H_2_O,Na Sr Ca Y C O H,Na Sr Ca Y C O H,Na Sr Ca Y C O H,Na Sr Ca Y C O H,valid,,,
Donowensite,Ca(H_2_O)_3_Fe^3+^_2_(V^5+^_2_O_7_)_2_,Ca H O Fe^3+ V^5+,Ca H O Fe^3+ V^5+,Ca H O Fe V,Ca H O Fe^3+ V^5+,valid,,,
Donpeacorite,Mn^2+^MgSi_2_O_6_,Mn^2+ Mg Si O,Mn^2+ Mg Si O,Mn Mg Si O,Mn^2+ Mg Si O,valid,,,
Donwilhelmsite,CaAl_4_Si_2_O_11_,Ca Al Si O,Ca Al Si O,Ca Al Si O,Ca Al Si O,valid,,,
Dorallcharite,Tl^1+^Fe^3+^_3_(S^6+^O_4_)_2_(OH)_6_,Tl^1+ Fe^3+ S^6+ O H,Tl^1+ Fe^3+ S^6+ O H,Tl Fe S O H,Tl^1+ Fe^3+ S^6+ O H,valid,,,
Dorfmanite,Na_2_(PO_3_OH)·2H_2_O,Na P O H,Na P O H,Na P O H,Na P O H,valid,,,
Dorrite,Ca_4_(Mg_3_Fe^3+^_9_)O_4_[Si_3_Al_8_Fe^3+^O_36_],Ca Mg Fe^3+ O Si Al,Ca Mg Fe^3+ O Si Al,Ca Mg Fe O Si Al,Ca Mg Fe^3+ O Si Al,valid,,,
Douglasite,K_2_Fe^2+^Cl_4_·2H_2_O,K Fe^2+ Cl H O,K Fe^2+ Cl H O,K Fe Cl H O,K Fe^2+ Cl H O,valid,,,
Dovyrenite,Ca_6_Zr^4+^(Si_2_O_7_)_2_(OH)_4_,Ca Zr^4+ Si O H,Ca Zr^4+ Si O H,Ca Zr Si O H,Ca Zr^4+ Si O H,valid,,,
Downeyite,Se^4+^O_2_,Se^4+ O,Se^4+ O,Se O,Se^4+ O,valid,,,
Downsite,K_2_(Mo^6+^O_3_)_3_(S^6+^O_4_)·4H_2_O,K Mo^6+ O S^6+ H,K Mo^6+ O S^6+ H,K Mo O S H,K Mo^6+ O S^6+ H,valid,,,
Doyleite,Al(OH)_3_,Al O H,Al O H,Al O H,Al O H,valid,,,
Dozyite,Mg_7_Al_2_(Si_4_Al_2_)O_15_(OH)_12_,Mg Al Si O H,Mg Al Si O H,Mg Al Si O H,Mg Al Si O H,valid,,,
Dravertite,Cu^2+^Mg(S^6+^O_4_)_2_,Cu^2+ Mg S^6+ O,Cu^2+ Mg S^6+ O,Cu Mg S O,Cu^2+ Mg S^6+ O,valid,,,
Dravite,NaMg_3_Al_6_(Si_6_O_18_)(BO_3_)_3_(OH)_3_OH,Na Mg Al Si O B H,Na Mg Al Si O B H,Na Mg Al Si O B H,Na Mg Al Si O B H,valid,,,
Drechslerite,Tl^1+^_4_(Sb^3+^_4-x_As^3+^_x_)S^2-^_8_ (1 < x < 2),Tl^1+ Sb^3+ As^3+ S^2-,Tl^1+ Sb^3+ As^3+ S^2-,Tl Sb As S,Tl^1+ Sb^3+ As^3+ S^2-,valid,,,
Dresserite,Ba_2_Al_4_(CO_3_)_4_(OH)_8_·3H_2_O,Ba Al C O H,Ba Al C O H,Ba Al C O H,Ba Al C O H,valid,,,
Dreyerite,Bi^3+^V^5+^O_4_,Bi^3+ V^5+ O,Bi^3+ V^5+ O,Bi V O,Bi^3+ V^5+ O,valid,,,
Driekopite,PtBi,Pt Bi,Pt Bi,Pt Bi,Pt Bi,valid,,,
Dritsite,Li_2_Al_4_(OH)_12_Cl_2_·3H_2_O,Li Al O H Cl,Li Al O H Cl,Li Al O H Cl,Li Al O H Cl,valid,,,
Drobecite,Cd^2+^S^6+^O_4_·4H_2_O,Cd^2+ S^6+ O H,Cd^2+ S^6+ O H,Cd S O H,Cd^2+ S^6+ O H,valid,,,
Droninoite,Ni^2+^_3_Fe^3+^(OH)_8_Cl·2H_2_O,Ni^2+ Fe^3+ O H Cl,Ni^2+ Fe^3+ O H Cl,Ni Fe O H Cl,Ni^2+ Fe^3+ O H Cl,valid,,,
Drugmanite,Pb^2+^_2_Fe^3+^(PO_4_)(PO_3_OH)(OH)_2_,Pb^2+ Fe^3+ P O H,Pb^2+ Fe^3+ P O H,Pb Fe P O H,Pb^2+ Fe^3+ P O H,valid,,,
Drysdallite,Mo^4+^Se^2-^_2_,Mo^4+ Se^2-,Mo^4+ Se^2-,Mo Se,Mo^4+ Se^2-,valid,,,
Dualite,"Na_30_(Ca,Na,Ce^3+^,Sr)_12_(Na,Mn^2+^,Fe^2+^,Ti^4+^)_6_Zr^4+^_3_Ti^4+^_3_Mn^2+^Si_51_O_144_(OH,H_2_O,Cl)_9_",Na Ca Ce^3+ Sr Mn^2+ Fe^2+ Ti^4+ Zr^4+ Si O H Cl,Na Ca Ce^3+ Sr Mn^2+ Fe^2+ Ti^4+ Zr^4+ Si O H Cl,Na Ca Ce Sr Mn Fe Ti Zr Si O H Cl,Na Ca Ce^3+ Sr Mn^2+ Fe^2+ Ti^4+ Zr^4+ Si O H Cl,valid,,,
Dubińskaite,Ca_4_Sc_2_Al_4_[Be_2_Si_8_O_30_](OH)_2_,Ca Sc Al Be Si O H,Ca Sc Al Be Si O H,Ca Sc Al Be Si O H,Ca Sc Al Be Si O H,valid,,,
Dufrénite,Ca_0.5_Fe^2+^Fe^3+^_5_(PO_4_)_4_(OH)_6_·2H_2_O,Ca Fe^2+ Fe^3+ P O H,Ca Fe^2+ Fe^3+ P O H,Ca Fe P O H,Ca Fe^2+ Fe^3+ P O H,valid,,,
Dufrénoysite,Pb^2+^_2_As^3+^_2_S^2-^_5_,Pb^2+ As^3+ S^2-,Pb^2+ As^3+ S^2-,Pb As S,Pb^2+ As^3+ S^2-,valid,,,
Duftite,Pb^2+^Cu^2+^As^5+^O_4_(OH),Pb^2+ Cu^2+ As^5+ O H,Pb^2+ Cu^2+ As^5+ O H,Pb Cu As O H,Pb^2+ Cu^2+ As^5+ O H,valid,,,
Dugganite,Pb^2+^_3_Zn^2+^_3_(Te^6+^O_6_)(As^5+^O_4_)_2_,Pb^2+ Zn^2+ Te^6+ O As^5+,Pb^2+ Zn^2+ Te^6+ O As^5+,Pb Zn Te O As,Pb^2+ Zn^2+ Te^6+ O As^5+,valid,,,
Dukeite,Bi^3+^_24_Cr^6+^_8_O_57_(OH)_6_·3H_2_O,Bi^3+ Cr^6+ O H,Bi^3+ Cr^6+ O H,Bi Cr O H,Bi^3+ Cr^6+ O H,valid,,,
Dulanggouite,Bi_6_Te_3_,Bi Te,Bi Te,Bi Te,Bi Te,valid,,,
Dumontite,Pb^2+^_2_(U^6+^O_2_)_3_(PO_4_)_2_O_2_·5H_2_O,Pb^2+ U^6+ O P H,Pb^2+ U^6+ O P H,Pb U O P H,Pb^2+ U^6+ O P H,valid,,,
Dumortierite,AlAl_6_BSi_3_O_18_,Al B Si O,Al B Si O,Al B Si O,Al B Si O,valid,,,
Dundasite,Pb^2+^Al_2_(CO_3_)_2_(OH)_4_·H_2_O,Pb^2+ Al C O H,Pb^2+ Al C O H,Pb Al C O H,Pb^2+ Al C O H,valid,,,
Durangite,NaAlAs^5+^O_4_F,Na Al As^5+ O F,Na Al As^5+ O F,Na Al As O F,Na Al As^5+ O F,valid,,,
Duranusite,As_4_S,As S,As S,As S,As S,valid,,,
Dusmatovite,KK_2_Mn^2+^_2_(Zn^2+^_2_LiSi_12_)O_30_,K Mn^2+ Zn^2+ Li Si O,K Mn^2+ Zn^2+ Li Si O,K Mn Zn Li Si O,K Mn^2+ Zn^2+ Li Si O,valid,,,
Dussertite,BaFe^3+^_3_(As^5+^O_4_)(As^5+^O_3_OH)(OH)_6_,Ba Fe^3+ As^5+ O H,Ba Fe^3+ As^5+ O H,Ba Fe As O H,Ba Fe^3+ As^5+ O H,valid,,,
Dutkevichite-(Ce),NaZn^2+^Ba_2_Ce^3+^_2_Ti^4+^_2_Si_8_O_26_F·H_2_O,Na Zn^2+ Ba Ce^3+ Ti^4+ Si O F H,Na Zn^2+ Ba Ce^3+ Ti^4+ Si O F H,Na Zn Ba Ce Ti Si O F H,Na Zn^2+ Ba Ce^3+ Ti^4+ Si O F H,valid,,,
Dutrowite,Na(Fe^2+^_2.5_Ti^4+^_0.5_)Al_6_(Si_6_O_18_)(BO_3_)_3_(OH)_3_O,Na Fe^2+ Ti^4+ Al Si O B H,Na Fe^2+ Ti^4+ Al Si O B H,Na Fe Ti Al Si O B H,Na Fe^2+ Ti^4+ Al Si O B H,valid,,,
Duttonite,V^4+^O(OH)_2_,V^4+ O H,V^4+ O H,V O H,V^4+ O H,valid,,,
Dwornikite,Ni^2+^S^6+^O_4_·H_2_O,Ni^2+ S^6+ O H,Ni^2+ S^6+ O H,Ni S O H,Ni^2+ S^6+ O H,valid,,,
Dymkovite,Ni^2+^(U^6+^O_2_)_2_(As^3+^O_3_)_2_·7H_2_O,Ni^2+ U^6+ O As^3+ H,Ni^2+ U^6+ O As^3+ H,Ni U O As H,Ni^2+ U^6+ O As^3+ H,valid,,,
Dypingite,Mg_5_(CO_3_)_4_(OH)_2_·5H_2_O,Mg C O H,Mg C O H,Mg C O H,Mg C O H,valid,,,
Dyrnaesite-(La),"Na_8_Ce^4+^(La^3+^,REE)_2_(PO_4_)_6_",Na Ce^4+ La^3+ REE P O,Na Ce^4+ La^3+ REE P O,Na Ce La REE P O,Na Ce^4+ La^3+ REE P O,valid,,,
Dyscrasite,Ag_3.2_Sb_0.8_,Ag Sb,Ag Sb,Ag Sb,Ag Sb,valid,,,
Dzhalindite,In^3+^(OH)_3_,In^3+ O H,In^3+ O H,In O H,In^3+ O H,valid,,,
Dzharkenite,Fe^2+^(Se_2_)^2-^,Fe^2+ Se,Fe^2+ Se,Fe Se,Fe^2+ Se,valid,,,
Dzhuluite,Ca_3_(Sn^4+^Sb^5+^)Fe^3+^_3_O_12_,Ca Sn^4+ Sb^5+ Fe^3+ O,Ca Sn^4+ Sb^5+ Fe^3+ O,Ca Sn Sb Fe O,Ca Sn^4+ Sb^5+ Fe^3+ O,valid,,,
Dzierżanowskite,CaCu_2_S_2_,Ca Cu S,Ca Cu S,Ca Cu S,Ca Cu S,valid,,,
Eakerite,Ca_2_Sn^4+^Al_2_Si_6_O_18_(OH)_2_·2H_2_O,Ca Sn^4+ Al Si O H,Ca Sn^4+ Al Si O H,Ca Sn Al Si O H,Ca Sn^4+ Al Si O H,valid,,,
Earlandite,Ca_3_(C_6_H_5_O_7_)^3-^_2_·4H_2_O,Ca C H O,Ca C H O,Ca C H O,Ca C H O,valid,,,
Earlshannonite,Mn^2+^Fe^3+^_2_(PO_4_)_2_(OH)_2_·4H_2_O,Mn^2+ Fe^3+ P O H,Mn^2+ Fe^3+ P O H,Mn Fe P O H,Mn^2+ Fe^3+ P O H,valid,,,
Eastonite,KAlMg_2_(Si_2_Al_2_)O_10_(OH)_2_,K Al Mg Si O H,K Al Mg Si O H,K Al Mg Si O H,K Al Mg Si O H,valid,,,
Ebnerite,(N^3-^H_4_)Zn^2+^(PO_4_),N^3- H Zn^2+ P O,N^3- H Zn^2+ P O,N H Zn P O,N^3- H Zn^2+ P O,valid,,,
Ecandrewsite,Zn^2+^Ti^4+^O_3_,Zn^2+ Ti^4+ O,Zn^2+ Ti^4+ O,Zn Ti O,Zn^2+ Ti^4+ O,valid,,,
Ecdemite,Pb^2+^_6_As^3+^_2_O_7_Cl_4_,Pb^2+ As^3+ O Cl,Pb^2+ As^3+ O Cl,Pb As O Cl,Pb^2+ As^3+ O Cl,valid,,,
Eckerite,Ag^1+^_2_Cu^1+^As^3+^S^2-^_3_,Ag^1+ Cu^1+ As^3+ S^2-,Ag^1+ Cu^1+ As^3+ S^2-,Ag Cu As S,Ag^1+ Cu^1+ As^3+ S^2-,valid,,,
Eckermannite,NaNa_2_(Mg_4_Al)Si_8_O_22_(OH)_2_,Na Mg Al Si O H,Na Mg Al Si O H,Na Mg Al Si O H,Na Mg Al Si O H,valid,,,
Eckhardite,CaCu^2+^Te^6+^O_5_(H_2_O),Ca Cu^2+ Te^6+ O H,Ca Cu^2+ Te^6+ O H,Ca Cu Te O H,Ca Cu^2+ Te^6+ O H,valid,,,
Eclarite,"(Cu^2+^,Fe^2+^)Pb^2+^_9_Bi^3+^_12_S^2-^_28_",Cu^2+ Fe^2+ Pb^2+ Bi^3+ S^2-,Cu^2+ Fe^2+ Pb^2+ Bi^3+ S^2-,Cu Fe Pb Bi S,Cu^2+ Fe^2+ Pb^2+ Bi^3+ S^2-,valid,,,
Écrinsite,Ag^1+^Tl^1+^_3_Pb^2+^_4_As^3+^_11_Sb^3+^_9_S^2-^_36_,Ag^1+ Tl^1+ Pb^2+ As^3+ Sb^3+ S^2-,Ag^1+ Tl^1+ Pb^2+ As^3+ Sb^3+ S^2-,Ag Tl Pb As Sb S,Ag^1+ Tl^1+ Pb^2+ As^3+ Sb^3+ S^2-,valid,,,
Eddavidite,Cu^2+^_12_Pb^4+^_2_O_15_Br_2_,Cu^2+ Pb^4+ O Br,Cu^2+ Pb^4+ O Br,Cu Pb O Br,Cu^2+ Pb^4+ O Br,valid,,,
Edenharterite,Tl^1+^Pb^2+^As^3+^_3_S^2-^_6_,Tl^1+ Pb^2+ As^3+ S^2-,Tl^1+ Pb^2+ As^3+ S^2-,Tl Pb As S,Tl^1+ Pb^2+ As^3+ S^2-,valid,,,
Edenite,NaCa_2_Mg_5_(Si_7_Al)O_22_(OH)_2_,Na Ca Mg Si Al O H,Na Ca Mg Si Al O H,Na Ca Mg Si Al O H,Na Ca Mg Si Al O H,valid,,,
Edgarbaileyite,Hg^1+^_6_Si_2_O_7_,Hg^1+ Si O,Hg^1+ Si O,Hg Si O,Hg^1+ Si O,valid,,,
Edgarite,Fe^3+^Nb^3+^_3_S^2-^_6_,Fe^3+ Nb^3+ S^2-,Fe^3+ Nb^3+ S^2-,Fe Nb S,Fe^3+ Nb^3+ S^2-,valid,,,
Edgrewite,Ca_9_(SiO_4_)_4_F_2_,Ca Si O F,Ca Si O F,Ca Si O F,Ca Si O F,valid,,,
Edingtonite,Ba(Si_3_Al_2_)O_10_·4H_2_O,Ba Si Al O H,Ba Si Al O H,Ba Si Al O H,Ba Si Al O H,valid,,,
Edoylerite,Hg^2+^_3_(Cr^6+^O_4_)S^2-^_2_,Hg^2+ Cr^6+ O S^2-,Hg^2+ Cr^6+ O S^2-,Hg Cr O S,Hg^2+ Cr^6+ O S^2-,valid,,,
Edscottite,Fe_5_C_2_,Fe C,Fe C,Fe C,Fe C,valid,,,
Edtollite,K_2_NaCu^2+^_5_Fe^3+^O_2_(As^5+^O_4_)_4_,K Na Cu^2+ Fe^3+ O As^5+,K Na Cu^2+ Fe^3+ O As^5+,K Na Cu Fe O As,K Na Cu^2+ Fe^3+ O As^5+,valid,,,
Edwardsite,Cu^2+^_3_Cd^2+^_2_(S^6+^O_4_)_2_(OH)_6_·4H_2_O,Cu^2+ Cd^2+ S^6+ O H,Cu^2+ Cd^2+ S^6+ O H,Cu Cd S O H,Cu^2+ Cd^2+ S^6+ O H,valid,,,
Edwindavisite,Cu^2+^((C_2_)^6+^O_4_)(N^3-^H_3_),Cu^2+ C O N^3- H,Cu^2+ C O N^3- H,Cu C O N H,Cu^2+ C O N^3- H,valid,,,
Effenbergerite,BaCu^2+^Si_4_O_10_,Ba Cu^2+ Si O,Ba Cu^2+ Si O,Ba Cu Si O,Ba Cu^2+ Si O,valid,,,
Efremovite,(N^3-^H_4_)_2_Mg_2_(S^6+^O_4_)_3_,N^3- H Mg S^6+ O,N^3- H Mg S^6+ O,N H Mg S O,N^3- H Mg S^6+ O,valid,,,
Eggletonite,"(Na,K,Ca)_1-2_Mn^2+^_6_(Si,Al)_10_O_24_(OH)_4_·7-11H_2_O",Na K Ca Mn^2+ Si Al O H,Na K Ca Mn^2+ Si Al O H,Na K Ca Mn Si Al O H,Na K Ca Mn^2+ Si Al O H,valid,,,
Eglestonite,Hg^1+^_6_OCl_3_(OH),Hg^1+ O Cl H,Hg^1+ O Cl H,Hg O Cl H,Hg^1+ O Cl H,valid,,,
Ehrigite,Bi_8_Te_3_,Bi Te,Bi Te,Bi Te,Bi Te,valid,,,
Ehrleite,Ca_2_Zn^2+^Be(PO_4_)_2_(PO_3_OH)·4H_2_O,Ca Zn^2+ Be P O H,Ca Zn^2+ Be P O H,Ca Zn Be P O H,Ca Zn^2+ Be P O H,valid,,,
Eifelite,KNa_2_(MgNa)(Mg_3_Si_12_)O_30_,K Na Mg Si O,K Na Mg Si O,K Na Mg Si O,K Na Mg Si O,valid,,,
Eirikite,KNa_6_Be_2_(Si_15_Al_3_)O_39_F_2_,K Na Be Si Al O F,K Na Be Si Al O F,K Na Be Si Al O F,K Na Be Si Al O F,valid,,,
Eitelite,Na_2_Mg(CO_3_)_2_,Na Mg C O,Na Mg C O,Na Mg C O,Na Mg C O,valid,,,
Ekanite,Ca_2_Th^4+^Si_8_O_20_,Ca Th^4+ Si O,Ca Th^4+ Si O,Ca Th Si O,Ca Th^4+ Si O,valid,,,
Ekaterinite,Ca_2_B_4_O_7_Cl_2_·2H_2_O,Ca B O Cl H,Ca B O Cl H,Ca B O Cl H,Ca B O Cl H,valid,,,
Ekatite,"(Fe^3+^,Fe^2+^,Zn^2+^)_12_(As^3+^O_3_)_6_(As^3+^O_3_,SiO_3_OH)_2_(OH)_6_",Fe^3+ Fe^2+ Zn^2+ As^3+ O Si H,Fe^3+ Fe^2+ Zn^2+ As^3+ O Si H,Fe Zn As O Si H,Fe^3+ Fe^2+ Zn^2+ As^3+ O Si H,valid,,,
Ekebergite,Th^4+^Fe^2+^Nb^5+^_2_O_8_,Th^4+ Fe^2+ Nb^5+ O,Th^4+ Fe^2+ Nb^5+ O,Th Fe Nb O,Th^4+ Fe^2+ Nb^5+ O,valid,,,
Ekplexite,"(Nb^5+^,Mo)S_2_·(Mg_1-x_Al_x_)(OH)_2+x_",Nb^5+ Mo S Mg Al O H,Nb^5+ Mo S Mg Al O H,Nb Mo S Mg Al O H,Nb^5+ Mo S Mg Al O H,valid,,,
Elaliite,(Fe^2+^_8_Fe^3+^)(PO_4_)O_8_,Fe^2+ Fe^3+ P O,Fe^2+ Fe^3+ P O,Fe P O,Fe^2+ Fe^3+ P O,valid,,,
Elasmochloite,Na_3_Cu^2+^_6_Bi^3+^O_4_(S^6+^O_4_)_5_,Na Cu^2+ Bi^3+ O S^6+,Na Cu^2+ Bi^3+ O S^6+,Na Cu Bi O S,Na Cu^2+ Bi^3+ O S^6+,valid,,,
Elbaite,Na(Al_1.5_Li_1.5_)Al_6_(Si_6_O_18_)(BO_3_)_3_(OH)_3_OH,Na Al Li Si O B H,Na Al Li Si O B H,Na Al Li Si O B H,Na Al Li Si O B H,valid,,,
Elbrusite,Ca_3_(Zr^4+^_1.5_U^6+^_0.5_)Fe^3+^_3_O_12_,Ca Zr^4+ U^6+ Fe^3+ O,Ca Zr^4+ U^6+ Fe^3+ O,Ca Zr U Fe O,Ca Zr^4+ U^6+ Fe^3+ O,valid,,,
Eldfellite,NaFe^3+^(S^6+^O_4_)_2_,Na Fe^3+ S^6+ O,Na Fe^3+ S^6+ O,Na Fe S O,Na Fe^3+ S^6+ O,valid,,,
Eldragónite,Cu_6_BiSe_4_(Se_2_),Cu Bi Se,Cu Bi Se,Cu Bi Se,Cu Bi Se,valid,,,
Eleomelanite,(K_2_Pb^2+^)Cu^2+^_4_O_2_(S^6+^O_4_)_4_,K Pb^2+ Cu^2+ O S^6+,K Pb^2+ Cu^2+ O S^6+,K Pb Cu O S,K Pb^2+ Cu^2+ O S^6+,valid,,,
Elgoresyite,(Mg_5_Si_2_)O_9_,Mg Si O,Mg Si O,Mg Si O,Mg Si O,valid,,,
Eliopoulosite,V_7_S_8_,V S,V S,V S,V S,valid,,,
Eliseevite,Na_1.5_Li{Ti^4+^_2_O_2_[Si_4_O_10.5_(OH)_1.5_]}·2H_2_O,Na Li Ti^4+ O Si H,Na Li Ti^4+ O Si H,Na Li Ti O Si H,Na Li Ti^4+ O Si H,valid,,,
Elkinstantonite,Fe^2+^_4_(PO_4_)_2_O,Fe^2+ P O,Fe^2+ P O,Fe P O,Fe^2+ P O,valid,,,
Ellenbergerite,"Mg_6_(Mg,Ti^4+^,Zr^4+^,[box])_2_(Al,Mg)_6_Si_8_O_28_(OH)_10_",Mg Ti^4+ Zr^4+ Al Si O H,Mg Ti^4+ Zr^4+ Al Si O H,Mg Ti Zr Al Si O H,Mg Ti^4+ Zr^4+ Al Si O H,valid,,,
Ellinaite,CaCr^3+^_2_O_4_,Ca Cr^3+ O,Ca Cr^3+ O,Ca Cr O,Ca Cr^3+ O,valid,,,
Ellingsenite,Na_5_Ca_6_Si_18_O_38_(OH)_13_·6H_2_O,Na Ca Si O H,Na Ca Si O H,Na Ca Si O H,Na Ca Si O H,valid,,,
Elliottite,NaMgAl_3_(PO_4_)_2_F_6_·9H_2_O,Na Mg Al P O F H,Na Mg Al P O F H,Na Mg Al P O F H,Na Mg Al P O F H,valid,,,
Ellisite,Tl^1+^_3_As^3+^S^2-^_3_,Tl^1+ As^3+ S^2-,Tl^1+ As^3+ S^2-,Tl As S,Tl^1+ As^3+ S^2-,valid,,,
Elpasolite,K_2_NaAlF_6_,K Na Al F,K Na Al F,K Na Al F,K Na Al F,valid,,,
Elpidite,Na_2_Zr^4+^Si_6_O_15_·3H_2_O,Na Zr^4+ Si O H,Na Zr^4+ Si O H,Na Zr Si O H,Na Zr^4+ Si O H,valid,,,
Elramlyite-(Ce),([box]_0.67_Ce^3+^_0.33_)Th^4+^_2_(PO_4_)_2_F_3_,Ce^3+ Th^4+ P O F,Ce^3+ Th^4+ P O F,Ce Th P O F,Ce^3+ Th^4+ P O F,valid,,,
Eltyubyuite,Ca_6_Fe^3+^_5_Si_2_O_16_Cl_3_,Ca Fe^3+ Si O Cl,Ca Fe^3+ Si O Cl,Ca Fe Si O Cl,Ca Fe^3+ Si O Cl,valid,,,
Elyite,Cu^2+^Pb^2+^_4_(S^6+^O_4_)O_2_(OH)_4_·H_2_O,Cu^2+ Pb^2+ S^6+ O H,Cu^2+ Pb^2+ S^6+ O H,Cu Pb S O H,Cu^2+ Pb^2+ S^6+ O H,valid,,,
Embreyite,Pb^2+^_5_(Cr^6+^O_4_)_2_(PO_4_)_2_·H_2_O,Pb^2+ Cr^6+ O P H,Pb^2+ Cr^6+ O P H,Pb Cr O P H,Pb^2+ Cr^6+ O P H,valid,,,
Emeleusite,Na_2_LiFe^3+^Si_6_O_15_,Na Li Fe^3+ Si O,Na Li Fe^3+ Si O,Na Li Fe Si O,Na Li Fe^3+ Si O,valid,,,
Emilite,Cu^1+^_10.7_Pb^2+^_10.7_Bi^3+^_21.3_S^2-^_48_,Cu^1+ Pb^2+ Bi^3+ S^2-,Cu^1+ Pb^2+ Bi^3+ S^2-,Cu Pb Bi S,Cu^1+ Pb^2+ Bi^3+ S^2-,valid,,,
Emmerichite,Ba_2_Ti^4+^_2_Na_3_Fe^3+^(Si_2_O_7_)_2_O_2_F_2_,Ba Ti^4+ Na Fe^3+ Si O F,Ba Ti^4+ Na Fe^3+ Si O F,Ba Ti Na Fe Si O F,Ba Ti^4+ Na Fe^3+ Si O F,valid,,,
Emmonsite,Fe^3+^_2_(Te^4+^O_3_)_3_·2H_2_O,Fe^3+ Te^4+ O H,Fe^3+ Te^4+ O H,Fe Te O H,Fe^3+ Te^4+ O H,valid,,,
Emplectite,Cu^1+^Bi^3+^S^2-^_2_,Cu^1+ Bi^3+ S^2-,Cu^1+ Bi^3+ S^2-,Cu Bi S,Cu^1+ Bi^3+ S^2-,valid,,,
Empressite,AgTe,Ag Te,Ag Te,Ag Te,Ag Te,valid,,,
Enargite,Cu_3_AsS_4_,Cu As S,Cu As S,Cu As S,Cu As S,valid,,,
Engelhauptite,KCu^2+^_3_(V^5+^_2_O_7_)(OH)_2_Cl,K Cu^2+ V^5+ O H Cl,K Cu^2+ V^5+ O H Cl,K Cu V O H Cl,K Cu^2+ V^5+ O H Cl,valid,,,
Englishite,K_3_Na_2_Ca_10_Al_15_(OH)_7_(PO_4_)_21_·26H_2_O,K Na Ca Al O H P,K Na Ca Al O H P,K Na Ca Al O H P,K Na Ca Al O H P,valid,,,
Enneasartorite,Tl^1+^_6_Pb^2+^_32_As^3+^_70_S^2-^_140_,Tl^1+ Pb^2+ As^3+ S^2-,Tl^1+ Pb^2+ As^3+ S^2-,Tl Pb As S,Tl^1+ Pb^2+ As^3+ S^2-,valid,,,
Enricofrancoite,KNaCaSi_4_O_10_,K Na Ca Si O,K Na Ca Si O,K Na Ca Si O,K Na Ca Si O,valid,,,
Enstatite,MgSiO_3_,Mg Si O,Mg Si O,Mg Si O,Mg Si O,valid,,,
Eosphorite,Mn^2+^AlPO_4_(OH)_2_·H_2_O,Mn^2+ Al P O H,Mn^2+ Al P O H,Mn Al P O H,Mn^2+ Al P O H,valid,,,
Ephesite,NaLiAl_2_(Si_2_Al_2_)O_10_(OH)_2_,Na Li Al Si O H,Na Li Al Si O H,Na Li Al Si O H,Na Li Al Si O H,valid,,,
Epididymite,Na_2_Be_2_Si_6_O_15_·H_2_O,Na Be Si O H,Na Be Si O H,Na Be Si O H,Na Be Si O H,valid,,,
Epidote,Ca_2_Fe^3+^Al_2_(Si_2_O_7_)(SiO_4_)O(OH),Ca Fe^3+ Al Si O H,Ca Fe^3+ Al Si O H,Ca Fe Al Si O H,Ca Fe^3+ Al Si O H,valid,,,
Epidote-(Sr),CaSrFe^3+^Al_2_(Si_2_O_7_)(SiO_4_)O(OH),Ca Sr Fe^3+ Al Si O H,Ca Sr Fe^3+ Al Si O H,Ca Sr Fe Al Si O H,Ca Sr Fe^3+ Al Si O H,valid,,,
Epiebnerite,(N^3-^H_4_)Zn^2+^(PO_4_),N^3- H Zn^2+ P O,N^3- H Zn^2+ P O,N H Zn P O,N^3- H Zn^2+ P O,valid,,,
Epifanovite,NaCaCu^2+^_5_(PO_4_)_4_[As^5+^O_2_(OH)_2_]·7H_2_O,Na Ca Cu^2+ P O As^5+ H,Na Ca Cu^2+ P O As^5+ H,Na Ca Cu P O As H,Na Ca Cu^2+ P O As^5+ H,valid,,,
Epistilbite,Ca_3_(Si_18_Al_6_)O_48_·16H_2_O,Ca Si Al O H,Ca Si Al O H,Ca Si Al O H,Ca Si Al O H,valid,,,
Epistolite,(Na[box])Nb^5+^_2_Na_3_Ti^4+^(Si_2_O_7_)_2_O_2_(OH)_2_(H_2_O)_4_,Na Nb^5+ Ti^4+ Si O H,Na Nb^5+ Ti^4+ Si O H,Na Nb Ti Si O H,Na Nb^5+ Ti^4+ Si O H,valid,,,
Epsomite,MgS^6+^O_4_·7H_2_O,Mg S^6+ O H,Mg S^6+ O H,Mg S O H,Mg S^6+ O H,valid,,,
Erazoite,Cu_4_SnS_6_,Cu Sn S,Cu Sn S,Cu Sn S,Cu Sn S,valid,,,
Ercitite,NaMn^3+^PO_4_(OH)·2H_2_O,Na Mn^3+ P O H,Na Mn^3+ P O H,Na Mn P O H,Na Mn^3+ P O H,valid,,,
Erdite,NaFe^3+^S^2-^_2_·2H_2_O,Na Fe^3+ S^2- H O,Na Fe^3+ S^2- H O,Na Fe S H O,Na Fe^3+ S^2- H O,valid,,,
Ericaite,Fe^2+^_3_B_7_O_13_Cl,Fe^2+ B O Cl,Fe^2+ B O Cl,Fe B O Cl,Fe^2+ B O Cl,valid,,,
Ericlaxmanite,Cu^2+^_4_O(As^5+^O_4_)_2_,Cu^2+ O As^5+,Cu^2+ O As^5+,Cu O As,Cu^2+ O As^5+,valid,,,
Ericssonite,BaMn^2+^_2_Fe^3+^(Si_2_O_7_)O(OH),Ba Mn^2+ Fe^3+ Si O H,Ba Mn^2+ Fe^3+ Si O H,Ba Mn Fe Si O H,Ba Mn^2+ Fe^3+ Si O H,valid,,,
Erikapohlite,([box]_0.5_Cu^2+^_0.5_)Cu^2+^CaZn^2+^_2_(As^5+^O_4_)_3_·H_2_O,Cu^2+ Ca Zn^2+ As^5+ O H,Cu^2+ Ca Zn^2+ As^5+ O H,Cu Ca Zn As O H,Cu^2+ Ca Zn^2+ As^5+ O H,valid,,,
Erikjonssonite,"(Pb^2+^_32_O_21_)[(V^5+^,Si,Mo^6+^,As^5+^)O_4_]_4_Cl_9_",Pb^2+ O V^5+ Si Mo^6+ As^5+ Cl,Pb^2+ O V^5+ Si Mo^6+ As^5+ Cl,Pb O V Si Mo As Cl,Pb^2+ O V^5+ Si Mo^6+ As^5+ Cl,valid,,,
Eringaite,Ca_3_Sc_2_Si_3_O_12_,Ca Sc Si O,Ca Sc Si O,Ca Sc Si O,Ca Sc Si O,valid,,,
Eriochalcite,Cu^2+^Cl_2_·2H_2_O,Cu^2+ Cl H O,Cu^2+ Cl H O,Cu Cl H O,Cu^2+ Cl H O,valid,,,
Erionite-Ca,Ca_5_(Si_26_Al_10_O_72_)·30H_2_O,Ca Si Al O H,Ca Si Al O H,Ca Si Al O H,Ca Si Al O H,valid,,,
Erionite-K,K_10_(Si_26_Al_10_O_72_)·30H_2_O,K Si Al O H,K Si Al O H,K Si Al O H,K Si Al O H,valid,,,
Erionite-Na,Na_10_(Si_26_Al_10_O_72_)·30H_2_O,Na Si Al O H,Na Si Al O H,Na Si Al O H,Na Si Al O H,valid,,,
Erlianite,Fe^2+^_4_Fe^3+^_2_Si_6_O_15_(OH)_8_,Fe^2+ Fe^3+ Si O H,Fe^2+ Fe^3+ Si O H,Fe Si O H,Fe^2+ Fe^3+ Si O H,valid,,,
Erlichmanite,Os^2+^(S_2_)^2-^,Os^2+ S,Os^2+ S,Os S,Os^2+ S,valid,,,
Ermakovite,(N^3-^H_4_)(As^3+^_2_O_3_)_2_Br,N^3- H As^3+ O Br,N^3- H As^3+ O Br,N H As O Br,N^3- H As^3+ O Br,valid,,,
Ermeloite,Al(PO_4_)·H_2_O,Al P O H,Al P O H,Al P O H,Al P O H,valid,,,
Ernienickelite,Ni^2+^Mn^4+^_3_O_7_·3H_2_O,Ni^2+ Mn^4+ O H,Ni^2+ Mn^4+ O H,Ni Mn O H,Ni^2+ Mn^4+ O H,valid,,,
Erniggliite,Tl^1+^_2_Sn^4+^As^3+^_2_S^2-^_6_,Tl^1+ Sn^4+ As^3+ S^2-,Tl^1+ Sn^4+ As^3+ S^2-,Tl Sn As S,Tl^1+ Sn^4+ As^3+ S^2-,valid,,,
Ernstburkeite,Mg(CH_3_S^6+^O_3_)_2_·12H_2_O,Mg C H S^6+ O,Mg C H S^6+ O,Mg C H S O,Mg C H S^6+ O,valid,,,
Ernstite,"(Mn^2+^,Fe^3+^)AlPO_4_(OH,O)_2_",Mn^2+ Fe^3+ Al P O H,Mn^2+ Fe^3+ Al P O H,Mn Fe Al P O H,Mn^2+ Fe^3+ Al P O H,valid,,,
Ershovite,"K_3_Na_4_(Fe^2+^,Mn^2+^,Ti^4+^)_2_Si_8_O_20_(OH,O)_4_·4H_2_O",K Na Fe^2+ Mn^2+ Ti^4+ Si O H,K Na Fe^2+ Mn^2+ Ti^4+ Si O H,K Na Fe Mn Ti Si O H,K Na Fe^2+ Mn^2+ Ti^4+ Si O H,valid,,,
Erssonite,CaMg_7_Fe^3+^_2_(OH)_18_(S^6+^O_4_)_2_·12H_2_O,Ca Mg Fe^3+ O H S^6+,Ca Mg Fe^3+ O H S^6+,Ca Mg Fe O H S,Ca Mg Fe^3+ O H S^6+,valid,,,
Ertixiite,Na_2_Si_4_O_9_,Na Si O,Na Si O,Na Si O,Na Si O,valid,,,
Ertlite,NaAl_3_Al_6_(Si_4_B_2_O_18_)(BO_3_)_3_(OH)_3_O,Na Al Si B O H,Na Al Si B O H,Na Al Si B O H,Na Al Si B O H,valid,,,
Erythrite,Co^2+^_3_(As^5+^O_4_)_2_·8H_2_O,Co^2+ As^5+ O H,Co^2+ As^5+ O H,Co As O H,Co^2+ As^5+ O H,valid,,,
Erythrosiderite,K_2_Fe^3+^Cl_5_·H_2_O,K Fe^3+ Cl H O,K Fe^3+ Cl H O,K Fe Cl H O,K Fe^3+ Cl H O,valid,,,
Erzwiesite,Ag^1+^_8_Pb^2+^_12_Bi^3+^_16_S^2-^_40_,Ag^1+ Pb^2+ Bi^3+ S^2-,Ag^1+ Pb^2+ Bi^3+ S^2-,Ag Pb Bi S,Ag^1+ Pb^2+ Bi^3+ S^2-,valid,,,
Escheite,Ca_2_NaMn^2+^Ti^4+^_5_[Si_12_O_34_]O_2_(OH)_3_·12H_2_O,Ca Na Mn^2+ Ti^4+ Si O H,Ca Na Mn^2+ Ti^4+ Si O H,Ca Na Mn Ti Si O H,Ca Na Mn^2+ Ti^4+ Si O H,valid,,,
Esdanaite-(Ce),NaMn^2+^Ce^3+^(PO_4_)_2_(H_2_O)_4_,Na Mn^2+ Ce^3+ P O H,Na Mn^2+ Ce^3+ P O H,Na Mn Ce P O H,Na Mn^2+ Ce^3+ P O H,valid,,,
Eskebornite,Cu^1+^Fe^3+^Se^2-^_2_,Cu^1+ Fe^3+ Se^2-,Cu^1+ Fe^3+ Se^2-,Cu Fe Se,Cu^1+ Fe^3+ Se^2-,valid,,,
Eskimoite,Ag^1+^_7_Pb^2+^_10_Bi^3+^_15_S^2-^_36_,Ag^1+ Pb^2+ Bi^3+ S^2-,Ag^1+ Pb^2+ Bi^3+ S^2-,Ag Pb Bi S,Ag^1+ Pb^2+ Bi^3+ S^2-,valid,,,
Eskolaite,Cr^3+^_2_O_3_,Cr^3+ O,Cr^3+ O,Cr O,Cr^3+ O,valid,,,
Espadaite,Na_4_Ca_3_Mg_2_[As^5+^O_3_(OH)]_2_[As^5+^O_2_(OH)_2_]_10_(H_2_O)_6_·H_2_O,Na Ca Mg As^5+ O H,Na Ca Mg As^5+ O H,Na Ca Mg As O H,Na Ca Mg As^5+ O H,valid,,,
Esperanzaite,NaCa_2_Al_2_(As^5+^O_4_)_2_F_4_(OH)·2H_2_O,Na Ca Al As^5+ O F H,Na Ca Al As^5+ O F H,Na Ca Al As O F H,Na Ca Al As^5+ O F H,valid,,,
Esperite,Pb^2+^Ca_2_(Zn^2+^SiO_4_)_3_,Pb^2+ Ca Zn^2+ Si O,Pb^2+ Ca Zn^2+ Si O,Pb Ca Zn Si O,Pb^2+ Ca Zn^2+ Si O,valid,,,
Esquireite,BaSi_6_O_13_·7H_2_O,Ba Si O H,Ba Si O H,Ba Si O H,Ba Si O H,valid,,,
Esseneite,CaFe^3+^AlSiO_6_,Ca Fe^3+ Al Si O,Ca Fe^3+ Al Si O,Ca Fe Al Si O,Ca Fe^3+ Al Si O,valid,,,
Ettringite,Ca_6_Al_2_(S^6+^O_4_)_3_(OH)_12_·27H_2_O,Ca Al S^6+ O H,Ca Al S^6+ O H,Ca Al S O H,Ca Al S^6+ O H,valid,,,
Eucairite,CuAgSe,Cu Ag Se,Cu Ag Se,Cu Ag Se,Cu Ag Se,valid,,,
Euchlorine,KNaCu^2+^_3_O(S^6+^O_4_)_3_,K Na Cu^2+ O S^6+,K Na Cu^2+ O S^6+,K Na Cu O S,K Na Cu^2+ O S^6+,valid,,,
Euchroite,Cu^2+^_2_As^5+^O_4_(OH)·3H_2_O,Cu^2+ As^5+ O H,Cu^2+ As^5+ O H,Cu As O H,Cu^2+ As^5+ O H,valid,,,
Euclase,BeAlSiO_4_(OH),Be Al Si O H,Be Al Si O H,Be Al Si O H,Be Al Si O H,valid,,,
Eucryptite,LiAlSiO_4_,Li Al Si O,Li Al Si O,Li Al Si O,Li Al Si O,valid,,,
Eudialyte,"Na_15_Ca_6_Fe^2+^_3_Zr^4+^_3_Si(Si_25_O_73_)(O,OH,H_2_O)_3_(Cl,OH)_2_",Na Ca Fe^2+ Zr^4+ Si O H Cl,Na Ca Fe^2+ Zr^4+ Si O H Cl,Na Ca Fe Zr Si O H Cl,Na Ca Fe^2+ Zr^4+ Si O H Cl,valid,,,
Eudidymite,Na_2_Be_2_Si_6_O_15_·H_2_O,Na Be Si O H,Na Be Si O H,Na Be Si O H,Na Be Si O H,valid,,,
Eugenite,Ag_11_Hg_2_,Ag Hg,Ag Hg,Ag Hg,Ag Hg,valid,,,
Eugsterite,Na_4_Ca(S^6+^O_4_)_3_·2H_2_O,Na Ca S^6+ O H,Na Ca S^6+ O H,Na Ca S O H,Na Ca S^6+ O H,valid,,,
Eulytine,Bi^3+^_4_(SiO_4_)_3_,Bi^3+ Si O,Bi^3+ Si O,Bi Si O,Bi^3+ Si O,valid,,,
Eurekadumpite,"(Cu^2+^,Zn^2+^)_16_(Te^4+^O_3_)_2_(As^5+^O_4_)_3_Cl(OH)_18_·7H_2_O",Cu^2+ Zn^2+ Te^4+ O As^5+ Cl H,Cu^2+ Zn^2+ Te^4+ O As^5+ Cl H,Cu Zn Te O As Cl H,Cu^2+ Zn^2+ Te^4+ O As^5+ Cl H,valid,,,
Euxenite-(Y),Y(Nb^5+^Ti^4+^)O_6_,Y Nb^5+ Ti^4+ O,Y Nb^5+ Ti^4+ O,Y Nb Ti O,Y Nb^5+ Ti^4+ O,valid,,,
Evanichite,Pb^2+^_6_Cr^3+^(Cr^6+^O_4_)_2_(S^6+^O_4_)(OH)_7_FCl,Pb^2+ Cr^3+ Cr^6+ O S^6+ H F Cl,Pb^2+ Cr^3+ Cr^6+ O S^6+ H F Cl,Pb Cr O S H F Cl,Pb^2+ Cr^3+ Cr^6+ O S^6+ H F Cl,valid,,,
Evansite,Al_3_PO_4_(OH)_6_·8H_2_O,Al P O H,Al P O H,Al P O H,Al P O H,valid,,,
Evdokimovite,Tl^1+^_4_(V^4+^O)_3_(S^6+^O_4_)_5_·5H_2_O,Tl^1+ V^4+ O S^6+ H,Tl^1+ V^4+ O S^6+ H,Tl V O S H,Tl^1+ V^4+ O S^6+ H,valid,,,
Eveite,Mn^2+^_2_As^5+^O_4_(OH),Mn^2+ As^5+ O H,Mn^2+ As^5+ O H,Mn As O H,Mn^2+ As^5+ O H,valid,,,
Evenkite,C_23_H_48_,C H,C H,C H,C H,valid,,,
Eveslogite,"(Ca,K,Na,Sr,Ba)_48_(Ti^4+^,Nb^5+^,Fe^2+^,Fe^3+^,Mn^2+^)_12_(OH)_12_Si_48_O_144_(OH,F,Cl)_14_",Ca K Na Sr Ba Ti^4+ Nb^5+ Fe^2+ Fe^3+ Mn^2+ O H Si F Cl,Ca K Na Sr Ba Ti^4+ Nb^5+ Fe^2+ Fe^3+ Mn^2+ O H Si F Cl,Ca K Na Sr Ba Ti Nb Fe Mn O H Si F Cl,Ca K Na Sr Ba Ti^4+ Nb^5+ Fe^2+ Fe^3+ Mn^2+ O H Si F Cl,valid,,,
Evseevite,Na_2_Mg(As^5+^O_4_)F,Na Mg As^5+ O F,Na Mg As^5+ O F,Na Mg As O F,Na Mg As^5+ O F,valid,,,
Ewaldite,BaCa(CO_3_)_2_·2.6H_2_O,Ba Ca C O H,Ba Ca C O H,Ba Ca C O H,Ba Ca C O H,valid,,,
Ewingite,Mg_8_Ca_8_(U^6+^O_2_)_24_(CO_3_)_30_O_4_(OH)_12_·138H_2_O,Mg Ca U^6+ O C H,Mg Ca U^6+ O C H,Mg Ca U O C H,Mg Ca U^6+ O C H,valid,,,
Eylettersite,Th^4+^_0.75_Al_3_(PO_4_)_2_(OH)_6_,Th^4+ Al P O H,Th^4+ Al P O H,Th Al P O H,Th^4+ Al P O H,valid,,,
Eyselite,Fe^3+^Ge_3_O_7_(OH),Fe^3+ Ge O H,Fe^3+ Ge O H,Fe Ge O H,Fe^3+ Ge O H,valid,,,
Ezcurrite,Na_2_B_5_O_7_(OH)_3_·2H_2_O,Na B O H,Na B O H,Na B O H,Na B O H,valid,,,
Ezochiite,Cu^1+^(Rh^3+^Pt^4+^)S^2-^_4_,Cu^1+ Rh^3+ Pt^4+ S^2-,Cu^1+ Rh^3+ Pt^4+ S^2-,Cu Rh Pt S,Cu^1+ Rh^3+ Pt^4+ S^2-,valid,,,
Eztlite,Pb^2+^_2_Fe^3+^_3_(Te^4+^O_3_)_3_(S^6+^O_4_)O_2_Cl,Pb^2+ Fe^3+ Te^4+ O S^6+ Cl,Pb^2+ Fe^3+ Te^4+ O S^6+ Cl,Pb Fe Te O S Cl,Pb^2+ Fe^3+ Te^4+ O S^6+ Cl,valid,,,
Fabianite,CaB_3_O_5_(OH),Ca B O H,Ca B O H,Ca B O H,Ca B O H,valid,,,
Fabrièsite,Na_3_Al_3_Si_3_O_12_·2H_2_O,Na Al Si O H,Na Al Si O H,Na Al Si O H,Na Al Si O H,valid,,,
Fabritzite,Zn^2+^_9_(S^6+^O_4_)_2_(OH)_12_Cl_2_·6H_2_O,Zn^2+ S^6+ O H Cl,Zn^2+ S^6+ O H Cl,Zn S O H Cl,Zn^2+ S^6+ O H Cl,valid,,,
Faheyite,Be_2_Mn^2+^Fe^3+^_2_(PO_4_)_4_·6H_2_O,Be Mn^2+ Fe^3+ P O H,Be Mn^2+ Fe^3+ P O H,Be Mn Fe P O H,Be Mn^2+ Fe^3+ P O H,valid,,,
Fahleite,CaZn^2+^_5_Fe^3+^_2_(As^5+^O_4_)_6_·14H_2_O,Ca Zn^2+ Fe^3+ As^5+ O H,Ca Zn^2+ Fe^3+ As^5+ O H,Ca Zn Fe As O H,Ca Zn^2+ Fe^3+ As^5+ O H,valid,,,
Fairbankite,Pb^2+^_12_(Te^4+^O_3_)_11_(S^6+^O_4_),Pb^2+ Te^4+ O S^6+,Pb^2+ Te^4+ O S^6+,Pb Te O S,Pb^2+ Te^4+ O S^6+,valid,,,
Fairchildite,K_2_Ca(CO_3_)_2_,K Ca C O,K Ca C O,K Ca C O,K Ca C O,valid,,,
Fairfieldite,Ca_2_Mn^2+^(PO_4_)_2_·2H_2_O,Ca Mn^2+ P O H,Ca Mn^2+ P O H,Ca Mn P O H,Ca Mn^2+ P O H,valid,,,
Faizievite,Li_6_K_2_Na(Ca_6_Na)Ti^4+^_4_(Si_6_O_18_)_2_(Si_12_O_30_)F_2_,Li K Na Ca Ti^4+ Si O F,Li K Na Ca Ti^4+ Si O F,Li K Na Ca Ti Si O F,Li K Na Ca Ti^4+ Si O F,valid,,,
Falcondoite,Ni^2+^_4_Si_6_O_15_(OH)_2_·6H_2_O,Ni^2+ Si O H,Ni^2+ Si O H,Ni Si O H,Ni^2+ Si O H,valid,,,
Falgarite,K_4_(V^4+^O)_3_(S^6+^O_4_)_5_,K V^4+ O S^6+,K V^4+ O S^6+,K V O S,K V^4+ O S^6+,valid,,,
Falkmanite,Pb^2+^_3_Sb^3+^_2_S^2-^_6_,Pb^2+ Sb^3+ S^2-,Pb^2+ Sb^3+ S^2-,Pb Sb S,Pb^2+ Sb^3+ S^2-,valid,,,
Falottaite,Mn^2+^(C_2_)^6+^O_4_·3H_2_O,Mn^2+ C O H,Mn^2+ C O H,Mn C O H,Mn^2+ C O H,valid,,,
Falsterite,Ca_2_MgMn^2+^_2_(Fe^2+^Fe^3+^)_2_Zn^2+^_4_(PO_4_)_8_(OH)_4_·14H_2_O,Ca Mg Mn^2+ Fe^2+ Fe^3+ Zn^2+ P O H,Ca Mg Mn^2+ Fe^2+ Fe^3+ Zn^2+ P O H,Ca Mg Mn Fe Zn P O H,Ca Mg Mn^2+ Fe^2+ Fe^3+ Zn^2+ P O H,valid,,,
Famatinite,Cu^1+^Cu^2+^_2_Sb^3+^S^2-^_4_,Cu^1+ Cu^2+ Sb^3+ S^2-,Cu^1+ Cu^2+ Sb^3+ S^2-,Cu Sb S,Cu^1+ Cu^2+ Sb^3+ S^2-,valid,,,
Fanfaniite,Ca_4_Mn^2+^Al_4_(PO_4_)_6_(OH)_4_·12H_2_O,Ca Mn^2+ Al P O H,Ca Mn^2+ Al P O H,Ca Mn Al P O H,Ca Mn^2+ Al P O H,valid,,,
Fangite,Tl^1+^_3_As^5+^S^2-^_4_,Tl^1+ As^5+ S^2-,Tl^1+ As^5+ S^2-,Tl As S,Tl^1+ As^5+ S^2-,valid,,,
Fanguangite,(Mo^6+^O_2_)(PO_3_OH)·4H_2_O,Mo^6+ O P H,Mo^6+ O P H,Mo O P H,Mo^6+ O P H,valid,,,
Fantappièite,[Na_82.5_Ca_33_K_16.5_]_Σ=132_(Si_99_Al_99_O_396_)(S^6+^O_4_)_33_·6H_2_O,Na Ca K Si Al O S^6+ H,Na Ca K Si Al O S^6+ H,Na Ca K Si Al O S H,Na Ca K Si Al O S^6+ H,valid,,,
Farneseite,Na_46_Ca_10_(Si_42_Al_42_O_168_)(S^6+^O_4_)_12_·6H_2_O,Na Ca Si Al O S^6+ H,Na Ca Si Al O S^6+ H,Na Ca Si Al O S H,Na Ca Si Al O S^6+ H,valid,,,
Farringtonite,Mg_3_(PO_4_)_2_,Mg P O,Mg P O,Mg P O,Mg P O,valid,,,
Fassinaite,Pb^2+^_2_(CO_3_)(S^6+^O_3_S^2-^),Pb^2+ C O S^6+ S^2-,Pb^2+ C O S^6+ S^2-,Pb C O S,Pb^2+ C O S^6+ S^2-,valid,,,
Faujasite-Ca,"(Ca,Na,Mg)_2_(Si,Al)_12_O_24_·15H_2_O",Ca Na Mg Si Al O H,Ca Na Mg Si Al O H,Ca Na Mg Si Al O H,Ca Na Mg Si Al O H,valid,,,
Faujasite-Mg,"(Mg,Na,K,Ca)_2_(Si,Al)_12_O_24_·15H_2_O",Mg Na K Ca Si Al O H,Mg Na K Ca Si Al O H,Mg Na K Ca Si Al O H,Mg Na K Ca Si Al O H,valid,,,
Faujasite-Na,"(Na,Ca,Mg)_2_(Si,Al)_12_O_24_·15H_2_O",Na Ca Mg Si Al O H,Na Ca Mg Si Al O H,Na Ca Mg Si Al O H,Na Ca Mg Si Al O H,valid,,,
Faustite,Zn^2+^Al_6_(PO_4_)_4_(OH)_8_·4H_2_O,Zn^2+ Al P O H,Zn^2+ Al P O H,Zn Al P O H,Zn^2+ Al P O H,valid,,,
Favreauite,Pb^2+^Bi^3+^Cu^2+^_6_O_4_(Se^4+^O_3_)_4_(OH)·H_2_O,Pb^2+ Bi^3+ Cu^2+ O Se^4+ H,Pb^2+ Bi^3+ Cu^2+ O Se^4+ H,Pb Bi Cu O Se H,Pb^2+ Bi^3+ Cu^2+ O Se^4+ H,valid,,,
Fayalite,Fe^2+^_2_SiO_4_,Fe^2+ Si O,Fe^2+ Si O,Fe Si O,Fe^2+ Si O,valid,,,
Fedorite,"(K,Na)_2.5_(Ca,Na)_7_Si_16_O_38_(OH,F)_2_·3.5H_2_O",K Na Ca Si O H F,K Na Ca Si O H F,K Na Ca Si O H F,K Na Ca Si O H F,valid,,,
Fedorovskite,Ca_2_Mg_2_B_4_O_7_(OH)_6_,Ca Mg B O H,Ca Mg B O H,Ca Mg B O H,Ca Mg B O H,valid,,,
Fedotovite,K_2_Cu^2+^_3_O(S^6+^O_4_)_3_,K Cu^2+ O S^6+,K Cu^2+ O S^6+,K Cu O S,K Cu^2+ O S^6+,valid,,,
Fehrite,MgCu^2+^_4_(S^6+^O_4_)_2_(OH)_6_·6H_2_O,Mg Cu^2+ S^6+ O H,Mg Cu^2+ S^6+ O H,Mg Cu S O H,Mg Cu^2+ S^6+ O H,valid,,,
Feiite,Fe^2+^_2_(Fe^2+^Ti^4+^)O_5_,Fe^2+ Ti^4+ O,Fe^2+ Ti^4+ O,Fe Ti O,Fe^2+ Ti^4+ O,valid,,,
Feinglosite,Pb^2+^_2_Zn^2+^(As^5+^O_4_)_2_·H_2_O,Pb^2+ Zn^2+ As^5+ O H,Pb^2+ Zn^2+ As^5+ O H,Pb Zn As O H,Pb^2+ Zn^2+ As^5+ O H,valid,,,
Feitknechtite,Mn^3+^O(OH),Mn^3+ O H,Mn^3+ O H,Mn O H,Mn^3+ O H,valid,,,
Feklichevite,"Na_11_Ca_9_(Fe^3+^,Fe^2+^)_2_Zr^4+^_3_Nb^5+^(Si_25_O_73_)(OH,H_2_O,Cl,O)_5_",Na Ca Fe^3+ Fe^2+ Zr^4+ Nb^5+ Si O H Cl,Na Ca Fe^3+ Fe^2+ Zr^4+ Nb^5+ Si O H Cl,Na Ca Fe Zr Nb Si O H Cl,Na Ca Fe^3+ Fe^2+ Zr^4+ Nb^5+ Si O H Cl,valid,,,
Felbertalite,Cu^1+^_2_Pb^2+^_6_Bi^3+^_8_S^2-^_19_,Cu^1+ Pb^2+ Bi^3+ S^2-,Cu^1+ Pb^2+ Bi^3+ S^2-,Cu Pb Bi S,Cu^1+ Pb^2+ Bi^3+ S^2-,valid,,,
Felsőbányaite,Al_4_(S^6+^O_4_)(OH)_10_·4H_2_O,Al S^6+ O H,Al S^6+ O H,Al S O H,Al S^6+ O H,valid,,,
Fenaksite,KNaFe^2+^Si_4_O_10_,K Na Fe^2+ Si O,K Na Fe^2+ Si O,K Na Fe Si O,K Na Fe^2+ Si O,valid,,,
Fencooperite,Ba_6_Fe^3+^_3_Si_8_O_23_(CO_3_)_2_Cl_3_·H_2_O,Ba Fe^3+ Si O C Cl H,Ba Fe^3+ Si O C Cl H,Ba Fe Si O C Cl H,Ba Fe^3+ Si O C Cl H,valid,,,
Fengchengite,Na_12_[box]_3_Ca_6_Fe^3+^_3_Zr^4+^_3_Si(Si_25_O_73_)(H_2_O)_3_(OH)_2_,Na Ca Fe^3+ Zr^4+ Si O H,Na Ca Fe^3+ Zr^4+ Si O H,Na Ca Fe Zr Si O H,Na Ca Fe^3+ Zr^4+ Si O H,valid,,,
Fengruiite,[Ag^1+^_6_Sb^3+^_2_S^2-^_7_][Ag^1+^_9_Cu^1+^S^2-^_2_Te^2-^_2_],Ag^1+ Sb^3+ S^2- Cu^1+ Te^2-,Ag^1+ Sb^3+ S^2- Cu^1+ Te^2-,Ag Sb S Cu Te,Ag^1+ Sb^3+ S^2- Cu^1+ Te^2-,valid,,,
Feodosiyite,Cu^2+^_11_Mg_2_Cl_18_(OH)_8_·16H_2_O,Cu^2+ Mg Cl O H,Cu^2+ Mg Cl O H,Cu Mg Cl O H,Cu^2+ Mg Cl O H,valid,,,
Ferberite,Fe^2+^W^6+^O_4_,Fe^2+ W^6+ O,Fe^2+ W^6+ O,Fe W O,Fe^2+ W^6+ O,valid,,,
Ferchromide,Cr_1.5_Fe_0.2_,Cr Fe,Cr Fe,Cr Fe,Cr Fe,valid,,,
Ferdowsiite,Ag^1+^_8_(Sb^3+^_5_As^3+^_3_)S^2-^_16_,Ag^1+ Sb^3+ As^3+ S^2-,Ag^1+ Sb^3+ As^3+ S^2-,Ag Sb As S,Ag^1+ Sb^3+ As^3+ S^2-,valid,,,
Fergusonite-(Ce),Ce^3+^Nb^5+^O_4_·0.3H_2_O,Ce^3+ Nb^5+ O H,Ce^3+ Nb^5+ O H,Ce Nb O H,Ce^3+ Nb^5+ O H,valid,,,
Fergusonite-(Y),YNb^5+^O_4_,Y Nb^5+ O,Y Nb^5+ O,Y Nb O,Y Nb^5+ O,valid,,,
Ferhodsite,"(Fe,Rh,Ni,Ir,Cu,Co,Pt)_9-x_S_8_",Fe Rh Ni Ir Cu Co Pt S,Fe Rh Ni Ir Cu Co Pt S,Fe Rh Ni Ir Cu Co Pt S,Fe Rh Ni Ir Cu Co Pt S,valid,,,
Fermiite,Na_4_(U^6+^O_2_)(S^6+^O_4_)_3_·3H_2_O,Na U^6+ O S^6+ H,Na U^6+ O S^6+ H,Na U O S H,Na U^6+ O S^6+ H,valid,,,
Fernandinite,"(Ca,Na,K)_0.9_(V^5+^,V^4+^,Fe^2+^,Ti^4+^)_8_O_20_·4H_2_O",Ca Na K V^5+ V^4+ Fe^2+ Ti^4+ O H,Ca Na K V^5+ V^4+ Fe^2+ Ti^4+ O H,Ca Na K V Fe Ti O H,Ca Na K V^5+ V^4+ Fe^2+ Ti^4+ O H,valid,,,
Feroxyhyte,Fe^3+^O(OH),Fe^3+ O H,Fe^3+ O H,Fe O H,Fe^3+ O H,valid,,,
Ferraioloite,MgMn^2+^_4_(Fe^2+^_0.5_Al_0.5_)_4_Zn^2+^_4_(PO_4_)_8_(OH)_4_·20H_2_O,Mg Mn^2+ Fe^2+ Al Zn^2+ P O H,Mg Mn^2+ Fe^2+ Al Zn^2+ P O H,Mg Mn Fe Al Zn P O H,Mg Mn^2+ Fe^2+ Al Zn^2+ P O H,valid,,,
Ferrarisite,Ca_5_(As^5+^O_3_OH)_2_(As^5+^O_4_)_2_·9H_2_O,Ca As^5+ O H,Ca As^5+ O H,Ca As O H,Ca As^5+ O H,valid,,,
Ferriakasakaite-(Ce),CaCe^3+^Fe^3+^AlMn^2+^(Si_2_O_7_)(SiO_4_)O(OH),Ca Ce^3+ Fe^3+ Al Mn^2+ Si O H,Ca Ce^3+ Fe^3+ Al Mn^2+ Si O H,Ca Ce Fe Al Mn Si O H,Ca Ce^3+ Fe^3+ Al Mn^2+ Si O H,valid,,,
Ferriakasakaite-(La),CaLa^3+^Fe^3+^AlMn^2+^(Si_2_O_7_)(SiO_4_)O(OH),Ca La^3+ Fe^3+ Al Mn^2+ Si O H,Ca La^3+ Fe^3+ Al Mn^2+ Si O H,Ca La Fe Al Mn Si O H,Ca La^3+ Fe^3+ Al Mn^2+ Si O H,valid,,,
Ferriallanite-(Ce),CaCe^3+^Fe^2+^Fe^3+^Al(SiO_4_)(Si_2_O_7_)O(OH),Ca Ce^3+ Fe^2+ Fe^3+ Al Si O H,Ca Ce^3+ Fe^2+ Fe^3+ Al Si O H,Ca Ce Fe Al Si O H,Ca Ce^3+ Fe^2+ Fe^3+ Al Si O H,valid,,,
Ferriallanite-(La),CaLa^3+^(Fe^3+^AlFe^2+^)(SiO_4_)(Si_2_O_7_)O(OH),Ca La^3+ Fe^3+ Al Fe^2+ Si O H,Ca La^3+ Fe^3+ Al Fe^2+ Si O H,Ca La Fe Al Si O H,Ca La^3+ Fe^3+ Al Fe^2+ Si O H,valid,,,
Ferriandrosite-(Ce),Mn^2+^Ce^3+^(Fe^3+^AlMn^2+^)(Si_2_O_7_)(SiO_4_)O(OH),Mn^2+ Ce^3+ Fe^3+ Al Si O H,Mn^2+ Ce^3+ Fe^3+ Al Si O H,Mn Ce Fe Al Si O H,Mn^2+ Ce^3+ Fe^3+ Al Si O H,valid,,,
Ferriandrosite-(La),Mn^2+^LaFe^3+^AlMn^2+^(Si_2_O_7_)(SiO_4_)O(OH),Mn^2+ La Fe^3+ Al Si O H,Mn^2+ La Fe^3+ Al Si O H,Mn La Fe Al Si O H,Mn^2+ La Fe^3+ Al Si O H,valid,,,
Ferribushmakinite,Pb^2+^_2_Fe^3+^(PO_4_)(V^5+^O_4_)(OH),Pb^2+ Fe^3+ P O V^5+ H,Pb^2+ Fe^3+ P O V^5+ H,Pb Fe P O V H,Pb^2+ Fe^3+ P O V^5+ H,valid,,,
Ferricerite-(LaCa),(La_6_Ca_3_)[box]Fe^3+^(SiO_4_)_3_(SiO_3_OH)_4_(OH)_3_,La Ca Fe^3+ Si O H,La Ca Fe^3+ Si O H,La Ca Fe Si O H,La Ca Fe^3+ Si O H,valid,,,
Ferricopiapite,Fe^3+^_2/3_Fe^3+^_4_(S^6+^O_4_)_6_(OH)_2_·20H_2_O,Fe^3+ S^6+ O H,Fe^3+ S^6+ O H,Fe S O H,Fe^3+ S^6+ O H,valid,,,
Ferricoronadite,Pb^2+^(Mn^4+^_6_Fe^3+^_2_)O_16_,Pb^2+ Mn^4+ Fe^3+ O,Pb^2+ Mn^4+ Fe^3+ O,Pb Mn Fe O,Pb^2+ Mn^4+ Fe^3+ O,valid,,,
Ferrierite-K,"(K,Na)_5_(Si_31_Al_5_)O_72_·18H_2_O",K Na Si Al O H,K Na Si Al O H,K Na Si Al O H,K Na Si Al O H,valid,,,
Ferrierite-Mg,"[Mg_2_(K,Na)_2_Ca_0.5_](Si_29_Al_7_)O_72_·18H_2_O",Mg K Na Ca Si Al O H,Mg K Na Ca Si Al O H,Mg K Na Ca Si Al O H,Mg K Na Ca Si Al O H,valid,,,
Ferrierite-Na,"(Na,K)_5_(Si_31_Al_5_)O_72_·18H_2_O",Na K Si Al O H,Na K Si Al O H,Na K Si Al O H,Na K Si Al O H,valid,,,
Ferrierite-NH4,"(N^3-^H_4_,Mg_0.5_)_5_(Al_5_Si_31_O_72_)·22H_2_O",N^3- H Mg Al Si O,N^3- H Mg Al Si O,N H Mg Al Si O,N^3- H Mg Al Si O,valid,,,
Ferri-fluoro-katophorite,Na(NaCa)(Mg_4_Fe^3+^)(Si_7_Al)O_22_F_2_,Na Ca Mg Fe^3+ Si Al O F,Na Ca Mg Fe^3+ Si Al O F,Na Ca Mg Fe Si Al O F,Na Ca Mg Fe^3+ Si Al O F,valid,,,
Ferri-fluoro-leakeite,NaNa_2_(Mg_2_Fe^3+^_2_Li)Si_8_O_22_F_2_,Na Mg Fe^3+ Li Si O F,Na Mg Fe^3+ Li Si O F,Na Mg Fe Li Si O F,Na Mg Fe^3+ Li Si O F,valid,,,
Ferri-ghoseite,[box](NaMn^2+^)(Mg_4_Fe^3+^)Si_8_O_22_(OH)_2_,Na Mn^2+ Mg Fe^3+ Si O H,Na Mn^2+ Mg Fe^3+ Si O H,Na Mn Mg Fe Si O H,Na Mn^2+ Mg Fe^3+ Si O H,valid,,,
Ferri-hellandite-(Ce),(Ca_3_Ce^3+^)Ce^3+^_2_Fe^3+^[box]_2_B_4_Si_4_O_22_(OH)_2_,Ca Ce^3+ Fe^3+ B Si O H,Ca Ce^3+ Fe^3+ B Si O H,Ca Ce Fe B Si O H,Ca Ce^3+ Fe^3+ B Si O H,valid,,,
Ferrihollandite,Ba(Mn^4+^_6_Fe^3+^_2_)O_16_,Ba Mn^4+ Fe^3+ O,Ba Mn^4+ Fe^3+ O,Ba Mn Fe O,Ba Mn^4+ Fe^3+ O,valid,,,
Ferrihydrite,Fe^3+^_5_O_7_(OH),Fe^3+ O H,Fe^3+ O H,Fe O H,Fe^3+ O H,valid,,,
Ferri-kaersutite,NaCa_2_(Mg_3_Fe^3+^Ti^4+^)(Si_6_Al_2_)O_22_O_2_,Na Ca Mg Fe^3+ Ti^4+ Si Al O,Na Ca Mg Fe^3+ Ti^4+ Si Al O,Na Ca Mg Fe Ti Si Al O,Na Ca Mg Fe^3+ Ti^4+ Si Al O,valid,,,
Ferri-katophorite,Na(NaCa)(Mg_4_Fe^3+^)(Si_7_Al)O_22_(OH)_2_,Na Ca Mg Fe^3+ Si Al O H,Na Ca Mg Fe^3+ Si Al O H,Na Ca Mg Fe Si Al O H,Na Ca Mg Fe^3+ Si Al O H,valid,,,
Ferri-leakeite,NaNa_2_(Mg_2_Fe^3+^_2_Li)Si_8_O_22_(OH)_2_,Na Mg Fe^3+ Li Si O H,Na Mg Fe^3+ Li Si O H,Na Mg Fe Li Si O H,Na Mg Fe^3+ Li Si O H,valid,,,
Ferrilotharmeyerite,CaZn^2+^Fe^3+^(As^5+^O_4_)_2_(OH)·H_2_O,Ca Zn^2+ Fe^3+ As^5+ O H,Ca Zn^2+ Fe^3+ As^5+ O H,Ca Zn Fe As O H,Ca Zn^2+ Fe^3+ As^5+ O H,valid,,,
Ferrimolybdite,Fe^3+^_2_(Mo^6+^O_4_)_3_·7H_2_O,Fe^3+ Mo^6+ O H,Fe^3+ Mo^6+ O H,Fe Mo O H,Fe^3+ Mo^6+ O H,valid,,,
Ferri-mottanaite-(Ce),Ca_4_Ce^3+^_2_Fe^3+^(Be_1.5_[box]_0.5_)[Si_4_B_4_O_22_]O_2_,Ca Ce^3+ Fe^3+ Be Si B O,Ca Ce^3+ Fe^3+ Be Si B O,Ca Ce Fe Be Si B O,Ca Ce^3+ Fe^3+ Be Si B O,valid,,,
Ferrimuirite,Ba_10_(Ca_2_Fe^3+^_2_)[Si_8_O_24_]O_2_Cl_10_,Ba Ca Fe^3+ Si O Cl,Ba Ca Fe^3+ Si O Cl,Ba Ca Fe Si O Cl,Ba Ca Fe^3+ Si O Cl,valid,,,
Ferrinatrite,Na_3_Fe^3+^(S^6+^O_4_)_3_·3H_2_O,Na Fe^3+ S^6+ O H,Na Fe^3+ S^6+ O H,Na Fe S O H,Na Fe^3+ S^6+ O H,valid,,,
Ferri-obertiite,NaNa_2_(Mg_3_Fe^3+^Ti^4+^)Si_8_O_22_O_2_,Na Mg Fe^3+ Ti^4+ Si O,Na Mg Fe^3+ Ti^4+ Si O,Na Mg Fe Ti Si O,Na Mg Fe^3+ Ti^4+ Si O,valid,,,
Ferri-pedrizite,NaLi_2_[Fe^3+^_2_Mg_2_Li]Si_8_O_22_(OH)_2_,Na Li Fe^3+ Mg Si O H,Na Li Fe^3+ Mg Si O H,Na Li Fe Mg Si O H,Na Li Fe^3+ Mg Si O H,valid,,,
Ferriperbøeite-(Ce),(CaCe^3+^_3_)(Fe^3+^Al_2_Fe^2+^)(Si_2_O_7_)(SiO_4_)_3_O(OH)_2_,Ca Ce^3+ Fe^3+ Al Fe^2+ Si O H,Ca Ce^3+ Fe^3+ Al Fe^2+ Si O H,Ca Ce Fe Al Si O H,Ca Ce^3+ Fe^3+ Al Fe^2+ Si O H,valid,,,
Ferriperbøeite-(La),(CaLa^3+^_3_)(Fe^3+^Al_2_Fe^2+^)[Si_2_O_7_][SiO_4_]_3_O(OH)_2_,Ca La^3+ Fe^3+ Al Fe^2+ Si O H,Ca La^3+ Fe^3+ Al Fe^2+ Si O H,Ca La Fe Al Si O H,Ca La^3+ Fe^3+ Al Fe^2+ Si O H,valid,,,
Ferriphoxite,[(N^3-^H_4_)_2_K(H_2_O)][Fe^3+^(HPO_4_)_2_((C_2_)^6+^O_4_)],N^3- H K O Fe^3+ P C,N^3- H K O Fe^3+ P C,N H K O Fe P C,N^3- H K O Fe^3+ P C,valid,,,
Ferriprehnite,Ca_2_Fe^3+^(AlSi_3_)O_10_(OH)_2_,Ca Fe^3+ Al Si O H,Ca Fe^3+ Al Si O H,Ca Fe Al Si O H,Ca Fe^3+ Al Si O H,valid,,,
Ferripyrophyllite,Fe^3+^Si_2_O_5_(OH),Fe^3+ Si O H,Fe^3+ Si O H,Fe Si O H,Fe^3+ Si O H,valid,,,
Ferrirockbridgeite,(Fe^3+^_0.67_[box]_0.33_)_2_(Fe^3+^)_3_(PO_4_)_3_(OH)_4_(H_2_O),Fe^3+ P O H,Fe^3+ P O H,Fe P O H,Fe^3+ P O H,valid,,,
Ferrisanidine,K(Fe^3+^Si_3_O_8_),K Fe^3+ Si O,K Fe^3+ Si O,K Fe Si O,K Fe^3+ Si O,valid,,,
Ferrisepiolite,"(Fe^3+^,Fe^2+^,Mg)_4_[(Si,Fe^3+^)_6_O_15_](O,OH)_2_·6H_2_O",Fe^3+ Fe^2+ Mg Si O H,Fe^3+ Fe^2+ Mg Si O H,Fe Mg Si O H,Fe^3+ Fe^2+ Mg Si O H,valid,,,
Ferristrunzite,Fe^3+^Fe^3+^_2_(PO_4_)_2_(OH)_3_·5H_2_O,Fe^3+ P O H,Fe^3+ P O H,Fe P O H,Fe^3+ P O H,valid,,,
Ferrisurite,Pb^2+^_2.4_Fe^3+^_2_Si_4_O_10_(CO_3_)_1.7_(OH)_3_·nH_2_O,Pb^2+ Fe^3+ Si O C H,Pb^2+ Fe^3+ Si O C H,Pb Fe Si O C H,Pb^2+ Fe^3+ Si O C H,valid,,,
Ferrisymplesite,Fe^3+^_3_(As^5+^O_4_)_2_(OH)_3_·5H_2_O,Fe^3+ As^5+ O H,Fe^3+ As^5+ O H,Fe As O H,Fe^3+ As^5+ O H,valid,,,
Ferri-taramite,Na(NaCa)(Mg_3_Fe^3+^_2_)(Si_6_Al_2_)O_22_(OH)_2_,Na Ca Mg Fe^3+ Si Al O H,Na Ca Mg Fe^3+ Si Al O H,Na Ca Mg Fe Si Al O H,Na Ca Mg Fe^3+ Si Al O H,valid,,,
Ferrivauxite,Fe^3+^Al_2_(PO_4_)_2_(OH)_3_·5H_2_O,Fe^3+ Al P O H,Fe^3+ Al P O H,Fe Al P O H,Fe^3+ Al P O H,valid,,,
Ferri-winchite,[box]NaCa(Mg_4_Fe^3+^)Si_8_O_22_(OH)_2_,Na Ca Mg Fe^3+ Si O H,Na Ca Mg Fe^3+ Si O H,Na Ca Mg Fe Si O H,Na Ca Mg Fe^3+ Si O H,valid,,,
Ferro-actinolite,[box]Ca_2_Mg_2.5-0_Fe^2+^_2.5-5_Si_8_O_22_(OH)_2_,Ca Mg Fe^2+ Si O H,Ca Mg Fe^2+ Si O H,Ca Mg Fe Si O H,Ca Mg Fe^2+ Si O H,valid,,,
Ferroåkermanite,Ca_2_Fe^2+^Si_2_O_7_,Ca Fe^2+ Si O,Ca Fe^2+ Si O,Ca Fe Si O,Ca Fe^2+ Si O,valid,,,
Ferroalluaudite,NaFe^2+^Fe^3+^_2_(PO_4_)_3_,Na Fe^2+ Fe^3+ P O,Na Fe^2+ Fe^3+ P O,Na Fe P O,Na Fe^2+ Fe^3+ P O,valid,,,
Ferroaluminoceladonite,KFe^2+^AlSi_4_O_10_(OH)_2_,K Fe^2+ Al Si O H,K Fe^2+ Al Si O H,K Fe Al Si O H,K Fe^2+ Al Si O H,valid,,,
Ferro-anthophyllite,[box]Fe^2+^_2_Fe^2+^_5_Si_8_O_22_(OH)_2_,Fe^2+ Si O H,Fe^2+ Si O H,Fe Si O H,Fe^2+ Si O H,valid,,,
Ferroberaunite,Fe^2+^Fe^3+^_5_(PO_4_)_4_(OH)_5_·6H_2_O,Fe^2+ Fe^3+ P O H,Fe^2+ Fe^3+ P O H,Fe P O H,Fe^2+ Fe^3+ P O H,valid,,,
Ferrobobfergusonite,[box]Na_2_Fe^2+^_5_Fe^3+^Al(PO_4_)_6_,Na Fe^2+ Fe^3+ Al P O,Na Fe^2+ Fe^3+ Al P O,Na Fe Al P O,Na Fe^2+ Fe^3+ Al P O,valid,,,
Ferro-bosiite,NaFe^3+^_3_(Al_4_Fe^2+^_2_)(Si_6_O_18_)(BO_3_)_3_(OH)_3_O,Na Fe^3+ Al Fe^2+ Si O B H,Na Fe^3+ Al Fe^2+ Si O B H,Na Fe Al Si O B H,Na Fe^3+ Al Fe^2+ Si O B H,valid,,,
Ferrobustamite,CaFe^2+^Si_2_O_6_,Ca Fe^2+ Si O,Ca Fe^2+ Si O,Ca Fe Si O,Ca Fe^2+ Si O,valid,,,
Ferrocarpholite,Fe^2+^Al_2_Si_2_O_6_(OH)_4_,Fe^2+ Al Si O H,Fe^2+ Al Si O H,Fe Al Si O H,Fe^2+ Al Si O H,valid,,,
Ferroceladonite,KFe^2+^Fe^3+^Si_4_O_10_(OH)_2_,K Fe^2+ Fe^3+ Si O H,K Fe^2+ Fe^3+ Si O H,K Fe Si O H,K Fe^2+ Fe^3+ Si O H,valid,,,
Ferrochiavennite,"Ca_1-2_Fe^2+^(Si,Al,Be)_5_Be_2_O_13_(OH)_2_·2H_2_O",Ca Fe^2+ Si Al Be O H,Ca Fe^2+ Si Al Be O H,Ca Fe Si Al Be O H,Ca Fe^2+ Si Al Be O H,valid,,,
Ferrodimolybdenite,Fe^2+^Mo^3+^_2_S^2-^_4_,Fe^2+ Mo^3+ S^2-,Fe^2+ Mo^3+ S^2-,Fe Mo S,Fe^2+ Mo^3+ S^2-,valid,,,
Ferro-edenite,NaCa_2_Fe^2+^_5_(Si_7_Al)O_22_(OH)_2_,Na Ca Fe^2+ Si Al O H,Na Ca Fe^2+ Si Al O H,Na Ca Fe Si Al O H,Na Ca Fe^2+ Si Al O H,valid,,,
Ferroefremovite,(N^3-^H_4_)_2_Fe^2+^_2_(S^6+^O_4_)_3_,N^3- H Fe^2+ S^6+ O,N^3- H Fe^2+ S^6+ O,N H Fe S O,N^3- H Fe^2+ S^6+ O,valid,,,
Ferroericssonite,BaFe^2+^_2_Fe^3+^(Si_2_O_7_)O(OH),Ba Fe^2+ Fe^3+ Si O H,Ba Fe^2+ Fe^3+ Si O H,Ba Fe Si O H,Ba Fe^2+ Fe^3+ Si O H,valid,,,
Ferro-ferri-fluoro-leakeite,NaNa_2_(Fe^2+^_2_Fe^3+^_2_Li)Si_8_O_22_F_2_,Na Fe^2+ Fe^3+ Li Si O F,Na Fe^2+ Fe^3+ Li Si O F,Na Fe Li Si O F,Na Fe^2+ Fe^3+ Li Si O F,valid,,,
Ferro-ferri-holmquistite,[box]Li_2_(Fe^2+^_3_Fe^3+^_2_)(Si_8_O_22_)(OH)_2_,Li Fe^2+ Fe^3+ Si O H,Li Fe^2+ Fe^3+ Si O H,Li Fe Si O H,Li Fe^2+ Fe^3+ Si O H,valid,,,
Ferro-ferri-hornblende,[box]Ca_2_(Fe^2+^_4_Fe^3+^)(Si_7_Al)O_22_(OH)_2_,Ca Fe^2+ Fe^3+ Si Al O H,Ca Fe^2+ Fe^3+ Si Al O H,Ca Fe Si Al O H,Ca Fe^2+ Fe^3+ Si Al O H,valid,,,
Ferro-ferri-katophorite,Na(NaCa)(Fe^2+^_4_Fe^3+^)(Si_7_Al)O_22_(OH)_2_,Na Ca Fe^2+ Fe^3+ Si Al O H,Na Ca Fe^2+ Fe^3+ Si Al O H,Na Ca Fe Si Al O H,Na Ca Fe^2+ Fe^3+ Si Al O H,valid,,,
Ferro-ferri-nybøite,NaNa_2_(Fe^2+^_3_Fe^3+^_2_)(Si_7_Al)O_22_(OH)_2_,Na Fe^2+ Fe^3+ Si Al O H,Na Fe^2+ Fe^3+ Si Al O H,Na Fe Si Al O H,Na Fe^2+ Fe^3+ Si Al O H,valid,,,
Ferro-ferri-obertiite,NaNa_2_(Fe^2+^_3_Fe^3+^Ti^4+^)Si_8_O_22_O_2_,Na Fe^2+ Fe^3+ Ti^4+ Si O,Na Fe^2+ Fe^3+ Ti^4+ Si O,Na Fe Ti Si O,Na Fe^2+ Fe^3+ Ti^4+ Si O,valid,,,
Ferro-ferri-pedrizite,NaLi_2_(LiFe^2+^_2_Fe^3+^_2_)Si_8_O_22_(OH)_2_,Na Li Fe^2+ Fe^3+ Si O H,Na Li Fe^2+ Fe^3+ Si O H,Na Li Fe Si O H,Na Li Fe^2+ Fe^3+ Si O H,valid,,,
Ferrofettelite,Ag^1+^_16_Fe^2+^As^3+^_4_S^2-^_15_,Ag^1+ Fe^2+ As^3+ S^2-,Ag^1+ Fe^2+ As^3+ S^2-,Ag Fe As S,Ag^1+ Fe^2+ As^3+ S^2-,valid,,,
Ferro-fluoro-edenite,NaCa_2_Fe^2+^_5_(Si_7_AlO_22_)F_2_,Na Ca Fe^2+ Si Al O F,Na Ca Fe^2+ Si Al O F,Na Ca Fe Si Al O F,Na Ca Fe^2+ Si Al O F,valid,,,
Ferro-fluoro-pedrizite,NaLi_2_(Fe^2+^_2_Al_2_Li)Si_8_O_22_F_2_,Na Li Fe^2+ Al Si O F,Na Li Fe^2+ Al Si O F,Na Li Fe Al Si O F,Na Li Fe^2+ Al Si O F,valid,,,
Ferro-gedrite,[box]Fe^2+^_2_(Fe^2+^_3_Al_2_)(Si_6_Al_2_)O_22_(OH)_2_,Fe^2+ Al Si O H,Fe^2+ Al Si O H,Fe Al Si O H,Fe^2+ Al Si O H,valid,,,
Ferro-glaucophane,[box]Na_2_(Fe^2+^_3_Al_2_)Si_8_O_22_(OH)_2_,Na Fe^2+ Al Si O H,Na Fe^2+ Al Si O H,Na Fe Al Si O H,Na Fe^2+ Al Si O H,valid,,,
Ferrohexahydrite,Fe^2+^S^6+^O_4_·6H_2_O,Fe^2+ S^6+ O H,Fe^2+ S^6+ O H,Fe S O H,Fe^2+ S^6+ O H,valid,,,
Ferrohögbomite-2N2S,"(Fe^2+^,Mg,Zn^2+^,Al)_3_(Al,Ti^4+^,Fe^3+^)_8_O_15_(OH)",Fe^2+ Mg Zn^2+ Al Ti^4+ Fe^3+ O H,Fe^2+ Mg Zn^2+ Al Ti^4+ Fe^3+ O H,Fe Mg Zn Al Ti O H,Fe^2+ Mg Zn^2+ Al Ti^4+ Fe^3+ O H,valid,,,
Ferro-holmquistite,[box]Li_2_(Fe^2+^_3_Al_2_)Si_8_O_22_(OH)_2_,Li Fe^2+ Al Si O H,Li Fe^2+ Al Si O H,Li Fe Al Si O H,Li Fe^2+ Al Si O H,valid,,,
Ferro-hornblende,[box]Ca_2_(Fe^2+^_4_Al)(Si_7_Al)O_22_(OH)_2_,Ca Fe^2+ Al Si O H,Ca Fe^2+ Al Si O H,Ca Fe Al Si O H,Ca Fe^2+ Al Si O H,valid,,,
Ferroindialite,Fe^2+^_2_Al_3_(Si_5_AlO_18_),Fe^2+ Al Si O,Fe^2+ Al Si O,Fe Al Si O,Fe^2+ Al Si O,valid,,,
Ferroinnelite,Ba_4_Ti^4+^_2_Na(NaFe^2+^)Ti^4+^(Si_2_O_7_)_2_[(S^6+^O_4_)(PO_4_)]O_2_[O(OH)],Ba Ti^4+ Na Fe^2+ Si O S^6+ P H,Ba Ti^4+ Na Fe^2+ Si O S^6+ P H,Ba Ti Na Fe Si O S P H,Ba Ti^4+ Na Fe^2+ Si O S^6+ P H,valid,,,
Ferro-katophorite,NaNaCa[Fe^2+^_4_Al](Si_7_Al)O_22_(OH)_2_,Na Ca Fe^2+ Al Si O H,Na Ca Fe^2+ Al Si O H,Na Ca Fe Al Si O H,Na Ca Fe^2+ Al Si O H,valid,,,
Ferrokentbrooksite,"Na_15_Ca_6_Fe^2+^_3_Zr^4+^_3_Nb^5+^(Si_25_O_73_)(O,OH,H_2_O)_3_(F,Cl)_2_",Na Ca Fe^2+ Zr^4+ Nb^5+ Si O H F Cl,Na Ca Fe^2+ Zr^4+ Nb^5+ Si O H F Cl,Na Ca Fe Zr Nb Si O H F Cl,Na Ca Fe^2+ Zr^4+ Nb^5+ Si O H F Cl,valid,,,
Ferrokësterite,Cu^1+^_2_Fe^2+^Sn^4+^S^2-^_4_,Cu^1+ Fe^2+ Sn^4+ S^2-,Cu^1+ Fe^2+ Sn^4+ S^2-,Cu Fe Sn S,Cu^1+ Fe^2+ Sn^4+ S^2-,valid,,,
Ferrokinoshitalite,BaFe^2+^_3_(Si_2_Al_2_)O_10_(OH)_2_,Ba Fe^2+ Si Al O H,Ba Fe^2+ Si Al O H,Ba Fe Si Al O H,Ba Fe^2+ Si Al O H,valid,,,
Ferrolaueite,Fe^2+^Fe^3+^_2_(PO_4_)_2_(OH)_2_·8H_2_O,Fe^2+ Fe^3+ P O H,Fe^2+ Fe^3+ P O H,Fe P O H,Fe^2+ Fe^3+ P O H,valid,,,
Ferromerrillite,Ca_9_NaFe^2+^(PO_4_)_7_,Ca Na Fe^2+ P O,Ca Na Fe^2+ P O,Ca Na Fe P O,Ca Na Fe^2+ P O,valid,,,
Ferronickelplatinum,Pt_2_FeNi,Pt Fe Ni,Pt Fe Ni,Pt Fe Ni,Pt Fe Ni,valid,,,
Ferronigerite-2N1S,"(Al,Fe^3+^,Zn^2+^)_2_(Al,Sn^4+^)_6_O_11_(OH)",Al Fe^3+ Zn^2+ Sn^4+ O H,Al Fe^3+ Zn^2+ Sn^4+ O H,Al Fe Zn Sn O H,Al Fe^3+ Zn^2+ Sn^4+ O H,valid,,,
Ferronigerite-6N6S,"(Al,Fe^3+^,Zn^2+^)_3_(Al,Sn^4+^,Fe^3+^)_8_O_15_(OH)",Al Fe^3+ Zn^2+ Sn^4+ O H,Al Fe^3+ Zn^2+ Sn^4+ O H,Al Fe Zn Sn O H,Al Fe^3+ Zn^2+ Sn^4+ O H,valid,,,
Ferronordite-(Ce),Na_3_SrCe^3+^Fe^2+^Si_6_O_17_,Na Sr Ce^3+ Fe^2+ Si O,Na Sr Ce^3+ Fe^2+ Si O,Na Sr Ce Fe Si O,Na Sr Ce^3+ Fe^2+ Si O,valid,,,
Ferronordite-(La),Na_3_SrLa^3+^Fe^2+^Si_6_O_17_,Na Sr La^3+ Fe^2+ Si O,Na Sr La^3+ Fe^2+ Si O,Na Sr La Fe Si O,Na Sr La^3+ Fe^2+ Si O,valid,,,
Ferro-papikeite,NaFe^2+^_2_(Fe^2+^_3_Al_2_)(Si_5_Al_3_)O_22_(OH)_2_,Na Fe^2+ Al Si O H,Na Fe^2+ Al Si O H,Na Fe Al Si O H,Na Fe^2+ Al Si O H,valid,,,
Ferro-pargasite,NaCa_2_(Fe^2+^_4_Al)(Si_6_Al_2_)O_22_(OH)_2_,Na Ca Fe^2+ Al Si O H,Na Ca Fe^2+ Al Si O H,Na Ca Fe Al Si O H,Na Ca Fe^2+ Al Si O H,valid,,,
Ferro-pedrizite,NaLi_2_(Fe^2+^_2_Al_2_Li)Si_8_O_22_(OH)_2_,Na Li Fe^2+ Al Si O H,Na Li Fe^2+ Al Si O H,Na Li Fe Al Si O H,Na Li Fe^2+ Al Si O H,valid,,,
ferropseudobrookite,Fe^2+^Ti^4+^_2_O_5_,Fe^2+ Ti^4+ O,Fe^2+ Ti^4+ O,Fe Ti O,Fe^2+ Ti^4+ O,valid,,,
Ferroqingheiite,Na_2_Fe^2+^MgAl(PO_4_)_3_,Na Fe^2+ Mg Al P O,Na Fe^2+ Mg Al P O,Na Fe Mg Al P O,Na Fe^2+ Mg Al P O,valid,,,
Ferrorhodonite,CaMn^2+^_3_Fe^2+^(Si_5_O_15_),Ca Mn^2+ Fe^2+ Si O,Ca Mn^2+ Fe^2+ Si O,Ca Mn Fe Si O,Ca Mn^2+ Fe^2+ Si O,valid,,,
Ferro-richterite,NaNaCaFe^2+^_5_Si_8_O_22_(OH)_2_,Na Ca Fe^2+ Si O H,Na Ca Fe^2+ Si O H,Na Ca Fe Si O H,Na Ca Fe^2+ Si O H,valid,,,
Ferrorockbridgeite,"(Fe^2+^,Mn^2+^)_2_Fe^3+^_3_(PO_4_)_3_(OH)_4_(H_2_O)",Fe^2+ Mn^2+ Fe^3+ P O H,Fe^2+ Mn^2+ Fe^3+ P O H,Fe Mn P O H,Fe^2+ Mn^2+ Fe^3+ P O H,valid,,,
Ferrorosemaryite,[box]NaFe^2+^(Fe^3+^Al)(PO_4_)_3_,Na Fe^2+ Fe^3+ Al P O,Na Fe^2+ Fe^3+ Al P O,Na Fe Al P O,Na Fe^2+ Fe^3+ Al P O,valid,,,
Ferrosaponite,"Ca_0.3_(Fe^2+^,Mg,Fe^3+^)_3_(Si,Al)_4_O_10_(OH)_2_·4H_2_O",Ca Fe^2+ Mg Fe^3+ Si Al O H,Ca Fe^2+ Mg Fe^3+ Si Al O H,Ca Fe Mg Si Al O H,Ca Fe^2+ Mg Fe^3+ Si Al O H,valid,,,
Ferroselite,FeSe_2_,Fe Se,Fe Se,Fe Se,Fe Se,valid,,,
Ferrosilite,Fe^2+^_2_Si_2_O_6_,Fe^2+ Si O,Fe^2+ Si O,Fe Si O,Fe^2+ Si O,valid,,,
Ferroskutterudite,FeAs_3_,Fe As,Fe As,Fe As,Fe As,valid,,,
Ferrostalderite,Cu^1+^Fe^2+^_2_Tl^1+^As^3+^_2_S^2-^_6_,Cu^1+ Fe^2+ Tl^1+ As^3+ S^2-,Cu^1+ Fe^2+ Tl^1+ As^3+ S^2-,Cu Fe Tl As S,Cu^1+ Fe^2+ Tl^1+ As^3+ S^2-,valid,,,
Ferrostrunzite,Fe^2+^Fe^3+^_2_(PO_4_)_2_(OH)_2_·6H_2_O,Fe^2+ Fe^3+ P O H,Fe^2+ Fe^3+ P O H,Fe P O H,Fe^2+ Fe^3+ P O H,valid,,,
Ferrotaaffeite-2N'2S,"(Fe^2+^,Mg,Zn^2+^)_3_Al_8_BeO_16_",Fe^2+ Mg Zn^2+ Al Be O,Fe^2+ Mg Zn^2+ Al Be O,Fe Mg Zn Al Be O,Fe^2+ Mg Zn^2+ Al Be O,valid,,,
Ferrotaaffeite-6N'3S,BeFe^2+^_2_Al_6_O_12_,Be Fe^2+ Al O,Be Fe^2+ Al O,Be Fe Al O,Be Fe^2+ Al O,valid,,,
Ferro-taramite,Na(NaCa)Fe^2+^_3_Al_2_(Si_6_Al_2_)O_22_(OH)_2_,Na Ca Fe^2+ Al Si O H,Na Ca Fe^2+ Al Si O H,Na Ca Fe Al Si O H,Na Ca Fe^2+ Al Si O H,valid,,,
Ferrotitanowodginite,Fe^2+^Ti^4+^Ta^5+^_2_O_8_,Fe^2+ Ti^4+ Ta^5+ O,Fe^2+ Ti^4+ Ta^5+ O,Fe Ti Ta O,Fe^2+ Ti^4+ Ta^5+ O,valid,,,
Ferrotochilinite,6Fe^2+^S^2-^·5Fe^2+^(OH)_2_,Fe^2+ S^2- O H,Fe^2+ S^2- O H,Fe S O H,Fe^2+ S^2- O H,valid,,,
Ferrotorryweiserite,Rh_5_Fe_10_S_16_,Rh Fe S,Rh Fe S,Rh Fe S,Rh Fe S,valid,,,
Ferro-tschermakite,[box]Ca_2_(Fe^2+^_3_Al_2_)(Si_6_Al_2_)O_22_(OH)_2_,Ca Fe^2+ Al Si O H,Ca Fe^2+ Al Si O H,Ca Fe Al Si O H,Ca Fe^2+ Al Si O H,valid,,,
Ferrotychite,Na_6_Fe^2+^_2_(CO_3_)_4_(S^6+^O_4_),Na Fe^2+ C O S^6+,Na Fe^2+ C O S^6+,Na Fe C O S,Na Fe^2+ C O S^6+,valid,,,
Ferrovalleriite,"2(Fe,Cu)S·1.53[(Fe^2+^,Al,Mg)(OH)_2_]",Fe Cu S Fe^2+ Al Mg O H,Fe Cu S Fe^2+ Al Mg O H,Fe Cu S Al Mg O H,Fe Cu S Fe^2+ Al Mg O H,valid,,,
Ferrovorontsovite,(Fe^2+^_5_Cu^1+^)Tl^1+^As^3+^_4_S^2-^_12_,Fe^2+ Cu^1+ Tl^1+ As^3+ S^2-,Fe^2+ Cu^1+ Tl^1+ As^3+ S^2-,Fe Cu Tl As S,Fe^2+ Cu^1+ Tl^1+ As^3+ S^2-,valid,,,
Ferrowodginite,Fe^2+^Sn^4+^Ta^5+^_2_O_8_,Fe^2+ Sn^4+ Ta^5+ O,Fe^2+ Sn^4+ Ta^5+ O,Fe Sn Ta O,Fe^2+ Sn^4+ Ta^5+ O,valid,,,
Ferrowyllieite,NaNaFe^2+^(Fe^2+^Al)(PO_4_)_3_,Na Fe^2+ Al P O,Na Fe^2+ Al P O,Na Fe Al P O,Na Fe^2+ Al P O,valid,,,
Ferruccite,NaBF_4_,Na B F,Na B F,Na B F,Na B F,valid,,,
Fersmanite,"Ca_4_(Na,Ca)_4_(Ti^4+^,Nb^5+^)_4_(Si_2_O_7_)_2_O_8_F_3_",Ca Na Ti^4+ Nb^5+ Si O F,Ca Na Ti^4+ Nb^5+ Si O F,Ca Na Ti Nb Si O F,Ca Na Ti^4+ Nb^5+ Si O F,valid,,,
Fersmite,CaNb^5+^_2_O_6_,Ca Nb^5+ O,Ca Nb^5+ O,Ca Nb O,Ca Nb^5+ O,valid,,,
Feruvite,CaFe^2+^_3_(Al_5_Mg)(Si_6_O_18_)(BO_3_)_3_(OH)_3_OH,Ca Fe^2+ Al Mg Si O B H,Ca Fe^2+ Al Mg Si O B H,Ca Fe Al Mg Si O B H,Ca Fe^2+ Al Mg Si O B H,valid,,,
Fervanite,Fe^3+^_4_V^5+^_4_O_16_·5H_2_O,Fe^3+ V^5+ O H,Fe^3+ V^5+ O H,Fe V O H,Fe^3+ V^5+ O H,valid,,,
Fetiasite,"(Fe^2+^,Fe^3+^,Ti^4+^)_3_O_2_As^3+^_2_O_5_",Fe^2+ Fe^3+ Ti^4+ O As^3+,Fe^2+ Fe^3+ Ti^4+ O As^3+,Fe Ti O As,Fe^2+ Fe^3+ Ti^4+ O As^3+,valid,,,
Fettelite,Ag^1+^_16_Hg^2+^As^3+^_4_S^2-^_15_,Ag^1+ Hg^2+ As^3+ S^2-,Ag^1+ Hg^2+ As^3+ S^2-,Ag Hg As S,Ag^1+ Hg^2+ As^3+ S^2-,valid,,,
Feynmanite,Na(U^6+^O_2_)(S^6+^O_4_)(OH)·3.5H_2_O,Na U^6+ O S^6+ H,Na U^6+ O S^6+ H,Na U O S H,Na U^6+ O S^6+ H,valid,,,
Fianelite,Mn^2+^_2_V^5+^_2_O_7_·2H_2_O,Mn^2+ V^5+ O H,Mn^2+ V^5+ O H,Mn V O H,Mn^2+ V^5+ O H,valid,,,
Fibroferrite,Fe^3+^S^6+^O_4_(OH)·5H_2_O,Fe^3+ S^6+ O H,Fe^3+ S^6+ O H,Fe S O H,Fe^3+ S^6+ O H,valid,,,
Fichtelite,C_19_H_34_,C H,C H,C H,C H,valid,,,
Fiedlerite,Pb^2+^_3_Cl_4_F(OH)·H_2_O,Pb^2+ Cl F O H,Pb^2+ Cl F O H,Pb Cl F O H,Pb^2+ Cl F O H,valid,,,
Fiemmeite,Cu^2+^_2_((C_2_)^6+^O_4_)(OH)_2_·2H_2_O,Cu^2+ C O H,Cu^2+ C O H,Cu C O H,Cu^2+ C O H,valid,,,
Filatovite,"K(Al,Zn^2+^)_2_(As^5+^,Si)_2_O_8_",K Al Zn^2+ As^5+ Si O,K Al Zn^2+ As^5+ Si O,K Al Zn As Si O,K Al Zn^2+ As^5+ Si O,valid,,,
Filipstadite,(Fe^3+^_0.5_Sb^5+^_0.5_)Mn^2+^_2_O_4_,Fe^3+ Sb^5+ Mn^2+ O,Fe^3+ Sb^5+ Mn^2+ O,Fe Sb Mn O,Fe^3+ Sb^5+ Mn^2+ O,valid,,,
Fillowite,Na_3_CaMn^2+^_11_(PO_4_)_9_,Na Ca Mn^2+ P O,Na Ca Mn^2+ P O,Na Ca Mn P O,Na Ca Mn^2+ P O,valid,,,
Finchite,Sr(U^6+^O_2_)_2_(V^5+^_2_O_8_)·5H_2_O,Sr U^6+ O V^5+ H,Sr U^6+ O V^5+ H,Sr U O V H,Sr U^6+ O V^5+ H,valid,,,
Finescreekite,[Pb^2+^_4_(OH)_4_](S^6+^O_3_S^2-^)_2_,Pb^2+ O H S^6+ S^2-,Pb^2+ O H S^6+ S^2-,Pb O H S,Pb^2+ O H S^6+ S^2-,valid,,,
Fingerite,Cu^2+^_11_O_2_(V^5+^O_4_)_6_,Cu^2+ O V^5+,Cu^2+ O V^5+,Cu O V,Cu^2+ O V^5+,valid,,,
Finnemanite,Pb^2+^_5_(As^3+^O_3_)_3_Cl,Pb^2+ As^3+ O Cl,Pb^2+ As^3+ O Cl,Pb As O Cl,Pb^2+ As^3+ O Cl,valid,,,
Fischesserite,Ag_3_AuSe_2_,Ag Au Se,Ag Au Se,Ag Au Se,Ag Au Se,valid,,,
Fivegite,K_4_Ca_2_[AlSi_7_O_17_(O_2-x_(OH)_x_)][(H_2_O)_2-x_(OH)_x_]Cl (x = 0-2),K Ca Al Si O H Cl,K Ca Al Si O H Cl,K Ca Al Si O H Cl,K Ca Al Si O H Cl,valid,,,
Fizélyite,Ag^1+^_5_Pb^2+^_14_Sb^3+^_21_S^2-^_48_,Ag^1+ Pb^2+ Sb^3+ S^2-,Ag^1+ Pb^2+ Sb^3+ S^2-,Ag Pb Sb S,Ag^1+ Pb^2+ Sb^3+ S^2-,valid,,,
Flaggite,Pb^2+^_4_Cu^2+^_4_Te^6+^_2_(S^6+^O_4_)_2_O_11_(OH)_2_(H_2_O),Pb^2+ Cu^2+ Te^6+ S^6+ O H,Pb^2+ Cu^2+ Te^6+ S^6+ O H,Pb Cu Te S O H,Pb^2+ Cu^2+ Te^6+ S^6+ O H,valid,,,
Flagstaffite,C_10_H_22_O_3_,C H O,C H O,C H O,C H O,valid,,,
Flamite,"Ca_8-x_(Na,K)_x_(SiO_4_)_4-x_(PO_4_)_x_",Ca Na K Si O P,Ca Na K Si O P,Ca Na K Si O P,Ca Na K Si O P,valid,,,
Fleetite,Cu_2_RhIrSb_2_,Cu Rh Ir Sb,Cu Rh Ir Sb,Cu Rh Ir Sb,Cu Rh Ir Sb,valid,,,
Fleischerite,Pb^2+^_3_Ge(S^6+^O_4_)_2_(OH)_6_·3H_2_O,Pb^2+ Ge S^6+ O H,Pb^2+ Ge S^6+ O H,Pb Ge S O H,Pb^2+ Ge S^6+ O H,valid,,,
Fleisstalite,Fe^2+^(S^4+^O_3_)·3H_2_O,Fe^2+ S^4+ O H,Fe^2+ S^4+ O H,Fe S O H,Fe^2+ S^4+ O H,valid,,,
Fletcherite,Cu^2+^Ni^3+^_2_S^2-^_4_,Cu^2+ Ni^3+ S^2-,Cu^2+ Ni^3+ S^2-,Cu Ni S,Cu^2+ Ni^3+ S^2-,valid,,,
Flinkite,Mn^2+^_2_Mn^3+^As^5+^O_4_(OH)_4_,Mn^2+ Mn^3+ As^5+ O H,Mn^2+ Mn^3+ As^5+ O H,Mn As O H,Mn^2+ Mn^3+ As^5+ O H,valid,,,
Flinteite,K_2_Zn^2+^Cl_4_,K Zn^2+ Cl,K Zn^2+ Cl,K Zn Cl,K Zn^2+ Cl,valid,,,
Florencite-(Ce),Ce^3+^Al_3_(PO_4_)_2_(OH)_6_,Ce^3+ Al P O H,Ce^3+ Al P O H,Ce Al P O H,Ce^3+ Al P O H,valid,,,
Florencite-(La),La^3+^Al_3_(PO_4_)_2_(OH)_6_,La^3+ Al P O H,La^3+ Al P O H,La Al P O H,La^3+ Al P O H,valid,,,
Florencite-(Nd),NdAl_3_(PO_4_)_2_(OH)_6_,Nd Al P O H,Nd Al P O H,Nd Al P O H,Nd Al P O H,valid,,,
Florencite-(Sm),Sm^3+^Al_3_(PO_4_)_2_(OH)_6_,Sm^3+ Al P O H,Sm^3+ Al P O H,Sm Al P O H,Sm^3+ Al P O H,valid,,,
Florenskyite,FeTiP,Fe Ti P,Fe Ti P,Fe Ti P,Fe Ti P,valid,,,
Florensovite,Cu^1+^(Cr^3+^_1.5_Sb^5+^_0.5_)S^2-^_4_,Cu^1+ Cr^3+ Sb^5+ S^2-,Cu^1+ Cr^3+ Sb^5+ S^2-,Cu Cr Sb S,Cu^1+ Cr^3+ Sb^5+ S^2-,valid,,,
Flörkeite,(K_3_Ca_2_Na)[Al_8_Si_8_O_32_]·12H_2_O,K Ca Na Al Si O H,K Ca Na Al Si O H,K Ca Na Al Si O H,K Ca Na Al Si O H,valid,,,
Fluckite,CaMn^2+^(As^5+^O_3_OH)_2_·2H_2_O,Ca Mn^2+ As^5+ O H,Ca Mn^2+ As^5+ O H,Ca Mn As O H,Ca Mn^2+ As^5+ O H,valid,,,
Fluellite,Al_2_(PO_4_)F_2_(OH)·7H_2_O,Al P O F H,Al P O F H,Al P O F H,Al P O F H,valid,,,
Fluoborite,Mg_3_(BO_3_)F_3_,Mg B O F,Mg B O F,Mg B O F,Mg B O F,valid,,,
Fluocerite-(Ce),Ce^3+^F_3_,Ce^3+ F,Ce^3+ F,Ce F,Ce^3+ F,valid,,,
Fluocerite-(La),La^3+^F_3_,La^3+ F,La^3+ F,La F,La^3+ F,valid,,,
Fluoralforsite,Ba_5_(PO_4_)_3_F,Ba P O F,Ba P O F,Ba P O F,Ba P O F,valid,,,
Fluorannite,KFe^2+^_3_(Si_3_Al)O_10_F_2_,K Fe^2+ Si Al O F,K Fe^2+ Si Al O F,K Fe Si Al O F,K Fe^2+ Si Al O F,valid,,,
Fluorapatite,Ca_5_(PO_4_)_3_F,Ca P O F,Ca P O F,Ca P O F,Ca P O F,valid,,,
Fluorapophyllite-(Cs),CsCa_4_(Si_8_O_20_)F(H_2_O)_8_,Cs Ca Si O F H,Cs Ca Si O F H,Cs Ca Si O F H,Cs Ca Si O F H,valid,,,
Fluorapophyllite-(K),KCa_4_Si_8_O_20_F·8H_2_O,K Ca Si O F H,K Ca Si O F H,K Ca Si O F H,K Ca Si O F H,valid,,,
Fluorapophyllite-(Na),NaCa_4_Si_8_O_20_F·8H_2_O,Na Ca Si O F H,Na Ca Si O F H,Na Ca Si O F H,Na Ca Si O F H,valid,,,
Fluorapophyllite-(NH4),(N^3-^H_4_)Ca_4_(Si_8_O_20_)F·8H_2_O,N^3- H Ca Si O F,N^3- H Ca Si O F,N H Ca Si O F,N^3- H Ca Si O F,valid,,,
Fluorarrojadite-(BaFe),Na_2_CaBaFe^2+^Fe^2+^_13_Al(PO_4_)_11_(PO_3_OH)F_2_,Na Ca Ba Fe^2+ Al P O H F,Na Ca Ba Fe^2+ Al P O H F,Na Ca Ba Fe Al P O H F,Na Ca Ba Fe^2+ Al P O H F,valid,,,
Fluorarrojadite-(BaNa),BaNa_4_CaFe^2+^_13_Al(PO_4_)_11_(PO_3_OH)F_2_,Ba Na Ca Fe^2+ Al P O H F,Ba Na Ca Fe^2+ Al P O H F,Ba Na Ca Fe Al P O H F,Ba Na Ca Fe^2+ Al P O H F,valid,,,
Fluorbarytolamprophyllite,(BaK)Ti^4+^_2_Na_3_Ti^4+^(Si_2_O_7_)_2_O_2_F_2_,Ba K Ti^4+ Na Si O F,Ba K Ti^4+ Na Si O F,Ba K Ti Na Si O F,Ba K Ti^4+ Na Si O F,valid,,,
Fluorbritholite-(Ce),Ca_2_Ce^3+^_3_(SiO_4_)_3_F,Ca Ce^3+ Si O F,Ca Ce^3+ Si O F,Ca Ce Si O F,Ca Ce^3+ Si O F,valid,,,
Fluorbritholite-(La),Ca_2_La^3+^_3_(SiO_4_)_3_F,Ca La^3+ Si O F,Ca La^3+ Si O F,Ca La Si O F,Ca La^3+ Si O F,valid,,,
Fluorbritholite-(Nd),Ca_2_Nd_3_(SiO_4_)_3_F,Ca Nd Si O F,Ca Nd Si O F,Ca Nd Si O F,Ca Nd Si O F,valid,,,
Fluorbritholite-(Y),"(Y,Ca)_5_(SiO_4_)_3_F",Y Ca Si O F,Y Ca Si O F,Y Ca Si O F,Y Ca Si O F,valid,,,
Fluor-buergerite,NaFe^3+^_3_Al_6_(Si_6_O_18_)(BO_3_)_3_O_3_F,Na Fe^3+ Al Si O B F,Na Fe^3+ Al Si O B F,Na Fe Al Si O B F,Na Fe^3+ Al Si O B F,valid,,,
Fluorcalciobritholite,"(Ca,REE)_5_(SiO_4_,PO_4_)_3_F",Ca REE Si O P F,Ca REE Si O P F,Ca REE Si O P F,Ca REE Si O P F,valid,,,
Fluorcalciomicrolite,"(Ca,Na)_2_Ta^5+^_2_O_6_F",Ca Na Ta^5+ O F,Ca Na Ta^5+ O F,Ca Na Ta O F,Ca Na Ta^5+ O F,valid,,,
Fluorcalciopyrochlore,"(Ca,Na)_2_(Nb^5+^,Ti^4+^)_2_O_6_F",Ca Na Nb^5+ Ti^4+ O F,Ca Na Nb^5+ Ti^4+ O F,Ca Na Nb Ti O F,Ca Na Nb^5+ Ti^4+ O F,valid,,,
Fluorcalcioroméite,"(Ca,Na)_2_Sb^5+^_2_O_6_F",Ca Na Sb^5+ O F,Ca Na Sb^5+ O F,Ca Na Sb O F,Ca Na Sb^5+ O F,valid,,,
Fluorcanasite,K_3_Na_3_Ca_5_Si_12_O_30_F_4_·H_2_O,K Na Ca Si O F H,K Na Ca Si O F H,K Na Ca Si O F H,K Na Ca Si O F H,valid,,,
Fluorcaphite,SrCaCa_3_(PO_4_)_3_F,Sr Ca P O F,Sr Ca P O F,Sr Ca P O F,Sr Ca P O F,valid,,,
Fluorcarletonite,KNa_4_Ca_4_Si_8_O_18_(CO_3_)_4_F·H_2_O,K Na Ca Si O C F H,K Na Ca Si O C F H,K Na Ca Si O C F H,K Na Ca Si O C F H,valid,,,
Fluorcarmoite-(BaNa),Ba[box]Na_2_Na_2_[box]CaMg_13_Al(PO_4_)_11_(PO_3_OH)F_2_,Ba Na Ca Mg Al P O H F,Ba Na Ca Mg Al P O H F,Ba Na Ca Mg Al P O H F,Ba Na Ca Mg Al P O H F,valid,,,
Fluorchegemite,Ca_7_(SiO_4_)_3_F_2_,Ca Si O F,Ca Si O F,Ca Si O F,Ca Si O F,valid,,,
Fluor-dravite,NaMg_3_Al_6_(Si_6_O_18_)(BO_3_)_3_(OH)_3_F,Na Mg Al Si O B H F,Na Mg Al Si O B H F,Na Mg Al Si O B H F,Na Mg Al Si O B H F,valid,,,
Fluor-elbaite,Na(Li_1.5_Al_1.5_)Al_6_(Si_6_O_18_)(BO_3_)_3_(OH)_3_F,Na Li Al Si O B H F,Na Li Al Si O B H F,Na Li Al Si O B H F,Na Li Al Si O B H F,valid,,,
Fluorellestadite,Ca_5_(SiO_4_)_1.5_(S^6+^O_4_)_1.5_F,Ca Si O S^6+ F,Ca Si O S^6+ F,Ca Si O S F,Ca Si O S^6+ F,valid,,,
Fluorite,CaF_2_,Ca F,Ca F,Ca F,Ca F,valid,,,
Fluorkyuygenite,Ca_12_Al_14_O_32_[(H_2_O)_4_F_2_],Ca Al O H F,Ca Al O H F,Ca Al O H F,Ca Al O H F,valid,,,
Fluorlamprophyllite,(SrNa)Ti^4+^_2_Na_3_Ti^4+^(Si_2_O_7_)_2_O_2_F_2_,Sr Na Ti^4+ Si O F,Sr Na Ti^4+ Si O F,Sr Na Ti Si O F,Sr Na Ti^4+ Si O F,valid,,,
Fluor-liddicoatite,Ca(Li_2_Al)Al_6_(Si_6_O_18_)(BO_3_)_3_(OH)_3_F,Ca Li Al Si O B H F,Ca Li Al Si O B H F,Ca Li Al Si O B H F,Ca Li Al Si O B H F,valid,,,
Fluorluanshiweiite,KLiAl_1.5_[box]_0.5_(Si_3.5_Al_0.5_)O_10_F_2_,K Li Al Si O F,K Li Al Si O F,K Li Al Si O F,K Li Al Si O F,valid,,,
Fluormacraeite,[(H_2_O)K]Mn^2+^_2_(Fe^3+^_2_Ti^4+^)(PO_4_)_4_(OF)(H_2_O)_10_·4H_2_O,H O K Mn^2+ Fe^3+ Ti^4+ P F,H O K Mn^2+ Fe^3+ Ti^4+ P F,H O K Mn Fe Ti P F,H O K Mn^2+ Fe^3+ Ti^4+ P F,valid,,,
Fluormayenite,Ca_12_Al_14_O_32_[[box]_4_F_2_],Ca Al O F,Ca Al O F,Ca Al O F,Ca Al O F,valid,,,
Fluornatrocoulsellite,(Na_1.5_Ca_0.5_)(Mg_1.5_Al_0.5_)F_6_F,Na Ca Mg Al F,Na Ca Mg Al F,Na Ca Mg Al F,Na Ca Mg Al F,valid,,,
Fluornatromicrolite,(Na_1.5_Bi^3+^_0.5_)Ta^5+^_2_O_6_F,Na Bi^3+ Ta^5+ O F,Na Bi^3+ Ta^5+ O F,Na Bi Ta O F,Na Bi^3+ Ta^5+ O F,valid,,,
Fluornatropyrochlore,"(Na,Pb^2+^,Ca,REE^3+^,U^6+^)_2_Nb^5+^_2_O_6_F",Na Pb^2+ Ca REE^3+ U^6+ Nb^5+ O F,Na Pb^2+ Ca REE^3+ U^6+ Nb^5+ O F,Na Pb Ca REE U Nb O F,Na Pb^2+ Ca REE^3+ U^6+ Nb^5+ O F,valid,,,
Fluoro-cannilloite,CaCa_2_(Mg_4_Al)(Si_5_Al_3_)O_22_F_2_,Ca Mg Al Si O F,Ca Mg Al Si O F,Ca Mg Al Si O F,Ca Mg Al Si O F,valid,,,
Fluorocronite,Pb^2+^F_2_,Pb^2+ F,Pb^2+ F,Pb F,Pb^2+ F,valid,,,
Fluoro-edenite,NaCa_2_Mg_5_(Si_7_Al)O_22_F_2_,Na Ca Mg Si Al O F,Na Ca Mg Si Al O F,Na Ca Mg Si Al O F,Na Ca Mg Si Al O F,valid,,,
Fluorokinoshitalite,BaMg_3_Al_2_Si_2_O_10_F_2_,Ba Mg Al Si O F,Ba Mg Al Si O F,Ba Mg Al Si O F,Ba Mg Al Si O F,valid,,,
Fluoro-leakeite,NaNa_2_(Mg_2_Al_2_Li)Si_8_O_22_F_2_,Na Mg Al Li Si O F,Na Mg Al Li Si O F,Na Mg Al Li Si O F,Na Mg Al Li Si O F,valid,,,
Fluoro-nybøite,NaNa_2_(Mg_3_Al_2_)(Si_7_Al)O_22_F_2_,Na Mg Al Si O F,Na Mg Al Si O F,Na Mg Al Si O F,Na Mg Al Si O F,valid,,,
Fluoro-pargasite,NaCa_2_(Mg_4_Al)(Si_6_Al_2_)O_22_F_2_,Na Ca Mg Al Si O F,Na Ca Mg Al Si O F,Na Ca Mg Al Si O F,Na Ca Mg Al Si O F,valid,,,
Fluoro-pedrizite,NaLi_2_(Mg_2_Al_2_Li)Si_8_O_22_F_2_,Na Li Mg Al Si O F,Na Li Mg Al Si O F,Na Li Mg Al Si O F,Na Li Mg Al Si O F,valid,,,
Fluorophlogopite,KMg_3_(Si_3_Al)O_10_F_2_,K Mg Si Al O F,K Mg Si Al O F,K Mg Si Al O F,K Mg Si Al O F,valid,,,
Fluoro-richterite,Na(NaCa)Mg_5_Si_8_O_22_F_2_,Na Ca Mg Si O F,Na Ca Mg Si O F,Na Ca Mg Si O F,Na Ca Mg Si O F,valid,,,
Fluoro-riebeckite,[box]Na_2_(Fe^2+^_3_Fe^3+^_2_)Si_8_O_22_F_2_,Na Fe^2+ Fe^3+ Si O F,Na Fe^2+ Fe^3+ Si O F,Na Fe Si O F,Na Fe^2+ Fe^3+ Si O F,valid,,,
Fluoro-taramite,Na(NaCa)(Mg_3_Al_2_)(Si_6_Al_2_)O_22_F_2_,Na Ca Mg Al Si O F,Na Ca Mg Al Si O F,Na Ca Mg Al Si O F,Na Ca Mg Al Si O F,valid,,,
Fluorotetraferriphlogopite,KMg_3_Fe^3+^Si_3_O_10_F_2_,K Mg Fe^3+ Si O F,K Mg Fe^3+ Si O F,K Mg Fe Si O F,K Mg Fe^3+ Si O F,valid,,,
Fluoro-tremolite,[box]Ca_2_Mg_5_Si_8_O_22_F_2_,Ca Mg Si O F,Ca Mg Si O F,Ca Mg Si O F,Ca Mg Si O F,valid,,,
Fluorowardite,NaAl_3_(PO_4_)_2_F_2_(OH)_2_·2H_2_O,Na Al P O F H,Na Al P O F H,Na Al P O F H,Na Al P O F H,valid,,,
Fluorphosphohedyphane,Ca_2_Pb^2+^_3_(PO_4_)_3_F,Ca Pb^2+ P O F,Ca Pb^2+ P O F,Ca Pb P O F,Ca Pb^2+ P O F,valid,,,
Fluorpyromorphite,Pb^2+^_5_(PO_4_)_3_F,Pb^2+ P O F,Pb^2+ P O F,Pb P O F,Pb^2+ P O F,valid,,,
Fluor-rewitzerite,[(H_2_O)K]Mn^2+^_2_(Al_2_Ti^4+^)(PO_4_)_4_(OF)(H_2_O)_10_·4H_2_O,H O K Mn^2+ Al Ti^4+ P F,H O K Mn^2+ Al Ti^4+ P F,H O K Mn Al Ti P F,H O K Mn^2+ Al Ti^4+ P F,valid,,,
Fluor-rossmanite,[box](Al_2_Li)Al_6_(Si_6_O_18_)(BO_3_)_3_(OH)_3_F,Al Li Si O B H F,Al Li Si O B H F,Al Li Si O B H F,Al Li Si O B H F,valid,,,
Fluor-schorl,NaFe^2+^_3_Al_6_(Si_6_O_18_)(BO_3_)_3_(OH)_3_F,Na Fe^2+ Al Si O B H F,Na Fe^2+ Al Si O B H F,Na Fe Al Si O B H F,Na Fe^2+ Al Si O B H F,valid,,,
Fluorsigaiite,Ca_2_Sr_3_(PO_4_)_3_F,Ca Sr P O F,Ca Sr P O F,Ca Sr P O F,Ca Sr P O F,valid,,,
Fluorstrophite,SrCaSr_3_(PO_4_)_3_F,Sr Ca P O F,Sr Ca P O F,Sr Ca P O F,Sr Ca P O F,valid,,,
Fluor-tsilaisite,NaMn^2+^_3_Al_6_(Si_6_O_18_)(BO_3_)_3_(OH)_3_F,Na Mn^2+ Al Si O B H F,Na Mn^2+ Al Si O B H F,Na Mn Al Si O B H F,Na Mn^2+ Al Si O B H F,valid,,,
Fluor-uvite,CaMg_3_(Al_5_Mg)(Si_6_O_18_)(BO_3_)_3_(OH)_3_F,Ca Mg Al Si O B H F,Ca Mg Al Si O B H F,Ca Mg Al Si O B H F,Ca Mg Al Si O B H F,valid,,,
Fluorvesuvianite,Ca_19_Al(Al_10_Mg_2_)(SiO_4_)_10_(Si_2_O_7_)_4_OF_9_,Ca Al Mg Si O F,Ca Al Mg Si O F,Ca Al Mg Si O F,Ca Al Mg Si O F,valid,,,
Fluorwavellite,Al_3_(PO_4_)_2_(OH)_2_F·5H_2_O,Al P O H F,Al P O H F,Al P O H F,Al P O H F,valid,,,
Flurlite,Zn^2+^Zn^2+^_3_Fe^3+^(PO_4_)_3_(OH)_2_(H_2_O)_7_·2H_2_O,Zn^2+ Fe^3+ P O H,Zn^2+ Fe^3+ P O H,Zn Fe P O H,Zn^2+ Fe^3+ P O H,valid,,,
Foggite,CaAlPO_4_(OH)_2_·H_2_O,Ca Al P O H,Ca Al P O H,Ca Al P O H,Ca Al P O H,valid,,,
Fogoite-(Y),Ca_2_Y_2_Na_3_Ti^4+^(Si_2_O_7_)_2_(OF)F_2_,Ca Y Na Ti^4+ Si O F,Ca Y Na Ti^4+ Si O F,Ca Y Na Ti Si O F,Ca Y Na Ti^4+ Si O F,valid,,,
Foitite,[box](Fe^2+^_2_Al)Al_6_(Si_6_O_18_)(BO_3_)_3_(OH)_3_OH,Fe^2+ Al Si O B H,Fe^2+ Al Si O B H,Fe Al Si O B H,Fe^2+ Al Si O B H,valid,,,
Folvikite,"Sb^5+^Mn^3+^(Mg,Mn^2+^)_10_O_8_(BO_3_)_4_",Sb^5+ Mn^3+ Mg Mn^2+ O B,Sb^5+ Mn^3+ Mg Mn^2+ O B,Sb Mn Mg O B,Sb^5+ Mn^3+ Mg Mn^2+ O B,valid,,,
Fontanite,Ca(U^6+^O_2_)_3_(CO_3_)_2_O_2_·6H_2_O,Ca U^6+ O C H,Ca U^6+ O C H,Ca U O C H,Ca U^6+ O C H,valid,,,
Fontarnauite,Na_2_Sr(S^6+^O_4_)[B_5_O_8_(OH)](H_2_O)_2_,Na Sr S^6+ O B H,Na Sr S^6+ O B H,Na Sr S O B H,Na Sr S^6+ O B H,valid,,,
Foordite,Sn^2+^Nb^5+^_2_O_6_,Sn^2+ Nb^5+ O,Sn^2+ Nb^5+ O,Sn Nb O,Sn^2+ Nb^5+ O,valid,,,
Footemineite,Ca_2_Mn^2+^_5_Be_4_(PO_4_)_6_(OH)_4_·6H_2_O,Ca Mn^2+ Be P O H,Ca Mn^2+ Be P O H,Ca Mn Be P O H,Ca Mn^2+ Be P O H,valid,,,
Forêtite,"Cu^2+^_2_Al_2_(As^5+^O_4_)(OH,O,H_2_O)_6_",Cu^2+ Al As^5+ O H,Cu^2+ Al As^5+ O H,Cu Al As O H,Cu^2+ Al As^5+ O H,valid,,,
Formanite-(Y),YTa^5+^O_4_,Y Ta^5+ O,Y Ta^5+ O,Y Ta O,Y Ta^5+ O,valid,,,
Formicaite,Ca(HCOO)^1-^_2_,Ca H C O,Ca H C O,Ca H C O,Ca H C O,valid,,,
Fornacite,Cu^2+^Pb^2+^_2_(Cr^6+^O_4_)(As^5+^O_4_)(OH),Cu^2+ Pb^2+ Cr^6+ O As^5+ H,Cu^2+ Pb^2+ Cr^6+ O As^5+ H,Cu Pb Cr O As H,Cu^2+ Pb^2+ Cr^6+ O As^5+ H,valid,,,
Forsterite,Mg_2_SiO_4_,Mg Si O,Mg Si O,Mg Si O,Mg Si O,valid,,,
Foshagite,Ca_4_(SiO_3_)_3_(OH)_2_,Ca Si O H,Ca Si O H,Ca Si O H,Ca Si O H,valid,,,
Fougèrite,Fe^2+^_4_Fe^3+^_2_(OH)_12_(CO_3_)·3H_2_O,Fe^2+ Fe^3+ O H C,Fe^2+ Fe^3+ O H C,Fe O H C,Fe^2+ Fe^3+ O H C,valid,,,
Fourmarierite,Pb^2+^_1-x_O_3-2x_(U^6+^O_2_)_4_(OH)_4+2x_·4H_2_O,Pb^2+ O U^6+ H,Pb^2+ O U^6+ H,Pb O U H,Pb^2+ O U^6+ H,valid,,,
Fowlerite,"(Mn^2+^,Zn^2+^)SiO_3_",Mn^2+ Zn^2+ Si O,Mn^2+ Zn^2+ Si O,Mn Zn Si O,Mn^2+ Zn^2+ Si O,valid,,,
Fraipontite,"(Zn^2+^,Al)_3_(Si,Al)_2_O_5_(OH)_4_",Zn^2+ Al Si O H,Zn^2+ Al Si O H,Zn Al Si O H,Zn^2+ Al Si O H,valid,,,
Francevillite,Ba(U^6+^O_2_)_2_(V^5+^O_4_)_2_·5H_2_O,Ba U^6+ O V^5+ H,Ba U^6+ O V^5+ H,Ba U O V H,Ba U^6+ O V^5+ H,valid,,,
Franciscanite,Mn^2+^_6_(V^5+^[box])(SiO_4_)_2_O_3_(OH)_3_,Mn^2+ V^5+ Si O H,Mn^2+ V^5+ Si O H,Mn V Si O H,Mn^2+ V^5+ Si O H,valid,,,
Francisite,Cu^2+^_3_Bi^3+^(Se^4+^O_3_)_2_O_2_Cl,Cu^2+ Bi^3+ Se^4+ O Cl,Cu^2+ Bi^3+ Se^4+ O Cl,Cu Bi Se O Cl,Cu^2+ Bi^3+ Se^4+ O Cl,valid,,,
Franckeite,"Pb^2+^_21.7_Sn^4+^_9.3_(Fe^2+^,Fe^3+^)_4.0_Sb^3+^_8.1_S^2-^_56.9_",Pb^2+ Sn^4+ Fe^2+ Fe^3+ Sb^3+ S^2-,Pb^2+ Sn^4+ Fe^2+ Fe^3+ Sb^3+ S^2-,Pb Sn Fe Sb S,Pb^2+ Sn^4+ Fe^2+ Fe^3+ Sb^3+ S^2-,valid,,,
Francoanellite,K_3_Al_5_(PO_3_OH)_6_(PO_4_)_2_·12H_2_O,K Al P O H,K Al P O H,K Al P O H,K Al P O H,valid,,,
Françoisite-(Ce),Ce^3+^(U^6+^O_2_)_3_(PO_4_)_2_O(OH)·6H_2_O,Ce^3+ U^6+ O P H,Ce^3+ U^6+ O P H,Ce U O P H,Ce^3+ U^6+ O P H,valid,,,
Françoisite-(Nd),Nd(U^6+^O_2_)_3_(PO_4_)_2_O(OH)·6H_2_O,Nd U^6+ O P H,Nd U^6+ O P H,Nd U O P H,Nd U^6+ O P H,valid,,,
Franconite,NaNb^5+^_2_O_5_(OH)·3H_2_O,Na Nb^5+ O H,Na Nb^5+ O H,Na Nb O H,Na Nb^5+ O H,valid,,,
Frankamenite,K_3_Na_3_Ca_5_Si_12_O_30_F_3_(OH)·H_2_O,K Na Ca Si O F H,K Na Ca Si O F H,K Na Ca Si O F H,K Na Ca Si O F H,valid,,,
Frankdicksonite,BaF_2_,Ba F,Ba F,Ba F,Ba F,valid,,,
Frankhawthorneite,Cu^2+^_2_Te^6+^O_4_(OH)_2_,Cu^2+ Te^6+ O H,Cu^2+ Te^6+ O H,Cu Te O H,Cu^2+ Te^6+ O H,valid,,,
Franklinfurnaceite,Ca_2_Mn^2+^_3_Mn^3+^Fe^3+^Zn^2+^_2_Si_2_O_10_(OH)_8_,Ca Mn^2+ Mn^3+ Fe^3+ Zn^2+ Si O H,Ca Mn^2+ Mn^3+ Fe^3+ Zn^2+ Si O H,Ca Mn Fe Zn Si O H,Ca Mn^2+ Mn^3+ Fe^3+ Zn^2+ Si O H,valid,,,
Franklinite,Zn^2+^Fe^3+^_2_O_4_,Zn^2+ Fe^3+ O,Zn^2+ Fe^3+ O,Zn Fe O,Zn^2+ Fe^3+ O,valid,,,
Franksousaite,Pb^2+^Cu^2+^(Se^6+^O_4_)(OH)_2_,Pb^2+ Cu^2+ Se^6+ O H,Pb^2+ Cu^2+ Se^6+ O H,Pb Cu Se O H,Pb^2+ Cu^2+ Se^6+ O H,valid,,,
Fransoletite,Ca_3_Be_2_(PO_4_)_2_(PO_3_OH)_2_·4H_2_O,Ca Be P O H,Ca Be P O H,Ca Be P O H,Ca Be P O H,valid,,,
Franzinite,"(Na,K)_30_Ca_10_(Si_30_Al_30_)O_120_(S^6+^O_4_)_10_·2H_2_O",Na K Ca Si Al O S^6+ H,Na K Ca Si Al O S^6+ H,Na K Ca Si Al O S H,Na K Ca Si Al O S^6+ H,valid,,,
Freboldite,CoSe,Co Se,Co Se,Co Se,Co Se,valid,,,
Fredrikssonite,Mg_2_Mn^3+^O_2_(BO_3_),Mg Mn^3+ O B,Mg Mn^3+ O B,Mg Mn O B,Mg Mn^3+ O B,valid,,,
Freedite,Cu^1+^Pb^2+^_8_(As^3+^O_3_)_2_O_3_Cl_5_,Cu^1+ Pb^2+ As^3+ O Cl,Cu^1+ Pb^2+ As^3+ O Cl,Cu Pb As O Cl,Cu^1+ Pb^2+ As^3+ O Cl,valid,,,
Freieslebenite,Ag^1+^Pb^2+^Sb^3+^S^2-^_3_,Ag^1+ Pb^2+ Sb^3+ S^2-,Ag^1+ Pb^2+ Sb^3+ S^2-,Ag Pb Sb S,Ag^1+ Pb^2+ Sb^3+ S^2-,valid,,,
Freitalite,C_14_H_10_,C H,C H,C H,C H,valid,,,
Fresnoite,Ba_2_Ti^4+^O(Si_2_O_7_),Ba Ti^4+ O Si,Ba Ti^4+ O Si,Ba Ti O Si,Ba Ti^4+ O Si,valid,,,
Freudenbergite,Na(Ti^4+^_3_Fe^3+^)O_8_,Na Ti^4+ Fe^3+ O,Na Ti^4+ Fe^3+ O,Na Ti Fe O,Na Ti^4+ Fe^3+ O,valid,,,
Friedelite,Mn^2+^_8_Si_6_O_15_(OH)_10_,Mn^2+ Si O H,Mn^2+ Si O H,Mn Si O H,Mn^2+ Si O H,valid,,,
Friedrichbeckeite,K([box]Na)Mg_2_(MgBe_2_Si_12_)O_30_,K Na Mg Be Si O,K Na Mg Be Si O,K Na Mg Be Si O,K Na Mg Be Si O,valid,,,
Friedrichite,Cu^1+^_5_Pb^2+^_5_Bi^3+^_7_S^2-^_18_,Cu^1+ Pb^2+ Bi^3+ S^2-,Cu^1+ Pb^2+ Bi^3+ S^2-,Cu Pb Bi S,Cu^1+ Pb^2+ Bi^3+ S^2-,valid,,,
Friisite,Pb_8_Al_3_Si_8_O_27_Cl_3_,Pb Al Si O Cl,Pb Al Si O Cl,Pb Al Si O Cl,Pb Al Si O Cl,valid,,,
Fritzscheite,Mn^2+^(U^6+^O_2_)_2_(V^5+^O_4_)_2_·4H_2_O,Mn^2+ U^6+ O V^5+ H,Mn^2+ U^6+ O V^5+ H,Mn U O V H,Mn^2+ U^6+ O V^5+ H,valid,,,
Frohbergite,FeTe_2_,Fe Te,Fe Te,Fe Te,Fe Te,valid,,,
Frolovite,Ca[B(OH)_4_]_2_,Ca B O H,Ca B O H,Ca B O H,Ca B O H,valid,,,
Frondelite,(Mn^2+^_0.5_Fe^3+^_0.5_)_2_Fe^3+^_3_(PO_4_)_3_(OH)_5_,Mn^2+ Fe^3+ P O H,Mn^2+ Fe^3+ P O H,Mn Fe P O H,Mn^2+ Fe^3+ P O H,valid,,,
Froodite,PdBi_2_,Pd Bi,Pd Bi,Pd Bi,Pd Bi,valid,,,
Fuchunite,Ba(C_2_H_3_O_3_)^1-^_2_(C_2_H_4_O_3_)_2_,Ba C H O,Ba C H O,Ba C H O,Ba C H O,valid,,,
Fuenzalidaite,K_3_Na_5_Mg_5_(I^5+^O_3_)_6_(S^6+^O_4_)_6_·6H_2_O,K Na Mg I^5+ O S^6+ H,K Na Mg I^5+ O S^6+ H,K Na Mg I O S H,K Na Mg I^5+ O S^6+ H,valid,,,
Fuettererite,Pb^2+^_3_Cu^2+^_6_Te^6+^O_6_(OH)_7_Cl_5_,Pb^2+ Cu^2+ Te^6+ O H Cl,Pb^2+ Cu^2+ Te^6+ O H Cl,Pb Cu Te O H Cl,Pb^2+ Cu^2+ Te^6+ O H Cl,valid,,,
Fukalite,Ca_4_Si_2_O_6_(CO_3_)(OH)_2_,Ca Si O C H,Ca Si O C H,Ca Si O C H,Ca Si O C H,valid,,,
Fukuchilite,Cu^2+^_3_Fe^2+^(S_2_)^2-^_4_,Cu^2+ Fe^2+ S,Cu^2+ Fe^2+ S,Cu Fe S,Cu^2+ Fe^2+ S,valid,,,
Fulbrightite,Ca(V^4+^O)_2_(As^5+^O_4_)_2_·4H_2_O,Ca V^4+ O As^5+ H,Ca V^4+ O As^5+ H,Ca V O As H,Ca V^4+ O As^5+ H,valid,,,
Fülöppite,Pb^2+^_3_Sb^3+^_8_S^2-^_15_,Pb^2+ Sb^3+ S^2-,Pb^2+ Sb^3+ S^2-,Pb Sb S,Pb^2+ Sb^3+ S^2-,valid,,,
Furongite,Al_13_(U^6+^O_2_)_7_(PO_4_)_13_(OH)_14_·58H_2_O,Al U^6+ O P H,Al U^6+ O P H,Al U O P H,Al U^6+ O P H,valid,,,
Furutobeite,"(Cu^1+^,Ag^1+^)_6_Pb^2+^S^2-^_4_",Cu^1+ Ag^1+ Pb^2+ S^2-,Cu^1+ Ag^1+ Pb^2+ S^2-,Cu Ag Pb S,Cu^1+ Ag^1+ Pb^2+ S^2-,valid,,,
Fuyuanite,Mg_7_Nb^5+^_6_O_18_(OH)_8_,Mg Nb^5+ O H,Mg Nb^5+ O H,Mg Nb O H,Mg Nb^5+ O H,valid,,,
Gabrielite,Tl^1+^_2_Ag^1+^Cu^1+^_2_As^3+^_3_S^2-^_7_,Tl^1+ Ag^1+ Cu^1+ As^3+ S^2-,Tl^1+ Ag^1+ Cu^1+ As^3+ S^2-,Tl Ag Cu As S,Tl^1+ Ag^1+ Cu^1+ As^3+ S^2-,valid,,,
Gabrielsonite,Pb^2+^Fe^3+^(As^3+^O_3_)O,Pb^2+ Fe^3+ As^3+ O,Pb^2+ Fe^3+ As^3+ O,Pb Fe As O,Pb^2+ Fe^3+ As^3+ O,valid,,,
Gachingite,Au(Te_1-x_Se_x_) 0.2 ≈ x ≤ 0.5,Au Te Se,Au Te Se,Au Te Se,Au Te Se,valid,,,
Gadolinite-(Ce),Fe^2+^Be_2_Ce^3+^_2_(SiO_4_)_2_O_2_,Fe^2+ Be Ce^3+ Si O,Fe^2+ Be Ce^3+ Si O,Fe Be Ce Si O,Fe^2+ Be Ce^3+ Si O,valid,,,
Gadolinite-(Nd),Nd_2_Fe^2+^Be_2_O_2_(SiO_4_)_2_,Nd Fe^2+ Be O Si,Nd Fe^2+ Be O Si,Nd Fe Be O Si,Nd Fe^2+ Be O Si,valid,,,
Gadolinite-(Y),Fe^2+^Be_2_Y_2_(SiO_4_)_2_O_2_,Fe^2+ Be Y Si O,Fe^2+ Be Y Si O,Fe Be Y Si O,Fe^2+ Be Y Si O,valid,,,
Gagarinite-(Ce),NaCaCe^3+^F_6_,Na Ca Ce^3+ F,Na Ca Ce^3+ F,Na Ca Ce F,Na Ca Ce^3+ F,valid,,,
Gagarinite-(Y),NaCaYF_6_,Na Ca Y F,Na Ca Y F,Na Ca Y F,Na Ca Y F,valid,,,
Gageite,Mn^2+^_21_Si_8_O_27_(OH)_20_,Mn^2+ Si O H,Mn^2+ Si O H,Mn Si O H,Mn^2+ Si O H,valid,,,
Gahnite,Zn^2+^Al_2_O_4_,Zn^2+ Al O,Zn^2+ Al O,Zn Al O,Zn^2+ Al O,valid,,,
Gaidonnayite,Na_2_Zr^4+^Si_3_O_9_·2H_2_O,Na Zr^4+ Si O H,Na Zr^4+ Si O H,Na Zr Si O H,Na Zr^4+ Si O H,valid,,,
Gaildunningite,"Hg^2+^_3_[N^3-^Hg^2+^_2_]_18_(Cl,I^1-^)_24_",Hg^2+ N^3- Cl I^1-,Hg^2+ N^3- Cl I^1-,Hg N Cl I,Hg^2+ N^3- Cl I^1-,valid,,,
Gainesite,Na_2_BeZr^4+^_2_(PO_4_)_4_·1.5H_2_O,Na Be Zr^4+ P O H,Na Be Zr^4+ P O H,Na Be Zr P O H,Na Be Zr^4+ P O H,valid,,,
Gaitite,Ca^2+^_2_Zn^2+^(As^5+^O_4_)_2_·2H_2_O,Ca^2+ Zn^2+ As^5+ O H,Ca^2+ Zn^2+ As^5+ O H,Ca Zn As O H,Ca^2+ Zn^2+ As^5+ O H,valid,,,
Gajardoite,KCa_0.5_As^3+^_4_O_6_Cl_2_·5H_2_O,K Ca As^3+ O Cl H,K Ca As^3+ O Cl H,K Ca As O Cl H,K Ca As^3+ O Cl H,valid,,,
Gajardoite-(NH4),(N^3-^H_4_)As^3+^_4_O_6_Cl_2_(Ca_0.5_[box]_0.5_)(H_2_O)_5_,N^3- H As^3+ O Cl Ca,N^3- H As^3+ O Cl Ca,N H As O Cl Ca,N^3- H As^3+ O Cl Ca,valid,,,
Galaxite,Mn^2+^Al_2_O_4_,Mn^2+ Al O,Mn^2+ Al O,Mn Al O,Mn^2+ Al O,valid,,,
Galeaclolusite,Al_6_(As^5+^O_4_)_3_(OH)_9_(H_2_O)_4_·8H_2_O,Al As^5+ O H,Al As^5+ O H,Al As O H,Al As^5+ O H,valid,,,
Galeite,Na_15_(S^6+^O_4_)_5_ClF_4_,Na S^6+ O Cl F,Na S^6+ O Cl F,Na S O Cl F,Na S^6+ O Cl F,valid,,,
Galena,Pb^2+^S^2-^,Pb^2+ S^2-,Pb^2+ S^2-,Pb S,Pb^2+ S^2-,valid,,,
Galenobismutite,Pb^2+^Bi^3+^_2_S^2-^_4_,Pb^2+ Bi^3+ S^2-,Pb^2+ Bi^3+ S^2-,Pb Bi S,Pb^2+ Bi^3+ S^2-,valid,,,
Galgenbergite-(Ce),CaCe^3+^_2_(CO_3_)_4_·H_2_O,Ca Ce^3+ C O H,Ca Ce^3+ C O H,Ca Ce C O H,Ca Ce^3+ C O H,valid,,,
Galileiite,NaFe^2+^_4_(PO_4_)_3_,Na Fe^2+ P O,Na Fe^2+ P O,Na Fe P O,Na Fe^2+ P O,valid,,,
Galkhaite,(Hg^2+^_5_Cu^1+^)CsAs^3+^_4_S^2-^_12_,Hg^2+ Cu^1+ Cs As^3+ S^2-,Hg^2+ Cu^1+ Cs As^3+ S^2-,Hg Cu Cs As S,Hg^2+ Cu^1+ Cs As^3+ S^2-,valid,,,
Galliskiite,Ca_4_Al_2_(PO_4_)_2_F_8_·5H_2_O,Ca Al P O F H,Ca Al P O F H,Ca Al P O F H,Ca Al P O F H,valid,,,
Gallite,Cu^1+^Ga^3+^S^2-^_2_,Cu^1+ Ga^3+ S^2-,Cu^1+ Ga^3+ S^2-,Cu Ga S,Cu^1+ Ga^3+ S^2-,valid,,,
Gallobeudantite,Pb^2+^Ga^3+^_3_(As^5+^O_4_)(S^6+^O_4_)(OH)_6_,Pb^2+ Ga^3+ As^5+ O S^6+ H,Pb^2+ Ga^3+ As^5+ O S^6+ H,Pb Ga As O S H,Pb^2+ Ga^3+ As^5+ O S^6+ H,valid,,,
Galloplumbogummite,"Pb^2+^(Ga,Al)_2_Ge(PO_4_)_2_(OH)_6_",Pb^2+ Ga Al Ge P O H,Pb^2+ Ga Al Ge P O H,Pb Ga Al Ge P O H,Pb^2+ Ga Al Ge P O H,valid,,,
Galuskinite,Ca_7_(SiO_4_)_3_(CO_3_),Ca Si O C,Ca Si O C,Ca Si O C,Ca Si O C,valid,,,
Gamagarite,Ba_2_Fe^3+^(V^5+^O_4_)_2_(OH),Ba Fe^3+ V^5+ O H,Ba Fe^3+ V^5+ O H,Ba Fe V O H,Ba Fe^3+ V^5+ O H,valid,,,
Gananite,Bi^3+^F_3_,Bi^3+ F,Bi^3+ F,Bi F,Bi^3+ F,valid,,,
Ganomalite,Pb^2+^_3_Ca_2_(SiO_4_)(Si_2_O_7_),Pb^2+ Ca Si O,Pb^2+ Ca Si O,Pb Ca Si O,Pb^2+ Ca Si O,valid,,,
Ganophyllite,"(K,Na)_1-2_Mn^2+^_6_(Si,Al)_10_O_24_(OH)_4_·7-11H_2_O",K Na Mn^2+ Si Al O H,K Na Mn^2+ Si Al O H,K Na Mn Si Al O H,K Na Mn^2+ Si Al O H,valid,,,
Ganterite,"Ba_0.5_(Na,K)_0.5_Al_2_(Si_2.5_Al_1.5_)O_10_(OH)_2_",Ba Na K Al Si O H,Ba Na K Al Si O H,Ba Na K Al Si O H,Ba Na K Al Si O H,valid,,,
Gaotaiite,Ir_3_Te_8_,Ir Te,Ir Te,Ir Te,Ir Te,valid,,,
Garavellite,Fe^2+^Sb^3+^Bi^3+^S^2-^_4_,Fe^2+ Sb^3+ Bi^3+ S^2-,Fe^2+ Sb^3+ Bi^3+ S^2-,Fe Sb Bi S,Fe^2+ Sb^3+ Bi^3+ S^2-,valid,,,
Garmite,CsLiMg_2_(Si_4_O_10_)F_2_,Cs Li Mg Si O F,Cs Li Mg Si O F,Cs Li Mg Si O F,Cs Li Mg Si O F,valid,,,
Garpenbergite,Mn^2+^_6_As^5+^Sb^5+^O_10_(OH)_2_,Mn^2+ As^5+ Sb^5+ O H,Mn^2+ As^5+ Sb^5+ O H,Mn As Sb O H,Mn^2+ As^5+ Sb^5+ O H,valid,,,
Garrelsite,NaBa_3_B_7_Si_2_O_16_(OH)_4_,Na Ba B Si O H,Na Ba B Si O H,Na Ba B Si O H,Na Ba B Si O H,valid,,,
Garronite-Ca,Ca_3_(Al_6_Si_10_O_32_)·14H_2_O,Ca Al Si O H,Ca Al Si O H,Ca Al Si O H,Ca Al Si O H,valid,,,
Garronite-Na,Na_6_(Al_6_Si_10_O_32_)·8.5H_2_O,Na Al Si O H,Na Al Si O H,Na Al Si O H,Na Al Si O H,valid,,,
Gartrellite,Pb^2+^Cu^2+^Fe^3+^(As^5+^O_4_)_2_(OH)·H_2_O,Pb^2+ Cu^2+ Fe^3+ As^5+ O H,Pb^2+ Cu^2+ Fe^3+ As^5+ O H,Pb Cu Fe As O H,Pb^2+ Cu^2+ Fe^3+ As^5+ O H,valid,,,
Garutiite,"(Ni,Fe,Ir)",Ni Fe Ir,Ni Fe Ir,Ni Fe Ir,Ni Fe Ir,valid,,,
Garyansellite,Mg_2_Fe^3+^(PO_4_)_2_(OH)·2H_2_O,Mg Fe^3+ P O H,Mg Fe^3+ P O H,Mg Fe P O H,Mg Fe^3+ P O H,valid,,,
Gasparite-(Ce),Ce^3+^As^5+^O_4_,Ce^3+ As^5+ O,Ce^3+ As^5+ O,Ce As O,Ce^3+ As^5+ O,valid,,,
Gasparite-(La),La^3+^(As^5+^O_4_),La^3+ As^5+ O,La^3+ As^5+ O,La As O,La^3+ As^5+ O,valid,,,
Gaspéite,Ni^2+^CO_3_,Ni^2+ C O,Ni^2+ C O,Ni C O,Ni^2+ C O,valid,,,
Gatedalite,Zr^4+^Mn^2+^_2_Mn^3+^_4_SiO_12_,Zr^4+ Mn^2+ Mn^3+ Si O,Zr^4+ Mn^2+ Mn^3+ Si O,Zr Mn Si O,Zr^4+ Mn^2+ Mn^3+ Si O,valid,,,
Gatehouseite,Mn^2+^_5_(PO_4_)_2_(OH)_4_,Mn^2+ P O H,Mn^2+ P O H,Mn P O H,Mn^2+ P O H,valid,,,
Gatelite-(Ce),"(Ca,Ce^3+^)_4_(Al,Mg,Fe^2+^)_4_(Si_2_O_7_)(SiO_4_)_3_(O,F,OH)_3_",Ca Ce^3+ Al Mg Fe^2+ Si O F H,Ca Ce^3+ Al Mg Fe^2+ Si O F H,Ca Ce Al Mg Fe Si O F H,Ca Ce^3+ Al Mg Fe^2+ Si O F H,valid,,,
Gatewayite,Ca_6_(As^3+^V^4+^_3_V^5+^_9_As^5+^_6_O_51_)·31H_2_O,Ca As^3+ V^4+ V^5+ As^5+ O H,Ca As^3+ V^4+ V^5+ As^5+ O H,Ca As V O H,Ca As^3+ V^4+ V^5+ As^5+ O H,valid,,,
Gatumbaite,CaAl_2_(PO_4_)_2_(OH)_2_·H_2_O,Ca Al P O H,Ca Al P O H,Ca Al P O H,Ca Al P O H,valid,,,
Gaudefroyite,Ca_4_Mn^3+^_3_(BO_3_)_3_(CO_3_)O_3_,Ca Mn^3+ B O C,Ca Mn^3+ B O C,Ca Mn B O C,Ca Mn^3+ B O C,valid,,,
Gaultite,Na_4_Zn^2+^_2_Si_7_O_18_·5H_2_O,Na Zn^2+ Si O H,Na Zn^2+ Si O H,Na Zn Si O H,Na Zn^2+ Si O H,valid,,,
Gauthierite,KPb^2+^[(U^6+^O_2_)_7_O_5_(OH)_7_]·8H_2_O,K Pb^2+ U^6+ O H,K Pb^2+ U^6+ O H,K Pb U O H,K Pb^2+ U^6+ O H,valid,,,
Gayite,NaMn^2+^Fe^3+^_5_(PO_4_)_4_(OH)_6_·2H_2_O,Na Mn^2+ Fe^3+ P O H,Na Mn^2+ Fe^3+ P O H,Na Mn Fe P O H,Na Mn^2+ Fe^3+ P O H,valid,,,
Gaylussite,Na_2_Ca(CO_3_)_2_·5H_2_O,Na Ca C O H,Na Ca C O H,Na Ca C O H,Na Ca C O H,valid,,,
Gazeevite,BaCa_6_(SiO_4_)_2_(S^6+^O_4_)_2_O,Ba Ca Si O S^6+,Ba Ca Si O S^6+,Ba Ca Si O S,Ba Ca Si O S^6+,valid,,,
Gearksutite,CaAlF_4_(OH)·H_2_O,Ca Al F O H,Ca Al F O H,Ca Al F O H,Ca Al F O H,valid,,,
Gebhardite,Pb^2+^_8_As^3+^_4_O_11_Cl_6_,Pb^2+ As^3+ O Cl,Pb^2+ As^3+ O Cl,Pb As O Cl,Pb^2+ As^3+ O Cl,valid,,,
Gedrite,[box]Mg_2_(Mg_3_Al_2_)(Si_6_Al_2_)O_22_(OH)_2_,Mg Al Si O H,Mg Al Si O H,Mg Al Si O H,Mg Al Si O H,valid,,,
Geerite,Cu_8_S_5_,Cu S,Cu S,Cu S,Cu S,valid,,,
Geffroyite,"(Cu,Fe,Ag)_9_Se_8_",Cu Fe Ag Se,Cu Fe Ag Se,Cu Fe Ag Se,Cu Fe Ag Se,valid,,,
Gehlenite,Ca_2_Al(SiAl)O_7_,Ca Al Si O,Ca Al Si O,Ca Al Si O,Ca Al Si O,valid,,,
Geigerite,Mn^2+^_5_(As^5+^O_4_)_2_(As^5+^O_3_OH)_2_·10H_2_O,Mn^2+ As^5+ O H,Mn^2+ As^5+ O H,Mn As O H,Mn^2+ As^5+ O H,valid,,,
Geikielite,MgTi^4+^O_3_,Mg Ti^4+ O,Mg Ti^4+ O,Mg Ti O,Mg Ti^4+ O,valid,,,
Gelosaite,Bi^3+^Mo^6+^_(2-5x)_Mo^5+^_6x_O_7_(OH)·H_2_O (0≤x≤0.4),Bi^3+ Mo^6+ Mo^5+ O H,Bi^3+ Mo^6+ Mo^5+ O H,Bi Mo O H,Bi^3+ Mo^6+ Mo^5+ O H,valid,,,
Geminite,Cu^2+^(As^5+^O_3_OH)·H_2_O,Cu^2+ As^5+ O H,Cu^2+ As^5+ O H,Cu As O H,Cu^2+ As^5+ O H,valid,,,
Gengenbachite,KFe^3+^_3_(H_2_PO_4_)_2_(HPO_4_)_4_·6H_2_O,K Fe^3+ H P O,K Fe^3+ H P O,K Fe H P O,K Fe^3+ H P O,valid,,,
Genkinite,Pt_4_Sb_3_,Pt Sb,Pt Sb,Pt Sb,Pt Sb,valid,,,
Genplesite,Ca_3_Sn^4+^(S^6+^O_4_)_2_(OH)_6_·3H_2_O,Ca Sn^4+ S^6+ O H,Ca Sn^4+ S^6+ O H,Ca Sn S O H,Ca Sn^4+ S^6+ O H,valid,,,
Genthelvite,Be_3_Zn^2+^_4_(SiO_4_)_3_S^2-^,Be Zn^2+ Si O S^2-,Be Zn^2+ Si O S^2-,Be Zn Si O S,Be Zn^2+ Si O S^2-,valid,,,
Geocronite,Pb^2+^_14_Sb^3+^_6_S^2-^_23_,Pb^2+ Sb^3+ S^2-,Pb^2+ Sb^3+ S^2-,Pb Sb S,Pb^2+ Sb^3+ S^2-,valid,,,
Georgbarsanovite,"Na_12_(Mn^2+^,Sr,REE)_3_Ca_6_Fe^2+^_3_Zr^4+^_3_Nb^5+^Si_25_O_76_Cl_2_·H_2_O",Na Mn^2+ Sr REE Ca Fe^2+ Zr^4+ Nb^5+ Si O Cl H,Na Mn^2+ Sr REE Ca Fe^2+ Zr^4+ Nb^5+ Si O Cl H,Na Mn Sr REE Ca Fe Zr Nb Si O Cl H,Na Mn^2+ Sr REE Ca Fe^2+ Zr^4+ Nb^5+ Si O Cl H,valid,,,
Georgbokiite,Cu^2+^_5_O_2_(Se^4+^O_3_)_2_Cl_2_,Cu^2+ O Se^4+ Cl,Cu^2+ O Se^4+ Cl,Cu O Se Cl,Cu^2+ O Se^4+ Cl,valid,,,
Georgechaoite,KNaZr^4+^Si_3_O_9_·2H_2_O,K Na Zr^4+ Si O H,K Na Zr^4+ Si O H,K Na Zr Si O H,K Na Zr^4+ Si O H,valid,,,
George-ericksenite,Na_6_CaMg(I^5+^O_3_)_6_(Cr^6+^O_4_)_2_·12H_2_O,Na Ca Mg I^5+ O Cr^6+ H,Na Ca Mg I^5+ O Cr^6+ H,Na Ca Mg I O Cr H,Na Ca Mg I^5+ O Cr^6+ H,valid,,,
Georgeite,[Cu^2+^(OH)_2-x_(H_2_O)_x_][CO_3_]_x/2_,Cu^2+ O H C,Cu^2+ O H C,Cu O H C,Cu^2+ O H C,valid,,,
Georgeliuite,Ca_2_Mn^3+^_3_O_2_(As^5+^O_4_)_3_(H_2_O)_2_·H_2_O,Ca Mn^3+ O As^5+ H,Ca Mn^3+ O As^5+ H,Ca Mn O As H,Ca Mn^3+ O As^5+ H,valid,,,
Georgerobinsonite,Pb^2+^_4_(Cr^6+^O_4_)_2_(OH)_2_FCl,Pb^2+ Cr^6+ O H F Cl,Pb^2+ Cr^6+ O H F Cl,Pb Cr O H F Cl,Pb^2+ Cr^6+ O H F Cl,valid,,,
Georgiadesite,Pb^2+^_4_(As^3+^O_3_)Cl_4_(OH),Pb^2+ As^3+ O Cl H,Pb^2+ As^3+ O Cl H,Pb As O Cl H,Pb^2+ As^3+ O Cl H,valid,,,
Gerasimovskite,Mn^2+^Ti^4+^_3_Nb^5+^_2_O_12_·9H_2_O,Mn^2+ Ti^4+ Nb^5+ O H,Mn^2+ Ti^4+ Nb^5+ O H,Mn Ti Nb O H,Mn^2+ Ti^4+ Nb^5+ O H,valid,,,
Gerdtremmelite,Zn^2+^Al_2_As^5+^O_4_(OH)_5_,Zn^2+ Al As^5+ O H,Zn^2+ Al As^5+ O H,Zn Al As O H,Zn^2+ Al As^5+ O H,valid,,,
Gerenite-(Y),NaCaY_3_Si_6_O_18_·2H_2_O,Na Ca Y Si O H,Na Ca Y Si O H,Na Ca Y Si O H,Na Ca Y Si O H,valid,,,
Gerhardtite,Cu^2+^_2_N^5+^O_3_(OH)_3_,Cu^2+ N^5+ O H,Cu^2+ N^5+ O H,Cu N O H,Cu^2+ N^5+ O H,valid,,,
Germanite,Cu^1+^_8_Cu^2+^_5_Fe^3+^_2_Ge^4+^_2_S^2-^_16_,Cu^1+ Cu^2+ Fe^3+ Ge^4+ S^2-,Cu^1+ Cu^2+ Fe^3+ Ge^4+ S^2-,Cu Fe Ge S,Cu^1+ Cu^2+ Fe^3+ Ge^4+ S^2-,valid,,,
Germanocolusite,Cu^1+^_9_Cu^2+^_4_V^3+^Ge^4+^_3_S^2-^_16_,Cu^1+ Cu^2+ V^3+ Ge^4+ S^2-,Cu^1+ Cu^2+ V^3+ Ge^4+ S^2-,Cu V Ge S,Cu^1+ Cu^2+ V^3+ Ge^4+ S^2-,valid,,,
Gersdorffite,Ni^3+^(AsS)^3-^,Ni^3+ As S,Ni^3+ As S,Ni As S,Ni^3+ As S,valid,,,
Gerstleyite,"Na_2_(Sb,As)_8_S_13_·2H_2_O",Na Sb As S H O,Na Sb As S H O,Na Sb As S H O,Na Sb As S H O,valid,,,
Gerstmannite,Mn^2+^MgZn^2+^SiO_4_(OH)_2_,Mn^2+ Mg Zn^2+ Si O H,Mn^2+ Mg Zn^2+ Si O H,Mn Mg Zn Si O H,Mn^2+ Mg Zn^2+ Si O H,valid,,,
Geschieberite,K_2_(U^6+^O_2_)(S^6+^O_4_)_2_·2H_2_O,K U^6+ O S^6+ H,K U^6+ O S^6+ H,K U O S H,K U^6+ O S^6+ H,valid,,,
Getchellite,SbAsS_3_,Sb As S,Sb As S,Sb As S,Sb As S,valid,,,
Geuerite,Ag^1+^_2_Tl^1+^_4_Pb^2+^_4_As^3+^_22_S^2-^_40_,Ag^1+ Tl^1+ Pb^2+ As^3+ S^2-,Ag^1+ Tl^1+ Pb^2+ As^3+ S^2-,Ag Tl Pb As S,Ag^1+ Tl^1+ Pb^2+ As^3+ S^2-,valid,,,
Geversite,PtSb_2_,Pt Sb,Pt Sb,Pt Sb,Pt Sb,valid,,,
Ghiaraite,CaCl_2_·4H_2_O,Ca Cl H O,Ca Cl H O,Ca Cl H O,Ca Cl H O,valid,,,
Giacovazzoite,K_5_Fe^3+^_3_O(S^6+^O_4_)_6_·10H_2_O,K Fe^3+ O S^6+ H,K Fe^3+ O S^6+ H,K Fe O S H,K Fe^3+ O S^6+ H,valid,,,
Gianellaite,[(N^3-^Hg^2+^_2_)_2_](S^6+^O_4_)(H_2_O)_x_,N^3- Hg^2+ S^6+ O H,N^3- Hg^2+ S^6+ O H,N Hg S O H,N^3- Hg^2+ S^6+ O H,valid,,,
Gibbsite,Al(OH)_3_,Al O H,Al O H,Al O H,Al O H,valid,,,
Giessenite,"(Cu^1+^,Fe^2+^)_2_Pb^2+^_26.4_(Bi^3+^,Sb^3+^)_19.6_S^2-^_57_",Cu^1+ Fe^2+ Pb^2+ Bi^3+ Sb^3+ S^2-,Cu^1+ Fe^2+ Pb^2+ Bi^3+ Sb^3+ S^2-,Cu Fe Pb Bi Sb S,Cu^1+ Fe^2+ Pb^2+ Bi^3+ Sb^3+ S^2-,valid,,,
Giftgrubeite,CaMn^2+^_2_Ca_2_(As^5+^O_4_)_2_(As^5+^O_3_OH)_2_·4H_2_O,Ca Mn^2+ As^5+ O H,Ca Mn^2+ As^5+ O H,Ca Mn As O H,Ca Mn^2+ As^5+ O H,valid,,,
Gilalite,Cu^2+^_5_Si_6_O_17_·7H_2_O,Cu^2+ Si O H,Cu^2+ Si O H,Cu Si O H,Cu^2+ Si O H,valid,,,
Gillardite,Cu^2+^_3_Ni^2+^Cl_2_(OH)_6_,Cu^2+ Ni^2+ Cl O H,Cu^2+ Ni^2+ Cl O H,Cu Ni Cl O H,Cu^2+ Ni^2+ Cl O H,valid,,,
Gillespite,BaFe^2+^Si_4_O_10_,Ba Fe^2+ Si O,Ba Fe^2+ Si O,Ba Fe Si O,Ba Fe^2+ Si O,valid,,,
Gillulyite,Tl_2_As_7.5_Sb_0.3_S_13_,Tl As Sb S,Tl As Sb S,Tl As Sb S,Tl As Sb S,valid,,,
Gilmarite,Cu^2+^_3_(As^5+^O_4_)(OH)_3_,Cu^2+ As^5+ O H,Cu^2+ As^5+ O H,Cu As O H,Cu^2+ As^5+ O H,valid,,,
Ginelfite,"Ag^1+^_2_(Ag^1+^_0.5_Fe^2+^_0.5_)Tl^1+^Pb^2+^_23.5_(Sb^3+^,As^3+^)_33.5_S^2-^_76_",Ag^1+ Fe^2+ Tl^1+ Pb^2+ Sb^3+ As^3+ S^2-,Ag^1+ Fe^2+ Tl^1+ Pb^2+ Sb^3+ As^3+ S^2-,Ag Fe Tl Pb Sb As S,Ag^1+ Fe^2+ Tl^1+ Pb^2+ Sb^3+ As^3+ S^2-,valid,,,
Giniite,Fe^2+^Fe^3+^_4_(PO_4_)_4_(OH)_2_·2H_2_O,Fe^2+ Fe^3+ P O H,Fe^2+ Fe^3+ P O H,Fe P O H,Fe^2+ Fe^3+ P O H,valid,,,
Ginorite,Ca_2_B_14_O_20_(OH)_6_·5H_2_O,Ca B O H,Ca B O H,Ca B O H,Ca B O H,valid,,,
Giorgiosite,Mg_5_(CO_3_)_4_(OH)_2_·5H_2_O,Mg C O H,Mg C O H,Mg C O H,Mg C O H,valid,,,
Giraudite-(Zn),Cu^1+^_6_(Cu^1+^_4_Zn^2+^_2_)As^3+^_4_Se^2-^_13_,Cu^1+ Zn^2+ As^3+ Se^2-,Cu^1+ Zn^2+ As^3+ Se^2-,Cu Zn As Se,Cu^1+ Zn^2+ As^3+ Se^2-,valid,,,
Girvasite,NaCa_2_Mg_3_(PO_4_)_3_(CO_3_)(H_2_O)_6_,Na Ca Mg P O C H,Na Ca Mg P O C H,Na Ca Mg P O C H,Na Ca Mg P O C H,valid,,,
Gismondine-Ca,Ca_2_(Si_4_Al_4_)O_16_·8H_2_O,Ca Si Al O H,Ca Si Al O H,Ca Si Al O H,Ca Si Al O H,valid,,,
Gismondine-Sr,Sr_4_(Si_8_Al_8_O_32_)·9H_2_O,Sr Si Al O H,Sr Si Al O H,Sr Si Al O H,Sr Si Al O H,valid,,,
Gittinsite,CaZr^4+^Si_2_O_7_,Ca Zr^4+ Si O,Ca Zr^4+ Si O,Ca Zr Si O,Ca Zr^4+ Si O,valid,,,
Giuşcăite,Ag^1+^_2_Tl^1+^_4_Pb^2+^_4_As^3+^_20_Sb^3+^_2_S^2-^_40_,Ag^1+ Tl^1+ Pb^2+ As^3+ Sb^3+ S^2-,Ag^1+ Tl^1+ Pb^2+ As^3+ Sb^3+ S^2-,Ag Tl Pb As Sb S,Ag^1+ Tl^1+ Pb^2+ As^3+ Sb^3+ S^2-,valid,,,
Giuseppettite,Na_42_K_16_Ca_6_Si_48_Al_48_O_192_(S^6+^O_4_)_10_Cl_2_·5H_2_O,Na K Ca Si Al O S^6+ Cl H,Na K Ca Si Al O S^6+ Cl H,Na K Ca Si Al O S Cl H,Na K Ca Si Al O S^6+ Cl H,valid,,,
Gjerdingenite-Ca,"K_2_Ca(Nb^5+^,Ti^4+^)_4_(Si_4_O_12_)_2_(O,OH)_4_·6H_2_O",K Ca Nb^5+ Ti^4+ Si O H,K Ca Nb^5+ Ti^4+ Si O H,K Ca Nb Ti Si O H,K Ca Nb^5+ Ti^4+ Si O H,valid,,,
Gjerdingenite-Fe,"K_2_Fe^2+^(Nb^5+^,Ti^4+^)_4_(Si_4_O_12_)_2_(O,OH)_4_·6H_2_O",K Fe^2+ Nb^5+ Ti^4+ Si O H,K Fe^2+ Nb^5+ Ti^4+ Si O H,K Fe Nb Ti Si O H,K Fe^2+ Nb^5+ Ti^4+ Si O H,valid,,,
Gjerdingenite-Mn,"K_2_Mn^2+^(Nb^5+^,Ti^4+^)_4_(Si_4_O_12_)_2_(O,OH)_4_·6H_2_O",K Mn^2+ Nb^5+ Ti^4+ Si O H,K Mn^2+ Nb^5+ Ti^4+ Si O H,K Mn Nb Ti Si O H,K Mn^2+ Nb^5+ Ti^4+ Si O H,valid,,,
Gjerdingenite-Na,"(K,Na)_2_Na(Nb^5+^,Ti^4+^)_4_(Si_4_O_12_)_2_(OH,O)_4_·5H_2_O",K Na Nb^5+ Ti^4+ Si O H,K Na Nb^5+ Ti^4+ Si O H,K Na Nb Ti Si O H,K Na Nb^5+ Ti^4+ Si O H,valid,,,
Gladite,Cu^1+^Pb^2+^Bi^3+^_5_S^2-^_9_,Cu^1+ Pb^2+ Bi^3+ S^2-,Cu^1+ Pb^2+ Bi^3+ S^2-,Cu Pb Bi S,Cu^1+ Pb^2+ Bi^3+ S^2-,valid,,,
Gladiusite,Fe^3+^_2_Fe^2+^_4_PO_4_(OH)_11_·H_2_O,Fe^3+ Fe^2+ P O H,Fe^3+ Fe^2+ P O H,Fe P O H,Fe^3+ Fe^2+ P O H,valid,,,
Gladkovskyite,Mn^2+^Tl^1+^As^3+^_3_S^2-^_6_,Mn^2+ Tl^1+ As^3+ S^2-,Mn^2+ Tl^1+ As^3+ S^2-,Mn Tl As S,Mn^2+ Tl^1+ As^3+ S^2-,valid,,,
Glagolevite,"Na(Mg,Al)_6_(Si_3_Al)O_10_(OH,O)_8_",Na Mg Al Si O H,Na Mg Al Si O H,Na Mg Al Si O H,Na Mg Al Si O H,valid,,,
Glauberite,Na_2_Ca(S^6+^O_4_)_2_,Na Ca S^6+ O,Na Ca S^6+ O,Na Ca S O,Na Ca S^6+ O,valid,,,
Glaucocerinite,"Zn^2+^_1-x_Al_x_(S^6+^O_4_)_x/2_(OH)_2_·nH_2_O (x<0.5, n>3x/2)",Zn^2+ Al S^6+ O H,Zn^2+ Al S^6+ O H,Zn Al S O H,Zn^2+ Al S^6+ O H,valid,,,
Glaucochroite,CaMn^2+^SiO_4_,Ca Mn^2+ Si O,Ca Mn^2+ Si O,Ca Mn Si O,Ca Mn^2+ Si O,valid,,,
Glaucodot,Co^3+^Fe^3+^(AsS)^3-^_2_,Co^3+ Fe^3+ As S,Co^3+ Fe^3+ As S,Co Fe As S,Co^3+ Fe^3+ As S,valid,,,
Glaucophane,[box]Na_2_(Mg_3_Al_2_)Si_8_O_22_(OH)_2_,Na Mg Al Si O H,Na Mg Al Si O H,Na Mg Al Si O H,Na Mg Al Si O H,valid,,,
Glaukosphaerite,Cu^2+^Ni^2+^CO_3_(OH)_2_,Cu^2+ Ni^2+ C O H,Cu^2+ Ni^2+ C O H,Cu Ni C O H,Cu^2+ Ni^2+ C O H,valid,,,
Glecklerite,Na(C_2_H_3_O_3_)^1-^,Na C H O,Na C H O,Na C H O,Na C H O,valid,,,
Glikinite,Zn^2+^_3_O(S^6+^O_4_)_2_,Zn^2+ O S^6+,Zn^2+ O S^6+,Zn O S,Zn^2+ O S^6+,valid,,,
Glucine,CaBe_4_(PO_4_)_2_(OH)_4_·0.5H_2_O,Ca Be P O H,Ca Be P O H,Ca Be P O H,Ca Be P O H,valid,,,
Glushinskite,Mg(C_2_)^6+^O_4_·2H_2_O,Mg C O H,Mg C O H,Mg C O H,Mg C O H,valid,,,
Gmalimite,K_6_[box]Fe^2+^_24_S^2-^_27_,K Fe^2+ S^2-,K Fe^2+ S^2-,K Fe S,K Fe^2+ S^2-,valid,,,
Gmelinite-Ca,Ca_2_(Si_8_Al_4_)O_24_·11H_2_O,Ca Si Al O H,Ca Si Al O H,Ca Si Al O H,Ca Si Al O H,valid,,,
Gmelinite-K,K_4_(Si_8_Al_4_)O_24_·11H_2_O,K Si Al O H,K Si Al O H,K Si Al O H,K Si Al O H,valid,,,
Gmelinite-Na,Na_4_(Si_8_Al_4_)O_24_·11H_2_O,Na Si Al O H,Na Si Al O H,Na Si Al O H,Na Si Al O H,valid,,,
Gobbinsite,Na_5_(Si_11_Al_5_)O_32_·11H_2_O,Na Si Al O H,Na Si Al O H,Na Si Al O H,Na Si Al O H,valid,,,
Gobelinite,Co^2+^Cu^2+^_4_(S^6+^O_4_)_2_(OH)_6_·6H_2_O,Co^2+ Cu^2+ S^6+ O H,Co^2+ Cu^2+ S^6+ O H,Co Cu S O H,Co^2+ Cu^2+ S^6+ O H,valid,,,
Godlevskite,"(Ni,Fe)_9_S_8_",Ni Fe S,Ni Fe S,Ni Fe S,Ni Fe S,valid,,,
Godovikovite,(N^3-^H_4_)Al(S^6+^O_4_)_2_,N^3- H Al S^6+ O,N^3- H Al S^6+ O,N H Al S O,N^3- H Al S^6+ O,valid,,,
Goedkenite,Sr_2_Al(PO_4_)_2_(OH),Sr Al P O H,Sr Al P O H,Sr Al P O H,Sr Al P O H,valid,,,
Goethite,Fe^3+^O(OH),Fe^3+ O H,Fe^3+ O H,Fe O H,Fe^3+ O H,valid,,,
Gold,Au,Au,Au,Au,Au,valid,,,
Goldfieldite,(Cu^1+^_4_[box]_2_)Cu^1+^_6_Te^4+^_4_S^2-^_13_,Cu^1+ Te^4+ S^2-,Cu^1+ Te^4+ S^2-,Cu Te S,Cu^1+ Te^4+ S^2-,valid,,,
Goldhillite,Cu^2+^_5_Zn^2+^(As^5+^O_4_)_2_(OH)_6_·H_2_O,Cu^2+ Zn^2+ As^5+ O H,Cu^2+ Zn^2+ As^5+ O H,Cu Zn As O H,Cu^2+ Zn^2+ As^5+ O H,valid,,,
Goldichite,KFe^3+^(S^6+^O_4_)_2_·4H_2_O,K Fe^3+ S^6+ O H,K Fe^3+ S^6+ O H,K Fe S O H,K Fe^3+ S^6+ O H,valid,,,
Goldmanite,Ca_3_V^3+^_2_(SiO_4_)_3_,Ca V^3+ Si O,Ca V^3+ Si O,Ca V Si O,Ca V^3+ Si O,valid,,,
Goldquarryite,Cu^2+^Cd^2+^_2_Al_3_(PO_4_)_4_F_3_·10H_2_O,Cu^2+ Cd^2+ Al P O F H,Cu^2+ Cd^2+ Al P O F H,Cu Cd Al P O F H,Cu^2+ Cd^2+ Al P O F H,valid,,,
Goldschmidtite,KNb^5+^O_3_,K Nb^5+ O,K Nb^5+ O,K Nb O,K Nb^5+ O,valid,,,
Golyshevite,Na_10_Ca_9_Zr^4+^_3_Fe^2+^_2_SiNb^5+^(Si_3_O_9_)_2_(Si_9_O_27_)_2_(OH)_3_(CO_3_)·H_2_O,Na Ca Zr^4+ Fe^2+ Si Nb^5+ O H C,Na Ca Zr^4+ Fe^2+ Si Nb^5+ O H C,Na Ca Zr Fe Si Nb O H C,Na Ca Zr^4+ Fe^2+ Si Nb^5+ O H C,valid,,,
Gonnardite,"(Na,Ca)_2_(Si,Al)_5_O_10_·3H_2_O",Na Ca Si Al O H,Na Ca Si Al O H,Na Ca Si Al O H,Na Ca Si Al O H,valid,,,
Gonyerite,Mn^2+^_5_Fe^3+^(Si_3_Fe^3+^O_10_)(OH)_8_,Mn^2+ Fe^3+ Si O H,Mn^2+ Fe^3+ Si O H,Mn Fe Si O H,Mn^2+ Fe^3+ Si O H,valid,,,
Goosecreekite,Ca(Si_6_Al_2_)O_16_·5H_2_O,Ca Si Al O H,Ca Si Al O H,Ca Si Al O H,Ca Si Al O H,valid,,,
Gorbunovite,"CsLi_2_(Ti^3+^,Fe^3+^)Si_4_O_10_(F,OH,O)_2_",Cs Li Ti^3+ Fe^3+ Si O F H,Cs Li Ti^3+ Fe^3+ Si O F H,Cs Li Ti Fe Si O F H,Cs Li Ti^3+ Fe^3+ Si O F H,valid,,,
Gorceixite,BaAl_3_(PO_4_)(PO_3_OH)(OH)_6_,Ba Al P O H,Ba Al P O H,Ba Al P O H,Ba Al P O H,valid,,,
Gordaite,NaZn^2+^_4_(S^6+^O_4_)(OH)_6_Cl·6H_2_O,Na Zn^2+ S^6+ O H Cl,Na Zn^2+ S^6+ O H Cl,Na Zn S O H Cl,Na Zn^2+ S^6+ O H Cl,valid,,,
Gordonite,MgAl_2_(PO_4_)_2_(OH)_2_·8H_2_O,Mg Al P O H,Mg Al P O H,Mg Al P O H,Mg Al P O H,valid,,,
Gorerite,CaAlFe^3+^_11_O_19_,Ca Al Fe^3+ O,Ca Al Fe^3+ O,Ca Al Fe O,Ca Al Fe^3+ O,valid,,,
Görgeyite,K_2_Ca_5_(S^6+^O_4_)_6_·H_2_O,K Ca S^6+ O H,K Ca S^6+ O H,K Ca S O H,K Ca S^6+ O H,valid,,,
Gormanite,Fe^2+^_3_Al_4_(PO_4_)_4_(OH)_6_·2H_2_O,Fe^2+ Al P O H,Fe^2+ Al P O H,Fe Al P O H,Fe^2+ Al P O H,valid,,,
Gortdrumite,Cu_24_Fe_2_Hg_9_S_23_,Cu Fe Hg S,Cu Fe Hg S,Cu Fe Hg S,Cu Fe Hg S,valid,,,
Goryainovite,Ca_2_(PO_4_)Cl,Ca P O Cl,Ca P O Cl,Ca P O Cl,Ca P O Cl,valid,,,
Goslarite,Zn^2+^S^6+^O_4_·7H_2_O,Zn^2+ S^6+ O H,Zn^2+ S^6+ O H,Zn S O H,Zn^2+ S^6+ O H,valid,,,
Gottardiite,Na_3_Mg_3_Ca_5_Al_19_Si_117_O_272_·93H_2_O,Na Mg Ca Al Si O H,Na Mg Ca Al Si O H,Na Mg Ca Al Si O H,Na Mg Ca Al Si O H,valid,,,
Gottlobite,CaMg(V^5+^O_4_)(OH),Ca Mg V^5+ O H,Ca Mg V^5+ O H,Ca Mg V O H,Ca Mg V^5+ O H,valid,,,
Götzenite,Ca_4_NaCa_2_Ti^4+^(Si_2_O_7_)_2_(OF)F_2_,Ca Na Ti^4+ Si O F,Ca Na Ti^4+ Si O F,Ca Na Ti Si O F,Ca Na Ti^4+ Si O F,valid,,,
Goudeyite,Cu^2+^_6_Al(As^5+^O_4_)_3_(OH)_6_·3H_2_O,Cu^2+ Al As^5+ O H,Cu^2+ Al As^5+ O H,Cu Al As O H,Cu^2+ Al As^5+ O H,valid,,,
Gowerite,Ca[B_5_O_8_(OH)][B(OH)_3_]·3H_2_O,Ca B O H,Ca B O H,Ca B O H,Ca B O H,valid,,,
Goyazite,SrAl_3_(PO_4_)(PO_3_OH)(OH)_6_,Sr Al P O H,Sr Al P O H,Sr Al P O H,Sr Al P O H,valid,,,
Graemite,Cu^2+^Te^4+^O_3_·H_2_O,Cu^2+ Te^4+ O H,Cu^2+ Te^4+ O H,Cu Te O H,Cu^2+ Te^4+ O H,valid,,,
Graeserite,Fe^3+^_4_Ti^4+^_3_As^3+^O_13_(OH),Fe^3+ Ti^4+ As^3+ O H,Fe^3+ Ti^4+ As^3+ O H,Fe Ti As O H,Fe^3+ Ti^4+ As^3+ O H,valid,,,
Graftonite,Fe^2+^Fe^2+^_2_(PO_4_)_2_,Fe^2+ P O,Fe^2+ P O,Fe P O,Fe^2+ P O,valid,,,
Graftonite-(Ca),CaFe^2+^_2_(PO_4_)_2_,Ca Fe^2+ P O,Ca Fe^2+ P O,Ca Fe P O,Ca Fe^2+ P O,valid,,,
Graftonite-(Mn),Mn^2+^Fe^2+^_2_(PO_4_)_2_,Mn^2+ Fe^2+ P O,Mn^2+ Fe^2+ P O,Mn Fe P O,Mn^2+ Fe^2+ P O,valid,,,
Grahampearsonite,Ca_2_P_2_O_7_,Ca P O,Ca P O,Ca P O,Ca P O,valid,,,
Gramaccioliite-(Y),"(Pb^2+^,Sr)(Y,Mn^2+^)Fe^3+^_2_(Ti^4+^,Fe^3+^)_18_O_38_",Pb^2+ Sr Y Mn^2+ Fe^3+ Ti^4+ O,Pb^2+ Sr Y Mn^2+ Fe^3+ Ti^4+ O,Pb Sr Y Mn Fe Ti O,Pb^2+ Sr Y Mn^2+ Fe^3+ Ti^4+ O,valid,,,
Grammatikopoulosite,NiVP,Ni V P,Ni V P,Ni V P,Ni V P,valid,,,
Grandaite,Sr^2+^_2_Al(As^5+^O_4_)_2_(OH),Sr^2+ Al As^5+ O H,Sr^2+ Al As^5+ O H,Sr Al As O H,Sr^2+ Al As^5+ O H,valid,,,
Grandidierite,MgAl_3_O_2_(BO_3_)SiO_4_,Mg Al O B Si,Mg Al O B Si,Mg Al O B Si,Mg Al O B Si,valid,,,
Grandreefite,Pb^2+^_2_(S^6+^O_4_)F_2_,Pb^2+ S^6+ O F,Pb^2+ S^6+ O F,Pb S O F,Pb^2+ S^6+ O F,valid,,,
Grandviewite,Cu^2+^_3_Al_2_(S^6+^O_4_)(OH)_10_·H_2_O,Cu^2+ Al S^6+ O H,Cu^2+ Al S^6+ O H,Cu Al S O H,Cu^2+ Al S^6+ O H,valid,,,
Grantsite,"(Na,Ca)_2+x_(V^5+^,V^4+^)_6_O_16_·4H_2_O",Na Ca V^5+ V^4+ O H,Na Ca V^5+ V^4+ O H,Na Ca V O H,Na Ca V^5+ V^4+ O H,valid,,,
Graphite,C,C,C,C,C,valid,,,
Graţianite,Mn^2+^Bi^3+^_2_S^2-^_4_,Mn^2+ Bi^3+ S^2-,Mn^2+ Bi^3+ S^2-,Mn Bi S,Mn^2+ Bi^3+ S^2-,valid,,,
Gratonite,Pb^2+^_9_As^3+^_4_S^2-^_15_,Pb^2+ As^3+ S^2-,Pb^2+ As^3+ S^2-,Pb As S,Pb^2+ As^3+ S^2-,valid,,,
Grattarolaite,Fe^3+^_3_O_3_PO_4_,Fe^3+ O P,Fe^3+ O P,Fe O P,Fe^3+ O P,valid,,,
Graulichite-(Ce),Ce^3+^Fe^3+^_3_(As^5+^O_4_)_2_(OH)_6_,Ce^3+ Fe^3+ As^5+ O H,Ce^3+ Fe^3+ As^5+ O H,Ce Fe As O H,Ce^3+ Fe^3+ As^5+ O H,valid,,,
Graulichite-(La),LaFe^3+^_3_(As^5+^O_4_)_2_(OH)_6_,La Fe^3+ As^5+ O H,La Fe^3+ As^5+ O H,La Fe As O H,La Fe^3+ As^5+ O H,valid,,,
Gravegliaite,Mn^2+^S^4+^O_3_·3H_2_O,Mn^2+ S^4+ O H,Mn^2+ S^4+ O H,Mn S O H,Mn^2+ S^4+ O H,valid,,,
Grayite,"(Th^3+^,Pb^2+^,Ca)(PO_4_)·H_2_O",Th^3+ Pb^2+ Ca P O H,Th^3+ Pb^2+ Ca P O H,Th Pb Ca P O H,Th^3+ Pb^2+ Ca P O H,valid,,,
Grechishchevite,Hg^2+^_3_S^2-^_2_BrCl_0.5_I^1-^_0.5_,Hg^2+ S^2- Br Cl I^1-,Hg^2+ S^2- Br Cl I^1-,Hg S Br Cl I,Hg^2+ S^2- Br Cl I^1-,valid,,,
Greenalite,"(Fe^2+^,Fe^3+^)_2-3_Si_2_O_5_(OH)_4_",Fe^2+ Fe^3+ Si O H,Fe^2+ Fe^3+ Si O H,Fe Si O H,Fe^2+ Fe^3+ Si O H,valid,,,
Greenlizardite,(N^3-^H_4_)Na(U^6+^O_2_)_2_(S^6+^O_4_)_2_(OH)_2_·4H_2_O,N^3- H Na U^6+ O S^6+,N^3- H Na U^6+ O S^6+,N H Na U O S,N^3- H Na U^6+ O S^6+,valid,,,
Greenockite,Cd^2+^S^2-^,Cd^2+ S^2-,Cd^2+ S^2-,Cd S,Cd^2+ S^2-,valid,,,
Greenwoodite,"Ba_2-x_(V^3+^OH)_x_V^3+^_9_(Fe^3+^,Fe^2+^)_2_Si_2_O_22_",Ba V^3+ O H Fe^3+ Fe^2+ Si,Ba V^3+ O H Fe^3+ Fe^2+ Si,Ba V O H Fe Si,Ba V^3+ O H Fe^3+ Fe^2+ Si,valid,,,
Gregoryite,Na_2_CO_3_,Na C O,Na C O,Na C O,Na C O,valid,,,
Greifensteinite,Ca_2_Fe^2+^_5_Be_4_(PO_4_)_6_(OH)_4_·6H_2_O,Ca Fe^2+ Be P O H,Ca Fe^2+ Be P O H,Ca Fe Be P O H,Ca Fe^2+ Be P O H,valid,,,
Greigite,Fe^2+^Fe^3+^_2_S_4_,Fe^2+ Fe^3+ S,Fe^2+ Fe^3+ S,Fe S,Fe^2+ Fe^3+ S,valid,,,
Grenmarite,Na_2_Zr^4+^_2_Na_2_Mn^2+^Zr^4+^(Si_2_O_7_)_2_O_2_F_2_,Na Zr^4+ Mn^2+ Si O F,Na Zr^4+ Mn^2+ Si O F,Na Zr Mn Si O F,Na Zr^4+ Mn^2+ Si O F,valid,,,
Grguricite,CaCr^3+^_2_(CO_3_)_2_(OH)_4_·4H_2_O,Ca Cr^3+ C O H,Ca Cr^3+ C O H,Ca Cr C O H,Ca Cr^3+ C O H,valid,,,
Griceite,LiF,Li F,Li F,Li F,Li F,valid,,,
Griffinite,Al_2_Ti^4+^O_5_,Al Ti^4+ O,Al Ti^4+ O,Al Ti O,Al Ti^4+ O,valid,,,
Grigorievite,Cu^2+^_3_Fe^3+^_2_Al_2_(V^5+^O_4_)_6_,Cu^2+ Fe^3+ Al V^5+ O,Cu^2+ Fe^3+ Al V^5+ O,Cu Fe Al V O,Cu^2+ Fe^3+ Al V^5+ O,valid,,,
Grimaldiite,Cr^3+^O(OH),Cr^3+ O H,Cr^3+ O H,Cr O H,Cr^3+ O H,valid,,,
Grimmite,Ni^2+^Co^3+^_2_S^2-^_4_,Ni^2+ Co^3+ S^2-,Ni^2+ Co^3+ S^2-,Ni Co S,Ni^2+ Co^3+ S^2-,valid,,,
Grimselite,K_3_Na(U^6+^O_2_)(CO_3_)_3_·H_2_O,K Na U^6+ O C H,K Na U^6+ O C H,K Na U O C H,K Na U^6+ O C H,valid,,,
Griphite,"Ca(Mn^2+^,Na,Li)_6_Fe^2+^Al_2_(PO_4_)_6_(F,OH)_2_",Ca Mn^2+ Na Li Fe^2+ Al P O F H,Ca Mn^2+ Na Li Fe^2+ Al P O F H,Ca Mn Na Li Fe Al P O F H,Ca Mn^2+ Na Li Fe^2+ Al P O F H,valid,,,
Grischunite,NaCa_2_Mn^2+^_5_Fe^3+^(As^5+^O_4_)_6_·2H_2_O,Na Ca Mn^2+ Fe^3+ As^5+ O H,Na Ca Mn^2+ Fe^3+ As^5+ O H,Na Ca Mn Fe As O H,Na Ca Mn^2+ Fe^3+ As^5+ O H,valid,,,
Gritsenkoite,Co^2+^Mg_2_(As^5+^O_4_)_2_(H_2_O)_8_,Co^2+ Mg As^5+ O H,Co^2+ Mg As^5+ O H,Co Mg As O H,Co^2+ Mg As^5+ O H,valid,,,
Groatite,[box]NaCaMn^2+^_2_(PO_4_)(HPO_4_)_2_,Na Ca Mn^2+ P O H,Na Ca Mn^2+ P O H,Na Ca Mn P O H,Na Ca Mn^2+ P O H,valid,,,
Grokhovskyite,Cu^1+^Cr^3+^S^2-^_2_,Cu^1+ Cr^3+ S^2-,Cu^1+ Cr^3+ S^2-,Cu Cr S,Cu^1+ Cr^3+ S^2-,valid,,,
Grootfonteinite,Pb^2+^_3_O(CO_3_)_2_,Pb^2+ O C,Pb^2+ O C,Pb O C,Pb^2+ O C,valid,,,
Grossite,CaAl_4_O_7_,Ca Al O,Ca Al O,Ca Al O,Ca Al O,valid,,,
Grossmanite,"Ca(Ti^3+^,Mg,Ti^4+^)AlSiO_6_",Ca Ti^3+ Mg Ti^4+ Al Si O,Ca Ti^3+ Mg Ti^4+ Al Si O,Ca Ti Mg Al Si O,Ca Ti^3+ Mg Ti^4+ Al Si O,valid,,,
Grossular,Ca_3_Al_2_(SiO_4_)_3_,Ca Al Si O,Ca Al Si O,Ca Al Si O,Ca Al Si O,valid,,,
Groutite,Mn^3+^O(OH),Mn^3+ O H,Mn^3+ O H,Mn O H,Mn^3+ O H,valid,,,
Grumantite,NaSi_2_O_4_(OH)·H_2_O,Na Si O H,Na Si O H,Na Si O H,Na Si O H,valid,,,
Grumiplucite,Hg^2+^Bi^3+^_2_S^2-^_4_,Hg^2+ Bi^3+ S^2-,Hg^2+ Bi^3+ S^2-,Hg Bi S,Hg^2+ Bi^3+ S^2-,valid,,,
Grundmannite,Cu^1+^Bi^3+^Se^2-^_2_,Cu^1+ Bi^3+ Se^2-,Cu^1+ Bi^3+ Se^2-,Cu Bi Se,Cu^1+ Bi^3+ Se^2-,valid,,,
Grunerite,[box]Fe^2+^_2_Fe^2+^_5_Si_8_O_22_(OH)_2_,Fe^2+ Si O H,Fe^2+ Si O H,Fe Si O H,Fe^2+ Si O H,valid,,,
Gruzdevite,Cu^1+^_6_Hg^2+^_3_Sb^3+^_4_S^2-^_12_,Cu^1+ Hg^2+ Sb^3+ S^2-,Cu^1+ Hg^2+ Sb^3+ S^2-,Cu Hg Sb S,Cu^1+ Hg^2+ Sb^3+ S^2-,valid,,,
Guanacoite,MgCu^2+^_2_Mg_2_(As^5+^O_4_)_2_(OH)_4_(H_2_O)_4_,Mg Cu^2+ As^5+ O H,Mg Cu^2+ As^5+ O H,Mg Cu As O H,Mg Cu^2+ As^5+ O H,valid,,,
Guanajuatite,Bi^3+^_2_Se^2-^_3_,Bi^3+ Se^2-,Bi^3+ Se^2-,Bi Se,Bi^3+ Se^2-,valid,,,
Guangyuanite,Pb^2+^_3_Cl_3_(Se^4+^O_3_)(OH),Pb^2+ Cl Se^4+ O H,Pb^2+ Cl Se^4+ O H,Pb Cl Se O H,Pb^2+ Cl Se^4+ O H,valid,,,
Guanine,C_5_H_3_(NH_2_)N_4_O,C H N O,C H N O,C H N O,C H N O,valid,,,
Guarinoite,Zn^2+^_6_S^6+^O_4_(OH)_10_·5H_2_O,Zn^2+ S^6+ O H,Zn^2+ S^6+ O H,Zn S O H,Zn^2+ S^6+ O H,valid,,,
Guastoniite-(Y),Pb^2+^_4_(YCa)(Si_8_B_4_O_28_)F,Pb^2+ Y Ca Si B O F,Pb^2+ Y Ca Si B O F,Pb Y Ca Si B O F,Pb^2+ Y Ca Si B O F,valid,,,
Gudmundite,Fe^3+^(SbS)^3-^,Fe^3+ Sb S,Fe^3+ Sb S,Fe Sb S,Fe^3+ Sb S,valid,,,
Guérinite,Ca_6_(HAs^5+^O_4_)_3_(As^5+^O_4_)_2_·10.5H_2_O,Ca H As^5+ O,Ca H As^5+ O,Ca H As O,Ca H As^5+ O,valid,,,
Guettardite,Pb^2+^Sb^3+^As^3+^S^2-^_4_,Pb^2+ Sb^3+ As^3+ S^2-,Pb^2+ Sb^3+ As^3+ S^2-,Pb Sb As S,Pb^2+ Sb^3+ As^3+ S^2-,valid,,,
Gugiaite,Ca_2_BeSi_2_O_7_,Ca Be Si O,Ca Be Si O,Ca Be Si O,Ca Be Si O,valid,,,
Guidottiite,Mn^2+^_2_Fe^3+^(SiFe^3+^)O_5_(OH)_4_,Mn^2+ Fe^3+ Si O H,Mn^2+ Fe^3+ Si O H,Mn Fe Si O H,Mn^2+ Fe^3+ Si O H,valid,,,
Guildite,Cu^2+^Fe^3+^(S^6+^O_4_)_2_(OH)·4H_2_O,Cu^2+ Fe^3+ S^6+ O H,Cu^2+ Fe^3+ S^6+ O H,Cu Fe S O H,Cu^2+ Fe^3+ S^6+ O H,valid,,,
Guilleminite,Ba(U^6+^O_2_)_3_(Se^4+^O_3_)_2_O_2_·3H_2_O,Ba U^6+ O Se^4+ H,Ba U^6+ O Se^4+ H,Ba U O Se H,Ba U^6+ O Se^4+ H,valid,,,
Guimarãesite,Ca_2_Zn^2+^_5_Be_4_(PO_4_)_6_(OH)_4_·6H_2_O,Ca Zn^2+ Be P O H,Ca Zn^2+ Be P O H,Ca Zn Be P O H,Ca Zn^2+ Be P O H,valid,,,
Guite,Co^2+^Co^3+^_2_O_4_,Co^2+ Co^3+ O,Co^2+ Co^3+ O,Co O,Co^2+ Co^3+ O,valid,,,
Guixiangite,Ni^3+^(BiS)^3-^,Ni^3+ Bi S,Ni^3+ Bi S,Ni Bi S,Ni^3+ Bi S,valid,,,
Gungerite,TlAs_5_Sb_4_S_13_,Tl As Sb S,Tl As Sb S,Tl As Sb S,Tl As Sb S,valid,,,
Gunmaite,(Na_2_Sr)Sr_2_Al_10_(PO_4_)_4_F_14_(OH)_12_,Na Sr Al P O F H,Na Sr Al P O F H,Na Sr Al P O F H,Na Sr Al P O F H,valid,,,
Gunningite,Zn^2+^S^6+^O_4_·H_2_O,Zn^2+ S^6+ O H,Zn^2+ S^6+ O H,Zn S O H,Zn^2+ S^6+ O H,valid,,,
Günterblassite,"(K,Ca,Ba,Na,[box])_3_Fe^2+^[(Si,Al)_13_O_25_(OH,O)_4_]·7H_2_O",K Ca Ba Na Fe^2+ Si Al O H,K Ca Ba Na Fe^2+ Si Al O H,K Ca Ba Na Fe Si Al O H,K Ca Ba Na Fe^2+ Si Al O H,valid,,,
Gunterite,Na_4_Ca[V^5+^_10_O_28_]·20H_2_O,Na Ca V^5+ O H,Na Ca V^5+ O H,Na Ca V O H,Na Ca V^5+ O H,valid,,,
Gupeiite,Fe_3_Si,Fe Si,Fe Si,Fe Si,Fe Si,valid,,,
Gurimite,Ba_3_(V^5+^O_4_)_2_,Ba V^5+ O,Ba V^5+ O,Ba V O,Ba V^5+ O,valid,,,
Gurzhiite,Al(U^6+^O_2_)(S^6+^O_4_)_2_F·10H_2_O,Al U^6+ O S^6+ F H,Al U^6+ O S^6+ F H,Al U O S F H,Al U^6+ O S^6+ F H,valid,,,
Gustavite,Ag^1+^Pb^2+^Bi^3+^_3_S^2-^_6_,Ag^1+ Pb^2+ Bi^3+ S^2-,Ag^1+ Pb^2+ Bi^3+ S^2-,Ag Pb Bi S,Ag^1+ Pb^2+ Bi^3+ S^2-,valid,,,
Gutkovaite-Mn,"CaK_2_Mn^2+^(Ti^4+^,Nb^5+^)_4_(Si_4_O_12_)_2_(O,OH)_4_·5H_2_O",Ca K Mn^2+ Ti^4+ Nb^5+ Si O H,Ca K Mn^2+ Ti^4+ Nb^5+ Si O H,Ca K Mn Ti Nb Si O H,Ca K Mn^2+ Ti^4+ Nb^5+ Si O H,valid,,,
Guyanaite,Cr^3+^O(OH),Cr^3+ O H,Cr^3+ O H,Cr O H,Cr^3+ O H,valid,,,
Gwihabaite,(N^3-^H_4_)N^5+^O_3_,N^3- H N^5+ O,N^3- H N^5+ O,N H O,N^3- H N^5+ O,valid,,,
Gypsum,CaS^6+^O_4_·2H_2_O,Ca S^6+ O H,Ca S^6+ O H,Ca S O H,Ca S^6+ O H,valid,,,
Gyrolite,NaCa_16_(Si_23_Al)O_60_(OH)_8_·14H_2_O,Na Ca Si Al O H,Na Ca Si Al O H,Na Ca Si Al O H,Na Ca Si Al O H,valid,,,
Gysinite-(Ce),Pb^2+^Ce^3+^(CO_3_)_2_(OH)(H_2_O),Pb^2+ Ce^3+ C O H,Pb^2+ Ce^3+ C O H,Pb Ce C O H,Pb^2+ Ce^3+ C O H,valid,,,
Gysinite-(La),Pb^2+^La(CO_3_)_2_(OH)·H_2_O,Pb^2+ La C O H,Pb^2+ La C O H,Pb La C O H,Pb^2+ La C O H,valid,,,
Gysinite-(Nd),Pb^2+^Nd(CO_3_)_2_(OH)·H_2_O,Pb^2+ Nd C O H,Pb^2+ Nd C O H,Pb Nd C O H,Pb^2+ Nd C O H,valid,,,
Haapalaite,"2[(Fe^2+^,Ni^2+^)S^2-^]·1.61[(Mg,Fe^2+^)(OH)_2_]",Fe^2+ Ni^2+ S^2- Mg O H,Fe^2+ Ni^2+ S^2- Mg O H,Fe Ni S Mg O H,Fe^2+ Ni^2+ S^2- Mg O H,valid,,,
Hafnon,Hf^4+^SiO_4_,Hf^4+ Si O,Hf^4+ Si O,Hf Si O,Hf^4+ Si O,valid,,,
Hagendorfite,Na_2_Mn^2+^Fe^2+^Fe^3+^(PO_4_)_3_,Na Mn^2+ Fe^2+ Fe^3+ P O,Na Mn^2+ Fe^2+ Fe^3+ P O,Na Mn Fe P O,Na Mn^2+ Fe^2+ Fe^3+ P O,valid,,,
Haggertyite,BaMgFe^2+^_4_Fe^3+^_2_Ti^4+^_5_O_19_,Ba Mg Fe^2+ Fe^3+ Ti^4+ O,Ba Mg Fe^2+ Fe^3+ Ti^4+ O,Ba Mg Fe Ti O,Ba Mg Fe^2+ Fe^3+ Ti^4+ O,valid,,,
Häggite,V^3+^V^4+^O_2_(OH)_3_,V^3+ V^4+ O H,V^3+ V^4+ O H,V O H,V^3+ V^4+ O H,valid,,,
Hagstromite,Pb^2+^_8_Cu^2+^(Te^6+^O_6_)_2_(CO_3_)Cl_4_,Pb^2+ Cu^2+ Te^6+ O C Cl,Pb^2+ Cu^2+ Te^6+ O C Cl,Pb Cu Te O C Cl,Pb^2+ Cu^2+ Te^6+ O C Cl,valid,,,
Haidingerite,Ca(As^5+^O_3_OH)·H_2_O,Ca As^5+ O H,Ca As^5+ O H,Ca As O H,Ca As^5+ O H,valid,,,
Haigerachite,KFe^3+^_3_(H_2_PO_4_)_6_(HPO_4_)_2_·4H_2_O,K Fe^3+ H P O,K Fe^3+ H P O,K Fe H P O,K Fe^3+ H P O,valid,,,
Haineaultite,"(Na,Ca)_5_Ca(Ti^4+^,Nb^5+^)_5_Si_12_O_34_(OH,F)_8_·5H_2_O",Na Ca Ti^4+ Nb^5+ Si O H F,Na Ca Ti^4+ Nb^5+ Si O H F,Na Ca Ti Nb Si O H F,Na Ca Ti^4+ Nb^5+ Si O H F,valid,,,
Hainite-(Y),Ca_2_(CaY)Na(NaCa)Ti^4+^(Si_2_O_7_)_2_(OF)F_2_,Ca Y Na Ti^4+ Si O F,Ca Y Na Ti^4+ Si O F,Ca Y Na Ti Si O F,Ca Y Na Ti^4+ Si O F,valid,,,
Haitaite-(La),LaU^4+^Fe^3+^_2_(Ti^4+^_13_Fe^2+^_4_Fe^3+^)O_38_,La U^4+ Fe^3+ Ti^4+ Fe^2+ O,La U^4+ Fe^3+ Ti^4+ Fe^2+ O,La U Fe Ti O,La U^4+ Fe^3+ Ti^4+ Fe^2+ O,valid,,,
Haiweeite,Ca(U^6+^O_2_)_2_Si_5_O_12_(OH)_2_·6H_2_O,Ca U^6+ O Si H,Ca U^6+ O Si H,Ca U O Si H,Ca U^6+ O Si H,valid,,,
Hakite-(Cd),Cu^1+^_6_(Cu^1+^_4_Cd^2+^_2_)Sb^3+^_4_Se^2-^_13_,Cu^1+ Cd^2+ Sb^3+ Se^2-,Cu^1+ Cd^2+ Sb^3+ Se^2-,Cu Cd Sb Se,Cu^1+ Cd^2+ Sb^3+ Se^2-,valid,,,
Hakite-(Fe),Cu^1+^_6_(Cu^1+^_4_Fe^2+^_2_)Sb^3+^_4_Se^2-^_13_,Cu^1+ Fe^2+ Sb^3+ Se^2-,Cu^1+ Fe^2+ Sb^3+ Se^2-,Cu Fe Sb Se,Cu^1+ Fe^2+ Sb^3+ Se^2-,valid,,,
Hakite-(Hg),Cu^1+^_6_(Cu^1+^_4_Hg^2+^_2_)Sb^3+^_4_Se^2-^_13_,Cu^1+ Hg^2+ Sb^3+ Se^2-,Cu^1+ Hg^2+ Sb^3+ Se^2-,Cu Hg Sb Se,Cu^1+ Hg^2+ Sb^3+ Se^2-,valid,,,
Hakite-(Zn),Cu^1+^_6_(Cu^1+^_4_Zn^2+^_2_)Sb^3+^_4_Se^2-^_13_,Cu^1+ Zn^2+ Sb^3+ Se^2-,Cu^1+ Zn^2+ Sb^3+ Se^2-,Cu Zn Sb Se,Cu^1+ Zn^2+ Sb^3+ Se^2-,valid,,,
Halamishite,Ni_5_P_4_,Ni P,Ni P,Ni P,Ni P,valid,,,
Håleniusite-(Ce),Ce^3+^OF,Ce^3+ O F,Ce^3+ O F,Ce O F,Ce^3+ O F,valid,,,
Håleniusite-(La),LaOF,La O F,La O F,La O F,La O F,valid,,,
Halilsarpite,[Mg(H_2_O)_6_][CaAs^3+^_2_(Fe^3+^_2.67_Mo^6+^_0.33_)(As^5+^O_4_)_2_O_7_],Mg H O Ca As^3+ Fe^3+ Mo^6+ As^5+,Mg H O Ca As^3+ Fe^3+ Mo^6+ As^5+,Mg H O Ca As Fe Mo,Mg H O Ca As^3+ Fe^3+ Mo^6+ As^5+,valid,,,
Halite,NaCl,Na Cl,Na Cl,Na Cl,Na Cl,valid,,,
Hallimondite,Pb^2+^_2_(U^6+^O_2_)(As^5+^O_4_)_2_·nH_2_O,Pb^2+ U^6+ O As^5+ H,Pb^2+ U^6+ O As^5+ H,Pb U O As H,Pb^2+ U^6+ O As^5+ H,valid,,,
Halloysite,Si_2_Al_2_O_5_(OH)_4_·nH_2_O,Si Al O H,Si Al O H,Si Al O H,Si Al O H,valid,,,
Halotrichite,Fe^2+^Al_2_(S^6+^O_4_)_4_·22H_2_O,Fe^2+ Al S^6+ O H,Fe^2+ Al S^6+ O H,Fe Al S O H,Fe^2+ Al S^6+ O H,valid,,,
Halurgite,Mg_4_[B_8_O_13_(OH)_2_]_2_·7H_2_O,Mg B O H,Mg B O H,Mg B O H,Mg B O H,valid,,,
Hambergite,Be_2_BO_3_(OH),Be B O H,Be B O H,Be B O H,Be B O H,valid,,,
Hammarite,Cu^1+^_2_Pb^2+^_2_Bi^3+^_4_S^2-^_9_,Cu^1+ Pb^2+ Bi^3+ S^2-,Cu^1+ Pb^2+ Bi^3+ S^2-,Cu Pb Bi S,Cu^1+ Pb^2+ Bi^3+ S^2-,valid,,,
Hanahanite,[Zn^2+^_8_(OH)_14_(S^6+^O_4_)]·3H_2_O,Zn^2+ O H S^6+,Zn^2+ O H S^6+,Zn O H S,Zn^2+ O H S^6+,valid,,,
Hanauerite,Ag^1+^Hg^2+^S^2-^I^1-^,Ag^1+ Hg^2+ S^2- I^1-,Ag^1+ Hg^2+ S^2- I^1-,Ag Hg S I,Ag^1+ Hg^2+ S^2- I^1-,valid,,,
Hanawaltite,Hg^1+^_6_Hg^2+^O_3_Cl_2_,Hg^1+ Hg^2+ O Cl,Hg^1+ Hg^2+ O Cl,Hg O Cl,Hg^1+ Hg^2+ O Cl,valid,,,
Hancockite,CaPb^2+^Fe^3+^Al_2_(Si_2_O_7_)(SiO_4_)O(OH),Ca Pb^2+ Fe^3+ Al Si O H,Ca Pb^2+ Fe^3+ Al Si O H,Ca Pb Fe Al Si O H,Ca Pb^2+ Fe^3+ Al Si O H,valid,,,
Hanjiangite,Ba_2_Ca(V^3+^Al)(AlSi_3_O_10_)(OH)_2_F(CO_3_)_2_,Ba Ca V^3+ Al Si O H F C,Ba Ca V^3+ Al Si O H F C,Ba Ca V Al Si O H F C,Ba Ca V^3+ Al Si O H F C,valid,,,
Hanksite,KNa_22_(S^6+^O_4_)_9_(CO_3_)_2_Cl,K Na S^6+ O C Cl,K Na S^6+ O C Cl,K Na S O C Cl,K Na S^6+ O C Cl,valid,,,
Hannayite,(N^3-^H_4_)_2_Mg_3_(PO_3_OH)_4_·8H_2_O,N^3- H Mg P O,N^3- H Mg P O,N H Mg P O,N^3- H Mg P O,valid,,,
Hannebachite,(CaS^4+^O_3_)_2_·H_2_O,Ca S^4+ O H,Ca S^4+ O H,Ca S O H,Ca S^4+ O H,valid,,,
Hansblockite,"(Cu^1+^,Hg^2+^)(Bi^3+^,Pb^2+^)Se^2-^_2_",Cu^1+ Hg^2+ Bi^3+ Pb^2+ Se^2-,Cu^1+ Hg^2+ Bi^3+ Pb^2+ Se^2-,Cu Hg Bi Pb Se,Cu^1+ Hg^2+ Bi^3+ Pb^2+ Se^2-,valid,,,
Hansesmarkite,Ca_2_Mn^2+^_2_Nb^5+^_6_O_19_·20H_2_O,Ca Mn^2+ Nb^5+ O H,Ca Mn^2+ Nb^5+ O H,Ca Mn Nb O H,Ca Mn^2+ Nb^5+ O H,valid,,,
Hanswilkeite,KFe^3+^S^2-^_2_,K Fe^3+ S^2-,K Fe^3+ S^2-,K Fe S,K Fe^3+ S^2-,valid,,,
Hapkeite,Fe_2_Si,Fe Si,Fe Si,Fe Si,Fe Si,valid,,,
Haradaite,SrV^4+^Si_2_O_7_,Sr V^4+ Si O,Sr V^4+ Si O,Sr V Si O,Sr V^4+ Si O,valid,,,
Hardystonite,Ca_2_Zn^2+^Si_2_O_7_,Ca Zn^2+ Si O,Ca Zn^2+ Si O,Ca Zn Si O,Ca Zn^2+ Si O,valid,,,
Harkerite,"Ca_48_Mg_16_[AlSi_4_O_15_(OH)]_4_(BO_3_)_16_(CO_3_)_16_·2(H_2_O,HCl)",Ca Mg Al Si O H B C Cl,Ca Mg Al Si O H B C Cl,Ca Mg Al Si O H B C Cl,Ca Mg Al Si O H B C Cl,valid,,,
Harmotome,Ba_2_(Si_12_Al_4_)O_32_·12H_2_O,Ba Si Al O H,Ba Si Al O H,Ba Si Al O H,Ba Si Al O H,valid,,,
Harmunite,CaFe^3+^_2_O_4_,Ca Fe^3+ O,Ca Fe^3+ O,Ca Fe O,Ca Fe^3+ O,valid,,,
Harrisonite,CaFe^2+^_6_(SiO_4_)_2_(PO_4_)_2_,Ca Fe^2+ Si O P,Ca Fe^2+ Si O P,Ca Fe Si O P,Ca Fe^2+ Si O P,valid,,,
Harstigite,Ca_6_Mn^2+^Be_4_(SiO_4_)_2_(Si_2_O_7_)_2_(OH)_2_,Ca Mn^2+ Be Si O H,Ca Mn^2+ Be Si O H,Ca Mn Be Si O H,Ca Mn^2+ Be Si O H,valid,,,
Hartkoppeite,Ca_4_Mn^2+^Mo^6+^_6_As^5+^_4_O_32_(OH)_2_(H_2_O)_14_·5H_2_O,Ca Mn^2+ Mo^6+ As^5+ O H,Ca Mn^2+ Mo^6+ As^5+ O H,Ca Mn Mo As O H,Ca Mn^2+ Mo^6+ As^5+ O H,valid,,,
Hasanovite,KNa(Mo^6+^O_2_)(S^6+^O_4_)_2_,K Na Mo^6+ O S^6+,K Na Mo^6+ O S^6+,K Na Mo O S,K Na Mo^6+ O S^6+,valid,,,
Hashemite,BaCr^6+^O_4_,Ba Cr^6+ O,Ba Cr^6+ O,Ba Cr O,Ba Cr^6+ O,valid,,,
Hastingsite,NaCa_2_(Fe^2+^_4_Fe^3+^)(Si_6_Al_2_)O_22_(OH)_2_,Na Ca Fe^2+ Fe^3+ Si Al O H,Na Ca Fe^2+ Fe^3+ Si Al O H,Na Ca Fe Si Al O H,Na Ca Fe^2+ Fe^3+ Si Al O H,valid,,,
Hatchite,Ag^1+^Pb^2+^Tl^1+^As^3+^_2_S^2-^_5_,Ag^1+ Pb^2+ Tl^1+ As^3+ S^2-,Ag^1+ Pb^2+ Tl^1+ As^3+ S^2-,Ag Pb Tl As S,Ag^1+ Pb^2+ Tl^1+ As^3+ S^2-,valid,,,
Hatertite,NaNaCa(Cu^2+^Fe^3+^)(As^5+^O_4_)_3_,Na Ca Cu^2+ Fe^3+ As^5+ O,Na Ca Cu^2+ Fe^3+ As^5+ O,Na Ca Cu Fe As O,Na Ca Cu^2+ Fe^3+ As^5+ O,valid,,,
Hatrurite,Ca_3_SiO_5_,Ca Si O,Ca Si O,Ca Si O,Ca Si O,valid,,,
Hauchecornite,Ni_9_BiSbS_8_,Ni Bi Sb S,Ni Bi Sb S,Ni Bi Sb S,Ni Bi Sb S,valid,,,
Hauckite,Fe^3+^_3_Mg_24_Zn^2+^_18_(S^6+^O_4_)_4_(CO_3_)_2_(OH)_81_,Fe^3+ Mg Zn^2+ S^6+ O C H,Fe^3+ Mg Zn^2+ S^6+ O C H,Fe Mg Zn S O C H,Fe^3+ Mg Zn^2+ S^6+ O C H,valid,,,
Hauerite,Mn^2+^(S_2_)^2-^,Mn^2+ S,Mn^2+ S,Mn S,Mn^2+ S,valid,,,
Hausmannite,Mn^2+^Mn^3+^_2_O_4_,Mn^2+ Mn^3+ O,Mn^2+ Mn^3+ O,Mn O,Mn^2+ Mn^3+ O,valid,,,
Haüyne,Na_3_Ca(Si_3_Al_3_)O_12_(S^6+^O_4_),Na Ca Si Al O S^6+,Na Ca Si Al O S^6+,Na Ca Si Al O S,Na Ca Si Al O S^6+,valid,,,
Hawleyite,Cd^2+^S^2-^,Cd^2+ S^2-,Cd^2+ S^2-,Cd S,Cd^2+ S^2-,valid,,,
Hawthorneite,BaMgTi^4+^_3_Cr^3+^_4_Fe^2+^_2_Fe^3+^_2_O_19_,Ba Mg Ti^4+ Cr^3+ Fe^2+ Fe^3+ O,Ba Mg Ti^4+ Cr^3+ Fe^2+ Fe^3+ O,Ba Mg Ti Cr Fe O,Ba Mg Ti^4+ Cr^3+ Fe^2+ Fe^3+ O,valid,,,
Haxonite,NiFe_22_C_6_,Ni Fe C,Ni Fe C,Ni Fe C,Ni Fe C,valid,,,
Haycockite,Cu_4_Fe_5_S_8_,Cu Fe S,Cu Fe S,Cu Fe S,Cu Fe S,valid,,,
Haydeeite,Cu^2+^_3_Mg(OH)_6_Cl_2_,Cu^2+ Mg O H Cl,Cu^2+ Mg O H Cl,Cu Mg O H Cl,Cu^2+ Mg O H Cl,valid,,,
Hayelasdiite,[Pb^2+^_4_O_1.5_(OH)_2.5_]_2_[Cu^1+^_5_(S^6+^O_3_S^2-^)_4_(S^6+^O_3_S^2-^H)_2_(H_2_O)]·4H_2_O,Pb^2+ O H Cu^1+ S^6+ S^2-,Pb^2+ O H Cu^1+ S^6+ S^2-,Pb O H Cu S,Pb^2+ O H Cu^1+ S^6+ S^2-,valid,,,
Haynesite,(U^6+^O_2_)_3_(Se^4+^O_3_)_2_(OH)_2_·5H_2_O,U^6+ O Se^4+ H,U^6+ O Se^4+ H,U O Se H,U^6+ O Se^4+ H,valid,,,
Haywoodite,[Pb^2+^(H_2_O)_10_][Zn^2+^_12_(OH)_20_(H_2_O)(S^6+^O_4_)_3_],Pb^2+ H O Zn^2+ S^6+,Pb^2+ H O Zn^2+ S^6+,Pb H O Zn S,Pb^2+ H O Zn^2+ S^6+,valid,,,
Hayyanite,Cu^1+^_5_Ag^1+^_11_Pb^2+^_76_Sb^3+^_71_As^3+^_17_As^2+^_8_S^2-^_224_,Cu^1+ Ag^1+ Pb^2+ Sb^3+ As^3+ As^2+ S^2-,Cu^1+ Ag^1+ Pb^2+ Sb^3+ As^3+ As^2+ S^2-,Cu Ag Pb Sb As S,Cu^1+ Ag^1+ Pb^2+ Sb^3+ As^3+ As^2+ S^2-,valid,,,
Hazenite,KNaMg_2_(PO_4_)_2_·14H_2_O,K Na Mg P O H,K Na Mg P O H,K Na Mg P O H,K Na Mg P O H,valid,,,
Heamanite-(Ce),(K_0.5_Ce^3+^_0.5_)Ti^4+^O_3_,K Ce^3+ Ti^4+ O,K Ce^3+ Ti^4+ O,K Ce Ti O,K Ce^3+ Ti^4+ O,valid,,,
Heazlewoodite,Ni_3_S_2_,Ni S,Ni S,Ni S,Ni S,valid,,,
Hechtsbergite,Bi^3+^_2_O(V^5+^O_4_)(OH),Bi^3+ O V^5+ H,Bi^3+ O V^5+ H,Bi O V H,Bi^3+ O V^5+ H,valid,,,
Hectorfloresite,Na_9_(I^5+^O_3_)(S^6+^O_4_)_4_,Na I^5+ O S^6+,Na I^5+ O S^6+,Na I O S,Na I^5+ O S^6+,valid,,,
Hectorite,"Na_0.3_(Mg,Li)_3_Si_4_O_10_(F,OH)_2_·nH_2_O",Na Mg Li Si O F H,Na Mg Li Si O F H,Na Mg Li Si O F H,Na Mg Li Si O F H,valid,,,
Hedegaardite,"(Ca,Na)_9_(Ca,Na)Mg(PO_4_)_6_(PO_3_OH)",Ca Na Mg P O H,Ca Na Mg P O H,Ca Na Mg P O H,Ca Na Mg P O H,valid,,,
Hedenbergite,CaFe^2+^Si_2_O_6_,Ca Fe^2+ Si O,Ca Fe^2+ Si O,Ca Fe Si O,Ca Fe^2+ Si O,valid,,,
Hedleyite,Bi_7_Te_3_,Bi Te,Bi Te,Bi Te,Bi Te,valid,,,
Hedyphane,Ca_2_Pb^2+^_3_(As^5+^O_4_)_3_Cl,Ca Pb^2+ As^5+ O Cl,Ca Pb^2+ As^5+ O Cl,Ca Pb As O Cl,Ca Pb^2+ As^5+ O Cl,valid,,,
Heflikite,Ca_2_(Al_2_Sc)(Si_2_O_7_)(SiO_4_)O(OH),Ca Al Sc Si O H,Ca Al Sc Si O H,Ca Al Sc Si O H,Ca Al Sc Si O H,valid,,,
Heftetjernite,ScTa^5+^O_4_,Sc Ta^5+ O,Sc Ta^5+ O,Sc Ta O,Sc Ta^5+ O,valid,,,
Heideite,"(Fe^2+^,Cr^2+^)_1.15_(Ti^3+^,Fe^2+^)_2_S^2-^_4_",Fe^2+ Cr^2+ Ti^3+ S^2-,Fe^2+ Cr^2+ Ti^3+ S^2-,Fe Cr Ti S,Fe^2+ Cr^2+ Ti^3+ S^2-,valid,,,
Heidornite,Na_2_Ca_3_B_5_O_8_(S^6+^O_4_)_2_(OH)_2_Cl,Na Ca B O S^6+ H Cl,Na Ca B O S^6+ H Cl,Na Ca B O S H Cl,Na Ca B O S^6+ H Cl,valid,,,
Heimaeyite,Na_3_Al(S^6+^O_4_)_3_,Na Al S^6+ O,Na Al S^6+ O,Na Al S O,Na Al S^6+ O,valid,,,
Heimite,Pb^2+^Cu^2+^_2_(As^5+^O_4_)(OH)_3_·2H_2_O,Pb^2+ Cu^2+ As^5+ O H,Pb^2+ Cu^2+ As^5+ O H,Pb Cu As O H,Pb^2+ Cu^2+ As^5+ O H,valid,,,
Heinrichite,Ba(U^6+^O_2_)_2_(As^5+^O_4_)_2_·10H_2_O,Ba U^6+ O As^5+ H,Ba U^6+ O As^5+ H,Ba U O As H,Ba U^6+ O As^5+ H,valid,,,
Heisenbergite,U^6+^O_2_(OH)_2_·H_2_O,U^6+ O H,U^6+ O H,U O H,U^6+ O H,valid,,,
Hejtmanite,Ba_2_Mn^2+^_4_Ti^4+^_2_(Si_2_O_7_)_2_O_2_(OH)_2_F_2_,Ba Mn^2+ Ti^4+ Si O H F,Ba Mn^2+ Ti^4+ Si O H F,Ba Mn Ti Si O H F,Ba Mn^2+ Ti^4+ Si O H F,valid,,,
Heklaite,KNaSiF_6_,K Na Si F,K Na Si F,K Na Si F,K Na Si F,valid,,,
Hellandite-(Ce),"(Ca,REE)_4_Ce^3+^_2_Al[box]_2_(B_4_Si_4_O_22_)(OH)_2_",Ca REE Ce^3+ Al B Si O H,Ca REE Ce^3+ Al B Si O H,Ca REE Ce Al B Si O H,Ca REE Ce^3+ Al B Si O H,valid,,,
Hellandite-(Y),"(Ca,REE)_4_Y_2_Al[box]_2_(B_4_Si_4_O_22_)(OH)_2_",Ca REE Y Al B Si O H,Ca REE Y Al B Si O H,Ca REE Y Al B Si O H,Ca REE Y Al B Si O H,valid,,,
Hellyerite,Ni^2+^CO_3_·6H_2_O,Ni^2+ C O H,Ni^2+ C O H,Ni C O H,Ni^2+ C O H,valid,,,
Helmutwinklerite,Pb^2+^Zn^2+^_2_(As^5+^O_4_)_2_·2H_2_O,Pb^2+ Zn^2+ As^5+ O H,Pb^2+ Zn^2+ As^5+ O H,Pb Zn As O H,Pb^2+ Zn^2+ As^5+ O H,valid,,,
Helvine,Mn^2+^_4_(BeSiO_4_)_3_S^2-^,Mn^2+ Be Si O S^2-,Mn^2+ Be Si O S^2-,Mn Be Si O S,Mn^2+ Be Si O S^2-,valid,,,
Hematite,Fe^3+^_2_O_3_,Fe^3+ O,Fe^3+ O,Fe O,Fe^3+ O,valid,,,
Hematolite,"(Mn^2+^,Mg,Al)_15_(As^3+^O_3_)(As^5+^O_4_)_2_(OH)_23_",Mn^2+ Mg Al As^3+ O As^5+ H,Mn^2+ Mg Al As^3+ O As^5+ H,Mn Mg Al As O H,Mn^2+ Mg Al As^3+ O As^5+ H,valid,,,
Hematophanite,"Pb^2+^_4_Fe^3+^_3_O_8_(Cl,OH)",Pb^2+ Fe^3+ O Cl H,Pb^2+ Fe^3+ O Cl H,Pb Fe O Cl H,Pb^2+ Fe^3+ O Cl H,valid,,,
Hemihedrite,Pb^2+^_10_Zn^2+^(Cr^6+^O_4_)_6_(SiO_4_)_2_(OH)_2_,Pb^2+ Zn^2+ Cr^6+ O Si H,Pb^2+ Zn^2+ Cr^6+ O Si H,Pb Zn Cr O Si H,Pb^2+ Zn^2+ Cr^6+ O Si H,valid,,,
Hemimorphite,Zn^2+^_4_Si_2_O_7_(OH)_2_·H_2_O,Zn^2+ Si O H,Zn^2+ Si O H,Zn Si O H,Zn^2+ Si O H,valid,,,
Hemleyite,Fe^2+^SiO_3_,Fe^2+ Si O,Fe^2+ Si O,Fe Si O,Fe^2+ Si O,valid,,,
Hemloite,"(Ti^4+^,V^3+^,Fe^3+^,Al)_12_As^3+^_2_O_23_(OH)",Ti^4+ V^3+ Fe^3+ Al As^3+ O H,Ti^4+ V^3+ Fe^3+ Al As^3+ O H,Ti V Fe Al As O H,Ti^4+ V^3+ Fe^3+ Al As^3+ O H,valid,,,
Hemusite,Cu^1+^_4_Cu^2+^_2_Sn^4+^Mo^4+^S^2-^_8_,Cu^1+ Cu^2+ Sn^4+ Mo^4+ S^2-,Cu^1+ Cu^2+ Sn^4+ Mo^4+ S^2-,Cu Sn Mo S,Cu^1+ Cu^2+ Sn^4+ Mo^4+ S^2-,valid,,,
Hendekasartorite,Tl^1+^_2_Pb^2+^_48_As^3+^_82_S^2-^_172_,Tl^1+ Pb^2+ As^3+ S^2-,Tl^1+ Pb^2+ As^3+ S^2-,Tl Pb As S,Tl^1+ Pb^2+ As^3+ S^2-,valid,,,
Hendersonite,"Ca_1.3_(V^5+^,V^4+^)_6_O_16_·6H_2_O",Ca V^5+ V^4+ O H,Ca V^5+ V^4+ O H,Ca V O H,Ca V^5+ V^4+ O H,valid,,,
Hendricksite,KZn^2+^_3_(Si_3_Al)O_10_(OH)_2_,K Zn^2+ Si Al O H,K Zn^2+ Si Al O H,K Zn Si Al O H,K Zn^2+ Si Al O H,valid,,,
Heneuite,CaMg_5_(PO_4_)_3_(CO_3_)(OH),Ca Mg P O C H,Ca Mg P O C H,Ca Mg P O C H,Ca Mg P O C H,valid,,,
Henmilite,Ca_2_Cu^2+^[B(OH)_4_]_2_(OH)_4_,Ca Cu^2+ B O H,Ca Cu^2+ B O H,Ca Cu B O H,Ca Cu^2+ B O H,valid,,,
Hennomartinite,SrMn^3+^_2_Si_2_O_7_(OH)_2_·H_2_O,Sr Mn^3+ Si O H,Sr Mn^3+ Si O H,Sr Mn Si O H,Sr Mn^3+ Si O H,valid,,,
Henritermierite,Ca_3_Mn^3+^_2_(SiO_4_)_2_(OH)_4_,Ca Mn^3+ Si O H,Ca Mn^3+ Si O H,Ca Mn Si O H,Ca Mn^3+ Si O H,valid,,,
Henryite,"(Cu,Ag)_3+x_Te_2_ (x~0.4)",Cu Ag Te,Cu Ag Te,Cu Ag Te,Cu Ag Te,valid,,,
Henrymeyerite,Ba(Ti^4+^_7_Fe^2+^)O_16_,Ba Ti^4+ Fe^2+ O,Ba Ti^4+ Fe^2+ O,Ba Ti Fe O,Ba Ti^4+ Fe^2+ O,valid,,,
Henrysunite,Na_2_(C_2_H_3_O_3_)^1-^_2_(H_2_O),Na C H O,Na C H O,Na C H O,Na C H O,valid,,,
Hentschelite,Cu^2+^Fe^3+^_2_(PO_4_)_2_(OH)_2_,Cu^2+ Fe^3+ P O H,Cu^2+ Fe^3+ P O H,Cu Fe P O H,Cu^2+ Fe^3+ P O H,valid,,,
Hephaistosite,Tl^1+^Pb^2+^_2_Cl_5_,Tl^1+ Pb^2+ Cl,Tl^1+ Pb^2+ Cl,Tl Pb Cl,Tl^1+ Pb^2+ Cl,valid,,,
Heptasartorite,Tl^1+^_7_Pb^2+^_22_As^3+^_55_S^2-^_108_,Tl^1+ Pb^2+ As^3+ S^2-,Tl^1+ Pb^2+ As^3+ S^2-,Tl Pb As S,Tl^1+ Pb^2+ As^3+ S^2-,valid,,,
Herbertsmithite,Cu^2+^_3_Zn^2+^(OH)_6_Cl_2_,Cu^2+ Zn^2+ O H Cl,Cu^2+ Zn^2+ O H Cl,Cu Zn O H Cl,Cu^2+ Zn^2+ O H Cl,valid,,,
Hercynite,Fe^2+^Al_2_O_4_,Fe^2+ Al O,Fe^2+ Al O,Fe Al O,Fe^2+ Al O,valid,,,
Herderite,CaBePO_4_F,Ca Be P O F,Ca Be P O F,Ca Be P O F,Ca Be P O F,valid,,,
Hereroite,"[Pb^2+^_32_(O,[box])_21_](As^5+^O_4_)_2_[(Si,As^5+^,V^5+^,Mo^6+^)O_4_]_2_Cl_10_",Pb^2+ O As^5+ Si V^5+ Mo^6+ Cl,Pb^2+ O As^5+ Si V^5+ Mo^6+ Cl,Pb O As Si V Mo Cl,Pb^2+ O As^5+ Si V^5+ Mo^6+ Cl,valid,,,
Hermannjahnite,Cu^2+^Zn^2+^(S^6+^O_4_)_2_,Cu^2+ Zn^2+ S^6+ O,Cu^2+ Zn^2+ S^6+ O,Cu Zn S O,Cu^2+ Zn^2+ S^6+ O,valid,,,
Hermannroseite,CaCu^2+^(PO_4_)(OH),Ca Cu^2+ P O H,Ca Cu^2+ P O H,Ca Cu P O H,Ca Cu^2+ P O H,valid,,,
Herzenbergite,SnS,Sn S,Sn S,Sn S,Sn S,valid,,,
Hessite,Ag_2_Te,Ag Te,Ag Te,Ag Te,Ag Te,valid,,,
Hetaerolite,Zn^2+^Mn^3+^_2_O_4_,Zn^2+ Mn^3+ O,Zn^2+ Mn^3+ O,Zn Mn O,Zn^2+ Mn^3+ O,valid,,,
Heterogenite,Co^3+^O(OH),Co^3+ O H,Co^3+ O H,Co O H,Co^3+ O H,valid,,,
Heteromorphite,Pb^2+^_7_Sb^3+^_8_S^2-^_19_,Pb^2+ Sb^3+ S^2-,Pb^2+ Sb^3+ S^2-,Pb Sb S,Pb^2+ Sb^3+ S^2-,valid,,,
Heterosite,Fe^3+^[box]PO_4_,Fe^3+ P O,Fe^3+ P O,Fe P O,Fe^3+ P O,valid,,,
Heulandite-Ba,"(Ba,Ca,K)_5_(Si_27_Al_9_)O_72_·22H_2_O",Ba Ca K Si Al O H,Ba Ca K Si Al O H,Ba Ca K Si Al O H,Ba Ca K Si Al O H,valid,,,
Heulandite-Ca,"(Ca,Na,K)_5_(Si_27_Al_9_)O_72_·26H_2_O",Ca Na K Si Al O H,Ca Na K Si Al O H,Ca Na K Si Al O H,Ca Na K Si Al O H,valid,,,
Heulandite-K,"(K,Ca,Na)_5_(Si_27_Al_9_)O_72_·26H_2_O",K Ca Na Si Al O H,K Ca Na Si Al O H,K Ca Na Si Al O H,K Ca Na Si Al O H,valid,,,
Heulandite-Na,"(Na,Ca,K)_6_(Si,Al)_36_O_72_·22H_2_O",Na Ca K Si Al O H,Na Ca K Si Al O H,Na Ca K Si Al O H,Na Ca K Si Al O H,valid,,,
Heulandite-Sr,"(Sr,Ca,Na)_5_(Si_27_Al_9_)O_72_·24H_2_O",Sr Ca Na Si Al O H,Sr Ca Na Si Al O H,Sr Ca Na Si Al O H,Sr Ca Na Si Al O H,valid,,,
Hewettite,CaV^5+^_6_O_16_·9H_2_O,Ca V^5+ O H,Ca V^5+ O H,Ca V O H,Ca V^5+ O H,valid,,,
Hexacelsian,BaAl_2_Si_2_O_8_,Ba Al Si O,Ba Al Si O,Ba Al Si O,Ba Al Si O,valid,,,
Hexaferrum,"(Fe,Os,Ru,Ir)",Fe Os Ru Ir,Fe Os Ru Ir,Fe Os Ru Ir,Fe Os Ru Ir,valid,,,
Hexahydrite,MgS^6+^O_4_·6H_2_O,Mg S^6+ O H,Mg S^6+ O H,Mg S O H,Mg S^6+ O H,valid,,,
Hexahydroborite,Ca[B(OH)_4_]_2_·2H_2_O,Ca B O H,Ca B O H,Ca B O H,Ca B O H,valid,,,
Hexamolybdenum,"(Mo,Ru,Fe,Ir,Os)",Mo Ru Fe Ir Os,Mo Ru Fe Ir Os,Mo Ru Fe Ir Os,Mo Ru Fe Ir Os,valid,,,
Hexathioplumbite,[Pb^2+^_4_(OH)_4_]Pb^2+^(S^6+^O_3_S^2-^)_3_,Pb^2+ O H S^6+ S^2-,Pb^2+ O H S^6+ S^2-,Pb O H S,Pb^2+ O H S^6+ S^2-,valid,,,
Heyerdahlite,Na_3_Mn^2+^_7_Ti^4+^_2_(Si_4_O_12_)_2_O_2_(OH)_4_F(H_2_O)_2_,Na Mn^2+ Ti^4+ Si O H F,Na Mn^2+ Ti^4+ Si O H F,Na Mn Ti Si O H F,Na Mn^2+ Ti^4+ Si O H F,valid,,,
Heyite,Pb^2+^_5_Fe^2+^_2_O_4_(V^5+^O_4_)_2_,Pb^2+ Fe^2+ O V^5+,Pb^2+ Fe^2+ O V^5+,Pb Fe O V,Pb^2+ Fe^2+ O V^5+,valid,,,
Heyrovskýite,Pb^2+^_6_Bi^3+^_2_S^2-^_9_,Pb^2+ Bi^3+ S^2-,Pb^2+ Bi^3+ S^2-,Pb Bi S,Pb^2+ Bi^3+ S^2-,valid,,,
Hezuolinite,"(Sr,REE)_4_Zr^4+^(Ti^4+^,Fe^3+^,Fe^2+^)_2_Ti^4+^_2_O_8_(Si_2_O_7_)_2_",Sr REE Zr^4+ Ti^4+ Fe^3+ Fe^2+ O Si,Sr REE Zr^4+ Ti^4+ Fe^3+ Fe^2+ O Si,Sr REE Zr Ti Fe O Si,Sr REE Zr^4+ Ti^4+ Fe^3+ Fe^2+ O Si,valid,,,
Hiärneite,Ca_2_Zr^4+^_4_Mn^3+^Sb^5+^Ti^4+^O_16_,Ca Zr^4+ Mn^3+ Sb^5+ Ti^4+ O,Ca Zr^4+ Mn^3+ Sb^5+ Ti^4+ O,Ca Zr Mn Sb Ti O,Ca Zr^4+ Mn^3+ Sb^5+ Ti^4+ O,valid,,,
Hibbingite,Fe^2+^_2_(OH)_3_Cl,Fe^2+ O H Cl,Fe^2+ O H Cl,Fe O H Cl,Fe^2+ O H Cl,valid,,,
Hibonite,CaAl_12_O_19_,Ca Al O,Ca Al O,Ca Al O,Ca Al O,valid,,,
Hidalgoite,Pb^2+^Al_3_(S^6+^O_4_)(As^5+^O_4_)(OH)_6_,Pb^2+ Al S^6+ O As^5+ H,Pb^2+ Al S^6+ O As^5+ H,Pb Al S O As H,Pb^2+ Al S^6+ O As^5+ H,valid,,,
Hielscherite,Ca_3_Si(S^6+^O_4_)(S^4+^O_3_)(OH)_6_·11H_2_O,Ca Si S^6+ O S^4+ H,Ca Si S^6+ O S^4+ H,Ca Si S O H,Ca Si S^6+ O S^4+ H,valid,,,
Hieratite,K_2_SiF_6_,K Si F,K Si F,K Si F,K Si F,valid,,,
Hilairite,Na_2_Zr^4+^Si_3_O_9_·3H_2_O,Na Zr^4+ Si O H,Na Zr^4+ Si O H,Na Zr Si O H,Na Zr^4+ Si O H,valid,,,
Hilarionite,Fe^3+^_2_(S^6+^O_4_)(As^5+^O_4_)(OH)·6H_2_O,Fe^3+ S^6+ O As^5+ H,Fe^3+ S^6+ O As^5+ H,Fe S O As H,Fe^3+ S^6+ O As^5+ H,valid,,,
Hilgardite,Ca_2_B_5_O_9_Cl·H_2_O,Ca B O Cl H,Ca B O Cl H,Ca B O Cl H,Ca B O Cl H,valid,,,
Hillebrandite,Ca_2_SiO_3_(OH)_2_,Ca Si O H,Ca Si O H,Ca Si O H,Ca Si O H,valid,,,
Hillesheimite,"(K,Ca,Ba,[box])_2_(Mg,Fe^2+^,Ca,[box])_2_[(Si,Al)_13_O_23_(OH)_6_](OH)·8H_2_O",K Ca Ba Mg Fe^2+ Si Al O H,K Ca Ba Mg Fe^2+ Si Al O H,K Ca Ba Mg Fe Si Al O H,K Ca Ba Mg Fe^2+ Si Al O H,valid,,,
Hillite,Ca_2_Zn^2+^(PO_4_)_2_·2H_2_O,Ca Zn^2+ P O H,Ca Zn^2+ P O H,Ca Zn P O H,Ca Zn^2+ P O H,valid,,,
Hingganite-(Ce),BeCe^3+^(SiO_4_)(OH),Be Ce^3+ Si O H,Be Ce^3+ Si O H,Be Ce Si O H,Be Ce^3+ Si O H,valid,,,
Hingganite-(Nd),Nd_2_[box]Be_2_Si_2_O_8_(OH)_2_,Nd Be Si O H,Nd Be Si O H,Nd Be Si O H,Nd Be Si O H,valid,,,
Hingganite-(Y),BeY(SiO_4_)(OH),Be Y Si O H,Be Y Si O H,Be Y Si O H,Be Y Si O H,valid,,,
Hingganite-(Yb),BeYb^3+^(SiO_4_)(OH),Be Yb^3+ Si O H,Be Yb^3+ Si O H,Be Yb Si O H,Be Yb^3+ Si O H,valid,,,
Hinokageite,Mn^2+^Mg(SiO_4_),Mn^2+ Mg Si O,Mn^2+ Mg Si O,Mn Mg Si O,Mn^2+ Mg Si O,valid,,,
Hinsdalite,Pb^2+^Al_3_(S^6+^O_4_)(PO_4_)(OH)_6_,Pb^2+ Al S^6+ O P H,Pb^2+ Al S^6+ O P H,Pb Al S O P H,Pb^2+ Al S^6+ O P H,valid,,,
Hiortdahlite,Na_2_Ca_4_(Ca_0.5_Zr^4+^_0.5_)Zr^4+^(Si_2_O_7_)_2_OF_3_,Na Ca Zr^4+ Si O F,Na Ca Zr^4+ Si O F,Na Ca Zr Si O F,Na Ca Zr^4+ Si O F,valid,,,
Hiroseite,Fe^2+^SiO_3_,Fe^2+ Si O,Fe^2+ Si O,Fe Si O,Fe^2+ Si O,valid,,,
Hisingerite,Fe^3+^_2_Si_2_O_5_(OH)_4_·2H_2_O,Fe^3+ Si O H,Fe^3+ Si O H,Fe Si O H,Fe^3+ Si O H,valid,,,
Hitachiite,Pb^2+^_5_Bi^3+^_2_Te^2-^_2_S^2-^_6_,Pb^2+ Bi^3+ Te^2- S^2-,Pb^2+ Bi^3+ Te^2- S^2-,Pb Bi Te S,Pb^2+ Bi^3+ Te^2- S^2-,valid,,,
Hizenite-(Y),Ca_2_Y_6_(CO_3_)_11_·14H_2_O,Ca Y C O H,Ca Y C O H,Ca Y C O H,Ca Y C O H,valid,,,
Hjalmarite,Na(NaMn^2+^)Mg_5_Si_8_O_22_(OH)_2_,Na Mn^2+ Mg Si O H,Na Mn^2+ Mg Si O H,Na Mn Mg Si O H,Na Mn^2+ Mg Si O H,valid,,,
Hloušekite,Ni^2+^Cu^2+^_4_(As^5+^O_4_)_2_(As^5+^O_3_OH)_2_(H_2_O)_8_·H_2_O,Ni^2+ Cu^2+ As^5+ O H,Ni^2+ Cu^2+ As^5+ O H,Ni Cu As O H,Ni^2+ Cu^2+ As^5+ O H,valid,,,
Hocartite,Ag^1+^_2_Fe^2+^Sn^4+^S^2-^_4_,Ag^1+ Fe^2+ Sn^4+ S^2-,Ag^1+ Fe^2+ Sn^4+ S^2-,Ag Fe Sn S,Ag^1+ Fe^2+ Sn^4+ S^2-,valid,,,
Hochelagaite,CaNb^5+^_4_O_11_·8H_2_O,Ca Nb^5+ O H,Ca Nb^5+ O H,Ca Nb O H,Ca Nb^5+ O H,valid,,,
Hochleitnerite,[(H_2_O)K]Mn^2+^_2_(Ti^4+^_2_Fe^3+^)(PO_4_)_4_O_2_(H_2_O)_10_·4H_2_O,H O K Mn^2+ Ti^4+ Fe^3+ P,H O K Mn^2+ Ti^4+ Fe^3+ P,H O K Mn Ti Fe P,H O K Mn^2+ Ti^4+ Fe^3+ P,valid,,,
Hodgesmithite,"(Cu^2+^,Zn^2+^)_6_Zn^2+^(S^6+^O_4_)_2_(OH)_10_·3H_2_O",Cu^2+ Zn^2+ S^6+ O H,Cu^2+ Zn^2+ S^6+ O H,Cu Zn S O H,Cu^2+ Zn^2+ S^6+ O H,valid,,,
Hodgkinsonite,Zn^2+^_2_Mn^2+^SiO_4_(OH)_2_,Zn^2+ Mn^2+ Si O H,Zn^2+ Mn^2+ Si O H,Zn Mn Si O H,Zn^2+ Mn^2+ Si O H,valid,,,
Hodrušite,Cu^1+^_4_Bi^3+^_6_S^2-^_11_,Cu^1+ Bi^3+ S^2-,Cu^1+ Bi^3+ S^2-,Cu Bi S,Cu^1+ Bi^3+ S^2-,valid,,,
Hoelite,C_14_H_8_O_2_,C H O,C H O,C H O,C H O,valid,,,
Hoganite,Cu^2+^(CH_3_COO)^1-^_2_·H_2_O,Cu^2+ C H O,Cu^2+ C H O,Cu C H O,Cu^2+ C H O,valid,,,
Hogarthite,"(Na,K)_2_CaTi^4+^_2_Si_10_O_26_·8H_2_O",Na K Ca Ti^4+ Si O H,Na K Ca Ti^4+ Si O H,Na K Ca Ti Si O H,Na K Ca Ti^4+ Si O H,valid,,,
Høgtuvaite,Ca_4_(Fe^2+^_6_Fe^3+^_6_)O_4_[Si_8_Be_2_Al_2_O_36_],Ca Fe^2+ Fe^3+ O Si Be Al,Ca Fe^2+ Fe^3+ O Si Be Al,Ca Fe O Si Be Al,Ca Fe^2+ Fe^3+ O Si Be Al,valid,,,
Hohmannite,Fe^3+^_2_O(S^6+^O_4_)_2_·8H_2_O,Fe^3+ O S^6+ H,Fe^3+ O S^6+ H,Fe O S H,Fe^3+ O S^6+ H,valid,,,
Hokkaidoite,C_22_H_12_,C H,C H,C H,C H,valid,,,
Holdawayite,"Mn^2+^_6_(CO_3_)_2_(OH)_7_(Cl,OH)",Mn^2+ C O H Cl,Mn^2+ C O H Cl,Mn C O H Cl,Mn^2+ C O H Cl,valid,,,
Holdenite,Mn^2+^_6_Zn^2+^_3_(As^5+^O_4_)_2_(SiO_4_)(OH)_8_,Mn^2+ Zn^2+ As^5+ O Si H,Mn^2+ Zn^2+ As^5+ O Si H,Mn Zn As O Si H,Mn^2+ Zn^2+ As^5+ O Si H,valid,,,
Holfertite,(U^6+^O_2_)_1.75_Ca_0.25_Ti^4+^O_4_·3H_2_O,U^6+ O Ca Ti^4+ H,U^6+ O Ca Ti^4+ H,U O Ca Ti H,U^6+ O Ca Ti^4+ H,valid,,,
Hollandite,Ba(Mn^4+^_6_Mn^3+^_2_)O_16_,Ba Mn^4+ Mn^3+ O,Ba Mn^4+ Mn^3+ O,Ba Mn O,Ba Mn^4+ Mn^3+ O,valid,,,
Hollingworthite,Rh^3+^(AsS)^3-^,Rh^3+ As S,Rh^3+ As S,Rh As S,Rh^3+ As S,valid,,,
Hollisterite,Al_3_Fe,Al Fe,Al Fe,Al Fe,Al Fe,valid,,,
Holmquistite,[box]Li_2_(Mg_3_Al_2_)Si_8_O_22_(OH)_2_,Li Mg Al Si O H,Li Mg Al Si O H,Li Mg Al Si O H,Li Mg Al Si O H,valid,,,
Holtedahlite,"Mg_12_(PO_3_OH,CO_3_)(PO_4_)_5_(OH,O)_6_",Mg P O H C,Mg P O H C,Mg P O H C,Mg P O H C,valid,,,
Holtite,(Ta^5+^_0.6_[box]_0.4_)Al_6_BSi_3_O_18_,Ta^5+ Al B Si O,Ta^5+ Al B Si O,Ta Al B Si O,Ta^5+ Al B Si O,valid,,,
Holtstamite,Ca_3_Al_2_(SiO_4_)_2_(OH)_4_,Ca Al Si O H,Ca Al Si O H,Ca Al Si O H,Ca Al Si O H,valid,,,
Holubite,Ag^1+^_3_Pb^2+^_6_(Sb^3+^_8_Bi^3+^_3_)S^2-^_24_,Ag^1+ Pb^2+ Sb^3+ Bi^3+ S^2-,Ag^1+ Pb^2+ Sb^3+ Bi^3+ S^2-,Ag Pb Sb Bi S,Ag^1+ Pb^2+ Sb^3+ Bi^3+ S^2-,valid,,,
Homilite,Ca_2_Fe^2+^B_2_(SiO_4_)_2_O_2_,Ca Fe^2+ B Si O,Ca Fe^2+ B Si O,Ca Fe B Si O,Ca Fe^2+ B Si O,valid,,,
Honeaite,Au_3_TlTe_2_,Au Tl Te,Au Tl Te,Au Tl Te,Au Tl Te,valid,,,
Honessite,"(Ni^2+^_1-x_Fe^3+^_x_)(S^6+^O_4_)_x/2_(OH)_2_·nH_2_O (x < 0.5, n < 3x/2)",Ni^2+ Fe^3+ S^6+ O H,Ni^2+ Fe^3+ S^6+ O H,Ni Fe S O H,Ni^2+ Fe^3+ S^6+ O H,valid,,,
Hongheite,"Ca_19_Fe^2+^Al_4_(Fe^3+^,Mg,Al)_8_([box],B)_4_BSi_18_O_69_(O,OH)_9_",Ca Fe^2+ Al Fe^3+ Mg B Si O H,Ca Fe^2+ Al Fe^3+ Mg B Si O H,Ca Fe Al Mg B Si O H,Ca Fe^2+ Al Fe^3+ Mg B Si O H,valid,,,
Hongshiite,PtCu,Pt Cu,Pt Cu,Pt Cu,Pt Cu,valid,,,
Honzaite,Ni^2+^_2_[As^5+^O_3_(OH)]_2_(H_2_O)_5_,Ni^2+ As^5+ O H,Ni^2+ As^5+ O H,Ni As O H,Ni^2+ As^5+ O H,valid,,,
Hopeite,Zn^2+^_3_(PO_4_)_2_·4H_2_O,Zn^2+ P O H,Zn^2+ P O H,Zn P O H,Zn^2+ P O H,valid,,,
Hoperanchite,(N^3-^H_4_)_2_(S^6+^O_3_S^2-^),N^3- H S^6+ O S^2-,N^3- H S^6+ O S^2-,N H S O,N^3- H S^6+ O S^2-,valid,,,
Hopmannite,Ba_2_(Ti^4+^_5_Fe^2+^)O_13_,Ba Ti^4+ Fe^2+ O,Ba Ti^4+ Fe^2+ O,Ba Ti Fe O,Ba Ti^4+ Fe^2+ O,valid,,,
Horákite,(Bi^3+^_7_O_7_OH)[(U^6+^O_2_)_4_(PO_4_)_2_(As^5+^O_4_)_2_(OH)_2_]·3.5H_2_O,Bi^3+ O H U^6+ P As^5+,Bi^3+ O H U^6+ P As^5+,Bi O H U P As,Bi^3+ O H U^6+ P As^5+,valid,,,
Horiite,Ba_2_Mn^2+^_2_Mn^2+^_4_Ti^4+^_2_(Si_2_O_7_)_2_(PO_4_)_2_O_2_(OH)_2_,Ba Mn^2+ Ti^4+ Si O P H,Ba Mn^2+ Ti^4+ Si O P H,Ba Mn Ti Si O P H,Ba Mn^2+ Ti^4+ Si O P H,valid,,,
Hörnesite,Mg_3_(As^5+^O_4_)_2_·8H_2_O,Mg As^5+ O H,Mg As^5+ O H,Mg As O H,Mg As^5+ O H,valid,,,
Horomanite,Fe_6_Ni_3_S_8_,Fe Ni S,Fe Ni S,Fe Ni S,Fe Ni S,valid,,,
Horváthite-(Y),NaY(CO_3_)F_2_,Na Y C O F,Na Y C O F,Na Y C O F,Na Y C O F,valid,,,
Höslite,Fe^3+^_3_(VO_4_)_2_(SO_4_)(OH)(H_2_O)_4_·3H_2_O,Fe^3+ V O S H,Fe^3+ V O S H,Fe V O S H,Fe^3+ V O S H,valid,,,
Hotsonite,Al_5_(S^6+^O_4_)(PO_4_)(OH)_10_·8H_2_O,Al S^6+ O P H,Al S^6+ O P H,Al S O P H,Al S^6+ O P H,valid,,,
Housleyite,Pb^2+^_6_Cu^2+^Te^6+^_4_O_18_(OH)_2_,Pb^2+ Cu^2+ Te^6+ O H,Pb^2+ Cu^2+ Te^6+ O H,Pb Cu Te O H,Pb^2+ Cu^2+ Te^6+ O H,valid,,,
Howardevansite,NaCu^2+^Fe^3+^_2_(V^5+^O_4_)_3_,Na Cu^2+ Fe^3+ V^5+ O,Na Cu^2+ Fe^3+ V^5+ O,Na Cu Fe V O,Na Cu^2+ Fe^3+ V^5+ O,valid,,,
Howieite,"Na(Fe^2+^,Fe^3+^,Al,Mg)_12_(Si_6_O_17_)_2_(O,OH)_10_",Na Fe^2+ Fe^3+ Al Mg Si O H,Na Fe^2+ Fe^3+ Al Mg Si O H,Na Fe Al Mg Si O H,Na Fe^2+ Fe^3+ Al Mg Si O H,valid,,,
Howlite,Ca_2_B_5_SiO_9_(OH)_5_,Ca B Si O H,Ca B Si O H,Ca B Si O H,Ca B Si O H,valid,,,
Hrabákite,Ni_9_PbSbS_8_,Ni Pb Sb S,Ni Pb Sb S,Ni Pb Sb S,Ni Pb Sb S,valid,,,
Hsianghualite,Li_2_Ca_3_(BeSiO_4_)_3_F_2_,Li Ca Be Si O F,Li Ca Be Si O F,Li Ca Be Si O F,Li Ca Be Si O F,valid,,,
Huanghoite-(Ce),BaCe^3+^(CO_3_)_2_F,Ba Ce^3+ C O F,Ba Ce^3+ C O F,Ba Ce C O F,Ba Ce^3+ C O F,valid,,,
Huanghoite-(Nd),BaNd(CO_3_)_2_F,Ba Nd C O F,Ba Nd C O F,Ba Nd C O F,Ba Nd C O F,valid,,,
Huangite,Ca_0.5_Al_3_(S^6+^O_4_)_2_(OH)_6_,Ca Al S^6+ O H,Ca Al S^6+ O H,Ca Al S O H,Ca Al S^6+ O H,valid,,,
Huangshanite,Fe^3+^Ta^5+^O_4_,Fe^3+ Ta^5+ O,Fe^3+ Ta^5+ O,Fe Ta O,Fe^3+ Ta^5+ O,valid,,,
Huanzalaite,MgW^6+^O_4_,Mg W^6+ O,Mg W^6+ O,Mg W O,Mg W^6+ O,valid,,,
Hubbardite,Mg(H_2_O)_6_[(U^6+^O_2_)_2_O(OH)(S^6+^O_4_)]_2_·8H_2_O,Mg H O U^6+ S^6+,Mg H O U^6+ S^6+,Mg H O U S,Mg H O U^6+ S^6+,valid,,,
Hubeite,Ca_2_Mn^2+^Fe^3+^Si_4_O_12_(OH)·2H_2_O,Ca Mn^2+ Fe^3+ Si O H,Ca Mn^2+ Fe^3+ Si O H,Ca Mn Fe Si O H,Ca Mn^2+ Fe^3+ Si O H,valid,,,
Hübnerite,Mn^2+^W^6+^O_4_,Mn^2+ W^6+ O,Mn^2+ W^6+ O,Mn W O,Mn^2+ W^6+ O,valid,,,
Huemulite,Na_4_Mg[V^5+^_10_O_28_]·24H_2_O,Na Mg V^5+ O H,Na Mg V^5+ O H,Na Mg V O H,Na Mg V^5+ O H,valid,,,
Huenite,Cu^2+^_4_(Mo^6+^O_4_)_3_(OH)_2_,Cu^2+ Mo^6+ O H,Cu^2+ Mo^6+ O H,Cu Mo O H,Cu^2+ Mo^6+ O H,valid,,,
Hügelite,Pb^2+^_2_(U^6+^O_2_)_3_(As^5+^O_4_)_2_O_2_·5H_2_O,Pb^2+ U^6+ O As^5+ H,Pb^2+ U^6+ O As^5+ H,Pb U O As H,Pb^2+ U^6+ O As^5+ H,valid,,,
Hughesite,Na_3_Al[V^5+^_10_O_28_]·22H_2_O,Na Al V^5+ O H,Na Al V^5+ O H,Na Al V O H,Na Al V^5+ O H,valid,,,
Hugotibergite,Ca_6_CaPb^2+^_2_(Si_3_O_9_)_2_(S^6+^O_4_)_2_(OH)_2_(H_2_O)_4_,Ca Pb^2+ Si O S^6+ H,Ca Pb^2+ Si O S^6+ H,Ca Pb Si O S H,Ca Pb^2+ Si O S^6+ H,valid,,,
Huizingite-(Al),(N^3-^H_4_)_9_Al_3_(S^6+^O_4_)_8_](OH)_2_·4H_2_O,N^3- H Al S^6+ O,N^3- H Al S^6+ O,N H Al S O,N^3- H Al S^6+ O,valid,,,
Hulsite,Fe^2+^_2_Fe^3+^O_2_(BO_3_),Fe^2+ Fe^3+ O B,Fe^2+ Fe^3+ O B,Fe O B,Fe^2+ Fe^3+ O B,valid,,,
Humberstonite,K_3_Na_7_Mg_2_(S^6+^O_4_)_6_(N^5+^O_3_)_2_·6H_2_O,K Na Mg S^6+ O N^5+ H,K Na Mg S^6+ O N^5+ H,K Na Mg S O N H,K Na Mg S^6+ O N^5+ H,valid,,,
Humboldtine,Fe^2+^(C_2_)^6+^O_4_·2H_2_O,Fe^2+ C O H,Fe^2+ C O H,Fe C O H,Fe^2+ C O H,valid,,,
Humite,Mg_7_(SiO_4_)_3_F_2_,Mg Si O F,Mg Si O F,Mg Si O F,Mg Si O F,valid,,,
Hummerite,K_2_Mg_2_[V^5+^_10_O_28_]·16H_2_O,K Mg V^5+ O H,K Mg V^5+ O H,K Mg V O H,K Mg V^5+ O H,valid,,,
Hunchunite,Au_2_Pb,Au Pb,Au Pb,Au Pb,Au Pb,valid,,,
Hundholmenite-(Y),"(Y,REE,Ca,Na)_15_(Al,Fe^3+^)Ca_x_As^3+^_1-x_(Si,As^5+^)Si_6_B_3_(O,F)_48_",Y REE Ca Na Al Fe^3+ As^3+ Si As^5+ B O F,Y REE Ca Na Al Fe^3+ As^3+ Si As^5+ B O F,Y REE Ca Na Al Fe As Si B O F,Y REE Ca Na Al Fe^3+ As^3+ Si As^5+ B O F,valid,,,
Hungchaoite,MgB_4_O_5_(OH)_4_·7H_2_O,Mg B O H,Mg B O H,Mg B O H,Mg B O H,valid,,,
Huntingdonite,Pb^2+^_19_Sb^3+^_16_As^3+^_6_S^2-^_51_Cl_2_,Pb^2+ Sb^3+ As^3+ S^2- Cl,Pb^2+ Sb^3+ As^3+ S^2- Cl,Pb Sb As S Cl,Pb^2+ Sb^3+ As^3+ S^2- Cl,valid,,,
Huntite,CaMg_3_(CO_3_)_4_,Ca Mg C O,Ca Mg C O,Ca Mg C O,Ca Mg C O,valid,,,
Hureaulite,Mn^2+^_5_(PO_4_)_2_(PO_3_OH)_2_·4H_2_O,Mn^2+ P O H,Mn^2+ P O H,Mn P O H,Mn^2+ P O H,valid,,,
Hurlbutite,CaBe_2_P_2_O_8_,Ca Be P O,Ca Be P O,Ca Be P O,Ca Be P O,valid,,,
Hutcheonite,Ca_3_Ti^4+^_2_(Al_2_Si)O_12_,Ca Ti^4+ Al Si O,Ca Ti^4+ Al Si O,Ca Ti Al Si O,Ca Ti^4+ Al Si O,valid,,,
Hutchinsonite,Pb^2+^Tl^1+^As^3+^_5_S^2-^_9_,Pb^2+ Tl^1+ As^3+ S^2-,Pb^2+ Tl^1+ As^3+ S^2-,Pb Tl As S,Pb^2+ Tl^1+ As^3+ S^2-,valid,,,
Huttonite,Th^4+^SiO_4_,Th^4+ Si O,Th^4+ Si O,Th Si O,Th^4+ Si O,valid,,,
Hyalotekite,"(Ba,Pb^2+^,K)_4_(Ca,Y)_2_(B,Be)_2_(Si,B)_2_Si_8_O_28_F",Ba Pb^2+ K Ca Y B Be Si O F,Ba Pb^2+ K Ca Y B Be Si O F,Ba Pb K Ca Y B Be Si O F,Ba Pb^2+ K Ca Y B Be Si O F,valid,,,
Hyblerite,Pb^2+^_4_Bi^3+^_2_(S^6+^O_4_)_2_(CO_3_)O_4_,Pb^2+ Bi^3+ S^6+ O C,Pb^2+ Bi^3+ S^6+ O C,Pb Bi S O C,Pb^2+ Bi^3+ S^6+ O C,valid,,,
Hydrobasaluminite,Al_4_(S^6+^O_4_)(OH)_10_·15H_2_O,Al S^6+ O H,Al S^6+ O H,Al S O H,Al S^6+ O H,valid,,,
Hydrobiotite,"K(Mg,Fe^2+^)_6_(Si,Al)_8_O_20_(OH)_4_·nH_2_O",K Mg Fe^2+ Si Al O H,K Mg Fe^2+ Si Al O H,K Mg Fe Si Al O H,K Mg Fe^2+ Si Al O H,valid,,,
Hydroboracite,CaMg[B_3_O_4_(OH)_3_]_2_·3H_2_O,Ca Mg B O H,Ca Mg B O H,Ca Mg B O H,Ca Mg B O H,valid,,,
Hydrocalumite,"Ca_4_Al_2_(OH)_12_(Cl,CO_3_,OH)_2_·4H_2_O",Ca Al O H Cl C,Ca Al O H Cl C,Ca Al O H Cl C,Ca Al O H Cl C,valid,,,
Hydrocerussite,Pb^2+^_3_(CO_3_)_2_(OH)_2_,Pb^2+ C O H,Pb^2+ C O H,Pb C O H,Pb^2+ C O H,valid,,,
Hydrochlorborite,Ca_2_B_4_O_4_Cl(OH)_7_·7H_2_O,Ca B O Cl H,Ca B O Cl H,Ca B O Cl H,Ca B O Cl H,valid,,,
Hydrodelhayelite,KCa_2_(Si_7_Al)O_17_(OH)_2_·6H_2_O,K Ca Si Al O H,K Ca Si Al O H,K Ca Si Al O H,K Ca Si Al O H,valid,,,
Hydrodresserite,BaAl_2_(CO_3_)_2_(OH)_4_·3H_2_O,Ba Al C O H,Ba Al C O H,Ba Al C O H,Ba Al C O H,valid,,,
Hydroglauberite,Na_10_Ca_3_(S^6+^O_4_)_8_·6H_2_O,Na Ca S^6+ O H,Na Ca S^6+ O H,Na Ca S O H,Na Ca S^6+ O H,valid,,,
Hydrohalite,NaCl·2H_2_O,Na Cl H O,Na Cl H O,Na Cl H O,Na Cl H O,valid,,,
Hydrohonessite,"(Ni^2+^_1-x_Fe^3+^_x_)(S^6+^O_4_)_x/2_(OH)_2_·nH_2_O (x < 0.5, n > 3x/2)",Ni^2+ Fe^3+ S^6+ O H,Ni^2+ Fe^3+ S^6+ O H,Ni Fe S O H,Ni^2+ Fe^3+ S^6+ O H,valid,,,
Hydrokenoelsmoreite,[box]_2_W^6+^_2_O_6_(H_2_O),W^6+ O H,W^6+ O H,W O H,W^6+ O H,valid,,,
Hydrokenomicrolite,"([box],H_2_O)_2_Ta^5+^_2_(O,OH)_6_·H_2_O",H O Ta^5+,H O Ta^5+,H O Ta,H O Ta^5+,valid,,,
Hydrokenopyrochlore,"([box],Sb^3+^,Na)_2_Nb^5+^_2_O_6_·H_2_O",Sb^3+ Na Nb^5+ O H,Sb^3+ Na Nb^5+ O H,Sb Na Nb O H,Sb^3+ Na Nb^5+ O H,valid,,,
Hydrokenoralstonite,[box]_2_Al_2_F_6_(H_2_O),Al F H O,Al F H O,Al F H O,Al F H O,valid,,,
Hydromagnesite,Mg_5_(CO_3_)_4_(OH)_2_·4H_2_O,Mg C O H,Mg C O H,Mg C O H,Mg C O H,valid,,,
Hydrombobomkulite,Ni^2+^Al_4_(N^5+^O_3_)_2_(OH)_12_(H_2_O)_14_,Ni^2+ Al N^5+ O H,Ni^2+ Al N^5+ O H,Ni Al N O H,Ni^2+ Al N^5+ O H,valid,,,
Hydroniumjarosite,(H_3_O)Fe^3+^_3_(S^6+^O_4_)_2_(OH)_6_,H O Fe^3+ S^6+,H O Fe^3+ S^6+,H O Fe S,H O Fe^3+ S^6+,valid,,,
Hydroniumpharmacoalumite,(H_3_O)Al_4_(As^5+^O_4_)_3_(OH)_4_·4.5H_2_O,H O Al As^5+,H O Al As^5+,H O Al As,H O Al As^5+,valid,,,
Hydroniumpharmacosiderite,(H_3_O)Fe^3+^_4_(As^5+^O_4_)_3_(OH)_4_·4H_2_O,H O Fe^3+ As^5+,H O Fe^3+ As^5+,H O Fe As,H O Fe^3+ As^5+,valid,,,
Hydronováčekite,Mg(U^6+^O_2_)_2_(As^5+^O_4_)_2_·12H_2_O,Mg U^6+ O As^5+ H,Mg U^6+ O As^5+ H,Mg U O As H,Mg U^6+ O As^5+ H,valid,,,
Hydropascoite,Ca_3_[V^5+^_10_O_28_]·24H_2_O,Ca V^5+ O H,Ca V^5+ O H,Ca V O H,Ca V^5+ O H,valid,,,
Hydroplumboelsmoreite,(Pb^2+^[box])(W^6+^_1.33_Fe^3+^_0.67_)O_6_(H_2_O),Pb^2+ W^6+ Fe^3+ O H,Pb^2+ W^6+ Fe^3+ O H,Pb W Fe O H,Pb^2+ W^6+ Fe^3+ O H,valid,,,
Hydropyrochlore,"(H_2_O,[box])_2_Nb^5+^_2_(O,OH)_6_(H_2_O)",H O Nb^5+,H O Nb^5+,H O Nb,H O Nb^5+,valid,,,
Hydroredmondite,[Pb^2+^_8_O_2_Zn^2+^(OH)_6_](S^6+^O_3_S^2-^)_4_·2H_2_O,Pb^2+ O Zn^2+ H S^6+ S^2-,Pb^2+ O Zn^2+ H S^6+ S^2-,Pb O Zn H S,Pb^2+ O Zn^2+ H S^6+ S^2-,valid,,,
Hydroromarchite,Sn^2+^_3_O_2_(OH)_2_,Sn^2+ O H,Sn^2+ O H,Sn O H,Sn^2+ O H,valid,,,
Hydroscarbroite,Al_14_(CO_3_)_3_(OH)_36_·nH_2_O,Al C O H,Al C O H,Al C O H,Al C O H,valid,,,
Hydrotalcite,Mg_6_Al_2_(OH)_16_(CO_3_)(H_2_O)_4_,Mg Al O H C,Mg Al O H C,Mg Al O H C,Mg Al O H C,valid,,,
Hydroterskite,Na_2_Zr^4+^Si_6_O_12_(OH)_6_,Na Zr^4+ Si O H,Na Zr^4+ Si O H,Na Zr Si O H,Na Zr^4+ Si O H,valid,,,
Hydrotungstite,W^6+^O_2_(OH)_2_·H_2_O,W^6+ O H,W^6+ O H,W O H,W^6+ O H,valid,,,
Hydrowoodwardite,"(Cu^2+^_1-x_Al_x_)(S^6+^O_4_)_x/2_(OH)_2_·nH_2_O (x < 0.5, n > 3x/2)",Cu^2+ Al S^6+ O H,Cu^2+ Al S^6+ O H,Cu Al S O H,Cu^2+ Al S^6+ O H,valid,,,
Hydroxyapophyllite-(K),"KCa_4_Si_8_O_20_(OH,F)·8H_2_O",K Ca Si O H F,K Ca Si O H F,K Ca Si O H F,K Ca Si O H F,valid,,,
Hydroxycalciomicrolite,Ca_1.5_Ta^5+^_2_O_6_(OH),Ca Ta^5+ O H,Ca Ta^5+ O H,Ca Ta O H,Ca Ta^5+ O H,valid,,,
Hydroxycalciopyrochlore,"(Ca,Na,U^4+^,[box])_2_(Nb^5+^,Ti^4+^)_2_O_6_(OH)",Ca Na U^4+ Nb^5+ Ti^4+ O H,Ca Na U^4+ Nb^5+ Ti^4+ O H,Ca Na U Nb Ti O H,Ca Na U^4+ Nb^5+ Ti^4+ O H,valid,,,
Hydroxycalcioroméite,"(Ca,Sb^3+^)_2_(Sb^5+^,Ti^4+^)_2_O_6_(OH)",Ca Sb^3+ Sb^5+ Ti^4+ O H,Ca Sb^3+ Sb^5+ Ti^4+ O H,Ca Sb Ti O H,Ca Sb^3+ Sb^5+ Ti^4+ O H,valid,,,
Hydroxycancrinite,"(Na,Ca,K)_8_(Al_6_Si_6_O_24_)(OH,CO_3_)_2_·2H_2_O",Na Ca K Al Si O H C,Na Ca K Al Si O H C,Na Ca K Al Si O H C,Na Ca K Al Si O H C,valid,,,
Hydroxyferroroméite,(Fe^2+^_1.5_[box]_0.5_)Sb^5+^_2_O_6_(OH),Fe^2+ Sb^5+ O H,Fe^2+ Sb^5+ O H,Fe Sb O H,Fe^2+ Sb^5+ O H,valid,,,
Hydroxykenoelsmoreite,"([box],Pb^2+^)_2_(W^6+^,Fe^3+^,Al)_2_(O,OH)_6_(OH)",Pb^2+ W^6+ Fe^3+ Al O H,Pb^2+ W^6+ Fe^3+ Al O H,Pb W Fe Al O H,Pb^2+ W^6+ Fe^3+ Al O H,valid,,,
Hydroxykenomicrolite,"([box],Na,Sb^3+^)_2_Ta^5+^_2_O_6_(OH)",Na Sb^3+ Ta^5+ O H,Na Sb^3+ Ta^5+ O H,Na Sb Ta O H,Na Sb^3+ Ta^5+ O H,valid,,,
Hydroxykenopyrochlore,"([box],Ce^3+^,Ba)_2_(Nb^5+^,Ti^4+^)_2_O_6_(OH,F)",Ce^3+ Ba Nb^5+ Ti^4+ O H F,Ce^3+ Ba Nb^5+ Ti^4+ O H F,Ce Ba Nb Ti O H F,Ce^3+ Ba Nb^5+ Ti^4+ O H F,valid,,,
Hydroxylapatite,Ca_5_(PO_4_)_3_OH,Ca P O H,Ca P O H,Ca P O H,Ca P O H,valid,,,
Hydroxylbastnäsite-(Ce),Ce^3+^CO_3_(OH),Ce^3+ C O H,Ce^3+ C O H,Ce C O H,Ce^3+ C O H,valid,,,
Hydroxylbastnäsite-(La),La(CO_3_)(OH),La C O H,La C O H,La C O H,La C O H,valid,,,
Hydroxylbastnäsite-(Nd),NdCO_3_(OH),Nd C O H,Nd C O H,Nd C O H,Nd C O H,valid,,,
Hydroxylbenyacarite,(H_2_O)_2_Mn_2_(Ti_2_Fe)(PO_4_)_4_[O(OH)](H_2_O)_10_·4H_2_O,H O Mn Ti Fe P,H O Mn Ti Fe P,H O Mn Ti Fe P,H O Mn Ti Fe P,valid,,,
Hydroxylborite,Mg_3_(BO_3_)(OH)_3_,Mg B O H,Mg B O H,Mg B O H,Mg B O H,valid,,,
Hydroxylchondrodite,Mg_5_(SiO_4_)_2_(OH)_2_,Mg Si O H,Mg Si O H,Mg Si O H,Mg Si O H,valid,,,
Hydroxylclinohumite,Mg_9_(SiO_4_)_4_(OH)_2_,Mg Si O H,Mg Si O H,Mg Si O H,Mg Si O H,valid,,,
Hydroxyledgrewite,Ca_9_(SiO_4_)_4_(OH)_2_,Ca Si O H,Ca Si O H,Ca Si O H,Ca Si O H,valid,,,
Hydroxylellestadite,Ca_5_(SiO_4_)_1.5_(S^6+^O_4_)_1.5_(OH),Ca Si O S^6+ H,Ca Si O S^6+ H,Ca Si O S H,Ca Si O S^6+ H,valid,,,
Hydroxylgugiaite,(Ca_3_[box])_Σ4_(Si_3.5_Be_2.5_)_Σ6_O_11_(OH)_3_,Ca Si Be O H,Ca Si Be O H,Ca Si Be O H,Ca Si Be O H,valid,,,
Hydroxylhedyphane,Ca_2_Pb^2+^_3_(As^5+^O_4_)_3_(OH),Ca Pb^2+ As^5+ O H,Ca Pb^2+ As^5+ O H,Ca Pb As O H,Ca Pb^2+ As^5+ O H,valid,,,
Hydroxylherderite,CaBe(PO_4_)(OH),Ca Be P O H,Ca Be P O H,Ca Be P O H,Ca Be P O H,valid,,,
Hydroxylpyromorphite,Pb^2+^_5_(PO_4_)_3_(OH),Pb^2+ P O H,Pb^2+ P O H,Pb P O H,Pb^2+ P O H,valid,,,
Hydroxylwagnerite,Mg_2_PO_4_(OH),Mg P O H,Mg P O H,Mg P O H,Mg P O H,valid,,,
Hydroxymanganopyrochlore,"(Mn^2+^,Th^4+^,Na,Ca,REE)_2_(Nb^5+^,Ti^4+^)_2_O_6_(OH)",Mn^2+ Th^4+ Na Ca REE Nb^5+ Ti^4+ O H,Mn^2+ Th^4+ Na Ca REE Nb^5+ Ti^4+ O H,Mn Th Na Ca REE Nb Ti O H,Mn^2+ Th^4+ Na Ca REE Nb^5+ Ti^4+ O H,valid,,,
Hydroxymcglassonite-(K),KSr_4_Si_8_O_20_(OH)·8H_2_O,K Sr Si O H,K Sr Si O H,K Sr Si O H,K Sr Si O H,valid,,,
Hydroxynatropyrochlore,"(Na,Ca,Ce^3+^)_2_Nb^5+^_2_O_6_(OH)",Na Ca Ce^3+ Nb^5+ O H,Na Ca Ce^3+ Nb^5+ O H,Na Ca Ce Nb O H,Na Ca Ce^3+ Nb^5+ O H,valid,,,
Hydroxyplumbopyrochlore,(Pb^2+^_1.5_[box]_0.5_)Nb^5+^_2_O_6_(OH),Pb^2+ Nb^5+ O H,Pb^2+ Nb^5+ O H,Pb Nb O H,Pb^2+ Nb^5+ O H,valid,,,
Hydrozincite,Zn^2+^_5_(CO_3_)_2_(OH)_6_,Zn^2+ C O H,Zn^2+ C O H,Zn C O H,Zn^2+ C O H,valid,,,
Hylbrownite,Na_3_MgP_3_O_10_·12H_2_O,Na Mg P O H,Na Mg P O H,Na Mg P O H,Na Mg P O H,valid,,,
Hypercinnabar,HgS,Hg S,Hg S,Hg S,Hg S,valid,,,
Hyršlite,Pb^2+^_8_As^3+^_10_Sb^3+^_6_S^2-^_32_,Pb^2+ As^3+ Sb^3+ S^2-,Pb^2+ As^3+ Sb^3+ S^2-,Pb As Sb S,Pb^2+ As^3+ Sb^3+ S^2-,valid,,,
Hyttsjöite,Pb^2+^_18_Ba_2_Ca_5_Mn^2+^_2_Fe^3+^_2_Si_30_O_90_Cl·6H_2_O,Pb^2+ Ba Ca Mn^2+ Fe^3+ Si O Cl H,Pb^2+ Ba Ca Mn^2+ Fe^3+ Si O Cl H,Pb Ba Ca Mn Fe Si O Cl H,Pb^2+ Ba Ca Mn^2+ Fe^3+ Si O Cl H,valid,,,
Ianbruceite,Zn^2+^_2_As^5+^O_4_(OH)·3H_2_O,Zn^2+ As^5+ O H,Zn^2+ As^5+ O H,Zn As O H,Zn^2+ As^5+ O H,valid,,,
Iangreyite,"Ca_2_Al_7_(PO_4_)_2_(PO_3_OH)_2_(OH,F)_15_·8H_2_O",Ca Al P O H F,Ca Al P O H F,Ca Al P O H F,Ca Al P O H F,valid,,,
Ianthinite,U^4+^_2_(U^6+^O_2_)_4_O_6_(OH)_4_·9H_2_O,U^4+ U^6+ O H,U^4+ U^6+ O H,U O H,U^4+ U^6+ O H,valid,,,
Ice,H_2_O,H O,H O,H O,H O,valid,,,
Ichnusaite,Th^4+^(Mo^6+^O_4_)_2_·3H_2_O,Th^4+ Mo^6+ O H,Th^4+ Mo^6+ O H,Th Mo O H,Th^4+ Mo^6+ O H,valid,,,
Icosahedrite,Al_63_Cu_24_Fe_13_,Al Cu Fe,Al Cu Fe,Al Cu Fe,Al Cu Fe,valid,,,
Idaite,Cu_3_FeS^2-^_4_,Cu Fe S^2-,Cu Fe S^2-,Cu Fe S,Cu Fe S^2-,valid,,,
Idrialite,C_22_H_14_,C H,C H,C H,C H,valid,,,
Igelströmite,Fe^3+^(Sb^3+^Pb^2+^)O_4_,Fe^3+ Sb^3+ Pb^2+ O,Fe^3+ Sb^3+ Pb^2+ O,Fe Sb Pb O,Fe^3+ Sb^3+ Pb^2+ O,valid,,,
Iimoriite-(Y),Y_2_(SiO_4_)(CO_3_),Y Si O C,Y Si O C,Y Si O C,Y Si O C,valid,,,
Ikaite,CaCO_3_·6H_2_O,Ca C O H,Ca C O H,Ca C O H,Ca C O H,valid,,,
Ikorskyite,KMn^3+^(Si_4_O_10_)·3H_2_O,K Mn^3+ Si O H,K Mn^3+ Si O H,K Mn Si O H,K Mn^3+ Si O H,valid,,,
Ikranite,"(Na,H_3_O)_15_(Ca,Mn^2+^,Ce^3+^)_6_Fe^3+^_2_Zr^4+^_3_Si_24_O_66_(O,OH)_6_Cl·nH_2_O",Na H O Ca Mn^2+ Ce^3+ Fe^3+ Zr^4+ Si Cl,Na H O Ca Mn^2+ Ce^3+ Fe^3+ Zr^4+ Si Cl,Na H O Ca Mn Ce Fe Zr Si Cl,Na H O Ca Mn^2+ Ce^3+ Fe^3+ Zr^4+ Si Cl,valid,,,
Ikunolite,Bi_4_S_3_,Bi S,Bi S,Bi S,Bi S,valid,,,
Ilesite,Mn^2+^S^6+^O_4_·4H_2_O,Mn^2+ S^6+ O H,Mn^2+ S^6+ O H,Mn S O H,Mn^2+ S^6+ O H,valid,,,
Ilímaussite-(Ce),"(Ba,Na)_10_K_3_Na_4.5_Ce^3+^_5_(Nb^5+^,Ti^4+^)_6_O_6_(Si_12_O_36_)(Si_9_O_18_)(O,OH)_24_",Ba Na K Ce^3+ Nb^5+ Ti^4+ O Si H,Ba Na K Ce^3+ Nb^5+ Ti^4+ O Si H,Ba Na K Ce Nb Ti O Si H,Ba Na K Ce^3+ Nb^5+ Ti^4+ O Si H,valid,,,
Ilinskite,NaCu^2+^_5_O_2_(Se^4+^O_3_)_2_Cl_3_,Na Cu^2+ O Se^4+ Cl,Na Cu^2+ O Se^4+ Cl,Na Cu O Se Cl,Na Cu^2+ O Se^4+ Cl,valid,,,
Ilirneyite,Mg_0.5_Zn^2+^Mn^3+^(Te^4+^O_3_)_3_·4.5H_2_O,Mg Zn^2+ Mn^3+ Te^4+ O H,Mg Zn^2+ Mn^3+ Te^4+ O H,Mg Zn Mn Te O H,Mg Zn^2+ Mn^3+ Te^4+ O H,valid,,,
Illoqite-(Ce),Na_2_NaBaCe^3+^Zn^2+^Si_6_O_17_,Na Ba Ce^3+ Zn^2+ Si O,Na Ba Ce^3+ Zn^2+ Si O,Na Ba Ce Zn Si O,Na Ba Ce^3+ Zn^2+ Si O,valid,,,
Ilmajokite-(Ce),Na_11_KBaCe^3+^_2_Ti^4+^_12_Si_37.5_O_94_(OH)_30_(H_2_O)_24_·5H_2_O,Na K Ba Ce^3+ Ti^4+ Si O H,Na K Ba Ce^3+ Ti^4+ Si O H,Na K Ba Ce Ti Si O H,Na K Ba Ce^3+ Ti^4+ Si O H,valid,,,
Ilmenite,Fe^2+^Ti^4+^O_3_,Fe^2+ Ti^4+ O,Fe^2+ Ti^4+ O,Fe Ti O,Fe^2+ Ti^4+ O,valid,,,
Ilsemannite,Mo^4+^Mo^6+^_2_O_8_·nH_2_O,Mo^4+ Mo^6+ O H,Mo^4+ Mo^6+ O H,Mo O H,Mo^4+ Mo^6+ O H,valid,,,
Iltisite,Hg^2+^Ag^1+^S^2-^Cl,Hg^2+ Ag^1+ S^2- Cl,Hg^2+ Ag^1+ S^2- Cl,Hg Ag S Cl,Hg^2+ Ag^1+ S^2- Cl,valid,,,
Ilvaite,CaFe^2+^_2_Fe^3+^OSi_2_O_7_(OH),Ca Fe^2+ Fe^3+ O Si H,Ca Fe^2+ Fe^3+ O Si H,Ca Fe O Si H,Ca Fe^2+ Fe^3+ O Si H,valid,,,
Ilyukhinite,"(H_3_O,Na)_14_Ca_6_Mn^2+^_2_Zr^4+^_3_Si_26_O_72_(OH)_2_·3H_2_O",H O Na Ca Mn^2+ Zr^4+ Si,H O Na Ca Mn^2+ Zr^4+ Si,H O Na Ca Mn Zr Si,H O Na Ca Mn^2+ Zr^4+ Si,valid,,,
Imandrite,Na_12_Ca_3_Fe^3+^_2_Si_12_O_36_,Na Ca Fe^3+ Si O,Na Ca Fe^3+ Si O,Na Ca Fe Si O,Na Ca Fe^3+ Si O,valid,,,
Imayoshiite,Ca_3_Al(CO_3_)[B(OH)_4_](OH)_6_·12H_2_O,Ca Al C O B H,Ca Al C O B H,Ca Al C O B H,Ca Al C O B H,valid,,,
Imhofite,Tl^1+^_5.8_As^3+^_15.4_S^2-^_26_,Tl^1+ As^3+ S^2-,Tl^1+ As^3+ S^2-,Tl As S,Tl^1+ As^3+ S^2-,valid,,,
Imiterite,Ag_2_HgS_2_,Ag Hg S,Ag Hg S,Ag Hg S,Ag Hg S,valid,,,
Imogolite,Al_2_SiO_3_(OH)_4_,Al Si O H,Al Si O H,Al Si O H,Al Si O H,valid,,,
Inaglyite,Pb^2+^Cu^2+^_3_Ir^3+^_8_S^2-^_16_,Pb^2+ Cu^2+ Ir^3+ S^2-,Pb^2+ Cu^2+ Ir^3+ S^2-,Pb Cu Ir S,Pb^2+ Cu^2+ Ir^3+ S^2-,valid,,,
Incomsartorite,Tl^1+^_6_Pb^2+^_144_As^3+^_246_S^2-^_516_,Tl^1+ Pb^2+ As^3+ S^2-,Tl^1+ Pb^2+ As^3+ S^2-,Tl Pb As S,Tl^1+ Pb^2+ As^3+ S^2-,valid,,,
Inderborite,CaMg[B_3_O_3_(OH)_5_]_2_(H_2_O)_4_·2H_2_O,Ca Mg B O H,Ca Mg B O H,Ca Mg B O H,Ca Mg B O H,valid,,,
Inderite,Mg[B_3_O_3_(OH)_5_](H_2_O)_4_·H_2_O,Mg B O H,Mg B O H,Mg B O H,Mg B O H,valid,,,
Indialite,Mg_2_Al_3_(Si_5_AlO_18_),Mg Al Si O,Mg Al Si O,Mg Al Si O,Mg Al Si O,valid,,,
Indigirite,Mg_2_Al_2_(CO_3_)_4_(OH)_2_·15H_2_O,Mg Al C O H,Mg Al C O H,Mg Al C O H,Mg Al C O H,valid,,,
Indite,Fe^2+^In^3+^_2_S^2-^_4_,Fe^2+ In^3+ S^2-,Fe^2+ In^3+ S^2-,Fe In S,Fe^2+ In^3+ S^2-,valid,,,
Indium,In,In,In,In,In,valid,,,
Inesite,Ca_2_Mn^2+^_7_Si_10_O_28_(OH)_2_·5H_2_O,Ca Mn^2+ Si O H,Ca Mn^2+ Si O H,Ca Mn Si O H,Ca Mn^2+ Si O H,valid,,,
Ingersonite,Ca_3_Mn^2+^Sb^5+^_4_O_14_,Ca Mn^2+ Sb^5+ O,Ca Mn^2+ Sb^5+ O,Ca Mn Sb O,Ca Mn^2+ Sb^5+ O,valid,,,
Ingodite,Bi_2_TeS,Bi Te S,Bi Te S,Bi Te S,Bi Te S,valid,,,
Innelite,Ba_4_Ti^4+^_2_Na(NaMn^2+^)Ti^4+^(Si_2_O_7_)_2_[(S^6+^O_4_)(PO_4_)]O_2_[O(OH)],Ba Ti^4+ Na Mn^2+ Si O S^6+ P H,Ba Ti^4+ Na Mn^2+ Si O S^6+ P H,Ba Ti Na Mn Si O S P H,Ba Ti^4+ Na Mn^2+ Si O S^6+ P H,valid,,,
Innsbruckite,Mn^2+^_33_(Si_2_O_5_)_14_(OH)_38_,Mn^2+ Si O H,Mn^2+ Si O H,Mn Si O H,Mn^2+ Si O H,valid,,,
Insizwaite,PtBi_2_,Pt Bi,Pt Bi,Pt Bi,Pt Bi,valid,,,
Interliveingite,Ag^1+^Pb^2+^_18_As^3+^_25_S^2-^_56_,Ag^1+ Pb^2+ As^3+ S^2-,Ag^1+ Pb^2+ As^3+ S^2-,Ag Pb As S,Ag^1+ Pb^2+ As^3+ S^2-,valid,,,
Intersilite,"Na_6_Mn^2+^(Ti^4+^,Nb^5+^)Si_10_(O,OH)_28_·4H_2_O",Na Mn^2+ Ti^4+ Nb^5+ Si O H,Na Mn^2+ Ti^4+ Nb^5+ Si O H,Na Mn Ti Nb Si O H,Na Mn^2+ Ti^4+ Nb^5+ Si O H,valid,,,
Inyoite,CaB_3_O_3_(OH)_5_·4H_2_O,Ca B O H,Ca B O H,Ca B O H,Ca B O H,valid,,,
Iodargyrite,Ag^1+^I^1-^,Ag^1+ I^1-,Ag^1+ I^1-,Ag I,Ag^1+ I^1-,valid,,,
Iowaite,Mg_6_Fe^3+^_2_(OH)_16_Cl_2_·4H_2_O,Mg Fe^3+ O H Cl,Mg Fe^3+ O H Cl,Mg Fe O H Cl,Mg Fe^3+ O H Cl,valid,,,
Iquiqueite,K_3_Na_4_Mg(Cr^6+^O_4_)B_24_O_39_(OH)·12H_2_O,K Na Mg Cr^6+ O B H,K Na Mg Cr^6+ O B H,K Na Mg Cr O B H,K Na Mg Cr^6+ O B H,valid,,,
Iranite,Pb^2+^_10_Cu^2+^(Cr^6+^O_4_)_6_(SiO_4_)_2_(OH)_2_,Pb^2+ Cu^2+ Cr^6+ O Si H,Pb^2+ Cu^2+ Cr^6+ O Si H,Pb Cu Cr O Si H,Pb^2+ Cu^2+ Cr^6+ O Si H,valid,,,
Iraqite-(La),"KCa_2_(La,Ce^3+^,Th^4+^)Si_8_O_20_",K Ca La Ce^3+ Th^4+ Si O,K Ca La Ce^3+ Th^4+ Si O,K Ca La Ce Th Si O,K Ca La Ce^3+ Th^4+ Si O,valid,,,
Irarsite,Ir^3+^(AsS)^3-^,Ir^3+ As S,Ir^3+ As S,Ir As S,Ir^3+ As S,valid,,,
Irhtemite,Ca_4_Mg(As^5+^O_4_)_2_(As^5+^O_3_OH)_2_·4H_2_O,Ca Mg As^5+ O H,Ca Mg As^5+ O H,Ca Mg As O H,Ca Mg As^5+ O H,valid,,,
Iridarsenite,IrAs_2_,Ir As,Ir As,Ir As,Ir As,valid,,,
Iridium,Ir,Ir,Ir,Ir,Ir,valid,,,
Iriginite,(U^6+^O_2_)Mo^6+^_2_O_7_·3H_2_O,U^6+ O Mo^6+ H,U^6+ O Mo^6+ H,U O Mo H,U^6+ O Mo^6+ H,valid,,,
Irinarassite,Ca_3_Sn^4+^_2_(Al_2_Si)O_12_,Ca Sn^4+ Al Si O,Ca Sn^4+ Al Si O,Ca Sn Al Si O,Ca Sn^4+ Al Si O,valid,,,
Iron,Fe,Fe,Fe,Fe,Fe,valid,,,
Irtyshite,Na_2_Ta^5+^_4_O_11_,Na Ta^5+ O,Na Ta^5+ O,Na Ta O,Na Ta^5+ O,valid,,,
Iseite,Mn^2+^_2_Mo^4+^_3_O_8_,Mn^2+ Mo^4+ O,Mn^2+ Mo^4+ O,Mn Mo O,Mn^2+ Mo^4+ O,valid,,,
Ishiharaite,"(Cu^1+^,Ga^3+^,Fe^3+^,In^3+^,Zn^2+^)S^2-^",Cu^1+ Ga^3+ Fe^3+ In^3+ Zn^2+ S^2-,Cu^1+ Ga^3+ Fe^3+ In^3+ Zn^2+ S^2-,Cu Ga Fe In Zn S,Cu^1+ Ga^3+ Fe^3+ In^3+ Zn^2+ S^2-,valid,,,
Ishikawaite,"(U^4+^,Fe^2+^,Y)Nb^5+^O_4_",U^4+ Fe^2+ Y Nb^5+ O,U^4+ Fe^2+ Y Nb^5+ O,U Fe Y Nb O,U^4+ Fe^2+ Y Nb^5+ O,valid,,,
Iskandarovite,Sb^3+^_6_O_7_(S^6+^O_4_)_2_,Sb^3+ O S^6+,Sb^3+ O S^6+,Sb O S,Sb^3+ O S^6+,valid,,,
Isoclasite,Ca_2_PO_4_(OH)·2H_2_O,Ca P O H,Ca P O H,Ca P O H,Ca P O H,valid,,,
Isocubanite,Cu^1+^Fe^2+^Fe^3+^S^2-^_3_,Cu^1+ Fe^2+ Fe^3+ S^2-,Cu^1+ Fe^2+ Fe^3+ S^2-,Cu Fe S,Cu^1+ Fe^2+ Fe^3+ S^2-,valid,,,
Isoferroplatinum,Pt_3_Fe,Pt Fe,Pt Fe,Pt Fe,Pt Fe,valid,,,
Isokite,CaMgPO_4_F,Ca Mg P O F,Ca Mg P O F,Ca Mg P O F,Ca Mg P O F,valid,,,
Isolueshite,NaNb^5+^O_3_,Na Nb^5+ O,Na Nb^5+ O,Na Nb O,Na Nb^5+ O,valid,,,
Isomertieite,Pd_11_Sb_2_As_2_,Pd Sb As,Pd Sb As,Pd Sb As,Pd Sb As,valid,,,
Isovite,"(Cr,Fe)_23_C_6_",Cr Fe C,Cr Fe C,Cr Fe C,Cr Fe C,valid,,,
Isselite,Cu^2+^_6_(S^6+^O_4_)(OH)_10_(H_2_O)_4_·H_2_O,Cu^2+ S^6+ O H,Cu^2+ S^6+ O H,Cu S O H,Cu^2+ S^6+ O H,valid,,,
Itelmenite,Na_2_Cu^2+^Mg_2_(S^6+^O_4_)_4_,Na Cu^2+ Mg S^6+ O,Na Cu^2+ Mg S^6+ O,Na Cu Mg S O,Na Cu^2+ Mg S^6+ O,valid,,,
Itoigawaite,SrAl_2_Si_2_O_7_(OH)_2_·H_2_O,Sr Al Si O H,Sr Al Si O H,Sr Al Si O H,Sr Al Si O H,valid,,,
Itoite,Pb^2+^_3_GeO_2_(S^6+^O_4_)_2_(OH)_2_,Pb^2+ Ge O S^6+ H,Pb^2+ Ge O S^6+ H,Pb Ge O S H,Pb^2+ Ge O S^6+ H,valid,,,
Itsiite,Ba_2_Ca(BSi_2_O_7_)_2_,Ba Ca B Si O,Ba Ca B Si O,Ba Ca B Si O,Ba Ca B Si O,valid,,,
Ivanyukite-Cu,Cu^2+^Ti^4+^_4_(SiO_4_)_3_O_2_(OH)_2_·7H_2_O,Cu^2+ Ti^4+ Si O H,Cu^2+ Ti^4+ Si O H,Cu Ti Si O H,Cu^2+ Ti^4+ Si O H,valid,,,
Ivanyukite-K,K_2_Ti^4+^_4_(SiO_4_)_3_O_2_(OH)_2_·9H_2_O,K Ti^4+ Si O H,K Ti^4+ Si O H,K Ti Si O H,K Ti^4+ Si O H,valid,,,
Ivanyukite-Na,Na_2_Ti^4+^_4_(SiO_4_)_3_O_2_(OH)_2_·6H_2_O,Na Ti^4+ Si O H,Na Ti^4+ Si O H,Na Ti Si O H,Na Ti^4+ Si O H,valid,,,
Ivsite,Na_3_H(S^6+^O_4_)_2_,Na H S^6+ O,Na H S^6+ O,Na H S O,Na H S^6+ O,valid,,,
Iwashiroite-(Y),YTa^5+^O_4_,Y Ta^5+ O,Y Ta^5+ O,Y Ta O,Y Ta^5+ O,valid,,,
Iwateite,Na_2_BaMn^2+^(PO_4_)_2_,Na Ba Mn^2+ P O,Na Ba Mn^2+ P O,Na Ba Mn P O,Na Ba Mn^2+ P O,valid,,,
Ixiolite-(Fe2+),(Ta^5+^_2/3_Fe^2+^_1/3_)O_2_,Ta^5+ Fe^2+ O,Ta^5+ Fe^2+ O,Ta Fe O,Ta^5+ Fe^2+ O,valid,,,
Ixiolite-(Mn2+),(Ta^5+^_2/3_Mn^2+^_1/3_)O_2_,Ta^5+ Mn^2+ O,Ta^5+ Mn^2+ O,Ta Mn O,Ta^5+ Mn^2+ O,valid,,,
Ixiolite-(Sc),(Ta^5+^_0.5_Sc_0.5_)O_2_,Ta^5+ Sc O,Ta^5+ Sc O,Ta Sc O,Ta^5+ Sc O,valid,,,
Iyoite,Mn^2+^Cu^2+^Cl(OH)_3_,Mn^2+ Cu^2+ Cl O H,Mn^2+ Cu^2+ Cl O H,Mn Cu Cl O H,Mn^2+ Cu^2+ Cl O H,valid,,,
Izoklakeite,"Pb^2+^_26.4_(Cu^1+^,Fe^2+^)_2_(Sb^3+^,Bi^3+^)_19.6_S^2-^_57_",Pb^2+ Cu^1+ Fe^2+ Sb^3+ Bi^3+ S^2-,Pb^2+ Cu^1+ Fe^2+ Sb^3+ Bi^3+ S^2-,Pb Cu Fe Sb Bi S,Pb^2+ Cu^1+ Fe^2+ Sb^3+ Bi^3+ S^2-,valid,,,
Jáchymovite,(U^6+^O_2_)_8_(S^6+^O_4_)(OH)_14_·13H_2_O,U^6+ O S^6+ H,U^6+ O S^6+ H,U O S H,U^6+ O S^6+ H,valid,,,
Jacobsite,Mn^2+^Fe^3+^_2_O_4_,Mn^2+ Fe^3+ O,Mn^2+ Fe^3+ O,Mn Fe O,Mn^2+ Fe^3+ O,valid,,,
Jacquesdietrichite,Cu^2+^_2_BO(OH)_5_,Cu^2+ B O H,Cu^2+ B O H,Cu B O H,Cu^2+ B O H,valid,,,
Jacutingaite,Pt_2_HgSe_3_,Pt Hg Se,Pt Hg Se,Pt Hg Se,Pt Hg Se,valid,,,
Jadarite,LiNaB_3_SiO_7_(OH),Li Na B Si O H,Li Na B Si O H,Li Na B Si O H,Li Na B Si O H,valid,,,
Jadeite,NaAlSi_2_O_6_,Na Al Si O,Na Al Si O,Na Al Si O,Na Al Si O,valid,,,
Jaffeite,Ca_6_Si_2_O_7_(OH)_6_,Ca Si O H,Ca Si O H,Ca Si O H,Ca Si O H,valid,,,
Jagoite,"Pb^2+^_9_Fe^3+^_2_[Si_2_(Si,Fe^3+^)_3_][Pb^2+^_2_Si_8_(Si,Fe^3+^)_2_]O_41_Cl_3_",Pb^2+ Fe^3+ Si O Cl,Pb^2+ Fe^3+ Si O Cl,Pb Fe Si O Cl,Pb^2+ Fe^3+ Si O Cl,valid,,,
Jagowerite,BaAl_2_(PO_4_)_2_(OH)_2_,Ba Al P O H,Ba Al P O H,Ba Al P O H,Ba Al P O H,valid,,,
Jagüéite,Cu^1+^_2_Pd^2+^_3_Se^2-^_4_,Cu^1+ Pd^2+ Se^2-,Cu^1+ Pd^2+ Se^2-,Cu Pd Se,Cu^1+ Pd^2+ Se^2-,valid,,,
Jahnsite-(CaFeMg),CaFe^2+^Mg_2_Fe^3+^_2_(PO_4_)_4_(OH)_2_·8H_2_O,Ca Fe^2+ Mg Fe^3+ P O H,Ca Fe^2+ Mg Fe^3+ P O H,Ca Fe Mg P O H,Ca Fe^2+ Mg Fe^3+ P O H,valid,,,
Jahnsite-(CaMnFe),CaMn^2+^Fe^2+^_2_Fe^3+^_2_(PO_4_)_4_(OH)_2_·8H_2_O,Ca Mn^2+ Fe^2+ Fe^3+ P O H,Ca Mn^2+ Fe^2+ Fe^3+ P O H,Ca Mn Fe P O H,Ca Mn^2+ Fe^2+ Fe^3+ P O H,valid,,,
Jahnsite-(CaMnMg),CaMn^2+^Mg_2_Fe^3+^_2_(PO_4_)_4_(OH)_2_·8H_2_O,Ca Mn^2+ Mg Fe^3+ P O H,Ca Mn^2+ Mg Fe^3+ P O H,Ca Mn Mg Fe P O H,Ca Mn^2+ Mg Fe^3+ P O H,valid,,,
Jahnsite-(CaMnMn),CaMn^2+^Mn^2+^_2_Fe^3+^_2_(PO_4_)_4_(OH)_2_·8H_2_O,Ca Mn^2+ Fe^3+ P O H,Ca Mn^2+ Fe^3+ P O H,Ca Mn Fe P O H,Ca Mn^2+ Fe^3+ P O H,valid,,,
Jahnsite-(CaMnZn),CaMn^2+^Zn^2+^_2_Fe^3+^_2_(PO_4_)_4_(OH)_2_·8H_2_O,Ca Mn^2+ Zn^2+ Fe^3+ P O H,Ca Mn^2+ Zn^2+ Fe^3+ P O H,Ca Mn Zn Fe P O H,Ca Mn^2+ Zn^2+ Fe^3+ P O H,valid,,,
Jahnsite-(MnMnFe),Mn^2+^Mn^2+^Fe^2+^_2_Fe^3+^_2_(PO_4_)_4_(OH)_2_·8H_2_O,Mn^2+ Fe^2+ Fe^3+ P O H,Mn^2+ Fe^2+ Fe^3+ P O H,Mn Fe P O H,Mn^2+ Fe^2+ Fe^3+ P O H,valid,,,
Jahnsite-(MnMnMg),Mn^2+^Mn^2+^Mg_2_Fe^3+^_2_(PO_4_)_4_(OH)_2_·8H_2_O,Mn^2+ Mg Fe^3+ P O H,Mn^2+ Mg Fe^3+ P O H,Mn Mg Fe P O H,Mn^2+ Mg Fe^3+ P O H,valid,,,
Jahnsite-(MnMnMn),Mn^2+^Mn^2+^Mn^2+^_2_Fe^3+^_2_(PO_4_)_4_(OH)_2_·8H_2_O,Mn^2+ Fe^3+ P O H,Mn^2+ Fe^3+ P O H,Mn Fe P O H,Mn^2+ Fe^3+ P O H,valid,,,
Jahnsite-(MnMnZn),Mn^2+^Mn^2+^Zn^2+^_2_Fe^3+^_2_(PO_4_)_4_(OH)_2_·8H_2_O,Mn^2+ Zn^2+ Fe^3+ P O H,Mn^2+ Zn^2+ Fe^3+ P O H,Mn Zn Fe P O H,Mn^2+ Zn^2+ Fe^3+ P O H,valid,,,
Jahnsite-(NaFeMg),NaFe^3+^Mg_2_Fe^3+^_2_(PO_4_)_4_(OH)_2_·8H_2_O,Na Fe^3+ Mg P O H,Na Fe^3+ Mg P O H,Na Fe Mg P O H,Na Fe^3+ Mg P O H,valid,,,
Jahnsite-(NaMnMg),"(Na,Ca)(Mn^2+^,Fe^3+^)(Mg,Fe^3+^)_2_Fe^3+^_2_(PO_4_)_4_(OH)_2_(H_2_O)_8_",Na Ca Mn^2+ Fe^3+ Mg P O H,Na Ca Mn^2+ Fe^3+ Mg P O H,Na Ca Mn Fe Mg P O H,Na Ca Mn^2+ Fe^3+ Mg P O H,valid,,,
Jahnsite-(NaMnMn),NaMn^2+^(Mn^2+^Fe^3+^)Fe^3+^_2_(PO_4_)_4_(OH)_2_·8H_2_O,Na Mn^2+ Fe^3+ P O H,Na Mn^2+ Fe^3+ P O H,Na Mn Fe P O H,Na Mn^2+ Fe^3+ P O H,valid,,,
Jaipurite,CoS,Co S,Co S,Co S,Co S,valid,,,
Jakobssonite,CaAlF_5_,Ca Al F,Ca Al F,Ca Al F,Ca Al F,valid,,,
Jalpaite,Ag^1+^_3_Cu^1+^S^2-^_2_,Ag^1+ Cu^1+ S^2-,Ag^1+ Cu^1+ S^2-,Ag Cu S,Ag^1+ Cu^1+ S^2-,valid,,,
Jamborite,Ni^2+^_1-x_Co^3+^_x_(OH)_2-x_(S^6+^O_4_)_x_·nH_2_O [x ≤ 1/3; n ≤ (1-x)],Ni^2+ Co^3+ O H S^6+,Ni^2+ Co^3+ O H S^6+,Ni Co O H S,Ni^2+ Co^3+ O H S^6+,valid,,,
Jamesite,"Pb^2+^_2_Zn^2+^Fe^3+^_2_(Fe^3+^,Zn^2+^)_4_(As^5+^O_4_)_4_(OH)_8_(OH,O)_2_",Pb^2+ Zn^2+ Fe^3+ As^5+ O H,Pb^2+ Zn^2+ Fe^3+ As^5+ O H,Pb Zn Fe As O H,Pb^2+ Zn^2+ Fe^3+ As^5+ O H,valid,,,
Jamesonite,Pb^2+^_4_Fe^2+^Sb^3+^_6_S^2-^_14_,Pb^2+ Fe^2+ Sb^3+ S^2-,Pb^2+ Fe^2+ Sb^3+ S^2-,Pb Fe Sb S,Pb^2+ Fe^2+ Sb^3+ S^2-,valid,,,
Janchevite,Pb^2+^_9_V^5+^O_10.25_[box]_0.75_Cl_2.5_,Pb^2+ V^5+ O Cl,Pb^2+ V^5+ O Cl,Pb V O Cl,Pb^2+ V^5+ O Cl,valid,,,
Janggunite,"(Mn^4+^,Mn^2+^,Fe^3+^)_6_O_8_(OH)_6_",Mn^4+ Mn^2+ Fe^3+ O H,Mn^4+ Mn^2+ Fe^3+ O H,Mn Fe O H,Mn^4+ Mn^2+ Fe^3+ O H,valid,,,
Janhaugite,"Na_3_Mn^2+^_3_Ti^4+^_2_(Si_2_O_7_)_2_(O,OH,F)_4_",Na Mn^2+ Ti^4+ Si O H F,Na Mn^2+ Ti^4+ Si O H F,Na Mn Ti Si O H F,Na Mn^2+ Ti^4+ Si O H F,valid,,,
Jankovićite,"Tl^1+^_5_Sb^3+^_9_(As^3+^,Sb^3+^)_4_S^2-^_22_",Tl^1+ Sb^3+ As^3+ S^2-,Tl^1+ Sb^3+ As^3+ S^2-,Tl Sb As S,Tl^1+ Sb^3+ As^3+ S^2-,valid,,,
Jarandolite,CaB_3_O_4_(OH)_3_,Ca B O H,Ca B O H,Ca B O H,Ca B O H,valid,,,
Jarlite,"Na_2_(Sr,Na)_14_(Mg,[box])_2_Al_12_F_64_(OH)_4__",Na Sr Mg Al F O H,Na Sr Mg Al F O H,Na Sr Mg Al F O H,Na Sr Mg Al F O H,valid,,,
Jarosewichite,Mn^3+^Mn^2+^_3_As^5+^O_4_(OH)_6_,Mn^3+ Mn^2+ As^5+ O H,Mn^3+ Mn^2+ As^5+ O H,Mn As O H,Mn^3+ Mn^2+ As^5+ O H,valid,,,
Jarosite,KFe^3+^_3_(S^6+^O_4_)_2_(OH)_6_,K Fe^3+ S^6+ O H,K Fe^3+ S^6+ O H,K Fe S O H,K Fe^3+ S^6+ O H,valid,,,
Jaskólskiite,"Cu^1+^_0.15_Pb^2+^_2.15_(Sb^3+^,Bi^3+^)_1.85_S^2-^_5_",Cu^1+ Pb^2+ Sb^3+ Bi^3+ S^2-,Cu^1+ Pb^2+ Sb^3+ Bi^3+ S^2-,Cu Pb Sb Bi S,Cu^1+ Pb^2+ Sb^3+ Bi^3+ S^2-,valid,,,
Jasmundite,Ca_11_O_2_(SiO_4_)_4_S^2-^,Ca O Si S^2-,Ca O Si S^2-,Ca O Si S,Ca O Si S^2-,valid,,,
Jasonsmithite,Mn^2+^_4_Zn^2+^Al(PO_4_)_4_(OH)(H_2_O)_7_·3.5H_2_O,Mn^2+ Zn^2+ Al P O H,Mn^2+ Zn^2+ Al P O H,Mn Zn Al P O H,Mn^2+ Zn^2+ Al P O H,valid,,,
Jasrouxite,Ag^1+^_16_Pb^2+^_4_(Sb^3+^_25_As^3+^_15_)S^2-^_72_,Ag^1+ Pb^2+ Sb^3+ As^3+ S^2-,Ag^1+ Pb^2+ Sb^3+ As^3+ S^2-,Ag Pb Sb As S,Ag^1+ Pb^2+ Sb^3+ As^3+ S^2-,valid,,,
Jaszczakite,[Bi_3_S_3_][AuS_2_],Bi S Au,Bi S Au,Bi S Au,Bi S Au,valid,,,
Javorieite,KFe^2+^Cl_3_,K Fe^2+ Cl,K Fe^2+ Cl,K Fe Cl,K Fe^2+ Cl,valid,,,
Jeanbandyite,Fe^3+^Sn^4+^(OH)_5_O,Fe^3+ Sn^4+ O H,Fe^3+ Sn^4+ O H,Fe Sn O H,Fe^3+ Sn^4+ O H,valid,,,
Jeankempite,Ca_5_(As^5+^O_4_)_2_(As^5+^O_3_OH)_2_(H_2_O)_7_,Ca As^5+ O H,Ca As^5+ O H,Ca As O H,Ca As^5+ O H,valid,,,
Jedwabite,Fe_7_Ta_3_,Fe Ta,Fe Ta,Fe Ta,Fe Ta,valid,,,
Jeffbenite,Mg_3_Al_2_Si_3_O_12_,Mg Al Si O,Mg Al Si O,Mg Al Si O,Mg Al Si O,valid,,,
Jeffreyite,"(Ca,Na)_2_(Be,Al)Si_2_(O,OH)_7_",Ca Na Be Al Si O H,Ca Na Be Al Si O H,Ca Na Be Al Si O H,Ca Na Be Al Si O H,valid,,,
Jennite,Ca_9_(Si_3_O_9_)_2_(OH)_6_·8H_2_O,Ca Si O H,Ca Si O H,Ca Si O H,Ca Si O H,valid,,,
Jensenite,Cu^2+^_3_Te^6+^O_6_·2H_2_O,Cu^2+ Te^6+ O H,Cu^2+ Te^6+ O H,Cu Te O H,Cu^2+ Te^6+ O H,valid,,,
Jentschite,Pb^2+^Tl^1+^As^3+^_2_Sb^3+^S^2-^_6_,Pb^2+ Tl^1+ As^3+ Sb^3+ S^2-,Pb^2+ Tl^1+ As^3+ Sb^3+ S^2-,Pb Tl As Sb S,Pb^2+ Tl^1+ As^3+ Sb^3+ S^2-,valid,,,
Jeppeite,"(K,Ba)_2_(Ti^4+^,Fe^3+^)_6_O_13_",K Ba Ti^4+ Fe^3+ O,K Ba Ti^4+ Fe^3+ O,K Ba Ti Fe O,K Ba Ti^4+ Fe^3+ O,valid,,,
Jeremejevite,Al_6_(BO_3_)_5_F_3_,Al B O F,Al B O F,Al B O F,Al B O F,valid,,,
Jerrygibbsite,Mn^2+^_9_(SiO_4_)_4_(OH)_2_,Mn^2+ Si O H,Mn^2+ Si O H,Mn Si O H,Mn^2+ Si O H,valid,,,
Jervisite,NaScSi_2_O_6_,Na Sc Si O,Na Sc Si O,Na Sc Si O,Na Sc Si O,valid,,,
Ježekite,Na_8_(U^6+^O_2_)(CO_3_)_3_(S^6+^O_4_)_2_·3H_2_O,Na U^6+ O C S^6+ H,Na U^6+ O C S^6+ H,Na U O C S H,Na U^6+ O C S^6+ H,valid,,,
Jianmuite,ZrTi^4+^Ti^3+^_5_Al_3_O_16_,Zr Ti^4+ Ti^3+ Al O,Zr Ti^4+ Ti^3+ Al O,Zr Ti Al O,Zr Ti^4+ Ti^3+ Al O,valid,,,
Jianshuiite,MgMn^4+^_3_O_7_·3H_2_O,Mg Mn^4+ O H,Mg Mn^4+ O H,Mg Mn O H,Mg Mn^4+ O H,valid,,,
Jimboite,Mn^2+^_3_(BO_3_)_2_,Mn^2+ B O,Mn^2+ B O,Mn B O,Mn^2+ B O,valid,,,
Jimkrieghite,Ca(C_2_H_3_O_3_)^1-^_2_,Ca C H O,Ca C H O,Ca C H O,Ca C H O,valid,,,
Jimthompsonite,Mg_5_Si_6_O_16_(OH)_2_,Mg Si O H,Mg Si O H,Mg Si O H,Mg Si O H,valid,,,
Jingsuiite,TiB_2_,Ti B,Ti B,Ti B,Ti B,valid,,,
Jingwenite-(Y),YAlV^4+^(SiO_4_)O_2_(OH)_2_,Y Al V^4+ Si O H,Y Al V^4+ Si O H,Y Al V Si O H,Y Al V^4+ Si O H,valid,,,
Jinshajiangite,BaNaFe^2+^_4_Ti^4+^_2_(Si_2_O_7_)_2_O_2_(OH)_2_F,Ba Na Fe^2+ Ti^4+ Si O H F,Ba Na Fe^2+ Ti^4+ Si O H F,Ba Na Fe Ti Si O H F,Ba Na Fe^2+ Ti^4+ Si O H F,valid,,,
Jinxiuite,Ni_18_Bi_2_SbAsS_16_,Ni Bi Sb As S,Ni Bi Sb As S,Ni Bi Sb As S,Ni Bi Sb As S,valid,,,
Joanneumite,Cu(C_3_N_3_O_3_H_2_)_2_(N^3-^H_3_)_2_,Cu C N O H N^3-,Cu C N O H N^3-,Cu C N O H,Cu C N O H N^3-,valid,,,
Joaquinite-(Ce),NaBa_2_Fe^2+^Ti^4+^_2_Ce^3+^_2_(Si_4_O_12_)_2_O_2_(OH)·H_2_O,Na Ba Fe^2+ Ti^4+ Ce^3+ Si O H,Na Ba Fe^2+ Ti^4+ Ce^3+ Si O H,Na Ba Fe Ti Ce Si O H,Na Ba Fe^2+ Ti^4+ Ce^3+ Si O H,valid,,,
Joegoldsteinite,Mn^2+^Cr^3+^_2_S^2-^_4_,Mn^2+ Cr^3+ S^2-,Mn^2+ Cr^3+ S^2-,Mn Cr S,Mn^2+ Cr^3+ S^2-,valid,,,
Joëlbruggerite,Pb^2+^_3_Zn^2+^_3_Sb^5+^As^5+^_2_O_13_(OH),Pb^2+ Zn^2+ Sb^5+ As^5+ O H,Pb^2+ Zn^2+ Sb^5+ As^5+ O H,Pb Zn Sb As O H,Pb^2+ Zn^2+ Sb^5+ As^5+ O H,valid,,,
Joesmithite,Pb^2+^Ca_2_Mg_3_Fe^3+^_2_(Si_6_Be_2_)O_22_(OH)_2_,Pb^2+ Ca Mg Fe^3+ Si Be O H,Pb^2+ Ca Mg Fe^3+ Si Be O H,Pb Ca Mg Fe Si Be O H,Pb^2+ Ca Mg Fe^3+ Si Be O H,valid,,,
Johachidolite,CaAlB_3_O_7_,Ca Al B O,Ca Al B O,Ca Al B O,Ca Al B O,valid,,,
Johanngeorgenstadtite,Ni^2+^_4.5_(As^5+^O_4_)_3_,Ni^2+ As^5+ O,Ni^2+ As^5+ O,Ni As O,Ni^2+ As^5+ O,valid,,,
Johannite,Cu^2+^(U^6+^O_2_)_2_(S^6+^O_4_)_2_(OH)_2_·8H_2_O,Cu^2+ U^6+ O S^6+ H,Cu^2+ U^6+ O S^6+ H,Cu U O S H,Cu^2+ U^6+ O S^6+ H,valid,,,
Johannsenite,CaMn^2+^Si_2_O_6_,Ca Mn^2+ Si O,Ca Mn^2+ Si O,Ca Mn Si O,Ca Mn^2+ Si O,valid,,,
Johillerite,NaCu^2+^MgMg_2_(As^5+^O_4_)_3_,Na Cu^2+ Mg As^5+ O,Na Cu^2+ Mg As^5+ O,Na Cu Mg As O,Na Cu^2+ Mg As^5+ O,valid,,,
Johnbaumite,Ca_5_(As^5+^O_4_)_3_OH,Ca As^5+ O H,Ca As^5+ O H,Ca As O H,Ca As^5+ O H,valid,,,
Johninnesite,Na_2_Mn^2+^_9_Mg_7_(As^5+^O_4_)_2_(Si_6_O_17_)_2_(OH)_8_,Na Mn^2+ Mg As^5+ O Si H,Na Mn^2+ Mg As^5+ O Si H,Na Mn Mg As O Si H,Na Mn^2+ Mg As^5+ O Si H,valid,,,
Johnjamborite,Pb^2+^_14_Sb^3+^_8.5_As^3+^_7.5_S^2-^_38_,Pb^2+ Sb^3+ As^3+ S^2-,Pb^2+ Sb^3+ As^3+ S^2-,Pb Sb As S,Pb^2+ Sb^3+ As^3+ S^2-,valid,,,
Johnkoivulaite-(Cs),Cs(Be_2_B)Mg_2_(Si_6_O_18_),Cs Be B Mg Si O,Cs Be B Mg Si O,Cs Be B Mg Si O,Cs Be B Mg Si O,valid,,,
Johnsenite-(Ce),Na_12_Ce^3+^_3_Ca_6_Mn^2+^_3_Zr^4+^_3_W^6+^Si_25_O_73_(CO_3_)(OH)_2_,Na Ce^3+ Ca Mn^2+ Zr^4+ W^6+ Si O C H,Na Ce^3+ Ca Mn^2+ Zr^4+ W^6+ Si O C H,Na Ce Ca Mn Zr W Si O C H,Na Ce^3+ Ca Mn^2+ Zr^4+ W^6+ Si O C H,valid,,,
Johnsomervilleite,Na_3_CaFe^2+^_11_(PO_4_)_9_,Na Ca Fe^2+ P O,Na Ca Fe^2+ P O,Na Ca Fe P O,Na Ca Fe^2+ P O,valid,,,
Johntomaite,BaFe^2+^_2_Fe^3+^_2_(PO_4_)_3_(OH)_3_,Ba Fe^2+ Fe^3+ P O H,Ba Fe^2+ Fe^3+ P O H,Ba Fe P O H,Ba Fe^2+ Fe^3+ P O H,valid,,,
Johnwalkite,KMn^2+^_2_Nb^5+^O_2_(PO_4_)_2_(H_2_O)_2_,K Mn^2+ Nb^5+ O P H,K Mn^2+ Nb^5+ O P H,K Mn Nb O P H,K Mn^2+ Nb^5+ O P H,valid,,,
Jôkokuite,Mn^2+^S^6+^O_4_·5H_2_O,Mn^2+ S^6+ O H,Mn^2+ S^6+ O H,Mn S O H,Mn^2+ S^6+ O H,valid,,,
Joliotite,(U^6+^O_2_)(CO_3_)·2H_2_O,U^6+ O C H,U^6+ O C H,U O C H,U^6+ O C H,valid,,,
Jolliffeite,Ni^3+^(AsSe)^3-^,Ni^3+ As Se,Ni^3+ As Se,Ni As Se,Ni^3+ As Se,valid,,,
Jonassonite,"Au(Bi,Pb)_5_S_4_",Au Bi Pb S,Au Bi Pb S,Au Bi Pb S,Au Bi Pb S,valid,,,
Jonesite,KBa_2_Ti^4+^_2_(Si_5_Al)O_18_·nH_2_O,K Ba Ti^4+ Si Al O H,K Ba Ti^4+ Si Al O H,K Ba Ti Si Al O H,K Ba Ti^4+ Si Al O H,valid,,,
Jonlarsenite,Al_4_Cu_9_,Al Cu,Al Cu,Al Cu,Al Cu,valid,,,
Joosteite,Mn^2+^Mn^3+^O(PO_4_),Mn^2+ Mn^3+ O P,Mn^2+ Mn^3+ O P,Mn O P,Mn^2+ Mn^3+ O P,valid,,,
Jordanite,Pb^2+^_14_As^3+^_6_S^2-^_23_,Pb^2+ As^3+ S^2-,Pb^2+ As^3+ S^2-,Pb As S,Pb^2+ As^3+ S^2-,valid,,,
Jordisite,Mo^4+^S^2-^_2_,Mo^4+ S^2-,Mo^4+ S^2-,Mo S,Mo^4+ S^2-,valid,,,
Jørgensenite,Na_2_Sr_14_Na_2_Al_12_F_64_(OH)_4_,Na Sr Al F O H,Na Sr Al F O H,Na Sr Al F O H,Na Sr Al F O H,valid,,,
Jörgkellerite,"(Na,[box])_3_Mn^3+^_3_(PO_4_)_2_(CO_3_)(O,OH)_2_·5H_2_O",Na Mn^3+ P O C H,Na Mn^3+ P O C H,Na Mn P O C H,Na Mn^3+ P O C H,valid,,,
Joséite-A,Bi_4_TeS_2_,Bi Te S,Bi Te S,Bi Te S,Bi Te S,valid,,,
Joséite-B,Bi_4_Te_2_S,Bi Te S,Bi Te S,Bi Te S,Bi Te S,valid,,,
Joteite,Ca_2_Cu^2+^Al(As^5+^O_4_)[As^5+^O_3_(OH)]_2_(OH)_2_·5H_2_O,Ca Cu^2+ Al As^5+ O H,Ca Cu^2+ Al As^5+ O H,Ca Cu Al As O H,Ca Cu^2+ Al As^5+ O H,valid,,,
Jouravskite,Ca_3_Mn^4+^(S^6+^O_4_)(CO_3_)(OH)_6_·12H_2_O,Ca Mn^4+ S^6+ O C H,Ca Mn^4+ S^6+ O C H,Ca Mn S O C H,Ca Mn^4+ S^6+ O C H,valid,,,
Juabite,CaCu^2+^_10_(Te^4+^O_3_)_4_(As^5+^O_4_)_4_(OH)_2_·4H_2_O,Ca Cu^2+ Te^4+ O As^5+ H,Ca Cu^2+ Te^4+ O As^5+ H,Ca Cu Te O As H,Ca Cu^2+ Te^4+ O As^5+ H,valid,,,
Juangodoyite,Na_2_Cu^2+^(CO_3_)_2_,Na Cu^2+ C O,Na Cu^2+ C O,Na Cu C O,Na Cu^2+ C O,valid,,,
Juanitaite,"(Cu^2+^,Ca,Fe^2+^)_10_Bi^3+^(As^5+^O_4_)_4_(OH)_11_·2H_2_O",Cu^2+ Ca Fe^2+ Bi^3+ As^5+ O H,Cu^2+ Ca Fe^2+ Bi^3+ As^5+ O H,Cu Ca Fe Bi As O H,Cu^2+ Ca Fe^2+ Bi^3+ As^5+ O H,valid,,,
Juanite,"Ca_10_(Mg,Fe^2+^)_4_(Si,Al)_13_(O,OH)_39_·4H_2_O",Ca Mg Fe^2+ Si Al O H,Ca Mg Fe^2+ Si Al O H,Ca Mg Fe Si Al O H,Ca Mg Fe^2+ Si Al O H,valid,,,
Juansilvaite,Na_5_Al_3_[As^5+^O_3_(OH)]_4_[As^5+^O_2_(OH)_2_]_2_(S^6+^O_4_)_2_·4H_2_O,Na Al As^5+ O H S^6+,Na Al As^5+ O H S^6+,Na Al As O H S,Na Al As^5+ O H S^6+,valid,,,
Julgoldite-(Fe2+),Ca_2_Fe^2+^Fe^3+^_2_(Si_2_O_7_)(SiO_4_)(OH)_2_·H_2_O,Ca Fe^2+ Fe^3+ Si O H,Ca Fe^2+ Fe^3+ Si O H,Ca Fe Si O H,Ca Fe^2+ Fe^3+ Si O H,valid,,,
Julgoldite-(Fe3+),Ca_2_Fe^3+^Fe^3+^_2_(Si_2_O_7_)(SiO_4_)O(OH)·H_2_O,Ca Fe^3+ Si O H,Ca Fe^3+ Si O H,Ca Fe Si O H,Ca Fe^3+ Si O H,valid,,,
Julgoldite-(Mg),Ca_2_MgFe^3+^_2_(Si_2_O_7_)(SiO_4_)(OH)·H_2_O,Ca Mg Fe^3+ Si O H,Ca Mg Fe^3+ Si O H,Ca Mg Fe Si O H,Ca Mg Fe^3+ Si O H,valid,,,
Julienite,Na_2_Co^2+^(S^2-^CN^3-^)_4_·8H_2_O,Na Co^2+ S^2- C N^3- H O,Na Co^2+ S^2- C N^3- H O,Na Co S C N H O,Na Co^2+ S^2- C N^3- H O,valid,,,
Jungite,Ca_2_Zn^2^_4_Fe^3+^_8_(PO_4_)_9_(OH)_9_·16H_2_O,Ca Zn Fe^3+ P O H,Ca Zn Fe^3+ P O H,Ca Zn Fe P O H,Ca Zn Fe^3+ P O H,valid,,,
Junitoite,CaZn^2+^_2_Si_2_O_7_·H_2_O,Ca Zn^2+ Si O H,Ca Zn^2+ Si O H,Ca Zn Si O H,Ca Zn^2+ Si O H,valid,,,
Junoite,"Cu^1+^_2_Pb^2+^_3_Bi^3+^_8_(S^2-^,Se^2-^)_16_",Cu^1+ Pb^2+ Bi^3+ S^2- Se^2-,Cu^1+ Pb^2+ Bi^3+ S^2- Se^2-,Cu Pb Bi S Se,Cu^1+ Pb^2+ Bi^3+ S^2- Se^2-,valid,,,
Juonniite,CaMgSc(PO_4_)_2_(OH)·4H_2_O,Ca Mg Sc P O H,Ca Mg Sc P O H,Ca Mg Sc P O H,Ca Mg Sc P O H,valid,,,
Jurbanite,Al(S^6+^O_4_)(OH)·5H_2_O,Al S^6+ O H,Al S^6+ O H,Al S O H,Al S^6+ O H,valid,,,
Jusite,Na_2_Ca_15_Al_4_Si_16_O_54_·17H_2_O,Na Ca Al Si O H,Na Ca Al Si O H,Na Ca Al Si O H,Na Ca Al Si O H,valid,,,
Juxingite,Bi_6_Cu_140_Fe_30_S_125_,Bi Cu Fe S,Bi Cu Fe S,Bi Cu Fe S,Bi Cu Fe S,valid,,,
Kaatialaite,Fe^3+^[As^5+^O_2_(OH)_2_]_3_·5H_2_O,Fe^3+ As^5+ O H,Fe^3+ As^5+ O H,Fe As O H,Fe^3+ As^5+ O H,valid,,,
Kabalovite,Fe^2+^_3_Fe^3+^_4_(PO_4_)_6_,Fe^2+ Fe^3+ P O,Fe^2+ Fe^3+ P O,Fe P O,Fe^2+ Fe^3+ P O,valid,,,
Kadyrelite,([Hg^1+^]_2_)_3_OBr_3_(OH),Hg^1+ O Br H,Hg^1+ O Br H,Hg O Br H,Hg^1+ O Br H,valid,,,
Kaersutite,NaCa_2_(Mg_3_AlTi^4+^)(Si_6_Al_2_)O_22_O_2_,Na Ca Mg Al Ti^4+ Si O,Na Ca Mg Al Ti^4+ Si O,Na Ca Mg Al Ti Si O,Na Ca Mg Al Ti^4+ Si O,valid,,,
Kahlenbergite,KAl_11_O_17_,K Al O,K Al O,K Al O,K Al O,valid,,,
Kahlerite,Fe^2+^(U^6+^O_2_)_2_(As^5+^O_4_)_2_(H_2_O)_6_·6H_2_O,Fe^2+ U^6+ O As^5+ H,Fe^2+ U^6+ O As^5+ H,Fe U O As H,Fe^2+ U^6+ O As^5+ H,valid,,,
Kainite,KMg(S^6+^O_4_)Cl·2.75H_2_O,K Mg S^6+ O Cl H,K Mg S^6+ O Cl H,K Mg S O Cl H,K Mg S^6+ O Cl H,valid,,,
Kainosite-(Y),Ca_2_Y_2_(SiO_3_)_4_(CO_3_)·H_2_O,Ca Y Si O C H,Ca Y Si O C H,Ca Y Si O C H,Ca Y Si O C H,valid,,,
Kainotropite,Cu^2+^_4_Fe^3+^O_2_(V^5+^_2_O_7_)(V^5+^O_4_),Cu^2+ Fe^3+ O V^5+,Cu^2+ Fe^3+ O V^5+,Cu Fe O V,Cu^2+ Fe^3+ O V^5+,valid,,,
Kaitianite,Ti^3+^_2_Ti^4+^O_5_,Ti^3+ Ti^4+ O,Ti^3+ Ti^4+ O,Ti O,Ti^3+ Ti^4+ O,valid,,,
Kalborsite,K_6_Al_4_BSi_6_O_20_(OH)_4_Cl,K Al B Si O H Cl,K Al B Si O H Cl,K Al B Si O H Cl,K Al B Si O H Cl,valid,,,
Kalgoorlieite,As_2_Te_3_,As Te,As Te,As Te,As Te,valid,,,
Kaliborite,KHMg_2_B_12_O_16_(OH)_10_·4H_2_O,K H Mg B O,K H Mg B O,K H Mg B O,K H Mg B O,valid,,,
Kalicinite,KH(CO_3_),K H C O,K H C O,K H C O,K H C O,valid,,,
Kalifersite,K_5_Fe^3+^_7_Si_20_O_50_(OH)_6_·12H_2_O,K Fe^3+ Si O H,K Fe^3+ Si O H,K Fe Si O H,K Fe^3+ Si O H,valid,,,
Kalininite,Zn^2+^Cr^3+^_2_S^2-^_4_,Zn^2+ Cr^3+ S^2-,Zn^2+ Cr^3+ S^2-,Zn Cr S,Zn^2+ Cr^3+ S^2-,valid,,,
Kalinite,KAl(S^6+^O_4_)_2_·11H_2_O,K Al S^6+ O H,K Al S^6+ O H,K Al S O H,K Al S^6+ O H,valid,,,
Kaliochalcite,KCu^2+^_2_(S^6+^O_4_)_2_[(OH)(H_2_O)],K Cu^2+ S^6+ O H,K Cu^2+ S^6+ O H,K Cu S O H,K Cu^2+ S^6+ O H,valid,,,
Kaliophilite,KAlSiO_4_,K Al Si O,K Al Si O,K Al Si O,K Al Si O,valid,,,
Kalistrontite,K_2_Sr(S^6+^O_4_)_2_,K Sr S^6+ O,K Sr S^6+ O,K Sr S O,K Sr S^6+ O,valid,,,
Kalithallite,K_3_Tl^3+^Cl_6_·2H_2_O,K Tl^3+ Cl H O,K Tl^3+ Cl H O,K Tl Cl H O,K Tl^3+ Cl H O,valid,,,
Kalsilite,KAlSiO_4_,K Al Si O,K Al Si O,K Al Si O,K Al Si O,valid,,,
Kalungaite,Pd^3+^(AsSe)^3-^,Pd^3+ As Se,Pd^3+ As Se,Pd As Se,Pd^3+ As Se,valid,,,
Kalyuzhnyite-(Ce),NaKCaSrCe^3+^Ti^4+^(Si_8_O_21_)OF(H_2_O)_3_,Na K Ca Sr Ce^3+ Ti^4+ Si O F H,Na K Ca Sr Ce^3+ Ti^4+ Si O F H,Na K Ca Sr Ce Ti Si O F H,Na K Ca Sr Ce^3+ Ti^4+ Si O F H,valid,,,
Kamaishilite,Ca_2_(SiAl_2_)O_6_(OH)_2_,Ca Si Al O H,Ca Si Al O H,Ca Si Al O H,Ca Si Al O H,valid,,,
Kamarizaite,Fe^3+^_3_(As^5+^O_4_)_2_(OH)_3_·3H_2_O,Fe^3+ As^5+ O H,Fe^3+ As^5+ O H,Fe As O H,Fe^3+ As^5+ O H,valid,,,
Kambaldaite,NaNi^2+^_4_(CO_3_)_3_(OH)_3_·3H_2_O,Na Ni^2+ C O H,Na Ni^2+ C O H,Na Ni C O H,Na Ni^2+ C O H,valid,,,
Kamchatkite,KCu^2+^_3_O(S^6+^O_4_)_2_Cl,K Cu^2+ O S^6+ Cl,K Cu^2+ O S^6+ Cl,K Cu O S Cl,K Cu^2+ O S^6+ Cl,valid,,,
Kamenevite,K_2_Ti^4+^Si_3_O_9_·H_2_O,K Ti^4+ Si O H,K Ti^4+ Si O H,K Ti Si O H,K Ti^4+ Si O H,valid,,,
Kamiokite,Fe^2+^_2_Mo^4+^_3_O_8_,Fe^2+ Mo^4+ O,Fe^2+ Mo^4+ O,Fe Mo O,Fe^2+ Mo^4+ O,valid,,,
Kamitugaite,Pb^2+^Al(U^6+^O_2_)_5_(PO_4_)_3_O_2_(OH)_2_(H_2_O)_11.5_,Pb^2+ Al U^6+ O P H,Pb^2+ Al U^6+ O P H,Pb Al U O P H,Pb^2+ Al U^6+ O P H,valid,,,
Kamotoite-(Y),Y_2_O_4_(U^6+^O_2_)_4_(CO_3_)_3_·14H_2_O,Y O U^6+ C H,Y O U^6+ C H,Y O U C H,Y O U^6+ C H,valid,,,
Kampelite,Ba_3_Mg_1.5_Sc_4_(PO_4_)_6_(OH)_3_·4H_2_O,Ba Mg Sc P O H,Ba Mg Sc P O H,Ba Mg Sc P O H,Ba Mg Sc P O H,valid,,,
Kampfite,Ba_12_(Si_11_Al_5_)O_31_(CO_3_)_8_Cl_5_,Ba Si Al O C Cl,Ba Si Al O C Cl,Ba Si Al O C Cl,Ba Si Al O C Cl,valid,,,
Kamphaugite-(Y),CaY(CO_3_)_2_(OH)·H_2_O,Ca Y C O H,Ca Y C O H,Ca Y C O H,Ca Y C O H,valid,,,
Kanatzidisite,(Sb^3+^Bi^3+^S^2-^_3_)_2_Te_2_,Sb^3+ Bi^3+ S^2- Te,Sb^3+ Bi^3+ S^2- Te,Sb Bi S Te,Sb^3+ Bi^3+ S^2- Te,valid,,,
Kanemite,NaSi_2_O_4_(OH)·3H_2_O,Na Si O H,Na Si O H,Na Si O H,Na Si O H,valid,,,
Kangite,"(Sc,Ti^4+^,Al,Zr^4+^,Mg,Ca,[box])_2_O_3_",Sc Ti^4+ Al Zr^4+ Mg Ca O,Sc Ti^4+ Al Zr^4+ Mg Ca O,Sc Ti Al Zr Mg Ca O,Sc Ti^4+ Al Zr^4+ Mg Ca O,valid,,,
Kangjinlaite,Ti_11_Si_10_,Ti Si,Ti Si,Ti Si,Ti Si,valid,,,
Kaňkite,Fe^3+^As^5+^O_4_·3.5H_2_O,Fe^3+ As^5+ O H,Fe^3+ As^5+ O H,Fe As O H,Fe^3+ As^5+ O H,valid,,,
Kannanite,Ca_4_Al_4_(MgAl)(V^5+^O_4_)(SiO_4_)_2_(Si_3_O_10_)(OH)_6_,Ca Al Mg V^5+ O Si H,Ca Al Mg V^5+ O Si H,Ca Al Mg V O Si H,Ca Al Mg V^5+ O Si H,valid,,,
Kanoite,Mn^2+^MgSi_2_O_6_,Mn^2+ Mg Si O,Mn^2+ Mg Si O,Mn Mg Si O,Mn^2+ Mg Si O,valid,,,
Kanonaite,Mn^3+^AlOSiO_4_,Mn^3+ Al O Si,Mn^3+ Al O Si,Mn Al O Si,Mn^3+ Al O Si,valid,,,
Kanonerovite,Na_3_Mn^2+^P_3_O_10_·12H_2_O,Na Mn^2+ P O H,Na Mn^2+ P O H,Na Mn P O H,Na Mn^2+ P O H,valid,,,
Kantorite,K_2_NaMg(S^6+^O_4_)_2_F,K Na Mg S^6+ O F,K Na Mg S^6+ O F,K Na Mg S O F,K Na Mg S^6+ O F,valid,,,
Kaolinite,Al_2_Si_2_O_5_(OH)_4_,Al Si O H,Al Si O H,Al Si O H,Al Si O H,valid,,,
Kapellasite,Cu^2+^_3_Zn^2+^(OH)_6_Cl_2_,Cu^2+ Zn^2+ O H Cl,Cu^2+ Zn^2+ O H Cl,Cu Zn O H Cl,Cu^2+ Zn^2+ O H Cl,valid,,,
Kapitsaite-(Y),Ba_4_Y_2_Si_8_B_4_O_28_F,Ba Y Si B O F,Ba Y Si B O F,Ba Y Si B O F,Ba Y Si B O F,valid,,,
Kapundaite,CaNaFe^3+^_4_(PO_4_)_4_(OH)_3_·5H_2_O,Ca Na Fe^3+ P O H,Ca Na Fe^3+ P O H,Ca Na Fe P O H,Ca Na Fe^3+ P O H,valid,,,
Kapustinite,Na_6_Zr^4+^Si_6_O_16_(OH)_2_,Na Zr^4+ Si O H,Na Zr^4+ Si O H,Na Zr Si O H,Na Zr^4+ Si O H,valid,,,
Karasugite,SrCaAlF_7_,Sr Ca Al F,Sr Ca Al F,Sr Ca Al F,Sr Ca Al F,valid,,,
Karchevskyite,Mg_18_Al_9_(OH)_54_Sr_2_(CO_3_)_9_(H_2_O)_6_(H_3_O)_5_,Mg Al O H Sr C,Mg Al O H Sr C,Mg Al O H Sr C,Mg Al O H Sr C,valid,,,
Karelianite,V^3+^_2_O_3_,V^3+ O,V^3+ O,V O,V^3+ O,valid,,,
Karenwebberite,NaFe^2+^(PO_4_),Na Fe^2+ P O,Na Fe^2+ P O,Na Fe P O,Na Fe^2+ P O,valid,,,
Karibibite,Fe^3+^_3_(As^3+^O_2_)_4_(As^3+^_2_O_5_)(OH),Fe^3+ As^3+ O H,Fe^3+ As^3+ O H,Fe As O H,Fe^3+ As^3+ O H,valid,,,
Karlditmarite,Cu^2+^_9_O_4_(PO_4_)_2_(S^6+^O_4_)_2_,Cu^2+ O P S^6+,Cu^2+ O P S^6+,Cu O P S,Cu^2+ O P S^6+,valid,,,
Karlite,"(Mg,Al)_6.5_(BO_3_)_3_(OH)_4_([box],Cl)_0.5_",Mg Al B O H Cl,Mg Al B O H Cl,Mg Al B O H Cl,Mg Al B O H Cl,valid,,,
Karlleuite,Ca_2_Mn^4+^O_4_,Ca Mn^4+ O,Ca Mn^4+ O,Ca Mn O,Ca Mn^4+ O,valid,,,
Karlseifertite,Pb^2+^(Ga_2_Ge)(As^5+^O_4_)_2_(OH)_6_,Pb^2+ Ga Ge As^5+ O H,Pb^2+ Ga Ge As^5+ O H,Pb Ga Ge As O H,Pb^2+ Ga Ge As^5+ O H,valid,,,
Karnasurtite-(Ce),Ce^3+^Ti^4+^AlSi_2_O_7_(OH)_4_·3H_2_O,Ce^3+ Ti^4+ Al Si O H,Ce^3+ Ti^4+ Al Si O H,Ce Ti Al Si O H,Ce^3+ Ti^4+ Al Si O H,valid,,,
Karpenkoite,Co^2+^_3_(V^5+^_2_O_7_)(OH)_2_·2H_2_O,Co^2+ V^5+ O H,Co^2+ V^5+ O H,Co V O H,Co^2+ V^5+ O H,valid,,,
Karpinskite,"(Mg,Ni^2+^)_2_Si_2_O_5_(OH)_2_",Mg Ni^2+ Si O H,Mg Ni^2+ Si O H,Mg Ni Si O H,Mg Ni^2+ Si O H,valid,,,
Karpovite,Tl^1+^_2_V^4+^O(S^6+^O_4_)_2_·H_2_O,Tl^1+ V^4+ O S^6+ H,Tl^1+ V^4+ O S^6+ H,Tl V O S H,Tl^1+ V^4+ O S^6+ H,valid,,,
Karupmøllerite-Ca,"(Na,Ca,K)_2_Ca(Nb^5+^,Ti^4+^)_4_(Si_4_O_12_)_2_(O,OH)_4_·7H_2_O",Na Ca K Nb^5+ Ti^4+ Si O H,Na Ca K Nb^5+ Ti^4+ Si O H,Na Ca K Nb Ti Si O H,Na Ca K Nb^5+ Ti^4+ Si O H,valid,,,
Karwowskiite,Ca_9_Mg(Fe^2+^_0.5_[box]_0.5_)(PO_4_)_7_,Ca Mg Fe^2+ P O,Ca Mg Fe^2+ P O,Ca Mg Fe P O,Ca Mg Fe^2+ P O,valid,,,
Kasatkinite,Ba_2_Ca_8_B_5_Si_8_O_32_(OH)_3_·6H_2_O,Ba Ca B Si O H,Ba Ca B Si O H,Ba Ca B Si O H,Ba Ca B Si O H,valid,,,
Kashinite,Ir^3+^_2_S^2-^_3_,Ir^3+ S^2-,Ir^3+ S^2-,Ir S,Ir^3+ S^2-,valid,,,
Kaskasite,"(Mo,Nb^5+^)S_2_·(Mg_1-x_Al_x_)(OH)_2+x_",Mo Nb^5+ S Mg Al O H,Mo Nb^5+ S Mg Al O H,Mo Nb S Mg Al O H,Mo Nb^5+ S Mg Al O H,valid,,,
Kasolite,Pb^2+^(U^6+^O_2_)SiO_4_·H_2_O,Pb^2+ U^6+ O Si H,Pb^2+ U^6+ O Si H,Pb U O Si H,Pb^2+ U^6+ O Si H,valid,,,
Kassite,CaTi^4+^_2_O_4_(OH)_2_,Ca Ti^4+ O H,Ca Ti^4+ O H,Ca Ti O H,Ca Ti^4+ O H,valid,,,
Kastningite,Mn^2+^Al_2_(PO_4_)_2_(OH)_2_·8H_2_O,Mn^2+ Al P O H,Mn^2+ Al P O H,Mn Al P O H,Mn^2+ Al P O H,valid,,,
Katanite,Ba^2+^_3_Nb^5+^Fe^3+^_3_Si_2_O_14_,Ba^2+ Nb^5+ Fe^3+ Si O,Ba^2+ Nb^5+ Fe^3+ Si O,Ba Nb Fe Si O,Ba^2+ Nb^5+ Fe^3+ Si O,valid,,,
Katayamalite,KLi_3_Ca_7_Ti^4+^_2_(SiO_3_)_12_(OH)_2_,K Li Ca Ti^4+ Si O H,K Li Ca Ti^4+ Si O H,K Li Ca Ti Si O H,K Li Ca Ti^4+ Si O H,valid,,,
Katerinopoulosite,(N^3-^H_4_)_2_Zn^2+^(S^6+^O_4_)_2_·6H_2_O,N^3- H Zn^2+ S^6+ O,N^3- H Zn^2+ S^6+ O,N H Zn S O,N^3- H Zn^2+ S^6+ O,valid,,,
Katiarsite,KTi^4+^O(As^5+^O_4_),K Ti^4+ O As^5+,K Ti^4+ O As^5+,K Ti O As,K Ti^4+ O As^5+,valid,,,
Katoite,Ca_3_Al_2_(OH)_12_,Ca Al O H,Ca Al O H,Ca Al O H,Ca Al O H,valid,,,
Katophorite,NaNaCa(Mg_4_Al)(Si_7_Al)O_22_(OH)_2_,Na Ca Mg Al Si O H,Na Ca Mg Al Si O H,Na Ca Mg Al Si O H,Na Ca Mg Al Si O H,valid,,,
Katoptrite,Mn^2+^_13_Al_4_Sb^5+^_2_O_20_(SiO_4_)_2_,Mn^2+ Al Sb^5+ O Si,Mn^2+ Al Sb^5+ O Si,Mn Al Sb O Si,Mn^2+ Al Sb^5+ O Si,valid,,,
Katsarosite,Zn^2+^(C_2_)^6+^O_4_·2H_2_O,Zn^2+ C O H,Zn^2+ C O H,Zn C O H,Zn^2+ C O H,valid,,,
Kawazulite,Bi^3+^_2_Te^2-^_2_Se^2-^,Bi^3+ Te^2- Se^2-,Bi^3+ Te^2- Se^2-,Bi Te Se,Bi^3+ Te^2- Se^2-,valid,,,
Kayrobertsonite,Mn^2+^Al_2_(PO_4_)_2_(OH)_2_·6H_2_O,Mn^2+ Al P O H,Mn^2+ Al P O H,Mn Al P O H,Mn^2+ Al P O H,valid,,,
Kayupovaite,Na_2_Mn^2+^_10_[(Si_14_Al_2_)O_38_(OH)_8_]·7H_2_O,Na Mn^2+ Si Al O H,Na Mn^2+ Si Al O H,Na Mn Si Al O H,Na Mn^2+ Si Al O H,valid,,,
Kazakhstanite,Fe^3+^_5_V^4+^_3_V^5+^_12_O_39_(OH)_9_·9H_2_O,Fe^3+ V^4+ V^5+ O H,Fe^3+ V^4+ V^5+ O H,Fe V O H,Fe^3+ V^4+ V^5+ O H,valid,,,
Kazakovite,Na_6_Mn^2+^Ti^4+^Si_6_O_18_,Na Mn^2+ Ti^4+ Si O,Na Mn^2+ Ti^4+ Si O,Na Mn Ti Si O,Na Mn^2+ Ti^4+ Si O,valid,,,
Kazanskyite,Ba[box]Ti^4+^Nb^5+^Na_3_Ti^4+^(Si_2_O_7_)_2_O_2_(OH)_2_(H_2_O)_2_,Ba Ti^4+ Nb^5+ Na Si O H,Ba Ti^4+ Nb^5+ Na Si O H,Ba Ti Nb Na Si O H,Ba Ti^4+ Nb^5+ Na Si O H,valid,,,
Kaznakhtite,Ni^2+^_6_Co^3+^_2_(OH)_16_(CO_3_)·4H_2_O,Ni^2+ Co^3+ O H C,Ni^2+ Co^3+ O H C,Ni Co O H C,Ni^2+ Co^3+ O H C,valid,,,
Keckite,"CaMn^2+^(Fe^3+^,Mn^2+^)_2_Fe^3+^_2_(PO_4_)_4_(OH)_3_·7H_2_O",Ca Mn^2+ Fe^3+ P O H,Ca Mn^2+ Fe^3+ P O H,Ca Mn Fe P O H,Ca Mn^2+ Fe^3+ P O H,valid,,,
Kegelite,Pb^2+^_4_Al_2_Si_4_O_10_(S^6+^O_4_)(CO_3_)_2_(OH)_4_,Pb^2+ Al Si O S^6+ C H,Pb^2+ Al Si O S^6+ C H,Pb Al Si O S C H,Pb^2+ Al Si O S^6+ C H,valid,,,
Kegginite,Pb^2+^_3_Ca_3_[As^5+^V^5+^_12_O_40_(V^5+^O)]·20H_2_O,Pb^2+ Ca As^5+ V^5+ O H,Pb^2+ Ca As^5+ V^5+ O H,Pb Ca As V O H,Pb^2+ Ca As^5+ V^5+ O H,valid,,,
Keilite,Fe^2+^S^2-^,Fe^2+ S^2-,Fe^2+ S^2-,Fe S,Fe^2+ S^2-,valid,,,
Keithconnite,Pd_20_Te_7_,Pd Te,Pd Te,Pd Te,Pd Te,valid,,,
Keiviite-(Y),Y_2_Si_2_O_7_,Y Si O,Y Si O,Y Si O,Y Si O,valid,,,
Keiviite-(Yb),Yb^3+^_2_Si_2_O_7_,Yb^3+ Si O,Yb^3+ Si O,Yb Si O,Yb^3+ Si O,valid,,,
Keldyshite,Na_2_Zr^4+^Si_2_O_7_,Na Zr^4+ Si O,Na Zr^4+ Si O,Na Zr Si O,Na Zr^4+ Si O,valid,,,
Kellyite,"(Mn^2+^,Mg,Al)_3_(Si,Al)_2_O_5_(OH)_4_",Mn^2+ Mg Al Si O H,Mn^2+ Mg Al Si O H,Mn Mg Al Si O H,Mn^2+ Mg Al Si O H,valid,,,
Kelyanite,(Hg_2_)^2+^_6_Sb^3+^O_6_BrCl_2_,Hg Sb^3+ O Br Cl,Hg Sb^3+ O Br Cl,Hg Sb O Br Cl,Hg Sb^3+ O Br Cl,valid,,,
Kemmlitzite,SrAl_3_(As^5+^O_4_)(S^6+^O_4_)(OH)_6_,Sr Al As^5+ O S^6+ H,Sr Al As^5+ O S^6+ H,Sr Al As O S H,Sr Al As^5+ O S^6+ H,valid,,,
Kempite,Mn^2+^_2_Cl(OH)_3_,Mn^2+ Cl O H,Mn^2+ Cl O H,Mn Cl O H,Mn^2+ Cl O H,valid,,,
Kenhsuite,Hg_3_S_2_Cl_2_,Hg S Cl,Hg S Cl,Hg S Cl,Hg S Cl,valid,,,
Kenngottite,Mn^2+^_3_Fe^3+^_4_(PO_4_)_4_(OH)_6_(H_2_O)_2_,Mn^2+ Fe^3+ P O H,Mn^2+ Fe^3+ P O H,Mn Fe P O H,Mn^2+ Fe^3+ P O H,valid,,,
Kennygayite,[Pb^2+^_4_O_2_(OH)_2_](S^6+^O_4_),Pb^2+ O H S^6+,Pb^2+ O H S^6+,Pb O H S,Pb^2+ O H S^6+,valid,,,
Kenoargentotennantite-(Fe),Ag^1+^_6_(Cu^1+^_4_Fe^2+^_2_)As_4_S^2-^_12_[box],Ag^1+ Cu^1+ Fe^2+ As S^2-,Ag^1+ Cu^1+ Fe^2+ As S^2-,Ag Cu Fe As S,Ag^1+ Cu^1+ Fe^2+ As S^2-,valid,,,
Kenoargentotetrahedrite-(Fe),Ag^1+^_6_(Cu^1+^_4_Fe^2+^_2_)Sb_4_S^2-^_12_[box],Ag^1+ Cu^1+ Fe^2+ Sb S^2-,Ag^1+ Cu^1+ Fe^2+ Sb S^2-,Ag Cu Fe Sb S,Ag^1+ Cu^1+ Fe^2+ Sb S^2-,valid,,,
Kenoargentotetrahedrite-(Zn),[Ag_6_]^4+^(Cu^1+^_4_Zn^2+^_2_)Sb^3+^_4_S^2-^_12_[box],Ag Cu^1+ Zn^2+ Sb^3+ S^2-,Ag Cu^1+ Zn^2+ Sb^3+ S^2-,Ag Cu Zn Sb S,Ag Cu^1+ Zn^2+ Sb^3+ S^2-,valid,,,
Kenomicrolite,[box]_2_Ta^5+^_2_[O_4_(OH)_2_][box],Ta^5+ O H,Ta^5+ O H,Ta O H,Ta^5+ O H,valid,,,
Kenoplumbomicrolite,"(Pb^2+^,[box])_2_Ta^5+^_2_O_6_[[box],(OH),O]",Pb^2+ Ta^5+ O H,Pb^2+ Ta^5+ O H,Pb Ta O H,Pb^2+ Ta^5+ O H,valid,,,
Kenorozhdestvenskayaite-(Fe),[Ag_6_]^4+^(Ag^1+^_4_Fe^2+^_2_)Sb^3+^_4_S^2-^_12_[box],Ag Ag^1+ Fe^2+ Sb^3+ S^2-,Ag Ag^1+ Fe^2+ Sb^3+ S^2-,Ag Fe Sb S,Ag Ag^1+ Fe^2+ Sb^3+ S^2-,valid,,,
Kenotobermorite,Ca_4_Si_6_O_15_(OH)_2_·5H_2_O,Ca Si O H,Ca Si O H,Ca Si O H,Ca Si O H,valid,,,
Kentbrooksite,"(Na,REE)_15_(Ca,REE)_6_Mn^2+^_3_Zr^4+^_3_Nb^5+^(Si_25_O_73_)(O,OH,H_2_O)_3_(F,Cl)_2_",Na REE Ca Mn^2+ Zr^4+ Nb^5+ Si O H F Cl,Na REE Ca Mn^2+ Zr^4+ Nb^5+ Si O H F Cl,Na REE Ca Mn Zr Nb Si O H F Cl,Na REE Ca Mn^2+ Zr^4+ Nb^5+ Si O H F Cl,valid,,,
Kentrolite,Pb^2+^_2_Mn^3+^_2_O_2_(Si_2_O_7_),Pb^2+ Mn^3+ O Si,Pb^2+ Mn^3+ O Si,Pb Mn O Si,Pb^2+ Mn^3+ O Si,valid,,,
Kenyaite,Na_2_Si_22_O_41_(OH)_8_·6H_2_O,Na Si O H,Na Si O H,Na Si O H,Na Si O H,valid,,,
Keplerite,Ca_9_(Ca_0.5_[box]_0.5_)Mg(PO_4_)_7_,Ca Mg P O,Ca Mg P O,Ca Mg P O,Ca Mg P O,valid,,,
Kerimasite,Ca_3_Zr^4+^_2_(Fe^3+^_2_Si)O_12_,Ca Zr^4+ Fe^3+ Si O,Ca Zr^4+ Fe^3+ Si O,Ca Zr Fe Si O,Ca Zr^4+ Fe^3+ Si O,valid,,,
Kermesite,Sb^3+^_2_OS^2-^_2_,Sb^3+ O S^2-,Sb^3+ O S^2-,Sb O S,Sb^3+ O S^2-,valid,,,
Kernite,Na_2_B_4_O_6_(OH)_2_·3H_2_O,Na B O H,Na B O H,Na B O H,Na B O H,valid,,,
Kernowite,Cu^2+^_2_Fe^3+^(As^5+^O_4_)(OH)_4_·4H_2_O,Cu^2+ Fe^3+ As^5+ O H,Cu^2+ Fe^3+ As^5+ O H,Cu Fe As O H,Cu^2+ Fe^3+ As^5+ O H,valid,,,
Kesebolite-(Ce),Ce^3+^Ca_2_Mn^2+^(As^5+^O_4_)(SiO_3_)_3_,Ce^3+ Ca Mn^2+ As^5+ O Si,Ce^3+ Ca Mn^2+ As^5+ O Si,Ce Ca Mn As O Si,Ce^3+ Ca Mn^2+ As^5+ O Si,valid,,,
Kësterite,Cu^1+^_2_Zn^2+^Sn^4+^S^2-^_4_,Cu^1+ Zn^2+ Sn^4+ S^2-,Cu^1+ Zn^2+ Sn^4+ S^2-,Cu Zn Sn S,Cu^1+ Zn^2+ Sn^4+ S^2-,valid,,,
Kettnerite,CaBi^3+^O(CO_3_)F,Ca Bi^3+ O C F,Ca Bi^3+ O C F,Ca Bi O C F,Ca Bi^3+ O C F,valid,,,
Keutschite,Ag^1+^Cu_2_AsS^2-^_4_,Ag^1+ Cu As S^2-,Ag^1+ Cu As S^2-,Ag Cu As S,Ag^1+ Cu As S^2-,valid,,,
Keyite,([box]_0.5_Cu^2+^_0.5_)Cu^2+^Cd^2+^Zn^2+^_2_(As^5+^O_4_)_3_·H_2_O,Cu^2+ Cd^2+ Zn^2+ As^5+ O H,Cu^2+ Cd^2+ Zn^2+ As^5+ O H,Cu Cd Zn As O H,Cu^2+ Cd^2+ Zn^2+ As^5+ O H,valid,,,
Keystoneite,Mg_0.5_Ni^2+^Fe^3+^(Te^4+^O_3_)_3_·4H_2_O,Mg Ni^2+ Fe^3+ Te^4+ O H,Mg Ni^2+ Fe^3+ Te^4+ O H,Mg Ni Fe Te O H,Mg Ni^2+ Fe^3+ Te^4+ O H,valid,,,
Khademite,Al(S^6+^O_4_)F·5H_2_O,Al S^6+ O F H,Al S^6+ O F H,Al S O F H,Al S^6+ O F H,valid,,,
Khaidarkanite,Cu^2+^_4_Al_3_(OH)_14_F_3_·2H_2_O,Cu^2+ Al O H F,Cu^2+ Al O H F,Cu Al O H F,Cu^2+ Al O H F,valid,,,
Khamrabaevite,Ti^4+^C^4-^,Ti^4+ C^4-,Ti^4+ C^4-,Ti C,Ti^4+ C^4-,valid,,,
Khanneshite,"(Na,Ca)_3_(Ba,Sr,Ce^3+^,Ca)_3_(CO_3_)_5_",Na Ca Ba Sr Ce^3+ C O,Na Ca Ba Sr Ce^3+ C O,Na Ca Ba Sr Ce C O,Na Ca Ba Sr Ce^3+ C O,valid,,,
Kharaelakhite,"(Cu,Pt,Pb,Fe,Ni)_9_S_8_",Cu Pt Pb Fe Ni S,Cu Pt Pb Fe Ni S,Cu Pt Pb Fe Ni S,Cu Pt Pb Fe Ni S,valid,,,
Khatyrkite,CuAl_2_,Cu Al,Cu Al,Cu Al,Cu Al,valid,,,
Khesinite,Ca_4_(Mg_2_Fe^3+^_10_)O_4_(Fe^3+^_10_Si_2_)O_36_,Ca Mg Fe^3+ O Si,Ca Mg Fe^3+ O Si,Ca Mg Fe O Si,Ca Mg Fe^3+ O Si,valid,,,
Khibinskite,K_2_Zr^4+^Si_2_O_7_,K Zr^4+ Si O,K Zr^4+ Si O,K Zr Si O,K Zr^4+ Si O,valid,,,
Khinite,Cu^2+^_3_Pb^2+^Te^6+^O_6_(OH)_2_,Cu^2+ Pb^2+ Te^6+ O H,Cu^2+ Pb^2+ Te^6+ O H,Cu Pb Te O H,Cu^2+ Pb^2+ Te^6+ O H,valid,,,
Khmaralite,Mg_4_(Mg_3_Al_9_)O_4_[Si_5_Be_2_Al_5_O_36_],Mg Al O Si Be,Mg Al O Si Be,Mg Al O Si Be,Mg Al O Si Be,valid,,,
Khomyakovite,"Na_12_Ca_6_Sr_3_Fe^2+^_3_W^6+^Zr^4+^_3_(Si_25_O_73_)(O,OH,H_2_O)_3_(Cl,OH)_2_",Na Ca Sr Fe^2+ W^6+ Zr^4+ Si O H Cl,Na Ca Sr Fe^2+ W^6+ Zr^4+ Si O H Cl,Na Ca Sr Fe W Zr Si O H Cl,Na Ca Sr Fe^2+ W^6+ Zr^4+ Si O H Cl,valid,,,
Khorixasite,(Bi^3+^_0.67_[box]_0.33_)Cu^2+^(V^5+^O_4_)(OH),Bi^3+ Cu^2+ V^5+ O H,Bi^3+ Cu^2+ V^5+ O H,Bi Cu V O H,Bi^3+ Cu^2+ V^5+ O H,valid,,,
Khrenovite,Na_3_Fe^3+^_2_(As^5+^O_4_)_3_,Na Fe^3+ As^5+ O,Na Fe^3+ As^5+ O,Na Fe As O,Na Fe^3+ As^5+ O,valid,,,
Khristovite-(Ce),CaCe^3+^(MgAlMn^2+^)(Si_2_O_7_)(SiO_4_)F(OH),Ca Ce^3+ Mg Al Mn^2+ Si O F H,Ca Ce^3+ Mg Al Mn^2+ Si O F H,Ca Ce Mg Al Mn Si O F H,Ca Ce^3+ Mg Al Mn^2+ Si O F H,valid,,,
Khurayyimite,Ca_7_Zn^2+^_4_(Si_2_O_7_)_2_(OH)_10_·4H_2_O,Ca Zn^2+ Si O H,Ca Zn^2+ Si O H,Ca Zn Si O H,Ca Zn^2+ Si O H,valid,,,
Khvorovite,Pb^2+^_4_Ca_2_[Si_8_B_2_(SiB)O_28_]F,Pb^2+ Ca Si B O F,Pb^2+ Ca Si B O F,Pb Ca Si B O F,Pb^2+ Ca Si B O F,valid,,,
Kiddcreekite,Cu_6_WSnS_8_,Cu W Sn S,Cu W Sn S,Cu W Sn S,Cu W Sn S,valid,,,
Kidodite,BaMg_2_Fe^3+^_16_O_27_,Ba Mg Fe^3+ O,Ba Mg Fe^3+ O,Ba Mg Fe O,Ba Mg Fe^3+ O,valid,,,
Kidwellite,NaFe^3+^_9+x_(PO_4_)_6_(OH)_11_·3H_2_O (x ≈ 1/3),Na Fe^3+ P O H,Na Fe^3+ P O H,Na Fe P O H,Na Fe^3+ P O H,valid,,,
Kieftite,CoSb_3_,Co Sb,Co Sb,Co Sb,Co Sb,valid,,,
Kieserite,MgS^6+^O_4_·H_2_O,Mg S^6+ O H,Mg S^6+ O H,Mg S O H,Mg S^6+ O H,valid,,,
Kihlmanite-(Ce),Ce^3+^_2_Ti^4+^O_2_(SiO_4_)(HCO_3_)_2_·H_2_O,Ce^3+ Ti^4+ O Si H C,Ce^3+ Ti^4+ O Si H C,Ce Ti O Si H C,Ce^3+ Ti^4+ O Si H C,valid,,,
Kilchoanite,Ca_6_(SiO_4_)(Si_3_O_10_),Ca Si O,Ca Si O,Ca Si O,Ca Si O,valid,,,
Killalaite,Ca_3.2_[H_0.6_Si_2_O_7_](OH),Ca H Si O,Ca H Si O,Ca H Si O,Ca H Si O,valid,,,
Kimrobinsonite,"Ta^5+^(OH)_3_(O,CO_3_)",Ta^5+ O H C,Ta^5+ O H C,Ta O H C,Ta^5+ O H C,valid,,,
Kimuraite-(Y),CaY_2_(CO_3_)_4_·6H_2_O,Ca Y C O H,Ca Y C O H,Ca Y C O H,Ca Y C O H,valid,,,
Kimzeyite,Ca_3_Zr^4+^_2_(Al_2_Si)O_12_,Ca Zr^4+ Al Si O,Ca Zr^4+ Al Si O,Ca Zr Al Si O,Ca Zr^4+ Al Si O,valid,,,
Kingite,Al_3_(PO_4_)_2_F_2_(OH)·7H_2_O,Al P O F H,Al P O F H,Al P O F H,Al P O F H,valid,,,
Kingsgateite,Zr^4+^Mo^6+^_2_O_7_(OH)_2_·2H_2_O,Zr^4+ Mo^6+ O H,Zr^4+ Mo^6+ O H,Zr Mo O H,Zr^4+ Mo^6+ O H,valid,,,
Kingsmountite,Ca_3_Mn^2+^Fe^2+^Al_4_(PO_4_)_6_(OH)_4_·12H_2_O,Ca Mn^2+ Fe^2+ Al P O H,Ca Mn^2+ Fe^2+ Al P O H,Ca Mn Fe Al P O H,Ca Mn^2+ Fe^2+ Al P O H,valid,,,
Kingstonite,Rh_3_S_4_,Rh S,Rh S,Rh S,Rh S,valid,,,
Kinichilite,Mg_0.5_Mn^2+^Fe^3+^(Te^4+^O_3_)_3_·4.5H_2_O,Mg Mn^2+ Fe^3+ Te^4+ O H,Mg Mn^2+ Fe^3+ Te^4+ O H,Mg Mn Fe Te O H,Mg Mn^2+ Fe^3+ Te^4+ O H,valid,,,
Kinoite,Ca_2_Cu^2+^_2_Si_3_O_10_·2H_2_O,Ca Cu^2+ Si O H,Ca Cu^2+ Si O H,Ca Cu Si O H,Ca Cu^2+ Si O H,valid,,,
Kinoshitalite,BaMg_3_(Si_2_Al_2_)O_10_(OH)_2_,Ba Mg Si Al O H,Ba Mg Si Al O H,Ba Mg Si Al O H,Ba Mg Si Al O H,valid,,,
Kintoreite,Pb^2+^Fe^3+^_3_(PO_4_)(PO_3_OH)(OH)_6_,Pb^2+ Fe^3+ P O H,Pb^2+ Fe^3+ P O H,Pb Fe P O H,Pb^2+ Fe^3+ P O H,valid,,,
Kipushite,Cu^2+^_6_(PO_4_)_2_(OH)_6_·H_2_O,Cu^2+ P O H,Cu^2+ P O H,Cu P O H,Cu^2+ P O H,valid,,,
Kircherite,(Na_5_Ca_2_K)(Si_6_Al_6_O_24_)(S^6+^O_4_)_2_·0.33H_2_O,Na Ca K Si Al O S^6+ H,Na Ca K Si Al O S^6+ H,Na Ca K Si Al O S H,Na Ca K Si Al O S^6+ H,valid,,,
Kirchhoffite,CsBSi_2_O_6_,Cs B Si O,Cs B Si O,Cs B Si O,Cs B Si O,valid,,,
Kirkiite,Pb^2+^_10_Bi^3+^_3_As^3+^_3_S^2-^_19_,Pb^2+ Bi^3+ As^3+ S^2-,Pb^2+ Bi^3+ As^3+ S^2-,Pb Bi As S,Pb^2+ Bi^3+ As^3+ S^2-,valid,,,
Kirschsteinite,CaFe^2+^SiO_4_,Ca Fe^2+ Si O,Ca Fe^2+ Si O,Ca Fe Si O,Ca Fe^2+ Si O,valid,,,
Kiryuite,NaMn^2+^Al(PO_4_)F_3_,Na Mn^2+ Al P O F,Na Mn^2+ Al P O F,Na Mn Al P O F,Na Mn^2+ Al P O F,valid,,,
Kishonite,VH_2_,V H,V H,V H,V H,valid,,,
Kitagohaite,Pt_7_Cu,Pt Cu,Pt Cu,Pt Cu,Pt Cu,valid,,,
Kitkaite,NiTeSe,Ni Te Se,Ni Te Se,Ni Te Se,Ni Te Se,valid,,,
Kittatinnyite,Ca_2_Mn^2+^Mn^3+^_2_(SiO_4_)_2_(OH)_4_·9H_2_O,Ca Mn^2+ Mn^3+ Si O H,Ca Mn^2+ Mn^3+ Si O H,Ca Mn Si O H,Ca Mn^2+ Mn^3+ Si O H,valid,,,
Kladnoite,C_6_H_4_(CO)_2_NH,C H O N,C H O N,C H O N,C H O N,valid,,,
Klajite,Mn^2+^Cu^2+^_4_(As^5+^O_4_)_2_(As^5+^O_3_OH)_2_·9H_2_O,Mn^2+ Cu^2+ As^5+ O H,Mn^2+ Cu^2+ As^5+ O H,Mn Cu As O H,Mn^2+ Cu^2+ As^5+ O H,valid,,,
Klaprothite,Na_6_(U^6+^O_2_)(S^6+^O_4_)_4_·4H_2_O,Na U^6+ O S^6+ H,Na U^6+ O S^6+ H,Na U O S H,Na U^6+ O S^6+ H,valid,,,
Klebelsbergite,Sb^3+^_4_O_4_(S^6+^O_4_)(OH)_2_,Sb^3+ O S^6+ H,Sb^3+ O S^6+ H,Sb O S H,Sb^3+ O S^6+ H,valid,,,
Kleberite,Fe^3+^Ti^4+^_6_O_11_(OH)_5_,Fe^3+ Ti^4+ O H,Fe^3+ Ti^4+ O H,Fe Ti O H,Fe^3+ Ti^4+ O H,valid,,,
Kleemanite,Zn^2+^Al_2_(PO_4_)_2_(OH)_2_·3H_2_O,Zn^2+ Al P O H,Zn^2+ Al P O H,Zn Al P O H,Zn^2+ Al P O H,valid,,,
Kleinite,"(Hg_2_N)^1+^(Cl,S^6+^O_4_)·nH_2_O",Hg N Cl S^6+ O H,Hg N Cl S^6+ O H,Hg N Cl S O H,Hg N Cl S^6+ O H,valid,,,
Klöchite,(Fe^2+^Fe^3+^)[box]_2_KZn^2+^_3_(Si_12_O_30_),Fe^2+ Fe^3+ K Zn^2+ Si O,Fe^2+ Fe^3+ K Zn^2+ Si O,Fe K Zn Si O,Fe^2+ Fe^3+ K Zn^2+ Si O,valid,,,
Klockmannite,Cu_5.2_Se_6_,Cu Se,Cu Se,Cu Se,Cu Se,valid,,,
Klyuchevskite,K_3_Cu^2+^_3_Fe^3+^O_2_(S^6+^O_4_)_4_,K Cu^2+ Fe^3+ O S^6+,K Cu^2+ Fe^3+ O S^6+,K Cu Fe O S,K Cu^2+ Fe^3+ O S^6+,valid,,,
Knasibfite,K_3_Na_4_(SiF_6_)_3_(BF_4_),K Na Si F B,K Na Si F B,K Na Si F B,K Na Si F B,valid,,,
Knorringite,Mg_3_Cr^3+^_2_(SiO_4_)_3_,Mg Cr^3+ Si O,Mg Cr^3+ Si O,Mg Cr Si O,Mg Cr^3+ Si O,valid,,,
Koashvite,Na_6_CaTi^4+^Si_6_O_18_,Na Ca Ti^4+ Si O,Na Ca Ti^4+ Si O,Na Ca Ti Si O,Na Ca Ti^4+ Si O,valid,,,
Kobeite-(Y),"(Y,U^6+^,U^4+^)(Ti^4+^,Nb^5+^)_2_(O,OH)_6_",Y U^6+ U^4+ Ti^4+ Nb^5+ O H,Y U^6+ U^4+ Ti^4+ Nb^5+ O H,Y U Ti Nb O H,Y U^6+ U^4+ Ti^4+ Nb^5+ O H,valid,,,
Kobellite,"Pb^2+^_11_(Cu^1+^,Fe^2+^)_2_(Bi^3+^,Sb^3+^)_15_S^2-^_35_",Pb^2+ Cu^1+ Fe^2+ Bi^3+ Sb^3+ S^2-,Pb^2+ Cu^1+ Fe^2+ Bi^3+ Sb^3+ S^2-,Pb Cu Fe Bi Sb S,Pb^2+ Cu^1+ Fe^2+ Bi^3+ Sb^3+ S^2-,valid,,,
Kobokoboite,Al_6_(PO_4_)_4_(OH)_6_·11H_2_O,Al P O H,Al P O H,Al P O H,Al P O H,valid,,,
Kobyashevite,Cu^2+^_5_(S^6+^O_4_)_2_(OH)_6_·4H_2_O,Cu^2+ S^6+ O H,Cu^2+ S^6+ O H,Cu S O H,Cu^2+ S^6+ O H,valid,,,
Kochite,Ca_2_(Mn^2+^Zr^4+^)Na_3_Ti^4+^(Si_2_O_7_)_2_(OF)F_2_,Ca Mn^2+ Zr^4+ Na Ti^4+ Si O F,Ca Mn^2+ Zr^4+ Na Ti^4+ Si O F,Ca Mn Zr Na Ti Si O F,Ca Mn^2+ Zr^4+ Na Ti^4+ Si O F,valid,,,
Kochkarite,Pb^2+^Bi^3+^_4_Te^2-^_7_,Pb^2+ Bi^3+ Te^2-,Pb^2+ Bi^3+ Te^2-,Pb Bi Te,Pb^2+ Bi^3+ Te^2-,valid,,,
Kochsándorite,CaAl_2_(CO_3_)_2_(OH)_4_·H_2_O,Ca Al C O H,Ca Al C O H,Ca Al C O H,Ca Al C O H,valid,,,
Kodamaite,Na_3_(Ca_5_Na)Si_16_O_36_(OH)_4_F_2_·(14-x)H_2_O (x ~ 5),Na Ca Si O H F,Na Ca Si O H F,Na Ca Si O H F,Na Ca Si O H F,valid,,,
Koechlinite,Bi^3+^_2_Mo^6+^O_6_,Bi^3+ Mo^6+ O,Bi^3+ Mo^6+ O,Bi Mo O,Bi^3+ Mo^6+ O,valid,,,
Koenenite,Na_4_Mg_9_Al_4_Cl_12_(OH)_22_,Na Mg Al Cl O H,Na Mg Al Cl O H,Na Mg Al Cl O H,Na Mg Al Cl O H,valid,,,
Kogarkoite,Na_3_S^6+^O_4_F,Na S^6+ O F,Na S^6+ O F,Na S O F,Na S^6+ O F,valid,,,
Kojonenite,Pd_7-x_SnTe_2_ (0.3 ≤ x ≤ 0.8),Pd Sn Te,Pd Sn Te,Pd Sn Te,Pd Sn Te,valid,,,
Kokchetavite,KAlSi_3_O_8_,K Al Si O,K Al Si O,K Al Si O,K Al Si O,valid,,,
Kokinosite,Na_2_Ca_2_[V^5+^_10_O_28_]·24H_2_O,Na Ca V^5+ O H,Na Ca V^5+ O H,Na Ca V O H,Na Ca V^5+ O H,valid,,,
Koksharovite,CaMg_2_Fe^3+^_4_(V^5+^O_4_)_6_,Ca Mg Fe^3+ V^5+ O,Ca Mg Fe^3+ V^5+ O,Ca Mg Fe V O,Ca Mg Fe^3+ V^5+ O,valid,,,
Koktaite,(N^3-^H_4_)_2_Ca(S^6+^O_4_)_2_·H_2_O,N^3- H Ca S^6+ O,N^3- H Ca S^6+ O,N H Ca S O,N^3- H Ca S^6+ O,valid,,,
Kolarite,PbTeCl_2_,Pb Te Cl,Pb Te Cl,Pb Te Cl,Pb Te Cl,valid,,,
Kolbeckite,ScPO_4_·2H_2_O,Sc P O H,Sc P O H,Sc P O H,Sc P O H,valid,,,
Kolfanite,Ca_2_Fe^3+^_3_O_2_(As^5+^O_4_)_3_·2H_2_O,Ca Fe^3+ O As^5+ H,Ca Fe^3+ O As^5+ H,Ca Fe O As H,Ca Fe^3+ O As^5+ H,valid,,,
Kolicite,Zn^2+^_4_Mn^2+^_7_(As^5+^O_4_)_2_(SiO_4_)_2_(OH)_8_,Zn^2+ Mn^2+ As^5+ O Si H,Zn^2+ Mn^2+ As^5+ O Si H,Zn Mn As O Si H,Zn^2+ Mn^2+ As^5+ O Si H,valid,,,
Kolitschite,Pb^2+^[Zn^2+^_0.5_[box]_0.5_]Fe^3+^_3_(As^5+^O_4_)_2_(OH)_6_,Pb^2+ Zn^2+ Fe^3+ As^5+ O H,Pb^2+ Zn^2+ Fe^3+ As^5+ O H,Pb Zn Fe As O H,Pb^2+ Zn^2+ Fe^3+ As^5+ O H,valid,,,
Kollerite,(N^3-^H_4_)_2_Fe^3+^(S^4+^O_3_)_2_(OH)·H_2_O,N^3- H Fe^3+ S^4+ O,N^3- H Fe^3+ S^4+ O,N H Fe S O,N^3- H Fe^3+ S^4+ O,valid,,,
Kolovratite,"(Ni^2+^,Zn^2+^)_x_V^5+^O_4_·nH_2_O",Ni^2+ Zn^2+ V^5+ O H,Ni^2+ Zn^2+ V^5+ O H,Ni Zn V O H,Ni^2+ Zn^2+ V^5+ O H,valid,,,
Kolskyite,(Ca[box])Ti^4+^_2_Na_2_Ti_2_(Si_2_O_7_)_2_O_4_(H_2_O)_2_(H_2_O)_5_,Ca Ti^4+ Na Ti Si O H,Ca Ti^4+ Na Ti Si O H,Ca Ti Na Si O H,Ca Ti^4+ Na Ti Si O H,valid,,,
Kolwezite,Cu^2+^Co^2+^CO_3_(OH)_2_,Cu^2+ Co^2+ C O H,Cu^2+ Co^2+ C O H,Cu Co C O H,Cu^2+ Co^2+ C O H,valid,,,
Kolymite,Cu_7_Hg_6_,Cu Hg,Cu Hg,Cu Hg,Cu Hg,valid,,,
Komarovite,"(Ca,Sr,Na)_6-x_(Nb^5+^,Ti^4+^)_6_(Si_4_O_12_)(O,OH,F)_16_·nH_2_O",Ca Sr Na Nb^5+ Ti^4+ Si O H F,Ca Sr Na Nb^5+ Ti^4+ Si O H F,Ca Sr Na Nb Ti Si O H F,Ca Sr Na Nb^5+ Ti^4+ Si O H F,valid,,,
Kombatite,Pb^2+^_14_O_9_(V^5+^O_4_)_2_Cl_4_,Pb^2+ O V^5+ Cl,Pb^2+ O V^5+ Cl,Pb O V Cl,Pb^2+ O V^5+ Cl,valid,,,
Komkovite,BaZr^4+^Si_3_O_9_·3H_2_O,Ba Zr^4+ Si O H,Ba Zr^4+ Si O H,Ba Zr Si O H,Ba Zr^4+ Si O H,valid,,,
Konderite,Pb^2+^Cu^2+^_3_Rh^3+^_8_S^2-^_16_,Pb^2+ Cu^2+ Rh^3+ S^2-,Pb^2+ Cu^2+ Rh^3+ S^2-,Pb Cu Rh S,Pb^2+ Cu^2+ Rh^3+ S^2-,valid,,,
Koninckite,Fe^3+^PO_4_·3H_2_O,Fe^3+ P O H,Fe^3+ P O H,Fe P O H,Fe^3+ P O H,valid,,,
Kononovite,NaMg(S^6+^O_4_)F,Na Mg S^6+ O F,Na Mg S^6+ O F,Na Mg S O F,Na Mg S^6+ O F,valid,,,
Konyaite,Na_2_Mg(S^6+^O_4_)_2_·5H_2_O,Na Mg S^6+ O H,Na Mg S^6+ O H,Na Mg S O H,Na Mg S^6+ O H,valid,,,
Konzettite,CaMn^4+^Te^6+^O_6_,Ca Mn^4+ Te^6+ O,Ca Mn^4+ Te^6+ O,Ca Mn Te O,Ca Mn^4+ Te^6+ O,valid,,,
Kopernikite,K(Ti^4+^_7_Cr^3+^)O_16_,K Ti^4+ Cr^3+ O,K Ti^4+ Cr^3+ O,K Ti Cr O,K Ti^4+ Cr^3+ O,valid,,,
Kopylovite,K_2_Ti^4+^(Si_3_O_9_),K Ti^4+ Si O,K Ti^4+ Si O,K Ti Si O,K Ti^4+ Si O,valid,,,
Koragoite,"Mn^2+^_2_Mn^3+^Nb^5+^_2_(Nb^5+^,Ta^5+^)_3_W^6+^_2_O_20_",Mn^2+ Mn^3+ Nb^5+ Ta^5+ W^6+ O,Mn^2+ Mn^3+ Nb^5+ Ta^5+ W^6+ O,Mn Nb Ta W O,Mn^2+ Mn^3+ Nb^5+ Ta^5+ W^6+ O,valid,,,
Koritnigite,Zn^2+^(As^5+^O_3_OH)·H_2_O,Zn^2+ As^5+ O H,Zn^2+ As^5+ O H,Zn As O H,Zn^2+ As^5+ O H,valid,,,
Kornelite,Fe^3+^_2_(S^6+^O_4_)_3_·7H_2_O,Fe^3+ S^6+ O H,Fe^3+ S^6+ O H,Fe S O H,Fe^3+ S^6+ O H,valid,,,
Kornerupine,"(Mg,Fe^2+^,Al,[box])_10_(Si,Al,B)_5_O_21_(OH,F)_2_",Mg Fe^2+ Al Si B O H F,Mg Fe^2+ Al Si B O H F,Mg Fe Al Si B O H F,Mg Fe^2+ Al Si B O H F,valid,,,
Korobitsynite,"(Na,[box])_4_Ti^4+^_2_(Si_4_O_12_)(O,OH)_2_·4H_2_O",Na Ti^4+ Si O H,Na Ti^4+ Si O H,Na Ti Si O H,Na Ti^4+ Si O H,valid,,,
Korshunovskite,Mg_2_Cl(OH)_3_(H_2_O)_3_·H_2_O,Mg Cl O H,Mg Cl O H,Mg Cl O H,Mg Cl O H,valid,,,
Koryakite,NaKMg_2_Al_2_(S^6+^O_4_)_6_,Na K Mg Al S^6+ O,Na K Mg Al S^6+ O,Na K Mg Al S O,Na K Mg Al S^6+ O,valid,,,
Korzhinskite,CaB_2_O_4_·0.5H_2_O,Ca B O H,Ca B O H,Ca B O H,Ca B O H,valid,,,
Kosmochlor,NaCr^3+^Si_2_O_6_,Na Cr^3+ Si O,Na Cr^3+ Si O,Na Cr Si O,Na Cr^3+ Si O,valid,,,
Kosnarite,KZr^4+^_2_(PO_4_)_3_,K Zr^4+ P O,K Zr^4+ P O,K Zr P O,K Zr^4+ P O,valid,,,
Kostovite,AuCuTe_4_,Au Cu Te,Au Cu Te,Au Cu Te,Au Cu Te,valid,,,
Kostylevite,K_2_Zr^4+^Si_3_O_9_·H_2_O,K Zr^4+ Si O H,K Zr^4+ Si O H,K Zr Si O H,K Zr^4+ Si O H,valid,,,
Kotoite,Mg_3_(BO_3_)_2_,Mg B O,Mg B O,Mg B O,Mg B O,valid,,,
Kottenheimite,Ca_3_Si(S^6+^O_4_)_2_(OH)_6_·12H_2_O,Ca Si S^6+ O H,Ca Si S^6+ O H,Ca Si S O H,Ca Si S^6+ O H,valid,,,
Köttigite,Zn^2+^_3_(As^5+^O_4_)_2_·8H_2_O,Zn^2+ As^5+ O H,Zn^2+ As^5+ O H,Zn As O H,Zn^2+ As^5+ O H,valid,,,
Kotulskite,"Pd(Te,Bi)_2-x_ (x ≈ 0.4)",Pd Te Bi,Pd Te Bi,Pd Te Bi,Pd Te Bi,valid,,,
Koutekite,Cu_5_As_2_,Cu As,Cu As,Cu As,Cu As,valid,,,
Kovdorskite,Mg_2_PO_4_(OH)·3H_2_O,Mg P O H,Mg P O H,Mg P O H,Mg P O H,valid,,,
Kozłowskiite,Ca_4_Fe^2+^Sn^4+^_3_(Si_2_O_7_)_2_(Si_2_O_6_OH)_2_,Ca Fe^2+ Sn^4+ Si O H,Ca Fe^2+ Sn^4+ Si O H,Ca Fe Sn Si O H,Ca Fe^2+ Sn^4+ Si O H,valid,,,
Kozoite-(La),LaCO_3_(OH),La C O H,La C O H,La C O H,La C O H,valid,,,
Kozoite-(Nd),NdCO_3_(OH),Nd C O H,Nd C O H,Nd C O H,Nd C O H,valid,,,
Kozyrevskite,Cu^2+^_4_O(As^5+^O_4_)_2_,Cu^2+ O As^5+,Cu^2+ O As^5+,Cu O As,Cu^2+ O As^5+,valid,,,
Kraisslite,"Zn^2+^_3_(Mn^2+^,Mg)_25_(Fe^3+^,Al)(As^3+^O_3_)_2_[(Si,As^5+^)O_4_]_10_(OH)_16_",Zn^2+ Mn^2+ Mg Fe^3+ Al As^3+ O Si As^5+ H,Zn^2+ Mn^2+ Mg Fe^3+ Al As^3+ O Si As^5+ H,Zn Mn Mg Fe Al As O Si H,Zn^2+ Mn^2+ Mg Fe^3+ Al As^3+ O Si As^5+ H,valid,,,
Králíkite,BaCl_2_·2H_2_O,Ba Cl H O,Ba Cl H O,Ba Cl H O,Ba Cl H O,valid,,,
Krasheninnikovite,KNa_2_CaMg(S^6+^O_4_)_3_F,K Na Ca Mg S^6+ O F,K Na Ca Mg S^6+ O F,K Na Ca Mg S O F,K Na Ca Mg S^6+ O F,valid,,,
Krásnoite,Ca_3_Al_7.7_Si_3_P_4_O_23.5_(OH)_12.1_F_2_·8H_2_O,Ca Al Si P O H F,Ca Al Si P O H F,Ca Al Si P O H F,Ca Al Si P O H F,valid,,,
Krasnoshteinite,Al_8_[B_2_O_4_(OH)_2_](OH)_16_Cl_4_·7H_2_O,Al B O H Cl,Al B O H Cl,Al B O H Cl,Al B O H Cl,valid,,,
Krasnovite,"Ba(Al,Mg)(PO_4_,CO_3_)(OH)_2_·H_2_O",Ba Al Mg P O C H,Ba Al Mg P O C H,Ba Al Mg P O C H,Ba Al Mg P O C H,valid,,,
Kratochvílite,C_13_H_10_,C H,C H,C H,C H,valid,,,
Krausite,KFe^3+^(S^6+^O_4_)_2_·H_2_O,K Fe^3+ S^6+ O H,K Fe^3+ S^6+ O H,K Fe S O H,K Fe^3+ S^6+ O H,valid,,,
Krauskopfite,BaSi_2_O_5_·3H_2_O,Ba Si O H,Ba Si O H,Ba Si O H,Ba Si O H,valid,,,
Krautite,Mn^2+^(As^5+^O_3_OH)·H_2_O,Mn^2+ As^5+ O H,Mn^2+ As^5+ O H,Mn As O H,Mn^2+ As^5+ O H,valid,,,
Kravtsovite,PdAg_2_S,Pd Ag S,Pd Ag S,Pd Ag S,Pd Ag S,valid,,,
Kreiterite,CsLi_2_Fe^3+^Si_4_O_10_F_2_,Cs Li Fe^3+ Si O F,Cs Li Fe^3+ Si O F,Cs Li Fe Si O F,Cs Li Fe^3+ Si O F,valid,,,
Kremersite,(N^3-^H_4_)_2_Fe^3+^Cl_5_·H_2_O,N^3- H Fe^3+ Cl O,N^3- H Fe^3+ Cl O,N H Fe Cl O,N^3- H Fe^3+ Cl O,valid,,,
Krennerite,Au_3_AgTe_8_,Au Ag Te,Au Ag Te,Au Ag Te,Au Ag Te,valid,,,
Krettnichite,Pb^2+^Mn^3+^_2_(V^5+^O_4_)_2_(OH)_2_,Pb^2+ Mn^3+ V^5+ O H,Pb^2+ Mn^3+ V^5+ O H,Pb Mn V O H,Pb^2+ Mn^3+ V^5+ O H,valid,,,
Kribergite,Al_5_(PO_4_)_3_(S^6+^O_4_)(OH)_4_·4H_2_O,Al P O S^6+ H,Al P O S^6+ H,Al P O S H,Al P O S^6+ H,valid,,,
Krieselite,Al_2_GeO_4_F_2_,Al Ge O F,Al Ge O F,Al Ge O F,Al Ge O F,valid,,,
Krinovite,Na_4_(Mg_8_Cr^3+^_4_)O_4_[Si_12_O_36_],Na Mg Cr^3+ O Si,Na Mg Cr^3+ O Si,Na Mg Cr O Si,Na Mg Cr^3+ O Si,valid,,,
Kristekite,Cu^2+^_2_(H_2_O)_4_(U^6+^O_2_)(Se^4+^O_3_)_3_·4H_2_O,Cu^2+ H O U^6+ Se^4+,Cu^2+ H O U^6+ Se^4+,Cu H O U Se,Cu^2+ H O U^6+ Se^4+,valid,,,
Kristiansenite,Ca_4_Sc_2_Sn^4+^_2_(Si_2_O_7_)_2_(Si_2_O_6_OH)_2_,Ca Sc Sn^4+ Si O H,Ca Sc Sn^4+ Si O H,Ca Sc Sn Si O H,Ca Sc Sn^4+ Si O H,valid,,,
Kristjánite,KNa_2_H(S^6+^O_4_)_2_,K Na H S^6+ O,K Na H S^6+ O,K Na H S O,K Na H S^6+ O,valid,,,
Krivovichevite,Pb^2+^_3_Al(OH)_6_S^6+^O_4_(OH),Pb^2+ Al O H S^6+,Pb^2+ Al O H S^6+,Pb Al O H S,Pb^2+ Al O H S^6+,valid,,,
Kröhnkite,Na_2_Cu^2+^(S^6+^O_4_)_2_·2H_2_O,Na Cu^2+ S^6+ O H,Na Cu^2+ S^6+ O H,Na Cu S O H,Na Cu^2+ S^6+ O H,valid,,,
Krotite,CaAl_2_O_4_,Ca Al O,Ca Al O,Ca Al O,Ca Al O,valid,,,
Kroupaite,KPb^2+^_0.5_[(U^6+^O_2_)_8_O_4_(OH)_10_]·10H_2_O,K Pb^2+ U^6+ O H,K Pb^2+ U^6+ O H,K Pb U O H,K Pb^2+ U^6+ O H,valid,,,
Krügerite,BaCa_6_(SiO_4_)_2_[(P_0.5_S^6+^_0.5_)O_4_]_2_F,Ba Ca Si O P S^6+ F,Ba Ca Si O P S^6+ F,Ba Ca Si O P S F,Ba Ca Si O P S^6+ F,valid,,,
Kruijenite,Ca_4_Al_4_(S^6+^O_4_)F_2_(OH)_16_·2H_2_O,Ca Al S^6+ O F H,Ca Al S^6+ O F H,Ca Al S O F H,Ca Al S^6+ O F H,valid,,,
Krupičkaite,Cu^2+^_6_[As^5+^O_3_(OH)]_6_·8H_2_O,Cu^2+ As^5+ O H,Cu^2+ As^5+ O H,Cu As O H,Cu^2+ As^5+ O H,valid,,,
Krupkaite,Cu^1+^Pb^2+^Bi^3+^_3_S^2-^_6_,Cu^1+ Pb^2+ Bi^3+ S^2-,Cu^1+ Pb^2+ Bi^3+ S^2-,Cu Pb Bi S,Cu^1+ Pb^2+ Bi^3+ S^2-,valid,,,
Krut'aite,Cu^2+^(Se_2_)^2-^,Cu^2+ Se,Cu^2+ Se,Cu Se,Cu^2+ Se,valid,,,
Krutovite,NiAs_2_,Ni As,Ni As,Ni As,Ni As,valid,,,
Kryachkoite,"(Al,Cu)_6_(Fe,Cu)",Al Cu Fe,Al Cu Fe,Al Cu Fe,Al Cu Fe,valid,,,
Kryzaite,Na_4_(MgCr^3+^)(PO_4_)_3_,Na Mg Cr^3+ P O,Na Mg Cr^3+ P O,Na Mg Cr P O,Na Mg Cr^3+ P O,valid,,,
Kryzhanovskite,"(Fe^3+^,Mn^2+^)_3_(PO_4_)_2_(OH,H_2_O)_3_",Fe^3+ Mn^2+ P O H,Fe^3+ Mn^2+ P O H,Fe Mn P O H,Fe^3+ Mn^2+ P O H,valid,,,
Ktenasite,Zn^2+^Cu^2+^_4_(S^6+^O_4_)_2_(OH)_6_·6H_2_O,Zn^2+ Cu^2+ S^6+ O H,Zn^2+ Cu^2+ S^6+ O H,Zn Cu S O H,Zn^2+ Cu^2+ S^6+ O H,valid,,,
Kuannersuite-(Ce),NaCe^3+^Ba_3_(PO_4_)_3_F_0.5_Cl_0.5_,Na Ce^3+ Ba P O F Cl,Na Ce^3+ Ba P O F Cl,Na Ce Ba P O F Cl,Na Ce^3+ Ba P O F Cl,valid,,,
Kudriavite,"(Cd^2+^,Pb^2+^)Bi^3+^_2_S^2-^_4_",Cd^2+ Pb^2+ Bi^3+ S^2-,Cd^2+ Pb^2+ Bi^3+ S^2-,Cd Pb Bi S,Cd^2+ Pb^2+ Bi^3+ S^2-,valid,,,
Kudryavtsevaite,Na_3_MgFe^3+^Ti^4+^_4_O_12_,Na Mg Fe^3+ Ti^4+ O,Na Mg Fe^3+ Ti^4+ O,Na Mg Fe Ti O,Na Mg Fe^3+ Ti^4+ O,valid,,,
Kufahrite,PtPb,Pt Pb,Pt Pb,Pt Pb,Pt Pb,valid,,,
Kukharenkoite-(Ce),Ba_2_Ce^3+^(CO_3_)_3_F,Ba Ce^3+ C O F,Ba Ce^3+ C O F,Ba Ce C O F,Ba Ce^3+ C O F,valid,,,
Kukharenkoite-(La),Ba_2_La(CO_3_)_3_F,Ba La C O F,Ba La C O F,Ba La C O F,Ba La C O F,valid,,,
Kukisvumite,Na_6_Zn^2+^Ti^4+^_4_O_4_(SiO_3_)_8_·4H_2_O,Na Zn^2+ Ti^4+ O Si H,Na Zn^2+ Ti^4+ O Si H,Na Zn Ti O Si H,Na Zn^2+ Ti^4+ O Si H,valid,,,
Kuksite,Pb^2+^_3_Zn^2+^_3_Te^6+^O_6_(PO_4_)_2_,Pb^2+ Zn^2+ Te^6+ O P,Pb^2+ Zn^2+ Te^6+ O P,Pb Zn Te O P,Pb^2+ Zn^2+ Te^6+ O P,valid,,,
Kulanite,BaFe^2+^_2_Al_2_(PO_4_)_3_(OH)_3_,Ba Fe^2+ Al P O H,Ba Fe^2+ Al P O H,Ba Fe Al P O H,Ba Fe^2+ Al P O H,valid,,,
Kuliginite,Fe^2+^_3_Mg(OH)_6_Cl_2_,Fe^2+ Mg O H Cl,Fe^2+ Mg O H Cl,Fe Mg O H Cl,Fe^2+ Mg O H Cl,valid,,,
Kuliokite-(Y),Y_4_Al(SiO_4_)_2_(OH)_2_F_5_,Y Al Si O H F,Y Al Si O H F,Y Al Si O H F,Y Al Si O H F,valid,,,
Kulkeite,"Na_0.3_Mg_8_Al(Si,Al)_8_O_20_(OH)_10_",Na Mg Al Si O H,Na Mg Al Si O H,Na Mg Al Si O H,Na Mg Al Si O H,valid,,,
Kullerudite,NiSe_2_,Ni Se,Ni Se,Ni Se,Ni Se,valid,,,
Kumdykolite,NaAlSi_3_O_8_,Na Al Si O,Na Al Si O,Na Al Si O,Na Al Si O,valid,,,
Kummerite,Mn^2+^Fe^3+^Al(PO_4_)_2_(OH)_2_·8H_2_O,Mn^2+ Fe^3+ Al P O H,Mn^2+ Fe^3+ Al P O H,Mn Fe Al P O H,Mn^2+ Fe^3+ Al P O H,valid,,,
Kumtyubeite,Ca_5_(SiO_4_)_2_F_2_,Ca Si O F,Ca Si O F,Ca Si O F,Ca Si O F,valid,,,
Kunatite,Cu^2+^Fe^3+^_2_(PO_4_)_2_(OH)_2_·4H_2_O,Cu^2+ Fe^3+ P O H,Cu^2+ Fe^3+ P O H,Cu Fe P O H,Cu^2+ Fe^3+ P O H,valid,,,
Kupčíkite,Cu_3.4_Fe_0.6_Bi_5_S_10_,Cu Fe Bi S,Cu Fe Bi S,Cu Fe Bi S,Cu Fe Bi S,valid,,,
Kupletskite,K_2_NaMn^2+^_7_Ti^4+^_2_(Si_4_O_12_)_2_O_2_(OH)_4_F,K Na Mn^2+ Ti^4+ Si O H F,K Na Mn^2+ Ti^4+ Si O H F,K Na Mn Ti Si O H F,K Na Mn^2+ Ti^4+ Si O H F,valid,,,
Kupletskite-(Cs),Cs_2_NaMn^2+^_7_Ti^4+^_2_(Si_4_O_12_)_2_O_2_(OH)_4_F,Cs Na Mn^2+ Ti^4+ Si O H F,Cs Na Mn^2+ Ti^4+ Si O H F,Cs Na Mn Ti Si O H F,Cs Na Mn^2+ Ti^4+ Si O H F,valid,,,
Kuramite,Cu^1+^_2_Cu^2+^Sn^4+^S^2-^_4_,Cu^1+ Cu^2+ Sn^4+ S^2-,Cu^1+ Cu^2+ Sn^4+ S^2-,Cu Sn S,Cu^1+ Cu^2+ Sn^4+ S^2-,valid,,,
Kuranakhite,Pb^2+^Mn^4+^Te^6+^O_6_,Pb^2+ Mn^4+ Te^6+ O,Pb^2+ Mn^4+ Te^6+ O,Pb Mn Te O,Pb^2+ Mn^4+ Te^6+ O,valid,,,
Kuratite,Ca_2_(Fe^2+^_5_Ti^4+^)O_2_[Si_4_Al_2_O_18_],Ca Fe^2+ Ti^4+ O Si Al,Ca Fe^2+ Ti^4+ O Si Al,Ca Fe Ti O Si Al,Ca Fe^2+ Ti^4+ O Si Al,valid,,,
Kurchatovite,CaMgB_2_O_5_,Ca Mg B O,Ca Mg B O,Ca Mg B O,Ca Mg B O,valid,,,
Kurgantaite,CaSrB_5_O_9_Cl·H_2_O,Ca Sr B O Cl H,Ca Sr B O Cl H,Ca Sr B O Cl H,Ca Sr B O Cl H,valid,,,
Kurilite,Ag_8_Te_3_Se,Ag Te Se,Ag Te Se,Ag Te Se,Ag Te Se,valid,,,
Kurnakovite,MgB_3_O_3_(OH)_5_·5H_2_O,Mg B O H,Mg B O H,Mg B O H,Mg B O H,valid,,,
Kurumsakite,Zn^2+^_8_Al_8_V^5+^_2_Si_5_O_35_·27H_2_O,Zn^2+ Al V^5+ Si O H,Zn^2+ Al V^5+ Si O H,Zn Al V Si O H,Zn^2+ Al V^5+ Si O H,valid,,,
Kusachiite,Cu^2+^Bi^3+^_2_O_4_,Cu^2+ Bi^3+ O,Cu^2+ Bi^3+ O,Cu Bi O,Cu^2+ Bi^3+ O,valid,,,
Kushiroite,CaAl(AlSi)O_6_,Ca Al Si O,Ca Al Si O,Ca Al Si O,Ca Al Si O,valid,,,
Kutinaite,Ag_6_Cu_14_As_7_,Ag Cu As,Ag Cu As,Ag Cu As,Ag Cu As,valid,,,
Kutnohorite,CaMn^2+^(CO_3_)_2_,Ca Mn^2+ C O,Ca Mn^2+ C O,Ca Mn C O,Ca Mn^2+ C O,valid,,,
Kuvaevite,Ir_5_Ni_10_S_16_,Ir Ni S,Ir Ni S,Ir Ni S,Ir Ni S,valid,,,
Kuzelite,Ca_4_Al_2_(OH)_12_(S^6+^O_4_)·6H_2_O,Ca Al O H S^6+,Ca Al O H S^6+,Ca Al O H S,Ca Al O H S^6+,valid,,,
Kuzmenkoite-Mn,"K_4_Mn^2+^_2_Ti^4+^_8_(Si_4_O_12_)_4_(OH,O)_8_·10-12H_2_O",K Mn^2+ Ti^4+ Si O H,K Mn^2+ Ti^4+ Si O H,K Mn Ti Si O H,K Mn^2+ Ti^4+ Si O H,valid,,,
Kuzmenkoite-Zn,K_2_Zn^2+^Ti^4+^_4_(Si_4_O_12_)_2_(OH)_4_·6-8H_2_O,K Zn^2+ Ti^4+ Si O H,K Zn^2+ Ti^4+ Si O H,K Zn Ti Si O H,K Zn^2+ Ti^4+ Si O H,valid,,,
Kuzminite,Hg^1+^Br,Hg^1+ Br,Hg^1+ Br,Hg Br,Hg^1+ Br,valid,,,
Kuznetsovite,Hg^1+^_2_Hg^2+^(As^5+^O_4_)Cl,Hg^1+ Hg^2+ As^5+ O Cl,Hg^1+ Hg^2+ As^5+ O Cl,Hg As O Cl,Hg^1+ Hg^2+ As^5+ O Cl,valid,,,
Kvačekite,Ni^3+^(SbSe)^3-^,Ni^3+ Sb Se,Ni^3+ Sb Se,Ni Sb Se,Ni^3+ Sb Se,valid,,,
Kvanefjeldite,Na_4_CaSi_6_O_14_(OH)_2_,Na Ca Si O H,Na Ca Si O H,Na Ca Si O H,Na Ca Si O H,valid,,,
Kyanite,Al_2_OSiO_4_,Al O Si,Al O Si,Al O Si,Al O Si,valid,,,
Kyanoxalite,Na_7_(Al_5-6_Si_6-7_O_24_)((C_2_)^6+^O_4_)_0.5-1.0_·5H_2_O,Na Al Si O C H,Na Al Si O C H,Na Al Si O C H,Na Al Si O C H,valid,,,
Kyawthuite,Bi^3+^Sb^5+^O_4_,Bi^3+ Sb^5+ O,Bi^3+ Sb^5+ O,Bi Sb O,Bi^3+ Sb^5+ O,valid,,,
Kyrgyzstanite,Zn^2+^Al_4_S^6+^O_4_(OH)_12_·3H_2_O,Zn^2+ Al S^6+ O H,Zn^2+ Al S^6+ O H,Zn Al S O H,Zn^2+ Al S^6+ O H,valid,,,
Kyzylkumite,Ti^4+^_2_V^3+^O_5_(OH),Ti^4+ V^3+ O H,Ti^4+ V^3+ O H,Ti V O H,Ti^4+ V^3+ O H,valid,,,
Laachite,"(Ca,Mn^2+^)_2_Zr^4+^_2_Nb^5+^_2_Ti^4+^Fe^2+^O_14_",Ca Mn^2+ Zr^4+ Nb^5+ Ti^4+ Fe^2+ O,Ca Mn^2+ Zr^4+ Nb^5+ Ti^4+ Fe^2+ O,Ca Mn Zr Nb Ti Fe O,Ca Mn^2+ Zr^4+ Nb^5+ Ti^4+ Fe^2+ O,valid,,,
Labuntsovite-Fe,"Na_4_K_4_Fe^2+^_2_Ti^4+^_8_(Si_4_O_12_)_4_(O,OH)_8_·10-12H_2_O",Na K Fe^2+ Ti^4+ Si O H,Na K Fe^2+ Ti^4+ Si O H,Na K Fe Ti Si O H,Na K Fe^2+ Ti^4+ Si O H,valid,,,
Labuntsovite-Mg,Na_4_K_4_Mg_2_Ti^4+^_8_O_4_(Si_4_O_12_)_4_(OH)_4_·10-12H_2_O,Na K Mg Ti^4+ O Si H,Na K Mg Ti^4+ O Si H,Na K Mg Ti O Si H,Na K Mg Ti^4+ O Si H,valid,,,
Labuntsovite-Mn,Na_4_K_4_Mn^2+^_2_Ti^4+^_8_O_4_(Si_4_O_12_)_4_(OH)_4_·10-12H_2_O,Na K Mn^2+ Ti^4+ O Si H,Na K Mn^2+ Ti^4+ O Si H,Na K Mn Ti O Si H,Na K Mn^2+ Ti^4+ O Si H,valid,,,
Labyrinthite,"(Na,K,Sr)_35_Ca_12_Fe^2+^_3_Zr^4+^_6_Ti^4+^Si_51_O_144_(O,OH,H_2_O)_9_Cl_3_",Na K Sr Ca Fe^2+ Zr^4+ Ti^4+ Si O H Cl,Na K Sr Ca Fe^2+ Zr^4+ Ti^4+ Si O H Cl,Na K Sr Ca Fe Zr Ti Si O H Cl,Na K Sr Ca Fe^2+ Zr^4+ Ti^4+ Si O H Cl,valid,,,
Lacroixite,NaAl(PO_4_)F,Na Al P O F,Na Al P O F,Na Al P O F,Na Al P O F,valid,,,
Laffittite,Ag^1+^Hg^2+^As^3+^S^2-^_3_,Ag^1+ Hg^2+ As^3+ S^2-,Ag^1+ Hg^2+ As^3+ S^2-,Ag Hg As S,Ag^1+ Hg^2+ As^3+ S^2-,valid,,,
Laflammeite,Pd_3_Pb_2_S_2_,Pd Pb S,Pd Pb S,Pd Pb S,Pd Pb S,valid,,,
Laforêtite,Ag^1+^In^3+^S^2-^_2_,Ag^1+ In^3+ S^2-,Ag^1+ In^3+ S^2-,Ag In S,Ag^1+ In^3+ S^2-,valid,,,
Lafossaite,Tl^1+^Cl,Tl^1+ Cl,Tl^1+ Cl,Tl Cl,Tl^1+ Cl,valid,,,
Lagalyite,Ca_2x_Mn^4+^_1-x_O_2_·1.5-2H_2_O (x = 0.05-0.08),Ca Mn^4+ O H,Ca Mn^4+ O H,Ca Mn O H,Ca Mn^4+ O H,valid,,,
Lahnsteinite,Zn^2+^_4_(S^6+^O_4_)(OH)_6_(H_2_O)·2H_2_O,Zn^2+ S^6+ O H,Zn^2+ S^6+ O H,Zn S O H,Zn^2+ S^6+ O H,valid,,,
Laihunite,"(Fe^3+^,Fe^2+^,[box])_2_SiO_4_",Fe^3+ Fe^2+ Si O,Fe^3+ Fe^2+ Si O,Fe Si O,Fe^3+ Fe^2+ Si O,valid,,,
Laitakarite,Bi_4_Se_3_,Bi Se,Bi Se,Bi Se,Bi Se,valid,,,
Lakargiite,CaZr^4+^O_3_,Ca Zr^4+ O,Ca Zr^4+ O,Ca Zr O,Ca Zr^4+ O,valid,,,
Lakebogaite,NaCaFe^3+^_2_H(U^6+^O_2_)_2_(PO_4_)_4_(OH)_2_(H_2_O)_4_·3H_2_O,Na Ca Fe^3+ H U^6+ O P,Na Ca Fe^3+ H U^6+ O P,Na Ca Fe H U O P,Na Ca Fe^3+ H U^6+ O P,valid,,,
Lalondeite,"(Na,Ca)_6_(Ca,Na)_3_Si_16_O_38_(F,OH)_2_·3H_2_O",Na Ca Si O F H,Na Ca Si O F H,Na Ca Si O F H,Na Ca Si O F H,valid,,,
Lammerite,Cu^2+^_3_(As^5+^O_4_)_2_,Cu^2+ As^5+ O,Cu^2+ As^5+ O,Cu As O,Cu^2+ As^5+ O,valid,,,
Lamprophyllite,(SrNa)Ti^4+^_2_Na_3_Ti^4+^(Si_2_O_7_)_2_O_2_(OH)_2_,Sr Na Ti^4+ Si O H,Sr Na Ti^4+ Si O H,Sr Na Ti Si O H,Sr Na Ti^4+ Si O H,valid,,,
Lanarkite,Pb^2+^_2_O(S^6+^O_4_),Pb^2+ O S^6+,Pb^2+ O S^6+,Pb O S,Pb^2+ O S^6+,valid,,,
Landauite,"(Na,Pb^2+^)(Mn^2+^,Y)(Zn^2+^,Fe^2+^)_2_(Ti^4+^,Fe^3+^,Nb^5+^)_18_(O,OH,F)O_38_",Na Pb^2+ Mn^2+ Y Zn^2+ Fe^2+ Ti^4+ Fe^3+ Nb^5+ O H F,Na Pb^2+ Mn^2+ Y Zn^2+ Fe^2+ Ti^4+ Fe^3+ Nb^5+ O H F,Na Pb Mn Y Zn Fe Ti Nb O H F,Na Pb^2+ Mn^2+ Y Zn^2+ Fe^2+ Ti^4+ Fe^3+ Nb^5+ O H F,valid,,,
Landesite,Mn^2+^_9_Fe^3+^_3_(PO_4_)_8_(OH)_3_(H_2_O)_9_,Mn^2+ Fe^3+ P O H,Mn^2+ Fe^3+ P O H,Mn Fe P O H,Mn^2+ Fe^3+ P O H,valid,,,
Långbanite,Mn^2+^_4_Mn^3+^_9_Sb^5+^O_16_(SiO_4_)_2_,Mn^2+ Mn^3+ Sb^5+ O Si,Mn^2+ Mn^3+ Sb^5+ O Si,Mn Sb O Si,Mn^2+ Mn^3+ Sb^5+ O Si,valid,,,
Långbanshyttanite,[Mg(H_2_O)_6_]Pb^2+^_2_Mn^2+^_2_(As^5+^O_4_)_2_(OH)_4_,Mg H O Pb^2+ Mn^2+ As^5+,Mg H O Pb^2+ Mn^2+ As^5+,Mg H O Pb Mn As,Mg H O Pb^2+ Mn^2+ As^5+,valid,,,
Langbeinite,K_2_Mg_2_(S^6+^O_4_)_3_,K Mg S^6+ O,K Mg S^6+ O,K Mg S O,K Mg S^6+ O,valid,,,
Langhofite,Pb^2+^_2_(OH)[W^6+^O_4_(OH)],Pb^2+ O H W^6+,Pb^2+ O H W^6+,Pb O H W,Pb^2+ O H W^6+,valid,,,
Langisite,CoAs,Co As,Co As,Co As,Co As,valid,,,
Langite,Cu^2+^_4_S^6+^O_4_(OH)_6_(H_2_O)·H_2_O,Cu^2+ S^6+ O H,Cu^2+ S^6+ O H,Cu S O H,Cu^2+ S^6+ O H,valid,,,
Lanmuchangite,Tl^1+^Al(S^6+^O_4_)_2_(H_2_O)_12_,Tl^1+ Al S^6+ O H,Tl^1+ Al S^6+ O H,Tl Al S O H,Tl^1+ Al S^6+ O H,valid,,,
Lannonite,HCa_4_Mg_2_Al_4_(S^6+^O_4_)_8_F_9_·32H_2_O,H Ca Mg Al S^6+ O F,H Ca Mg Al S^6+ O F,H Ca Mg Al S O F,H Ca Mg Al S^6+ O F,valid,,,
Lansfordite,MgCO_3_(H_2_O)_5_,Mg C O H,Mg C O H,Mg C O H,Mg C O H,valid,,,
Lanthanite-(Ce),Ce^3+^_2_(CO_3_)_3_(H_2_O)_6_·2H_2_O,Ce^3+ C O H,Ce^3+ C O H,Ce C O H,Ce^3+ C O H,valid,,,
Lanthanite-(La),La_2_(CO_3_)_3_(H_2_O)_6_·2H_2_O,La C O H,La C O H,La C O H,La C O H,valid,,,
Lanthanite-(Nd),Nd_2_(CO_3_)_3_(H_2_O)_6_·2H_2_O,Nd C O H,Nd C O H,Nd C O H,Nd C O H,valid,,,
Lapeyreite,Cu^2+^_3_O[As^5+^O_3_(OH)]_2_·H_2_O,Cu^2+ O As^5+ H,Cu^2+ O As^5+ H,Cu O As H,Cu^2+ O As^5+ H,valid,,,
Laphamite,As_2_Se_3_,As Se,As Se,As Se,As Se,valid,,,
Lapieite,Cu^1+^Ni^2+^Sb^3+^S^2-^_3_,Cu^1+ Ni^2+ Sb^3+ S^2-,Cu^1+ Ni^2+ Sb^3+ S^2-,Cu Ni Sb S,Cu^1+ Ni^2+ Sb^3+ S^2-,valid,,,
Laplandite-(Ce),Na_4_Ce^3+^Ti^4+^PSi_7_O_22_·5H_2_O,Na Ce^3+ Ti^4+ P Si O H,Na Ce^3+ Ti^4+ P Si O H,Na Ce Ti P Si O H,Na Ce^3+ Ti^4+ P Si O H,valid,,,
Laptevite-(Ce),"NaFe^2+^((Ce,REE)_7_Ca_5_Y_3_)(SiO_4_)_4_(Si_3_B_2_PO_18_)(BO_3_)F_11_",Na Fe^2+ Ce REE Ca Y Si O B P F,Na Fe^2+ Ce REE Ca Y Si O B P F,Na Fe Ce REE Ca Y Si O B P F,Na Fe^2+ Ce REE Ca Y Si O B P F,valid,,,
Larderellite,N^3-^H_4_B_5_O_7_(OH)_2_·H_2_O,N^3- H B O,N^3- H B O,N H B O,N^3- H B O,valid,,,
Larisaite,Na(H_3_O)(U^6+^O_2_)_3_(Se^4+^O_3_)_2_O_2_(H_2_O)_3_·H_2_O,Na H O U^6+ Se^4+,Na H O U^6+ Se^4+,Na H O U Se,Na H O U^6+ Se^4+,valid,,,
Larnite,Ca_2_SiO_4_,Ca Si O,Ca Si O,Ca Si O,Ca Si O,valid,,,
Larosite,"(Cu^1+^,Ag^1+^)_21_Pb^2+^Bi^3+^S^2-^_13_",Cu^1+ Ag^1+ Pb^2+ Bi^3+ S^2-,Cu^1+ Ag^1+ Pb^2+ Bi^3+ S^2-,Cu Ag Pb Bi S,Cu^1+ Ag^1+ Pb^2+ Bi^3+ S^2-,valid,,,
Larsenite,Pb^2+^Zn^2+^SiO_4_,Pb^2+ Zn^2+ Si O,Pb^2+ Zn^2+ Si O,Pb Zn Si O,Pb^2+ Zn^2+ Si O,valid,,,
Lasalite,[Mg(H_2_O)_6_]_2_Na_2_[V^5+^_10_O_28_](H_2_O)_8_,Mg H O Na V^5+,Mg H O Na V^5+,Mg H O Na V,Mg H O Na V^5+,valid,,,
Lasmanisite,Ag^1+^_12_Pb^2+^_13_Mn^2+^_11_Sb^3+^_44_S^2-^_96_,Ag^1+ Pb^2+ Mn^2+ Sb^3+ S^2-,Ag^1+ Pb^2+ Mn^2+ Sb^3+ S^2-,Ag Pb Mn Sb S,Ag^1+ Pb^2+ Mn^2+ Sb^3+ S^2-,valid,,,
Lasnierite,CaMg_2_Al(PO_4_)_3_,Ca Mg Al P O,Ca Mg Al P O,Ca Mg Al P O,Ca Mg Al P O,valid,,,
Latiumite,"(Ca,K)_4_(Si,Al)_5_O_11_(S^6+^O_4_,CO_3_)",Ca K Si Al O S^6+ C,Ca K Si Al O S^6+ C,Ca K Si Al O S C,Ca K Si Al O S^6+ C,valid,,,
Latrappite,Ca_2_Fe^3+^Nb^5+^O_6_,Ca Fe^3+ Nb^5+ O,Ca Fe^3+ Nb^5+ O,Ca Fe Nb O,Ca Fe^3+ Nb^5+ O,valid,,,
Laueite,Mn^2+^Fe^3+^_2_(PO_4_)_2_(OH)_2_·8H_2_O,Mn^2+ Fe^3+ P O H,Mn^2+ Fe^3+ P O H,Mn Fe P O H,Mn^2+ Fe^3+ P O H,valid,,,
Laumontite,Ca(Si_4_Al_2_)O_12_·4H_2_O,Ca Si Al O H,Ca Si Al O H,Ca Si Al O H,Ca Si Al O H,valid,,,
Launayite,"Cu^1+^Pb^2+^_10_(Sb^3+^,As^3+^)_13_S^2-^_30_",Cu^1+ Pb^2+ Sb^3+ As^3+ S^2-,Cu^1+ Pb^2+ Sb^3+ As^3+ S^2-,Cu Pb Sb As S,Cu^1+ Pb^2+ Sb^3+ As^3+ S^2-,valid,,,
Lauraniite,Cu^2+^_6_Cd^2+^_2_(S^6+^O_4_)_2_(OH)_12_(H_2_O)_4_·H_2_O,Cu^2+ Cd^2+ S^6+ O H,Cu^2+ Cd^2+ S^6+ O H,Cu Cd S O H,Cu^2+ Cd^2+ S^6+ O H,valid,,,
Laurelite,Pb^2+^_7_F_12_Cl_2_,Pb^2+ F Cl,Pb^2+ F Cl,Pb F Cl,Pb^2+ F Cl,valid,,,
Laurentianite,Na_3_Nb^5+^_3_Si_4_O_17_·9H_2_O,Na Nb^5+ Si O H,Na Nb^5+ Si O H,Na Nb Si O H,Na Nb^5+ Si O H,valid,,,
Laurentthomasite,Mg_2_K(Be_2_Al)Si_12_O_30_,Mg K Be Al Si O,Mg K Be Al Si O,Mg K Be Al Si O,Mg K Be Al Si O,valid,,,
Laurionite,Pb^2+^Cl(OH),Pb^2+ Cl O H,Pb^2+ Cl O H,Pb Cl O H,Pb^2+ Cl O H,valid,,,
Laurite,Ru^2+^(S_2_)^2-^,Ru^2+ S,Ru^2+ S,Ru S,Ru^2+ S,valid,,,
Lausenite,Fe^3+^_2_(S^6+^O_4_)_3_(H_2_O)_5_,Fe^3+ S^6+ O H,Fe^3+ S^6+ O H,Fe S O H,Fe^3+ S^6+ O H,valid,,,
Lautarite,Ca(I^5+^O_3_)_2_,Ca I^5+ O,Ca I^5+ O,Ca I O,Ca I^5+ O,valid,,,
Lautenthalite,Pb^2+^Cu^2+^_4_(S^6+^O_4_)_2_(OH)_6_·3H_2_O,Pb^2+ Cu^2+ S^6+ O H,Pb^2+ Cu^2+ S^6+ O H,Pb Cu S O H,Pb^2+ Cu^2+ S^6+ O H,valid,,,
Lautite,CuAsS,Cu As S,Cu As S,Cu As S,Cu As S,valid,,,
Lavendulan,NaCaCu^2+^_5_(As^5+^O_4_)_4_Cl(H_2_O)_5_,Na Ca Cu^2+ As^5+ O Cl H,Na Ca Cu^2+ As^5+ O Cl H,Na Ca Cu As O Cl H,Na Ca Cu^2+ As^5+ O Cl H,valid,,,
Låvenite,"(Na,Ca)_2_(Mn^2+^,Fe^2+^)(Zr^4+^,Ti^4+^,Nb^5+^)(Si_2_O_7_)(O,F)_2_",Na Ca Mn^2+ Fe^2+ Zr^4+ Ti^4+ Nb^5+ Si O F,Na Ca Mn^2+ Fe^2+ Zr^4+ Ti^4+ Nb^5+ Si O F,Na Ca Mn Fe Zr Ti Nb Si O F,Na Ca Mn^2+ Fe^2+ Zr^4+ Ti^4+ Nb^5+ Si O F,valid,,,
Laverovite,K_2_NaMn^2+^_7_Zr^4+^_2_(Si_4_O_12_)_2_O_2_(OH)_4_F,K Na Mn^2+ Zr^4+ Si O H F,K Na Mn^2+ Zr^4+ Si O H F,K Na Mn Zr Si O H F,K Na Mn^2+ Zr^4+ Si O H F,valid,,,
Lavinskyite,K(LiCu^2+^)Cu^2+^_6_(Si_4_O_11_)_2_(OH)_4_,K Li Cu^2+ Si O H,K Li Cu^2+ Si O H,K Li Cu Si O H,K Li Cu^2+ Si O H,valid,,,
Lavoisierite,Mn^2+^_8_[Al_10_(Mn^3+^Mg)][Si_11_P]O_44_(OH)_12_,Mn^2+ Al Mn^3+ Mg Si P O H,Mn^2+ Al Mn^3+ Mg Si P O H,Mn Al Mg Si P O H,Mn^2+ Al Mn^3+ Mg Si P O H,valid,,,
Lavrentievite,Hg_3_S_2_Cl_2_,Hg S Cl,Hg S Cl,Hg S Cl,Hg S Cl,valid,,,
Lawrencite,Fe^2+^Cl_2_,Fe^2+ Cl,Fe^2+ Cl,Fe Cl,Fe^2+ Cl,valid,,,
Lawsonbauerite,Mn^2+^_9_Zn^2+^_4_(S^6+^O_4_)_2_(OH)_22_(H_2_O)_8_,Mn^2+ Zn^2+ S^6+ O H,Mn^2+ Zn^2+ S^6+ O H,Mn Zn S O H,Mn^2+ Zn^2+ S^6+ O H,valid,,,
Lawsonite,CaAl_2_Si_2_O_7_(OH)_2_·H_2_O,Ca Al Si O H,Ca Al Si O H,Ca Al Si O H,Ca Al Si O H,valid,,,
Lazaraskeite,Cu^2+^(C_2_H_3_O_3_)^1-^_2_,Cu^2+ C H O,Cu^2+ C H O,Cu C H O,Cu^2+ C H O,valid,,,
Lazarenkoite,CaFe^3+^As^3+^_3_O_7_·3H_2_O,Ca Fe^3+ As^3+ O H,Ca Fe^3+ As^3+ O H,Ca Fe As O H,Ca Fe^3+ As^3+ O H,valid,,,
Lazaridisite,(Cd^2+^S^6+^O_4_)_3_(H_2_O)_6_·2H_2_O,Cd^2+ S^6+ O H,Cd^2+ S^6+ O H,Cd S O H,Cd^2+ S^6+ O H,valid,,,
Lazerckerite,Ag^1+^_3.75_Pb^2+^_4.50_(Sb^3+^_7.75_Bi^3+^_4_)S^2-^_24_,Ag^1+ Pb^2+ Sb^3+ Bi^3+ S^2-,Ag^1+ Pb^2+ Sb^3+ Bi^3+ S^2-,Ag Pb Sb Bi S,Ag^1+ Pb^2+ Sb^3+ Bi^3+ S^2-,valid,,,
Lazulite,MgAl_2_(PO_4_)_2_(OH)_2_,Mg Al P O H,Mg Al P O H,Mg Al P O H,Mg Al P O H,valid,,,
Lazurite,Na_7_Ca(Al_6_Si_6_O_24_)(S^6+^O_4_)(S_3_)^1-^·H_2_O,Na Ca Al Si O S^6+ S H,Na Ca Al Si O S^6+ S H,Na Ca Al Si O S H,Na Ca Al Si O S^6+ S H,valid,,,
Lead,Pb,Pb,Pb,Pb,Pb,valid,,,
Leadamalgam,HgPb_2_,Hg Pb,Hg Pb,Hg Pb,Hg Pb,valid,,,
Leadhillite,Pb^2+^_4_(S^6+^O_4_)(CO_3_)_2_(OH)_2_,Pb^2+ S^6+ O C H,Pb^2+ S^6+ O C H,Pb S O C H,Pb^2+ S^6+ O C H,valid,,,
Lebedevite,K_4_Na_14_Cu^2+^_14_O_8_(As^5+^O_4_)_8_Cl_6_,K Na Cu^2+ O As^5+ Cl,K Na Cu^2+ O As^5+ Cl,K Na Cu O As Cl,K Na Cu^2+ O As^5+ Cl,valid,,,
Lechatelierite,SiO_2_,Si O,Si O,Si O,Si O,valid,,,
Lechnerite,Ag^1+^_10_Cu^1+^_4_Hg^2+^Pb^2+^_33_Sb^3+^_58_S^2-^_128_,Ag^1+ Cu^1+ Hg^2+ Pb^2+ Sb^3+ S^2-,Ag^1+ Cu^1+ Hg^2+ Pb^2+ Sb^3+ S^2-,Ag Cu Hg Pb Sb S,Ag^1+ Cu^1+ Hg^2+ Pb^2+ Sb^3+ S^2-,valid,,,
Lecontite,(N^3-^H_4_)Na(S^6+^O_4_)(H_2_O)_2_,N^3- H Na S^6+ O,N^3- H Na S^6+ O,N H Na S O,N^3- H Na S^6+ O,valid,,,
Lecoqite-(Y),Na_3_Y(CO_3_)_3_(H_2_O)_6_,Na Y C O H,Na Y C O H,Na Y C O H,Na Y C O H,valid,,,
Lednevite,Cu^2+^[PO_3_(OH)](H_2_O),Cu^2+ P O H,Cu^2+ P O H,Cu P O H,Cu^2+ P O H,valid,,,
Leesite,K(H_2_O)_2_[(U^6+^O_2_)_4_O_2_(OH)_5_]·3H_2_O,K H O U^6+,K H O U^6+,K H O U,K H O U^6+,valid,,,
Lefontite,Fe^2+^_2_Al_2_Be(PO_4_)_2_(OH)_6_,Fe^2+ Al Be P O H,Fe^2+ Al Be P O H,Fe Al Be P O H,Fe^2+ Al Be P O H,valid,,,
Legrandite,Zn^2+^_2_As^5+^O_4_(OH)(H_2_O),Zn^2+ As^5+ O H,Zn^2+ As^5+ O H,Zn As O H,Zn^2+ As^5+ O H,valid,,,
Leguernite,Bi^3+^_38_O_42_(S^6+^O_4_)_15_,Bi^3+ O S^6+,Bi^3+ O S^6+,Bi O S,Bi^3+ O S^6+,valid,,,
Lehmannite,Na_18_Cu^2+^_12_Ti^4+^O_8_(As^5+^O_4_)_8_FCl_5_,Na Cu^2+ Ti^4+ O As^5+ F Cl,Na Cu^2+ Ti^4+ O As^5+ F Cl,Na Cu Ti O As F Cl,Na Cu^2+ Ti^4+ O As^5+ F Cl,valid,,,
Lehnerite,Mn^2+^(U^6+^O_2_)_2_(PO_4_)_2_·8H_2_O,Mn^2+ U^6+ O P H,Mn^2+ U^6+ O P H,Mn U O P H,Mn^2+ U^6+ O P H,valid,,,
Leifite,"Na_7_Be_2_(Si_15_Al_3_)O_39_(F,OH)_2_",Na Be Si Al O F H,Na Be Si Al O F H,Na Be Si Al O F H,Na Be Si Al O F H,valid,,,
Leightonite,K_2_Ca_2_Cu^2+^(S^6+^O_4_)_4_(H_2_O)_2_,K Ca Cu^2+ S^6+ O H,K Ca Cu^2+ S^6+ O H,K Ca Cu S O H,K Ca Cu^2+ S^6+ O H,valid,,,
Leishmanite,Ba(H_2_O)_4_[(U^6+^O_2_)_3_O_2_(OH)_3_]_2_·3H_2_O,Ba H O U^6+,Ba H O U^6+,Ba H O U,Ba H O U^6+,valid,,,
Leisingite,Cu^2+^_2_MgTe^6+^O_6_·6H_2_O,Cu^2+ Mg Te^6+ O H,Cu^2+ Mg Te^6+ O H,Cu Mg Te O H,Cu^2+ Mg Te^6+ O H,valid,,,
Leiteite,Zn^2+^As^3+^_2_O_4_,Zn^2+ As^3+ O,Zn^2+ As^3+ O,Zn As O,Zn^2+ As^3+ O,valid,,,
Lemanskiite,NaCaCu^2+^_5_(As^5+^O_4_)_4_Cl(H_2_O)_3_,Na Ca Cu^2+ As^5+ O Cl H,Na Ca Cu^2+ As^5+ O Cl H,Na Ca Cu As O Cl H,Na Ca Cu^2+ As^5+ O Cl H,valid,,,
Lemmleinite-Ba,"Na_4_K_4_Ba_2+x_Ti^4+^_8_(Si_4_O_12_)_4_(O,OH)_8_·8H_2_O",Na K Ba Ti^4+ Si O H,Na K Ba Ti^4+ Si O H,Na K Ba Ti Si O H,Na K Ba Ti^4+ Si O H,valid,,,
Lemmleinite-K,"Na_4_K_8_Ti^4+^_8_(Si_4_O_12_)_4_(O,OH)_8_·8H_2_O",Na K Ti^4+ Si O H,Na K Ti^4+ Si O H,Na K Ti Si O H,Na K Ti^4+ Si O H,valid,,,
Lemoynite,Na_2_CaZr^4+^_2_Si_10_O_26_(H_2_O)_5-6_,Na Ca Zr^4+ Si O H,Na Ca Zr^4+ Si O H,Na Ca Zr Si O H,Na Ca Zr^4+ Si O H,valid,,,
Lenaite,Ag^1+^Fe^3+^S^2-^_2_,Ag^1+ Fe^3+ S^2-,Ag^1+ Fe^3+ S^2-,Ag Fe S,Ag^1+ Fe^3+ S^2-,valid,,,
Lengenbachite,Ag^1+^_4_Cu^1+^_2_Pb^2+^_18_As^3+^_12_S^2-^_39_,Ag^1+ Cu^1+ Pb^2+ As^3+ S^2-,Ag^1+ Cu^1+ Pb^2+ As^3+ S^2-,Ag Cu Pb As S,Ag^1+ Cu^1+ Pb^2+ As^3+ S^2-,valid,,,
Leningradite,Pb^2+^Cu^2+^_3_(V^5+^O_4_)_2_Cl_2_,Pb^2+ Cu^2+ V^5+ O Cl,Pb^2+ Cu^2+ V^5+ O Cl,Pb Cu V O Cl,Pb^2+ Cu^2+ V^5+ O Cl,valid,,,
Lennilenapeite,K_4_Mn^2+^_48_[Si_64_Al_8_]O_164_(OH)_52_·nH_2_O,K Mn^2+ Si Al O H,K Mn^2+ Si Al O H,K Mn Si Al O H,K Mn^2+ Si Al O H,valid,,,
Lenoblite,V^4+^_2_O_4_·2H_2_O,V^4+ O H,V^4+ O H,V O H,V^4+ O H,valid,,,
Leogangite,Cu^2+^_10_(As^5+^O_4_)_4_(S^6+^O_4_)(OH)_6_(H_2_O)_4_·4H_2_O,Cu^2+ As^5+ O S^6+ H,Cu^2+ As^5+ O S^6+ H,Cu As O S H,Cu^2+ As^5+ O S^6+ H,valid,,,
Leonardsenite,MgAlF_5_(H_2_O)_2_,Mg Al F H O,Mg Al F H O,Mg Al F H O,Mg Al F H O,valid,,,
Leonite,K_2_Mg(S^6+^O_4_)_2_(H_2_O)_4_,K Mg S^6+ O H,K Mg S^6+ O H,K Mg S O H,K Mg S^6+ O H,valid,,,
Leószilárdite,Na_6_Mg(U^6+^O_2_)_2_(CO_3_)_6_(H_2_O)_6_,Na Mg U^6+ O C H,Na Mg U^6+ O C H,Na Mg U O C H,Na Mg U^6+ O C H,valid,,,
Lepageite,Mn^2+^_3_(Fe^3+^_7_Fe^2+^_4_)O_3_[Sb^3+^_5_As^3+^_8_O_34_],Mn^2+ Fe^3+ Fe^2+ O Sb^3+ As^3+,Mn^2+ Fe^3+ Fe^2+ O Sb^3+ As^3+,Mn Fe O Sb As,Mn^2+ Fe^3+ Fe^2+ O Sb^3+ As^3+,valid,,,
Lepersonnite-(Gd),[Ca_0.5_Gd_0.5_(H_2_O)_18_(OH)_1.5_][Gd(U^6+^O_2_)_12_(SiO_3_OH)_2_(CO_3_)_4_(OH)_10_O_2_(H_2_O)_5_],Ca Gd H O U^6+ Si C,Ca Gd H O U^6+ Si C,Ca Gd H O U Si C,Ca Gd H O U^6+ Si C,valid,,,
Lepersonnite-(Nd),[Nd(H_2_O)_18_(OH)_2_][Nd(U^6+^O_2_)_12_(SiO_3_OH)_2_(CO_3_)_4_(OH)_10_O_2_(H_2_O)_5_],Nd H O U^6+ Si C,Nd H O U^6+ Si C,Nd H O U Si C,Nd H O U^6+ Si C,valid,,,
Lepidocrocite,Fe^3+^O(OH),Fe^3+ O H,Fe^3+ O H,Fe O H,Fe^3+ O H,valid,,,
Lepkhenelmite-Zn,"Ba_2_Zn^2+^(Ti^4+^,Nb^5+^)_4_(Si_4_O_12_)_2_(O,OH)_4_·7H_2_O",Ba Zn^2+ Ti^4+ Nb^5+ Si O H,Ba Zn^2+ Ti^4+ Nb^5+ Si O H,Ba Zn Ti Nb Si O H,Ba Zn^2+ Ti^4+ Nb^5+ Si O H,valid,,,
Lermontovite,U^4+^PO_4_(OH)·H_2_O,U^4+ P O H,U^4+ P O H,U P O H,U^4+ P O H,valid,,,
Letnikovite-(Ce),(Na[box])Ca_2_Ce^3+^_2_[Si_7_O_17_(OH)]F_4_(H_2_O)_4_,Na Ca Ce^3+ Si O H F,Na Ca Ce^3+ Si O H F,Na Ca Ce Si O H F,Na Ca Ce^3+ Si O H F,valid,,,
Letovicite,(N^3-^H_4_)_3_H(S^6+^O_4_)_2_,N^3- H S^6+ O,N^3- H S^6+ O,N H S O,N^3- H S^6+ O,valid,,,
Leucite,K(Si_2_Al)O_6_,K Si Al O,K Si Al O,K Si Al O,K Si Al O,valid,,,
Leucophanite,NaCaBeSi_2_O_6_F,Na Ca Be Si O F,Na Ca Be Si O F,Na Ca Be Si O F,Na Ca Be Si O F,valid,,,
Leucophoenicite,Mn^2+^_7_(SiO_4_)_3_(OH)_2_,Mn^2+ Si O H,Mn^2+ Si O H,Mn Si O H,Mn^2+ Si O H,valid,,,
Leucophosphite,KFe^3+^_2_(PO_4_)_2_(OH)(H_2_O)_2_,K Fe^3+ P O H,K Fe^3+ P O H,K Fe P O H,K Fe^3+ P O H,valid,,,
Leucosphenite,Na_4_BaTi^4+^_2_B_2_Si_10_O_30_,Na Ba Ti^4+ B Si O,Na Ba Ti^4+ B Si O,Na Ba Ti B Si O,Na Ba Ti^4+ B Si O,valid,,,
Leucostaurite,Pb^2+^_2_B_5_O_9_Cl(H_2_O)_0.5_,Pb^2+ B O Cl H,Pb^2+ B O Cl H,Pb B O Cl H,Pb^2+ B O Cl H,valid,,,
Levantite,KCa_3_Al_2_(SiO_4_)(Si_2_O_7_)(PO_4_),K Ca Al Si O P,K Ca Al Si O P,K Ca Al Si O P,K Ca Al Si O P,valid,,,
Leverettite,Cu^2+^_3_Co^2+^Cl_2_(OH)_6_,Cu^2+ Co^2+ Cl O H,Cu^2+ Co^2+ Cl O H,Cu Co Cl O H,Cu^2+ Co^2+ Cl O H,valid,,,
Levinsonite-(Y),YAl(S^6+^O_4_)_2_((C_2_)^6+^O_4_)(H_2_O)_4_·8H_2_O,Y Al S^6+ O C H,Y Al S^6+ O C H,Y Al S O C H,Y Al S^6+ O C H,valid,,,
Lévyclaudite,"Pb^2+^_8_Cu^1+^_3_Sn^4+^_7_(Bi^3+^,Sb^3+^)_3_S^2-^_28_",Pb^2+ Cu^1+ Sn^4+ Bi^3+ Sb^3+ S^2-,Pb^2+ Cu^1+ Sn^4+ Bi^3+ Sb^3+ S^2-,Pb Cu Sn Bi Sb S,Pb^2+ Cu^1+ Sn^4+ Bi^3+ Sb^3+ S^2-,valid,,,
Lévyne-Ca,Ca_3_(Si_12_Al_6_)O_36_·18H_2_O,Ca Si Al O H,Ca Si Al O H,Ca Si Al O H,Ca Si Al O H,valid,,,
Lévyne-Na,Na_6_(Si_12_Al_6_)O_36_·18H_2_O,Na Si Al O H,Na Si Al O H,Na Si Al O H,Na Si Al O H,valid,,,
Leybovite-K,KCu^2+^Na(MgFe^3+^)(As^5+^O_4_)_3_,K Cu^2+ Na Mg Fe^3+ As^5+ O,K Cu^2+ Na Mg Fe^3+ As^5+ O,K Cu Na Mg Fe As O,K Cu^2+ Na Mg Fe^3+ As^5+ O,valid,,,
Leydetite,Fe^2+^(U^6+^O_2_)(S^6+^O_4_)_2_(H_2_O)_8_·3H_2_O,Fe^2+ U^6+ O S^6+ H,Fe^2+ U^6+ O S^6+ H,Fe U O S H,Fe^2+ U^6+ O S^6+ H,valid,,,
Lianbinite,(N^3-^H_4_)(C_2_H_3_O_3_)^1-^(C_2_H_4_O_3_),N^3- H C O,N^3- H C O,N H C O,N^3- H C O,valid,,,
Liandratite,U^6+^Nb^5+^_2_O_8_,U^6+ Nb^5+ O,U^6+ Nb^5+ O,U Nb O,U^6+ Nb^5+ O,valid,,,
Liangjunite,K_2_(Mo^6+^_2_O_5_)(S^6+^O_4_)_2_(H_2_O)_3_,K Mo^6+ O S^6+ H,K Mo^6+ O S^6+ H,K Mo O S H,K Mo^6+ O S^6+ H,valid,,,
Libbyite,(N^3-^H_4_)_2_(Na_2_[box])[(U^6+^O_2_)_2_(S^6+^O_4_)_3_(H_2_O)]_2_·7H_2_O,N^3- H Na U^6+ O S^6+,N^3- H Na U^6+ O S^6+,N H Na U O S,N^3- H Na U^6+ O S^6+,valid,,,
Liberite,Li_2_BeSiO_4_,Li Be Si O,Li Be Si O,Li Be Si O,Li Be Si O,valid,,,
Libethenite,Cu^2+^_2_PO_4_(OH),Cu^2+ P O H,Cu^2+ P O H,Cu P O H,Cu^2+ P O H,valid,,,
Liddicoatite,Ca(Li_2_Al)Al_6_(Si_6_O_18_)(BO_3_)_3_(OH)_3_(OH),Ca Li Al Si O B H,Ca Li Al Si O B H,Ca Li Al Si O B H,Ca Li Al Si O B H,valid,,,
Liebauite,Ca_3_Cu^2+^_5_Si_9_O_26_,Ca Cu^2+ Si O,Ca Cu^2+ Si O,Ca Cu Si O,Ca Cu^2+ Si O,valid,,,
Liebenbergite,Ni^2+^_2_SiO_4_,Ni^2+ Si O,Ni^2+ Si O,Ni Si O,Ni^2+ Si O,valid,,,
Liebermannite,KAlSi_3_O_8_,K Al Si O,K Al Si O,K Al Si O,K Al Si O,valid,,,
Liebigite,Ca_2_(U^6+^O_2_)(CO_3_)_3_(H_2_O)_8_·3H_2_O,Ca U^6+ O C H,Ca U^6+ O C H,Ca U O C H,Ca U^6+ O C H,valid,,,
Liguowuite,W^6+^O_3_,W^6+ O,W^6+ O,W O,W^6+ O,valid,,,
Likasite,Cu^2+^_3_N^5+^O_3_(OH)_5_(H_2_O)·H_2_O,Cu^2+ N^5+ O H,Cu^2+ N^5+ O H,Cu N O H,Cu^2+ N^5+ O H,valid,,,
Lileyite,Ba_2_Ti^4+^_2_Na(NaFe^2+^)Mg(Si_2_O_7_)_2_O_2_F_2_,Ba Ti^4+ Na Fe^2+ Mg Si O F,Ba Ti^4+ Na Fe^2+ Mg Si O F,Ba Ti Na Fe Mg Si O F,Ba Ti^4+ Na Fe^2+ Mg Si O F,valid,,,
Lillianite,Pb^2+^_3-2x_Ag^1+^_x_Bi^3+^_2+x_S^2-^_6_,Pb^2+ Ag^1+ Bi^3+ S^2-,Pb^2+ Ag^1+ Bi^3+ S^2-,Pb Ag Bi S,Pb^2+ Ag^1+ Bi^3+ S^2-,valid,,,
Lime,CaO,Ca O,Ca O,Ca O,Ca O,valid,,,
Limousinite,BaCa[Be_4_P_4_O_16_]·6H_2_O,Ba Ca Be P O H,Ba Ca Be P O H,Ba Ca Be P O H,Ba Ca Be P O H,valid,,,
Linarite,Pb^2+^Cu^2+^S^6+^O_4_(OH)_2_,Pb^2+ Cu^2+ S^6+ O H,Pb^2+ Cu^2+ S^6+ O H,Pb Cu S O H,Pb^2+ Cu^2+ S^6+ O H,valid,,,
Lindackerite,Cu^2+^_5_(As^5+^O_4_)_2_(As^5+^O_3_OH)_2_(H_2_O)_8_·H_2_O,Cu^2+ As^5+ O H,Cu^2+ As^5+ O H,Cu As O H,Cu^2+ As^5+ O H,valid,,,
Lindbergite,Mn^2+^(C_2_)^6+^O_4_·2H_2_O,Mn^2+ C O H,Mn^2+ C O H,Mn C O H,Mn^2+ C O H,valid,,,
Lindgrenite,Cu^2+^_3_(Mo^6+^O_4_)_2_(OH)_2_,Cu^2+ Mo^6+ O H,Cu^2+ Mo^6+ O H,Cu Mo O H,Cu^2+ Mo^6+ O H,valid,,,
Lindqvistite,Pb^2+^_2_Mn^2+^Fe^3+^_16_O_27_,Pb^2+ Mn^2+ Fe^3+ O,Pb^2+ Mn^2+ Fe^3+ O,Pb Mn Fe O,Pb^2+ Mn^2+ Fe^3+ O,valid,,,
Lindsleyite,"(Ba,Sr)(Zr^4+^,Ca)(Fe^3+^,Mg)_2_(Ti^4+^,Cr^3+^,Fe^3+^)_18_O_38_",Ba Sr Zr^4+ Ca Fe^3+ Mg Ti^4+ Cr^3+ O,Ba Sr Zr^4+ Ca Fe^3+ Mg Ti^4+ Cr^3+ O,Ba Sr Zr Ca Fe Mg Ti Cr O,Ba Sr Zr^4+ Ca Fe^3+ Mg Ti^4+ Cr^3+ O,valid,,,
Lindströmite,Cu^1+^_3_Pb^2+^_3_Bi^3+^_7_S^2-^_15_,Cu^1+ Pb^2+ Bi^3+ S^2-,Cu^1+ Pb^2+ Bi^3+ S^2-,Cu Pb Bi S,Cu^1+ Pb^2+ Bi^3+ S^2-,valid,,,
Línekite,K_2_Ca_3_[(U^6+^O_2_)(CO_3_)_3_]_2_(H_2_O)_8_,K Ca U^6+ O C H,K Ca U^6+ O C H,K Ca U O C H,K Ca U^6+ O C H,valid,,,
Lingbaoite,AgTe_3_,Ag Te,Ag Te,Ag Te,Ag Te,valid,,,
Lingunite,NaAlSi_3_O_8_,Na Al Si O,Na Al Si O,Na Al Si O,Na Al Si O,valid,,,
Linnaeite,Co^2+^Co^3+^_2_S^2-^_4_,Co^2+ Co^3+ S^2-,Co^2+ Co^3+ S^2-,Co S,Co^2+ Co^3+ S^2-,valid,,,
Lintisite,Na_3_LiTi^4+^_2_O_2_(SiO_3_)_4_(H_2_O)_2_,Na Li Ti^4+ O Si H,Na Li Ti^4+ O Si H,Na Li Ti O Si H,Na Li Ti^4+ O Si H,valid,,,
Linzhiite,FeSi_2_,Fe Si,Fe Si,Fe Si,Fe Si,valid,,,
Liottite,Na_16_Ca_8_Si_18_Al_18_O_72_(S^6+^O_4_)_5_Cl_4_,Na Ca Si Al O S^6+ Cl,Na Ca Si Al O S^6+ Cl,Na Ca Si Al O S Cl,Na Ca Si Al O S^6+ Cl,valid,,,
Lipscombite,Fe^2+^Fe^3+^_2_(PO_4_)_2_(OH)_2_,Fe^2+ Fe^3+ P O H,Fe^2+ Fe^3+ P O H,Fe P O H,Fe^2+ Fe^3+ P O H,valid,,,
Lipuite,KNa_8_Mn^3+^_5_Mg_0.5_(Si_12_O_30_(OH)_4_)(PO_4_)O_2_(OH)_2_(H_2_O)_4_,K Na Mn^3+ Mg Si O H P,K Na Mn^3+ Mg Si O H P,K Na Mn Mg Si O H P,K Na Mn^3+ Mg Si O H P,valid,,,
Liraite,NaCa_2_Mn^2+^_2_[Fe^3+^Fe^2+^]Mn^2+^_2_(PO_4_)_6_(H_2_O)_2_,Na Ca Mn^2+ Fe^3+ Fe^2+ P O H,Na Ca Mn^2+ Fe^3+ Fe^2+ P O H,Na Ca Mn Fe P O H,Na Ca Mn^2+ Fe^3+ Fe^2+ P O H,valid,,,
Liroconite,Cu^2+^_2_AlAs^5+^O_4_(OH)_4_·4H_2_O,Cu^2+ Al As^5+ O H,Cu^2+ Al As^5+ O H,Cu Al As O H,Cu^2+ Al As^5+ O H,valid,,,
Lisanite,CaNi^2+^P_2_O_7_,Ca Ni^2+ P O,Ca Ni^2+ P O,Ca Ni P O,Ca Ni^2+ P O,valid,,,
Lisetite,Na_2_CaAl_4_(SiO_4_)_4_,Na Ca Al Si O,Na Ca Al Si O,Na Ca Al Si O,Na Ca Al Si O,valid,,,
Lishiite,(Ca_2_[box])Sr_3_(CO_3_)_5_,Ca Sr C O,Ca Sr C O,Ca Sr C O,Ca Sr C O,valid,,,
Lishizhenite,Zn^2+^Fe^3+^_2_(S^6+^O_4_)_4_·14H_2_O,Zn^2+ Fe^3+ S^6+ O H,Zn^2+ Fe^3+ S^6+ O H,Zn Fe S O H,Zn^2+ Fe^3+ S^6+ O H,valid,,,
Lisiguangite,Cu^1+^Pt^2+^Bi^3+^S^2-^_3_,Cu^1+ Pt^2+ Bi^3+ S^2-,Cu^1+ Pt^2+ Bi^3+ S^2-,Cu Pt Bi S,Cu^1+ Pt^2+ Bi^3+ S^2-,valid,,,
Lisitsynite,KBSi_2_O_6_,K B Si O,K B Si O,K B Si O,K B Si O,valid,,,
Liskeardite,"(Al,Fe^3+^)_32_(As^5+^O_4_)_18_(OH)_42_(H_2_O)_22_·52H_2_O",Al Fe^3+ As^5+ O H,Al Fe^3+ As^5+ O H,Al Fe As O H,Al Fe^3+ As^5+ O H,valid,,,
Lislkirchnerite,Pb^2+^_6_Al(OH)_8_Cl_2_(N^5+^O_3_)_5_·2H_2_O,Pb^2+ Al O H Cl N^5+,Pb^2+ Al O H Cl N^5+,Pb Al O H Cl N,Pb^2+ Al O H Cl N^5+,valid,,,
Litharge,Pb^2+^O,Pb^2+ O,Pb^2+ O,Pb O,Pb^2+ O,valid,,,
Lithiomarsturite,LiCaMn^2+^_3_Si_5_O_14_(OH),Li Ca Mn^2+ Si O H,Li Ca Mn^2+ Si O H,Li Ca Mn Si O H,Li Ca Mn^2+ Si O H,valid,,,
Lithiophilite,LiMn^2+^PO_4_,Li Mn^2+ P O,Li Mn^2+ P O,Li Mn P O,Li Mn^2+ P O,valid,,,
Lithiophorite,"(Al,Li)Mn^4+^O_2_(OH)_2_",Al Li Mn^4+ O H,Al Li Mn^4+ O H,Al Li Mn O H,Al Li Mn^4+ O H,valid,,,
Lithiophosphate,Li_3_PO_4_,Li P O,Li P O,Li P O,Li P O,valid,,,
Lithiotantite,LiTa^5+^_3_O_8_,Li Ta^5+ O,Li Ta^5+ O,Li Ta O,Li Ta^5+ O,valid,,,
Lithiowodginite,LiTa^5+^_3_O_8_,Li Ta^5+ O,Li Ta^5+ O,Li Ta O,Li Ta^5+ O,valid,,,
Lithosite,K_3_Al_2_Si_4_O_12_(OH),K Al Si O H,K Al Si O H,K Al Si O H,K Al Si O H,valid,,,
Litidionite,KNaCu^2+^Si_4_O_10_,K Na Cu^2+ Si O,K Na Cu^2+ Si O,K Na Cu Si O,K Na Cu^2+ Si O,valid,,,
Litochlebite,Ag^1+^_2_Pb^2+^Bi^3+^_4_Se^2-^_8_,Ag^1+ Pb^2+ Bi^3+ Se^2-,Ag^1+ Pb^2+ Bi^3+ Se^2-,Ag Pb Bi Se,Ag^1+ Pb^2+ Bi^3+ Se^2-,valid,,,
Litvinskite,Na_3_Zr^4+^Si_6_O_13_(OH)_5_,Na Zr^4+ Si O H,Na Zr^4+ Si O H,Na Zr Si O H,Na Zr^4+ Si O H,valid,,,
Liudongshengite,Zn^2+^_4_Cr^3+^_2_(OH)_12_(CO_3_)·3H_2_O,Zn^2+ Cr^3+ O H C,Zn^2+ Cr^3+ O H C,Zn Cr O H C,Zn^2+ Cr^3+ O H C,valid,,,
Liuite,Fe^2+^Ti^4+^O_3_,Fe^2+ Ti^4+ O,Fe^2+ Ti^4+ O,Fe Ti O,Fe^2+ Ti^4+ O,valid,,,
Liveingite,Pb^2+^_20_As^3+^_24_S^2-^_56_,Pb^2+ As^3+ S^2-,Pb^2+ As^3+ S^2-,Pb As S,Pb^2+ As^3+ S^2-,valid,,,
Liversidgeite,Zn^2+^_6_(PO_4_)_4_(H_2_O)_5_·2H_2_O,Zn^2+ P O H,Zn^2+ P O H,Zn P O H,Zn^2+ P O H,valid,,,
Livingstonite,Hg^2+^Sb^3+^_4_S^2-^_6_(S_2_)^2-^,Hg^2+ Sb^3+ S^2- S,Hg^2+ Sb^3+ S^2- S,Hg Sb S,Hg^2+ Sb^3+ S^2- S,valid,,,
Lizardite,Mg_3_Si_2_O_5_(OH)_4_,Mg Si O H,Mg Si O H,Mg Si O H,Mg Si O H,valid,,,
Llantenesite,Cu^2+^_6_Al[Se^6+^O_4_](OH)_12_Cl·3H_2_O,Cu^2+ Al Se^6+ O H Cl,Cu^2+ Al Se^6+ O H Cl,Cu Al Se O H Cl,Cu^2+ Al Se^6+ O H Cl,valid,,,
Lobanovite,K_2_Na(Fe^2+^_4_Mg_2_Na)Ti^4+^_2_(Si_4_O_12_)_2_O_2_(OH)_4_,K Na Fe^2+ Mg Ti^4+ Si O H,K Na Fe^2+ Mg Ti^4+ Si O H,K Na Fe Mg Ti Si O H,K Na Fe^2+ Mg Ti^4+ Si O H,valid,,,
Lokkaite-(Y),CaY_4_(CO_3_)_7_·9H_2_O,Ca Y C O H,Ca Y C O H,Ca Y C O H,Ca Y C O H,valid,,,
Löllingite,Fe^3+^(As_2_)^3-^,Fe^3+ As,Fe^3+ As,Fe As,Fe^3+ As,valid,,,
Lombardoite,Ba_2_Mn^3+^(As^5+^O_4_)_2_(OH),Ba Mn^3+ As^5+ O H,Ba Mn^3+ As^5+ O H,Ba Mn As O H,Ba Mn^3+ As^5+ O H,valid,,,
Lomonosovite,Na_6_Na_2_Ti^4+^_2_Na_2_Ti^4+^_2_(Si_2_O_7_)_2_(PO_4_)_2_O_4_,Na Ti^4+ Si O P,Na Ti^4+ Si O P,Na Ti Si O P,Na Ti^4+ Si O P,valid,,,
Londonite,CsBe_5_Al_4_B_11_O_28_,Cs Be Al B O,Cs Be Al B O,Cs Be Al B O,Cs Be Al B O,valid,,,
Lonecreekite,N^3-^H_4_Fe^3+^(S^6+^O_4_)_2_·12H_2_O,N^3- H Fe^3+ S^6+ O,N^3- H Fe^3+ S^6+ O,N H Fe S O,N^3- H Fe^3+ S^6+ O,valid,,,
Longshoushanite-(Ce),Ce^3+^_4_MgAl_2_Ti^4+^_2_(Si_2_O_7_)_2_O_8_,Ce^3+ Mg Al Ti^4+ Si O,Ce^3+ Mg Al Ti^4+ Si O,Ce Mg Al Ti Si O,Ce^3+ Mg Al Ti^4+ Si O,valid,,,
Lonsdaleite,C,C,C,C,C,valid,,,
Loomisite,Ba[Be_2_P_2_O_8_]·H_2_O,Ba Be P O H,Ba Be P O H,Ba Be P O H,Ba Be P O H,valid,,,
Loparite,(Na_0.5_Ce^3+^_0.5_)Ti^4+^O_3_,Na Ce^3+ Ti^4+ O,Na Ce^3+ Ti^4+ O,Na Ce Ti O,Na Ce^3+ Ti^4+ O,valid,,,
Lopatkaite,Pb^2+^_5_Sb^3+^_3_As^3+^S^2-^_11_,Pb^2+ Sb^3+ As^3+ S^2-,Pb^2+ Sb^3+ As^3+ S^2-,Pb Sb As S,Pb^2+ Sb^3+ As^3+ S^2-,valid,,,
Lópezite,K_2_Cr^6+^_2_O_7_,K Cr^6+ O,K Cr^6+ O,K Cr O,K Cr^6+ O,valid,,,
Lorándite,Tl^1+^As^3+^S^2-^_2_,Tl^1+ As^3+ S^2-,Tl^1+ As^3+ S^2-,Tl As S,Tl^1+ As^3+ S^2-,valid,,,
Loranskite-(Y),"(Y,Ce^3+^,Ca)(Zr^4+^,Ta^5+^)_2_O_6_",Y Ce^3+ Ca Zr^4+ Ta^5+ O,Y Ce^3+ Ca Zr^4+ Ta^5+ O,Y Ce Ca Zr Ta O,Y Ce^3+ Ca Zr^4+ Ta^5+ O,valid,,,
Lorenzenite,Na_2_Ti^4+^_2_O_3_(Si_2_O_6_),Na Ti^4+ O Si,Na Ti^4+ O Si,Na Ti O Si,Na Ti^4+ O Si,valid,,,
Loseyite,Mn^2+^_4_Zn^2+^_3_(CO_3_)_2_(OH)_10_,Mn^2+ Zn^2+ C O H,Mn^2+ Zn^2+ C O H,Mn Zn C O H,Mn^2+ Zn^2+ C O H,valid,,,
Lotharmeyerite,CaZn^2+^_2_(As^5+^O_4_)_2_·2H_2_O,Ca Zn^2+ As^5+ O H,Ca Zn^2+ As^5+ O H,Ca Zn As O H,Ca Zn^2+ As^5+ O H,valid,,,
Loudounite,NaCa_5_Zr^4+^_4_Si_16_O_40_(OH)_11_·8H_2_O,Na Ca Zr^4+ Si O H,Na Ca Zr^4+ Si O H,Na Ca Zr Si O H,Na Ca Zr^4+ Si O H,valid,,,
Loughlinite,Na_2_Mg_3_Si_6_O_16_·8H_2_O,Na Mg Si O H,Na Mg Si O H,Na Mg Si O H,Na Mg Si O H,valid,,,
Louisfuchsite,Ca_2_(Mg_4_Ti^4+^_2_)(Al_4_Si_2_)O_20_,Ca Mg Ti^4+ Al Si O,Ca Mg Ti^4+ Al Si O,Ca Mg Ti Al Si O,Ca Mg Ti^4+ Al Si O,valid,,,
Lourenswalsite,"(K,Ba)_2_Ti^4+^_4_(Si,Al)_6_O_14_(OH)_12_",K Ba Ti^4+ Si Al O H,K Ba Ti^4+ Si Al O H,K Ba Ti Si Al O H,K Ba Ti^4+ Si Al O H,valid,,,
Lovdarite,K_2_Na_6_Be_4_Si_14_O_36_·9H_2_O,K Na Be Si O H,K Na Be Si O H,K Na Be Si O H,K Na Be Si O H,valid,,,
Loveringite,"(Ca,Ce^3+^,La)(Zr^4+^,Fe^3+^)(Mg,Fe^3+^)_2_(Ti^4+^,Fe^3+^,Cr^3+^,Al)_18_O_38_",Ca Ce^3+ La Zr^4+ Fe^3+ Mg Ti^4+ Cr^3+ Al O,Ca Ce^3+ La Zr^4+ Fe^3+ Mg Ti^4+ Cr^3+ Al O,Ca Ce La Zr Fe Mg Ti Cr Al O,Ca Ce^3+ La Zr^4+ Fe^3+ Mg Ti^4+ Cr^3+ Al O,valid,,,
Lovozerite,Na_3_CaZr^4+^Si_6_O_15_(OH)_3_,Na Ca Zr^4+ Si O H,Na Ca Zr^4+ Si O H,Na Ca Zr Si O H,Na Ca Zr^4+ Si O H,valid,,,
Löweite,Na_12_Mg_7_(S^6+^O_4_)_13_(H_2_O)_15_,Na Mg S^6+ O H,Na Mg S^6+ O H,Na Mg S O H,Na Mg S^6+ O H,valid,,,
Luanheite,Ag_3_Hg,Ag Hg,Ag Hg,Ag Hg,Ag Hg,valid,,,
Luanshiweiite,KLiAl_1.5_(Si_3.5_Al_0.5_)O_10_(OH)_2_,K Li Al Si O H,K Li Al Si O H,K Li Al Si O H,K Li Al Si O H,valid,,,
Luberoite,Pt_5_Se_4_,Pt Se,Pt Se,Pt Se,Pt Se,valid,,,
Luboržákite,Mn^2+^_2_As^3+^Sb^3+^S^2-^_5_,Mn^2+ As^3+ Sb^3+ S^2-,Mn^2+ As^3+ Sb^3+ S^2-,Mn As Sb S,Mn^2+ As^3+ Sb^3+ S^2-,valid,,,
Lucabindiite,K(As^3+^_2_O_3_)_2_Cl,K As^3+ O Cl,K As^3+ O Cl,K As O Cl,K As^3+ O Cl,valid,,,
Lucasite-(Ce),Ce^3+^Ti^4+^_2_O_5_(OH),Ce^3+ Ti^4+ O H,Ce^3+ Ti^4+ O H,Ce Ti O H,Ce^3+ Ti^4+ O H,valid,,,
Lucasite-(La),LaTi^4+^_2_O_5_(OH),La Ti^4+ O H,La Ti^4+ O H,La Ti O H,La Ti^4+ O H,valid,,,
Lucchesiite,CaFe^2+^_3_Al_6_(Si_6_O_18_)(BO_3_)_3_(OH)_3_O,Ca Fe^2+ Al Si O B H,Ca Fe^2+ Al Si O B H,Ca Fe Al Si O B H,Ca Fe^2+ Al Si O B H,valid,,,
Luddenite,Cu^2+^_2_Pb^2+^_2_Si_5_O_14_·14H_2_O,Cu^2+ Pb^2+ Si O H,Cu^2+ Pb^2+ Si O H,Cu Pb Si O H,Cu^2+ Pb^2+ Si O H,valid,,,
Ludjibaite,Cu^2+^_5_(PO_4_)_2_(OH)_4_,Cu^2+ P O H,Cu^2+ P O H,Cu P O H,Cu^2+ P O H,valid,,,
Ludlamite,Fe^2+^_3_(PO_4_)_2_(H_2_O)_4_,Fe^2+ P O H,Fe^2+ P O H,Fe P O H,Fe^2+ P O H,valid,,,
Ludlockite,Pb^2+^Fe^3+^_4_As^3+^_10_O_22_,Pb^2+ Fe^3+ As^3+ O,Pb^2+ Fe^3+ As^3+ O,Pb Fe As O,Pb^2+ Fe^3+ As^3+ O,valid,,,
Ludwigite,Mg_2_Fe^3+^O_2_(BO_3_),Mg Fe^3+ O B,Mg Fe^3+ O B,Mg Fe O B,Mg Fe^3+ O B,valid,,,
Lueshite,NaNb^5+^O_3_,Na Nb^5+ O,Na Nb^5+ O,Na Nb O,Na Nb^5+ O,valid,,,
Luetheite,Cu^2+^Al(As^5+^O_4_)(OH)_2_,Cu^2+ Al As^5+ O H,Cu^2+ Al As^5+ O H,Cu Al As O H,Cu^2+ Al As^5+ O H,valid,,,
Lukechangite-(Ce),Na_3_Ce^3+^_2_(CO_3_)_4_F,Na Ce^3+ C O F,Na Ce^3+ C O F,Na Ce C O F,Na Ce^3+ C O F,valid,,,
Lukkulaisvaaraite,Pd_14_Ag_2_Te_9_,Pd Ag Te,Pd Ag Te,Pd Ag Te,Pd Ag Te,valid,,,
Lukrahnite,"CaCu^2+^Fe^3+^(As^5+^O_4_)_2_(OH,H_2_O)_2_",Ca Cu^2+ Fe^3+ As^5+ O H,Ca Cu^2+ Fe^3+ As^5+ O H,Ca Cu Fe As O H,Ca Cu^2+ Fe^3+ As^5+ O H,valid,,,
Lulzacite,Sr_2_Fe^2+^_3_Al_4_(PO_4_)_4_(OH)_10_,Sr Fe^2+ Al P O H,Sr Fe^2+ Al P O H,Sr Fe Al P O H,Sr Fe^2+ Al P O H,valid,,,
Lumsdenite,NaCa_3_Mg_2_(H_2_O)_31_(As^3+^V^4+^_2_V^5+^_10_As^5+^_6_O_51_)·14H_2_O,Na Ca Mg H O As^3+ V^4+ V^5+ As^5+,Na Ca Mg H O As^3+ V^4+ V^5+ As^5+,Na Ca Mg H O As V,Na Ca Mg H O As^3+ V^4+ V^5+ As^5+,valid,,,
Lüneburgite,Mg_3_[B_2_(OH)_6_(PO_4_)_2_](H_2_O)_6_,Mg B O H P,Mg B O H P,Mg B O H P,Mg B O H P,valid,,,
Lunijianlaite,"Li_0.7_Al_6.2_(Si_7_Al)O_20_(OH,O)_10_",Li Al Si O H,Li Al Si O H,Li Al Si O H,Li Al Si O H,valid,,,
Lun'okite,MgMn^2+^Al(PO_4_)_2_(OH)(H_2_O)_4_,Mg Mn^2+ Al P O H,Mg Mn^2+ Al P O H,Mg Mn Al P O H,Mg Mn^2+ Al P O H,valid,,,
Luobusaite,Fe_0.84_Si_2_,Fe Si,Fe Si,Fe Si,Fe Si,valid,,,
Luogufengite,Fe^3+^_2_O_3_,Fe^3+ O,Fe^3+ O,Fe O,Fe^3+ O,valid,,,
Lusernaite-(Y),Y_4_Al(CO_3_)_2_(OH)_11_(H_2_O)_4_·2H_2_O,Y Al C O H,Y Al C O H,Y Al C O H,Y Al C O H,valid,,,
Lussierite,Na_10_[(U^6+^O_2_)(S^6+^O_4_)_4_](S^6+^O_4_)_2_(H_2_O)_3_,Na U^6+ O S^6+ H,Na U^6+ O S^6+ H,Na U O S H,Na U^6+ O S^6+ H,valid,,,
Luxembourgite,Ag^1+^Cu^1+^Pb^2+^Bi^3+^_4_Se^2-^_8_,Ag^1+ Cu^1+ Pb^2+ Bi^3+ Se^2-,Ag^1+ Cu^1+ Pb^2+ Bi^3+ Se^2-,Ag Cu Pb Bi Se,Ag^1+ Cu^1+ Pb^2+ Bi^3+ Se^2-,valid,,,
Luzonite,Cu_3_AsS^2-^_4_,Cu As S^2-,Cu As S^2-,Cu As S,Cu As S^2-,valid,,,
Lyonsite,Cu^2+^_3_Fe^3+^_4_(V^5+^O_4_)_6_,Cu^2+ Fe^3+ V^5+ O,Cu^2+ Fe^3+ V^5+ O,Cu Fe V O,Cu^2+ Fe^3+ V^5+ O,valid,,,
Macaulayite,Fe^3+^_24_Si_4_O_43_(OH)_2_,Fe^3+ Si O H,Fe^3+ Si O H,Fe Si O H,Fe^3+ Si O H,valid,,,
Macdonaldite,BaCa_4_Si_16_O_36_(OH)_2_(H_2_O)_6_·4H_2_O,Ba Ca Si O H,Ba Ca Si O H,Ba Ca Si O H,Ba Ca Si O H,valid,,,
Macedonite,Pb^2+^Ti^4+^O_3_,Pb^2+ Ti^4+ O,Pb^2+ Ti^4+ O,Pb Ti O,Pb^2+ Ti^4+ O,valid,,,
Macfallite,Ca_2_Mn^3+^_3_(SiO_4_)(Si_2_O_7_)(OH)_3_,Ca Mn^3+ Si O H,Ca Mn^3+ Si O H,Ca Mn Si O H,Ca Mn^3+ Si O H,valid,,,
Machatschkiite,Ca_6_(As^5+^O_4_)(As^5+^O_3_OH)_3_(PO_4_)(H_2_O)_12_·3H_2_O,Ca As^5+ O H P,Ca As^5+ O H P,Ca As O H P,Ca As^5+ O H P,valid,,,
Machiite,Al_2_Ti^4+^_3_O_9_,Al Ti^4+ O,Al Ti^4+ O,Al Ti O,Al Ti^4+ O,valid,,,
Macivorite,(N^3-^H_4_)_3_Al_5_(PO_3_OH)_6_(PO_4_)_2_(H_2_O)_12_·6H_2_O,N^3- H Al P O,N^3- H Al P O,N H Al P O,N^3- H Al P O,valid,,,
Mackayite,Fe^3+^Te^4+^_2_O_5_(OH),Fe^3+ Te^4+ O H,Fe^3+ Te^4+ O H,Fe Te O H,Fe^3+ Te^4+ O H,valid,,,
Mackinawite,Fe^2+^S^2-^,Fe^2+ S^2-,Fe^2+ S^2-,Fe S,Fe^2+ S^2-,valid,,,
Macphersonite,Pb^2+^_4_(S^6+^O_4_)(CO_3_)_2_(OH)_2_,Pb^2+ S^6+ O C H,Pb^2+ S^6+ O C H,Pb S O C H,Pb^2+ S^6+ O C H,valid,,,
Macquartite,Cu^2+^_2_Pb^2+^_7_(Cr^6+^O_4_)_4_(SiO_4_)_2_(OH)_2_,Cu^2+ Pb^2+ Cr^6+ O Si H,Cu^2+ Pb^2+ Cr^6+ O Si H,Cu Pb Cr O Si H,Cu^2+ Pb^2+ Cr^6+ O Si H,valid,,,
Macraeite,K(H_2_O)Mn^2+^_2_(Fe^3+^_2_Ti^4+^)(PO_4_)_4_[O(OH)](H_2_O)_10_·4H_2_O,K H O Mn^2+ Fe^3+ Ti^4+ P,K H O Mn^2+ Fe^3+ Ti^4+ P,K H O Mn Fe Ti P,K H O Mn^2+ Fe^3+ Ti^4+ P,valid,,,
Madeiraite,Na_2_Ca_2_Fe^2+^_2_Zr^4+^_2_(Si_2_O_7_)_2_O_2_F_2_,Na Ca Fe^2+ Zr^4+ Si O F,Na Ca Fe^2+ Zr^4+ Si O F,Na Ca Fe Zr Si O F,Na Ca Fe^2+ Zr^4+ Si O F,valid,,,
Madocite,"Pb^2+^_19_(Sb^3+^,As^3+^)_16_S^2-^_43_",Pb^2+ Sb^3+ As^3+ S^2-,Pb^2+ Sb^3+ As^3+ S^2-,Pb Sb As S,Pb^2+ Sb^3+ As^3+ S^2-,valid,,,
Magadiite,[Na_2_(H_2_O)_8_]Si_14_O_28_(OH)_2_,Na H O Si,Na H O Si,Na H O Si,Na H O Si,valid,,,
Magbasite,KBaFe^3+^Mg_7_Si_8_O_22_(OH)_2_F_6_,K Ba Fe^3+ Mg Si O H F,K Ba Fe^3+ Mg Si O H F,K Ba Fe Mg Si O H F,K Ba Fe^3+ Mg Si O H F,valid,,,
Magganasite,Cu^2+^Fe^3+^_3_O(As^5+^O_4_)_3_,Cu^2+ Fe^3+ O As^5+,Cu^2+ Fe^3+ O As^5+,Cu Fe O As,Cu^2+ Fe^3+ O As^5+,valid,,,
Maghagendorfite,Na_2_MgFe^2+^Fe^3+^(PO_4_)_3_,Na Mg Fe^2+ Fe^3+ P O,Na Mg Fe^2+ Fe^3+ P O,Na Mg Fe P O,Na Mg Fe^2+ Fe^3+ P O,valid,,,
Maghemite,(Fe^3+^_0.67_[box]_0.33_)Fe^3+^_2_O_4_,Fe^3+ O,Fe^3+ O,Fe O,Fe^3+ O,valid,,,
Maghrebite,MgAl_2_(As^5+^O_4_)_2_(OH)_2_(H_2_O)_6_·2H_2_O,Mg Al As^5+ O H,Mg Al As^5+ O H,Mg Al As O H,Mg Al As^5+ O H,valid,,,
Magnanelliite,K_3_Fe^3+^_2_(S^6+^O_4_)_4_(OH)(H_2_O)_2_,K Fe^3+ S^6+ O H,K Fe^3+ S^6+ O H,K Fe S O H,K Fe^3+ S^6+ O H,valid,,,
Magnéliite,Ti^3+^_2_Ti^4+^_2_O_7_,Ti^3+ Ti^4+ O,Ti^3+ Ti^4+ O,Ti O,Ti^3+ Ti^4+ O,valid,,,
Magnesioalterite,Mg_2_Fe^3+^_4_(S^6+^O_4_)_4_((C_2_)^6+^O_4_)_2_(OH)_4_·17H_2_O,Mg Fe^3+ S^6+ O C H,Mg Fe^3+ S^6+ O C H,Mg Fe S O C H,Mg Fe^3+ S^6+ O C H,valid,,,
Magnesio-arfvedsonite,NaNa_2_(Mg_4_Fe^3+^)Si_8_O_22_(OH)_2_,Na Mg Fe^3+ Si O H,Na Mg Fe^3+ Si O H,Na Mg Fe Si O H,Na Mg Fe^3+ Si O H,valid,,,
Magnesioaubertite,MgAl(S^6+^O_4_)_2_Cl·14H_2_O,Mg Al S^6+ O Cl H,Mg Al S^6+ O Cl H,Mg Al S O Cl H,Mg Al S^6+ O Cl H,valid,,,
Magnesiobeltrandoite-2N3S,(Mg_6_Al_2_)(Al_18_Fe^3+^_2_)O_38_(OH)_2_,Mg Al Fe^3+ O H,Mg Al Fe^3+ O H,Mg Al Fe O H,Mg Al Fe^3+ O H,valid,,,
Magnesiobermanite,MgMn^3+^_2_(PO_4_)_2_(OH)_2_·4H_2_O,Mg Mn^3+ P O H,Mg Mn^3+ P O H,Mg Mn P O H,Mg Mn^3+ P O H,valid,,,
Magnesiocanutite,Na[box]Mn^2+^Mg_2_[As^5+^O_4_]_2_[As^5+^O_2_(OH)_2_],Na Mn^2+ Mg As^5+ O H,Na Mn^2+ Mg As^5+ O H,Na Mn Mg As O H,Na Mn^2+ Mg As^5+ O H,valid,,,
Magnesiocarpholite,MgAl_2_Si_2_O_6_(OH)_4_,Mg Al Si O H,Mg Al Si O H,Mg Al Si O H,Mg Al Si O H,valid,,,
Magnesiochangesite-(Ce),(Ca_8_Ce^3+^)Mg(PO_4_)_7_,Ca Ce^3+ Mg P O,Ca Ce^3+ Mg P O,Ca Ce Mg P O,Ca Ce^3+ Mg P O,valid,,,
Magnesiochangesite-(Y),(Ca_8_Y)[box]Mg(PO_4_)_7_,Ca Y Mg P O,Ca Y Mg P O,Ca Y Mg P O,Ca Y Mg P O,valid,,,
Magnesiochloritoid,MgAl_2_O(SiO_4_)(OH)_2_,Mg Al O Si H,Mg Al O Si H,Mg Al O Si H,Mg Al O Si H,valid,,,
Magnesiochlorophoenicite,Mg_3_Zn^2+^_2_(OH)_6_As^5+^[O_3_(OH)_3_],Mg Zn^2+ O H As^5+,Mg Zn^2+ O H As^5+,Mg Zn O H As,Mg Zn^2+ O H As^5+,valid,,,
Magnesiochromite,MgCr^3+^_2_O_4_,Mg Cr^3+ O,Mg Cr^3+ O,Mg Cr O,Mg Cr^3+ O,valid,,,
Magnesiocopiapite,MgFe^3+^_4_(S^6+^O_4_)_6_(OH)_2_·20H_2_O,Mg Fe^3+ S^6+ O H,Mg Fe^3+ S^6+ O H,Mg Fe S O H,Mg Fe^3+ S^6+ O H,valid,,,
Magnesiocoulsonite,MgV^3+^_2_O_4_,Mg V^3+ O,Mg V^3+ O,Mg V O,Mg V^3+ O,valid,,,
Magnesiodumortierite,MgAl_6_BSi_3_O_17_(OH),Mg Al B Si O H,Mg Al B Si O H,Mg Al B Si O H,Mg Al B Si O H,valid,,,
Magnesio-dutrowite,Na(Mg_2.5_Ti^4+^_0.5_)Al_6_(Si_6_O_18_)(BO_3_)_3_(OH)_3_O,Na Mg Ti^4+ Al Si O B H,Na Mg Ti^4+ Al Si O B H,Na Mg Ti Al Si O B H,Na Mg Ti^4+ Al Si O B H,valid,,,
Magnesio-ferri-fluoro-hornblende,[box]Ca_2_(Mg_4_Fe^3+^)(Si_7_Al)O_22_F_2_,Ca Mg Fe^3+ Si Al O F,Ca Mg Fe^3+ Si Al O F,Ca Mg Fe Si Al O F,Ca Mg Fe^3+ Si Al O F,valid,,,
Magnesio-ferri-hornblende,[box]Ca_2_(Mg_4_Fe^3+^)[(Si_7_Al)O_22_](OH)_2_,Ca Mg Fe^3+ Si Al O H,Ca Mg Fe^3+ Si Al O H,Ca Mg Fe Si Al O H,Ca Mg Fe^3+ Si Al O H,valid,,,
Magnesioferrite,MgFe^3+^_2_O_4_,Mg Fe^3+ O,Mg Fe^3+ O,Mg Fe O,Mg Fe^3+ O,valid,,,
Magnesiofluckite,CaMg(As^5+^O_3_OH)_2_(H_2_O)_2_,Ca Mg As^5+ O H,Ca Mg As^5+ O H,Ca Mg As O H,Ca Mg As^5+ O H,valid,,,
Magnesio-fluoro-arfvedsonite,NaNa_2_(Mg_4_Fe^3+^)Si_8_O_22_F_2_,Na Mg Fe^3+ Si O F,Na Mg Fe^3+ Si O F,Na Mg Fe Si O F,Na Mg Fe^3+ Si O F,valid,,,
Magnesio-fluoro-hastingsite,NaCa_2_(Mg_4_Fe^3+^)(Si_6_Al_2_)O_22_F_2_,Na Ca Mg Fe^3+ Si Al O F,Na Ca Mg Fe^3+ Si Al O F,Na Ca Mg Fe Si Al O F,Na Ca Mg Fe^3+ Si Al O F,valid,,,
Magnesio-foitite,[box](Mg_2_Al)Al_6_(Si_6_O_18_)(BO_3_)_3_(OH)_3_OH,Mg Al Si O B H,Mg Al Si O B H,Mg Al Si O B H,Mg Al Si O B H,valid,,,
Magnesio-hastingsite,NaCa_2_(Mg_4_Fe^3+^)Si_6_Al_2_O_22_(OH)_2_,Na Ca Mg Fe^3+ Si Al O H,Na Ca Mg Fe^3+ Si Al O H,Na Ca Mg Fe Si Al O H,Na Ca Mg Fe^3+ Si Al O H,valid,,,
Magnesiohatertite,NaNaCa(MgFe^3+^)(As^5+^O_4_)_3_,Na Ca Mg Fe^3+ As^5+ O,Na Ca Mg Fe^3+ As^5+ O,Na Ca Mg Fe As O,Na Ca Mg Fe^3+ As^5+ O,valid,,,
Magnesiohögbomite-2N2S,"(Al,Mg,Fe^2+^,Fe^3+^,Ti^4+^)_22_(O,OH)_32_",Al Mg Fe^2+ Fe^3+ Ti^4+ O H,Al Mg Fe^2+ Fe^3+ Ti^4+ O H,Al Mg Fe Ti O H,Al Mg Fe^2+ Fe^3+ Ti^4+ O H,valid,,,
Magnesiohögbomite-2N3S,"(Mg,Fe^2+^,Zn^2+^,Ti^4+^)_4_(Al,Fe^3+^)_10_O_19_(OH)",Mg Fe^2+ Zn^2+ Ti^4+ Al Fe^3+ O H,Mg Fe^2+ Zn^2+ Ti^4+ Al Fe^3+ O H,Mg Fe Zn Ti Al O H,Mg Fe^2+ Zn^2+ Ti^4+ Al Fe^3+ O H,valid,,,
Magnesiohögbomite-2N4S,(Mg_8.43_Fe^2+^_1.57_)Al_22_Ti^4+^_2_O_46_(OH)_2_,Mg Fe^2+ Al Ti^4+ O H,Mg Fe^2+ Al Ti^4+ O H,Mg Fe Al Ti O H,Mg Fe^2+ Al Ti^4+ O H,valid,,,
Magnesiohögbomite-6N12S,Mg_5_Al_11_Ti^4+^O_23_(OH),Mg Al Ti^4+ O H,Mg Al Ti^4+ O H,Mg Al Ti O H,Mg Al Ti^4+ O H,valid,,,
Magnesiohögbomite-6N6S,"(Mg,Al,Fe^2+^,Fe^3+^)_3_(Al,Ti^4+^)_8_O_15_(OH)",Mg Al Fe^2+ Fe^3+ Ti^4+ O H,Mg Al Fe^2+ Fe^3+ Ti^4+ O H,Mg Al Fe Ti O H,Mg Al Fe^2+ Fe^3+ Ti^4+ O H,valid,,,
Magnesiohongruiite-(Fe3+),(Mg_2_Fe^3+^)Fe^3+^Nb^5+^O_7_(OH),Mg Fe^3+ Nb^5+ O H,Mg Fe^3+ Nb^5+ O H,Mg Fe Nb O H,Mg Fe^3+ Nb^5+ O H,valid,,,
Magnesio-hornblende,[box]Ca_2_(Mg_4_Al)(Si_7_Al)O_22_(OH)_2_,Ca Mg Al Si O H,Ca Mg Al Si O H,Ca Mg Al Si O H,Ca Mg Al Si O H,valid,,,
Magnesiohulsite,Mg_2_Fe^3+^O_2_(BO_3_),Mg Fe^3+ O B,Mg Fe^3+ O B,Mg Fe O B,Mg Fe^3+ O B,valid,,,
Magnesiokoritnigite,Mg(As^5+^O_3_OH)(H_2_O),Mg As^5+ O H,Mg As^5+ O H,Mg As O H,Mg As^5+ O H,valid,,,
Magnesioleydetite,Mg(U^6+^O_2_)(S^6+^O_4_)_2_(H_2_O)_7_·4H_2_O,Mg U^6+ O S^6+ H,Mg U^6+ O S^6+ H,Mg U O S H,Mg U^6+ O S^6+ H,valid,,,
Magnesio-lucchesiite,CaMg_3_Al_6_(Si_6_O_18_)(BO_3_)_3_(OH)_3_O,Ca Mg Al Si O B H,Ca Mg Al Si O B H,Ca Mg Al Si O B H,Ca Mg Al Si O B H,valid,,,
Magnesioneptunite,KNa_2_LiMg_2_Ti^4+^_2_Si_8_O_24_,K Na Li Mg Ti^4+ Si O,K Na Li Mg Ti^4+ Si O,K Na Li Mg Ti Si O,K Na Li Mg Ti^4+ Si O,valid,,,
Magnesionigerite-2N1S,"(Mg,Al,Zn^2+^)_2_(Al,Sn^4+^)_6_O_11_(OH)",Mg Al Zn^2+ Sn^4+ O H,Mg Al Zn^2+ Sn^4+ O H,Mg Al Zn Sn O H,Mg Al Zn^2+ Sn^4+ O H,valid,,,
Magnesionigerite-6N6S,"(Mg,Al,Zn^2+^)_3_(Al,Sn^4+^,Fe^3+^,Fe^2+^)_8_O_15_(OH)",Mg Al Zn^2+ Sn^4+ Fe^3+ Fe^2+ O H,Mg Al Zn^2+ Sn^4+ Fe^3+ Fe^2+ O H,Mg Al Zn Sn Fe O H,Mg Al Zn^2+ Sn^4+ Fe^3+ Fe^2+ O H,valid,,,
Magnesiopascoite,Ca_2_MgV^5+^_10_O_28_(H_2_O)_16_,Ca Mg V^5+ O H,Ca Mg V^5+ O H,Ca Mg V O H,Ca Mg V^5+ O H,valid,,,
Magnesioqingheiite,Na_2_Mg(MgAl)(PO_4_)_3_,Na Mg Al P O,Na Mg Al P O,Na Mg Al P O,Na Mg Al P O,valid,,,
Magnesio-riebeckite,[box]Na_2_(Mg_3_Fe^3+^_2_)Si_8_O_22_(OH)_2_,Na Mg Fe^3+ Si O H,Na Mg Fe^3+ Si O H,Na Mg Fe Si O H,Na Mg Fe^3+ Si O H,valid,,,
Magnesiorowlandite-(Y),Y_4_Mg(Si_2_O_7_)_2_F_2_,Y Mg Si O F,Y Mg Si O F,Y Mg Si O F,Y Mg Si O F,valid,,,
Magnesiostaurolite,"Mg(Mg,Li)_3_(Al,Mg)_18_Si_8_O_44_(OH)_4_",Mg Li Al Si O H,Mg Li Al Si O H,Mg Li Al Si O H,Mg Li Al Si O H,valid,,,
Magnesiotaaffeite-2N'2S,Mg_3_BeAl_8_O_16_,Mg Be Al O,Mg Be Al O,Mg Be Al O,Mg Be Al O,valid,,,
Magnesiotaaffeite-6N'3S,Mg_2_BeAl_6_O_12_,Mg Be Al O,Mg Be Al O,Mg Be Al O,Mg Be Al O,valid,,,
Magnesiovesuvianite,Ca_19_Mg(Al_11_Mg)Si_18_O_69_(OH)_9_,Ca Mg Al Si O H,Ca Mg Al Si O H,Ca Mg Al Si O H,Ca Mg Al Si O H,valid,,,
Magnesiovoltaite,K_2_Mg_5_Fe^3+^_3_Al(S^6+^O_4_)_12_(H_2_O)_18_,K Mg Fe^3+ Al S^6+ O H,K Mg Fe^3+ Al S^6+ O H,K Mg Fe Al S O H,K Mg Fe^3+ Al S^6+ O H,valid,,,
Magnesiozippeite,Mg(U^6+^O_2_)_2_(S^6+^O_4_)O_2_·3.5H_2_O,Mg U^6+ O S^6+ H,Mg U^6+ O S^6+ H,Mg U O S H,Mg U^6+ O S^6+ H,valid,,,
Magnesite,MgCO_3_,Mg C O,Mg C O,Mg C O,Mg C O,valid,,,
Magnetite,Fe^2+^Fe^3+^_2_O_4_,Fe^2+ Fe^3+ O,Fe^2+ Fe^3+ O,Fe O,Fe^2+ Fe^3+ O,valid,,,
Magnetoplumbite,Pb^2+^Fe^3+^_12_O_19_,Pb^2+ Fe^3+ O,Pb^2+ Fe^3+ O,Pb Fe O,Pb^2+ Fe^3+ O,valid,,,
Magnioursilite,Mg_4_(U^6+^O_2_)_4_(Si_2_O_5_)_5_(OH)_6_·20H_2_O,Mg U^6+ O Si H,Mg U^6+ O Si H,Mg U O Si H,Mg U^6+ O Si H,valid,,,
Magnolite,Hg^1+^_2_Te^4+^O_3_,Hg^1+ Te^4+ O,Hg^1+ Te^4+ O,Hg Te O,Hg^1+ Te^4+ O,valid,,,
Magnussonite,"Mn^2+^_5_As^3+^_3_O_9_(OH,Cl)",Mn^2+ As^3+ O H Cl,Mn^2+ As^3+ O H Cl,Mn As O H Cl,Mn^2+ As^3+ O H Cl,valid,,,
Magselite,[Mg(H_2_O)_6_](Se^4+^O_3_),Mg H O Se^4+,Mg H O Se^4+,Mg H O Se,Mg H O Se^4+,valid,,,
Mahnertite,"(Na,Ca,K)Cu^2+^_3_(As^5+^O_4_)_2_Cl(H_2_O)_3_·2H_2_O",Na Ca K Cu^2+ As^5+ O Cl H,Na Ca K Cu^2+ As^5+ O Cl H,Na Ca K Cu As O Cl H,Na Ca K Cu^2+ As^5+ O Cl H,valid,,,
Maikainite,Cu^1+^_10_Fe^2+^_3_Mo^4+^Ge^4+^_3_S^2-^_16_,Cu^1+ Fe^2+ Mo^4+ Ge^4+ S^2-,Cu^1+ Fe^2+ Mo^4+ Ge^4+ S^2-,Cu Fe Mo Ge S,Cu^1+ Fe^2+ Mo^4+ Ge^4+ S^2-,valid,,,
Majakite,PdNiAs,Pd Ni As,Pd Ni As,Pd Ni As,Pd Ni As,valid,,,
Majindeite,Mg_2_Mo^4+^_3_O_8_,Mg Mo^4+ O,Mg Mo^4+ O,Mg Mo O,Mg Mo^4+ O,valid,,,
Majorite,Mg_3_(MgSi)(SiO_4_)_3_,Mg Si O,Mg Si O,Mg Si O,Mg Si O,valid,,,
Majzlanite,K_2_Na(Zn^2+^Na)Ca(S^6+^O_4_)_4_,K Na Zn^2+ Ca S^6+ O,K Na Zn^2+ Ca S^6+ O,K Na Zn Ca S O,K Na Zn^2+ Ca S^6+ O,valid,,,
Makarochkinite,Ca_4_[Fe^2+^_8_Fe^3+^_2_Ti^4+^_2_]O_4_[Si_8_Be_2_Al_2_O_36_],Ca Fe^2+ Fe^3+ Ti^4+ O Si Be Al,Ca Fe^2+ Fe^3+ Ti^4+ O Si Be Al,Ca Fe Ti O Si Be Al,Ca Fe^2+ Fe^3+ Ti^4+ O Si Be Al,valid,,,
Makatite,Na_2_Si_4_O_8_(OH)_2_(H_2_O)_4_,Na Si O H,Na Si O H,Na Si O H,Na Si O H,valid,,,
Mäkinenite,NiSe,Ni Se,Ni Se,Ni Se,Ni Se,valid,,,
Makotoite,Ag_12_(Cu_3_Au)S_8_,Ag Cu Au S,Ag Cu Au S,Ag Cu Au S,Ag Cu Au S,valid,,,
Makovickyite,Cu_1.12_Ag_0.81_Pb^2+^_0.27_Bi^3+^_5.35_S^2-^_9_,Cu Ag Pb^2+ Bi^3+ S^2-,Cu Ag Pb^2+ Bi^3+ S^2-,Cu Ag Pb Bi S,Cu Ag Pb^2+ Bi^3+ S^2-,valid,,,
Malachite,Cu^2+^_2_CO_3_(OH)_2_,Cu^2+ C O H,Cu^2+ C O H,Cu C O H,Cu^2+ C O H,valid,,,
Malanite,Cu^1+^(Ir^3+^Pt^4+^)S^2-^_4_,Cu^1+ Ir^3+ Pt^4+ S^2-,Cu^1+ Ir^3+ Pt^4+ S^2-,Cu Ir Pt S,Cu^1+ Ir^3+ Pt^4+ S^2-,valid,,,
Malayaite,CaSn^4+^O(SiO_4_),Ca Sn^4+ O Si,Ca Sn^4+ O Si,Ca Sn O Si,Ca Sn^4+ O Si,valid,,,
Maldonite,Au_2_Bi,Au Bi,Au Bi,Au Bi,Au Bi,valid,,,
Maleevite,BaB_2_Si_2_O_8_,Ba B Si O,Ba B Si O,Ba B Si O,Ba B Si O,valid,,,
Maletoyvayamite,Au_3_Se_4_Te_6_,Au Se Te,Au Se Te,Au Se Te,Au Se Te,valid,,,
Malhmoodite,Fe^2+^Zr^4+^(PO_4_)_2_(H_2_O)_4_,Fe^2+ Zr^4+ P O H,Fe^2+ Zr^4+ P O H,Fe Zr P O H,Fe^2+ Zr^4+ P O H,valid,,,
Malinkoite,NaBSiO_4_,Na B Si O,Na B Si O,Na B Si O,Na B Si O,valid,,,
Malladrite,Na_2_SiF_6_,Na Si F,Na Si F,Na Si F,Na Si F,valid,,,
Mallardite,Mn^ 2+^S^6+^O_4_·7H_2_O,Mn S^6+ O H,Mn^2+ S^6+ O H,Mn S O H,Mn S^6+ O H,charge_mismatch,,,Mn: expected unspecified; parsed 2+
Mallestigite,Pb^2+^_3_Sb^5+^(S^6+^O_4_)(As^5+^O_4_)(OH)_6_·3H_2_O,Pb^2+ Sb^5+ S^6+ O As^5+ H,Pb^2+ Sb^5+ S^6+ O As^5+ H,Pb Sb S O As H,Pb^2+ Sb^5+ S^6+ O As^5+ H,valid,,,
Malyshevite,Cu^1+^Pd^2+^Bi^3+^S^2-^_3_,Cu^1+ Pd^2+ Bi^3+ S^2-,Cu^1+ Pd^2+ Bi^3+ S^2-,Cu Pd Bi S,Cu^1+ Pd^2+ Bi^3+ S^2-,valid,,,
Mambertiite,Bi^3+^Mo^5+^_2.80_O_8_(OH),Bi^3+ Mo^5+ O H,Bi^3+ Mo^5+ O H,Bi Mo O H,Bi^3+ Mo^5+ O H,valid,,,
Mammothite,Pb^2+^_6_Cu^2+^_4_AlSb^5+^O_2_(S^6+^O_4_)_2_Cl_4_(OH)_16_,Pb^2+ Cu^2+ Al Sb^5+ O S^6+ Cl H,Pb^2+ Cu^2+ Al Sb^5+ O S^6+ Cl H,Pb Cu Al Sb O S Cl H,Pb^2+ Cu^2+ Al Sb^5+ O S^6+ Cl H,valid,,,
Mampsisite,Ca_4_Al_2_(OH)_12_(CO_3_)· 5H_2_O,Ca Al O H C,Ca Al O H C,Ca Al O H C,Ca Al O H C,valid,,,
Manaevite-(Ce),"Ca_11_(Ce^3+^,H_2_O,Ca)_8_Mg(Al,Fe^3+^)_4_(Mg,Ti^4+^,Fe^3+^)_8_[Si_2_O_7_]_4_[(SiO_4_)_8_(H_4_O_4_)_2_](OH)_9_",Ca Ce^3+ H O Mg Al Fe^3+ Ti^4+ Si,Ca Ce^3+ H O Mg Al Fe^3+ Ti^4+ Si,Ca Ce H O Mg Al Fe Ti Si,Ca Ce^3+ H O Mg Al Fe^3+ Ti^4+ Si,valid,,,
Manaksite,KNaMn^2+^Si_4_O_10_,K Na Mn^2+ Si O,K Na Mn^2+ Si O,K Na Mn Si O,K Na Mn^2+ Si O,valid,,,
Manandonite,Li_2_Al_4_(Si_2_AlB)O_10_(OH)_8_,Li Al Si B O H,Li Al Si B O H,Li Al Si B O H,Li Al Si B O H,valid,,,
Mandarinoite,Fe^3+^_2_(Se^4+^O_3_)_3_·6H_2_O,Fe^3+ Se^4+ O H,Fe^3+ Se^4+ O H,Fe Se O H,Fe^3+ Se^4+ O H,valid,,,
Maneckiite,(Na[box])Ca_2_Fe^2+^_2_(Fe^3+^Mg)Mn^2+^_2_(PO_4_)_6_(H_2_O)_2_,Na Ca Fe^2+ Fe^3+ Mg Mn^2+ P O H,Na Ca Fe^2+ Fe^3+ Mg Mn^2+ P O H,Na Ca Fe Mg Mn P O H,Na Ca Fe^2+ Fe^3+ Mg Mn^2+ P O H,valid,,,
Manganarsite,Mn^2+^_3_As^3+^_2_O_4_(OH)_4_,Mn^2+ As^3+ O H,Mn^2+ As^3+ O H,Mn As O H,Mn^2+ As^3+ O H,valid,,,
Manganbabingtonite,Ca_2_Mn^2+^Fe^3+^Si_5_O_14_(OH),Ca Mn^2+ Fe^3+ Si O H,Ca Mn^2+ Fe^3+ Si O H,Ca Mn Fe Si O H,Ca Mn^2+ Fe^3+ Si O H,valid,,,
Manganbelyankinite,"Mn^2+^(Ti^4+^,Nb^5+^)_5_O_12_·9H_2_O",Mn^2+ Ti^4+ Nb^5+ O H,Mn^2+ Ti^4+ Nb^5+ O H,Mn Ti Nb O H,Mn^2+ Ti^4+ Nb^5+ O H,valid,,,
Manganberzeliite,NaCa_2_Mn^2+^_2_(As^5+^O_4_)_3_,Na Ca Mn^2+ As^5+ O,Na Ca Mn^2+ As^5+ O,Na Ca Mn As O,Na Ca Mn^2+ As^5+ O,valid,,,
Manganflurlite,Zn^2+^Mn^2+^_3_Fe^3+^(PO_4_)_3_(OH)_2_(H_2_O)_7_·2H_2_O,Zn^2+ Mn^2+ Fe^3+ P O H,Zn^2+ Mn^2+ Fe^3+ P O H,Zn Mn Fe P O H,Zn^2+ Mn^2+ Fe^3+ P O H,valid,,,
Mangangordonite,Mn^2+^Al_2_(PO_4_)_2_(OH)_2_·8H_2_O,Mn^2+ Al P O H,Mn^2+ Al P O H,Mn Al P O H,Mn^2+ Al P O H,valid,,,
Manganhumite,Mn^2+^_7_(SiO_4_)_3_(OH)_2_,Mn^2+ Si O H,Mn^2+ Si O H,Mn Si O H,Mn^2+ Si O H,valid,,,
Manganiakasakaite-(La),CaLa^3+^Mn^3+^AlMn^2+^(Si_2_O_7_)(SiO_4_)O(OH),Ca La^3+ Mn^3+ Al Mn^2+ Si O H,Ca La^3+ Mn^3+ Al Mn^2+ Si O H,Ca La Mn Al Si O H,Ca La^3+ Mn^3+ Al Mn^2+ Si O H,valid,,,
Manganiandrosite-(Ce),Mn^2+^Ce^3+^AlMn^3+^Mn^2+^(Si_2_O_7_)(SiO_4_)O(OH),Mn^2+ Ce^3+ Al Mn^3+ Si O H,Mn^2+ Ce^3+ Al Mn^3+ Si O H,Mn Ce Al Si O H,Mn^2+ Ce^3+ Al Mn^3+ Si O H,valid,,,
Manganiandrosite-(La),Mn^2+^La^3+^AlMn^3+^Mn^2+^(Si_2_O_7_)(SiO_4_)O(OH),Mn^2+ La^3+ Al Mn^3+ Si O H,Mn^2+ La^3+ Al Mn^3+ Si O H,Mn La Al Si O H,Mn^2+ La^3+ Al Mn^3+ Si O H,valid,,,
Manganiceladonite,KMgMn^3+^Si_4_O_10_(OH)_2_,K Mg Mn^3+ Si O H,K Mg Mn^3+ Si O H,K Mg Mn Si O H,K Mg Mn^3+ Si O H,valid,,,
Mangani-dellaventuraite,NaNa_2_(MgMn^3+^_2_LiTi^4+^)Si_8_O_22_O_2_,Na Mg Mn^3+ Li Ti^4+ Si O,Na Mg Mn^3+ Li Ti^4+ Si O,Na Mg Mn Li Ti Si O,Na Mg Mn^3+ Li Ti^4+ Si O,valid,,,
Mangani-eckermannite,NaNa_2_(Mg_4_Mn^3+^)Si_8_O_22_(OH)_2_,Na Mg Mn^3+ Si O H,Na Mg Mn^3+ Si O H,Na Mg Mn Si O H,Na Mg Mn^3+ Si O H,valid,,,
Manganilvaite,CaFe^2+^Fe^3+^Mn^2+^(Si_2_O_7_)O(OH),Ca Fe^2+ Fe^3+ Mn^2+ Si O H,Ca Fe^2+ Fe^3+ Mn^2+ Si O H,Ca Fe Mn Si O H,Ca Fe^2+ Fe^3+ Mn^2+ Si O H,valid,,,
Mangani-obertiite,NaNa_2_(Mg_3_Mn^3+^Ti^4+^)Si_8_O_22_O_2_,Na Mg Mn^3+ Ti^4+ Si O,Na Mg Mn^3+ Ti^4+ Si O,Na Mg Mn Ti Si O,Na Mg Mn^3+ Ti^4+ Si O,valid,,,
Mangani-pargasite,NaCa_2_(Mg_4_Mn^3+^)(Si_6_Al_2_)O_22_(OH)_2_,Na Ca Mg Mn^3+ Si Al O H,Na Ca Mg Mn^3+ Si Al O H,Na Ca Mg Mn Si Al O H,Na Ca Mg Mn^3+ Si Al O H,valid,,,
Manganite,Mn^3+^O(OH),Mn^3+ O H,Mn^3+ O H,Mn O H,Mn^3+ O H,valid,,,
Manganlotharmeyerite,CaMn^3+^_2_(As^5+^O_4_)_2_(OH)_2_,Ca Mn^3+ As^5+ O H,Ca Mn^3+ As^5+ O H,Ca Mn As O H,Ca Mn^3+ As^5+ O H,valid,,,
Manganoarrojadite-(KNa),KNa_5_Mn^2+^Fe^2+^_13_Al(PO_4_)_11_(PO_3_OH)(OH)_2_,K Na Mn^2+ Fe^2+ Al P O H,K Na Mn^2+ Fe^2+ Al P O H,K Na Mn Fe Al P O H,K Na Mn^2+ Fe^2+ Al P O H,valid,,,
Manganobadalovite,NaNaMn^2+^(MgFe^3+^)(As^5+^O_4_)_3_,Na Mn^2+ Mg Fe^3+ As^5+ O,Na Mn^2+ Mg Fe^3+ As^5+ O,Na Mn Mg Fe As O,Na Mn^2+ Mg Fe^3+ As^5+ O,valid,,,
Manganoblödite,Na_2_Mn^2+^(S^6+^O_4_)_2_(H_2_O)_4_,Na Mn^2+ S^6+ O H,Na Mn^2+ S^6+ O H,Na Mn S O H,Na Mn^2+ S^6+ O H,valid,,,
Manganochromite,Mn^2+^Cr^3+^_2_O_4_,Mn^2+ Cr^3+ O,Mn^2+ Cr^3+ O,Mn Cr O,Mn^2+ Cr^3+ O,valid,,,
Manganoeudialyte,"Na_14_Ca_6_Mn^2+^_3_Zr^4+^_3_[Si_26_O_72_(OH)_2_](H_2_O,Cl,O,OH)_6_",Na Ca Mn^2+ Zr^4+ Si O H Cl,Na Ca Mn^2+ Zr^4+ Si O H Cl,Na Ca Mn Zr Si O H Cl,Na Ca Mn^2+ Zr^4+ Si O H Cl,valid,,,
Mangano-ferri-eckermannite,NaNa_2_(Mn^2+^_4_Fe^3+^)Si_8_O_22_(OH)_2_,Na Mn^2+ Fe^3+ Si O H,Na Mn^2+ Fe^3+ Si O H,Na Mn Fe Si O H,Na Mn^2+ Fe^3+ Si O H,valid,,,
Manganohatertite,NaNaCa(Mn^2+^Fe^3+^)(As^5+^O_4_)_3_,Na Ca Mn^2+ Fe^3+ As^5+ O,Na Ca Mn^2+ Fe^3+ As^5+ O,Na Ca Mn Fe As O,Na Ca Mn^2+ Fe^3+ As^5+ O,valid,,,
Manganohörnesite,Mn^2+^_3_(As^5+^O_4_)_2_·8H_2_O,Mn^2+ As^5+ O H,Mn^2+ As^5+ O H,Mn As O H,Mn^2+ As^5+ O H,valid,,,
Manganokaskasite,"(Mo,Nb^5+^)S_2_·(Mn^2+^_1-x_Al_x_)(OH)_2+x_",Mo Nb^5+ S Mn^2+ Al O H,Mo Nb^5+ S Mn^2+ Al O H,Mo Nb S Mn Al O H,Mo Nb^5+ S Mn^2+ Al O H,valid,,,
Manganokhomyakovite,"Na_12_Ca_6_Sr_3_Mn^2+^_3_W^6+^Zr^4+^_3_(Si_25_O_73_)(O,OH,H_2_O)_3_(Cl,OH)_2_",Na Ca Sr Mn^2+ W^6+ Zr^4+ Si O H Cl,Na Ca Sr Mn^2+ W^6+ Zr^4+ Si O H Cl,Na Ca Sr Mn W Zr Si O H Cl,Na Ca Sr Mn^2+ W^6+ Zr^4+ Si O H Cl,valid,,,
Manganokukisvumite,Na_6_Mn^2+^Ti^4+^_4_Si_8_O_28_(H_2_O)_4_,Na Mn^2+ Ti^4+ Si O H,Na Mn^2+ Ti^4+ Si O H,Na Mn Ti Si O H,Na Mn^2+ Ti^4+ Si O H,valid,,,
Manganolangbeinite,K_2_Mn^2+^_2_(S^6+^O_4_)_3_,K Mn^2+ S^6+ O,K Mn^2+ S^6+ O,K Mn S O,K Mn^2+ S^6+ O,valid,,,
Mangano-mangani-ungarettiite,NaNa_2_(Mn^2+^_2_Mn^3+^_3_)Si_8_O_22_O_2_,Na Mn^2+ Mn^3+ Si O,Na Mn^2+ Mn^3+ Si O,Na Mn Si O,Na Mn^2+ Mn^3+ Si O,valid,,,
Manganonaujakasite,Na_6_Mn^2+^Al_4_Si_8_O_26_,Na Mn^2+ Al Si O,Na Mn^2+ Al Si O,Na Mn Al Si O,Na Mn^2+ Al Si O,valid,,,
Manganoneptunite,KNa_2_LiMn^2+^_2_Ti^4+^_2_Si_8_O_24_,K Na Li Mn^2+ Ti^4+ Si O,K Na Li Mn^2+ Ti^4+ Si O,K Na Li Mn Ti Si O,K Na Li Mn^2+ Ti^4+ Si O,valid,,,
Manganonewberyite,Mn^2+^(PO_3_OH)(H_2_O)_3_,Mn^2+ P O H,Mn^2+ P O H,Mn P O H,Mn^2+ P O H,valid,,,
Manganonordite-(Ce),Na_3_SrCe^3+^Mn^2+^Si_6_O_17_,Na Sr Ce^3+ Mn^2+ Si O,Na Sr Ce^3+ Mn^2+ Si O,Na Sr Ce Mn Si O,Na Sr Ce^3+ Mn^2+ Si O,valid,,,
Manganoquadratite,Ag^1+^Mn^2+^As^3+^S^2-^_3_,Ag^1+ Mn^2+ As^3+ S^2-,Ag^1+ Mn^2+ As^3+ S^2-,Ag Mn As S,Ag^1+ Mn^2+ As^3+ S^2-,valid,,,
Manganoschafarzikite,Mn^2+^Sb^3+^_2_O_4_,Mn^2+ Sb^3+ O,Mn^2+ Sb^3+ O,Mn Sb O,Mn^2+ Sb^3+ O,valid,,,
Manganosegelerite,Mn^2+^_2_Fe^3+^(PO_4_)_2_(OH)(H_2_O)_4_,Mn^2+ Fe^3+ P O H,Mn^2+ Fe^3+ P O H,Mn Fe P O H,Mn^2+ Fe^3+ P O H,valid,,,
Manganosite,Mn^2+^O,Mn^2+ O,Mn^2+ O,Mn O,Mn^2+ O,valid,,,
Manganostibite,Mn^2+^_7_Sb^5+^As^5+^O_12_,Mn^2+ Sb^5+ As^5+ O,Mn^2+ Sb^5+ As^5+ O,Mn Sb As O,Mn^2+ Sb^5+ As^5+ O,valid,,,
Manganotychite,Na_6_Mn^2+^_2_(CO_3_)_4_(S^6+^O_4_),Na Mn^2+ C O S^6+,Na Mn^2+ C O S^6+,Na Mn C O S,Na Mn^2+ C O S^6+,valid,,,
Manganrockbridgeite,Mn^2+^_2_Fe^3+^_3_(PO_4_)_3_(OH)_4_(H_2_O),Mn^2+ Fe^3+ P O H,Mn^2+ Fe^3+ P O H,Mn Fe P O H,Mn^2+ Fe^3+ P O H,valid,,,
Manganvesuvianite,Ca_19_Mn^3+^Al_10_Mg_2_(SiO_4_)_10_(Si_2_O_7_)_4_O(OH)_9_,Ca Mn^3+ Al Mg Si O H,Ca Mn^3+ Al Mg Si O H,Ca Mn Al Mg Si O H,Ca Mn^3+ Al Mg Si O H,valid,,,
Mangazeite,Al_2_S^6+^O_4_(OH)_4_·3H_2_O,Al S^6+ O H,Al S^6+ O H,Al S O H,Al S^6+ O H,valid,,,
Manitobaite,Na_16_Mn^2+^_25_Al_8_(PO_4_)_30_,Na Mn^2+ Al P O,Na Mn^2+ Al P O,Na Mn Al P O,Na Mn^2+ Al P O,valid,,,
Manjiroite,Na(Mn^4+^_7_Mn^3+^)O_16_,Na Mn^4+ Mn^3+ O,Na Mn^4+ Mn^3+ O,Na Mn O,Na Mn^4+ Mn^3+ O,valid,,,
Mannardite,Ba(Ti^4+^_6_V^3+^_2_)O_16_,Ba Ti^4+ V^3+ O,Ba Ti^4+ V^3+ O,Ba Ti V O,Ba Ti^4+ V^3+ O,valid,,,
Mansfieldite,AlAs^5+^O_4_(H_2_O)_2_,Al As^5+ O H,Al As^5+ O H,Al As O H,Al As^5+ O H,valid,,,
Mantienneite,(H_2_O)_2_Mg_2_(Al_2_Ti^4+^)(PO_4_)_4_(OH)_2_(H_2_O)_10_·4H_2_O,H O Mg Al Ti^4+ P,H O Mg Al Ti^4+ P,H O Mg Al Ti P,H O Mg Al Ti^4+ P,valid,,,
Manuelarossiite,Pb^2+^CaAlF_7_,Pb^2+ Ca Al F,Pb^2+ Ca Al F,Pb Ca Al F,Pb^2+ Ca Al F,valid,,,
Maohokite,MgFe^3+^_2_O_4_,Mg Fe^3+ O,Mg Fe^3+ O,Mg Fe O,Mg Fe^3+ O,valid,,,
Maoniupingite-(Ce),"(Ce^3+^,Ca)_4_(Fe^3+^,Ti^4+^,Fe^2+^,[box])(Ti^4+^,Fe^3+^,Fe^2+^,Nb^5+^)_4_Si_4_O_22_",Ce^3+ Ca Fe^3+ Ti^4+ Fe^2+ Nb^5+ Si O,Ce^3+ Ca Fe^3+ Ti^4+ Fe^2+ Nb^5+ Si O,Ce Ca Fe Ti Nb Si O,Ce^3+ Ca Fe^3+ Ti^4+ Fe^2+ Nb^5+ Si O,valid,,,
Mapimite,Zn^2+^_2_Fe^3+^_3_(As^5+^O_4_)_3_(OH)_4_(H_2_O)_4_·6H_2_O,Zn^2+ Fe^3+ As^5+ O H,Zn^2+ Fe^3+ As^5+ O H,Zn Fe As O H,Zn^2+ Fe^3+ As^5+ O H,valid,,,
Mapiquiroite,"(Sr,Pb^2+^)(U^4+^,Y)Fe^3+^_2_(Ti^4+^,Fe^3+^)_18_O_38_",Sr Pb^2+ U^4+ Y Fe^3+ Ti^4+ O,Sr Pb^2+ U^4+ Y Fe^3+ Ti^4+ O,Sr Pb U Y Fe Ti O,Sr Pb^2+ U^4+ Y Fe^3+ Ti^4+ O,valid,,,
Marathonite,Pd_25_Ge_9_,Pd Ge,Pd Ge,Pd Ge,Pd Ge,valid,,,
Marcasite,FeS_2_,Fe S,Fe S,Fe S,Fe S,valid,,,
Marchettiite,C_5_H_7_N_5_O_3_,C H N O,C H N O,C H N O,C H N O,valid,,,
Marcobaldiite,Pb^2+^_12_(Sb^3+^_3_As^3+^_2_Bi^3+^)S^2-^_21_,Pb^2+ Sb^3+ As^3+ Bi^3+ S^2-,Pb^2+ Sb^3+ As^3+ Bi^3+ S^2-,Pb Sb As Bi S,Pb^2+ Sb^3+ As^3+ Bi^3+ S^2-,valid,,,
Marécottite,Mg(H_2_O)_6_]_3_[(U^6+^O_2_)_4_O_3_(OH)(S^6+^O_4_)_2_]_2_·8H_2_O,Mg H O U^6+ S^6+,Mg H O U^6+ S^6+,Mg H O U S,Mg H O U^6+ S^6+,valid,,,
Margaritasite,Cs_2_(U^6+^O_2_)_2_(V^5+^O_4_)_2_·H_2_O,Cs U^6+ O V^5+ H,Cs U^6+ O V^5+ H,Cs U O V H,Cs U^6+ O V^5+ H,valid,,,
Margarite,CaAl_2_(Si_2_Al_2_)O_10_(OH)_2_,Ca Al Si O H,Ca Al Si O H,Ca Al Si O H,Ca Al Si O H,valid,,,
Margarosanite,Ca_2_Pb^2+^Si_3_O_9_,Ca Pb^2+ Si O,Ca Pb^2+ Si O,Ca Pb Si O,Ca Pb^2+ Si O,valid,,,
Mariakrite,[Ca_4_Al_2_(OH)_12_(H_2_O)_4_][Fe^3+^_2_S^2-^_4_],Ca Al O H Fe^3+ S^2-,Ca Al O H Fe^3+ S^2-,Ca Al O H Fe S,Ca Al O H Fe^3+ S^2-,valid,,,
Marialite,Na_4_Al_3_Si_9_O_24_Cl,Na Al Si O Cl,Na Al Si O Cl,Na Al Si O Cl,Na Al Si O Cl,valid,,,
Marićite,NaFe^2+^PO_4_,Na Fe^2+ P O,Na Fe^2+ P O,Na Fe P O,Na Fe^2+ P O,valid,,,
Maricopaite,"Ca_2_Pb^2+^_7_(Si_36_Al_12_)O_99_·n(H_2_O,OH)",Ca Pb^2+ Si Al O H,Ca Pb^2+ Si Al O H,Ca Pb Si Al O H,Ca Pb^2+ Si Al O H,valid,,,
Mariinskite,Cr^3+^_2_BeO_4_,Cr^3+ Be O,Cr^3+ Be O,Cr Be O,Cr^3+ Be O,valid,,,
Marinaite,Cu^2+^_2_Fe^3+^O_2_(BO_3_),Cu^2+ Fe^3+ O B,Cu^2+ Fe^3+ O B,Cu Fe O B,Cu^2+ Fe^3+ O B,valid,,,
Marinellite,Na_42_Ca_6_Al_36_Si_36_O_144_(S^6+^O_4_)_8_Cl_2_(H_2_O)_6_,Na Ca Al Si O S^6+ Cl H,Na Ca Al Si O S^6+ Cl H,Na Ca Al Si O S Cl H,Na Ca Al Si O S^6+ Cl H,valid,,,
Marioantofilliite,[Cu^2+^_4_Al_2_(OH)_12_](CO_3_)(H_2_O)_3_,Cu^2+ Al O H C,Cu^2+ Al O H C,Cu Al O H C,Cu^2+ Al O H C,valid,,,
Markascherite,Cu^2+^_3_Mo^6+^O_4_(OH)_4_,Cu^2+ Mo^6+ O H,Cu^2+ Mo^6+ O H,Cu Mo O H,Cu^2+ Mo^6+ O H,valid,,,
Markcooperite,Pb^2+^_2_(U^6+^O_2_)Te^6+^O_6_,Pb^2+ U^6+ O Te^6+,Pb^2+ U^6+ O Te^6+,Pb U O Te,Pb^2+ U^6+ O Te^6+,valid,,,
Markeyite,Ca_9_(U^6+^O_2_)_4_(CO_3_)_13_·28H_2_O,Ca U^6+ O C H,Ca U^6+ O C H,Ca U O C H,Ca U^6+ O C H,valid,,,
Markhininite,Tl^1+^Bi^3+^(S^6+^O_4_)_2_,Tl^1+ Bi^3+ S^6+ O,Tl^1+ Bi^3+ S^6+ O,Tl Bi S O,Tl^1+ Bi^3+ S^6+ O,valid,,,
Marklite,Cu^2+^_5_(CO_3_)_2_(OH)_6_·6H_2_O,Cu^2+ C O H,Cu^2+ C O H,Cu C O H,Cu^2+ C O H,valid,,,
Markwelchite,Tl^1+^Pb^2+^Sb^3+^S^2-^_3_,Tl^1+ Pb^2+ Sb^3+ S^2-,Tl^1+ Pb^2+ Sb^3+ S^2-,Tl Pb Sb S,Tl^1+ Pb^2+ Sb^3+ S^2-,valid,,,
Marokite,CaMn^3+^_2_O_4_,Ca Mn^3+ O,Ca Mn^3+ O,Ca Mn O,Ca Mn^3+ O,valid,,,
Marrite,Ag^1+^Pb^2+^As^3+^S^2-^_3_,Ag^1+ Pb^2+ As^3+ S^2-,Ag^1+ Pb^2+ As^3+ S^2-,Ag Pb As S,Ag^1+ Pb^2+ As^3+ S^2-,valid,,,
Marrucciite,Hg^2+^_3_Pb^2+^_16_Sb^3+^_18_S^2-^_46_,Hg^2+ Pb^2+ Sb^3+ S^2-,Hg^2+ Pb^2+ Sb^3+ S^2-,Hg Pb Sb S,Hg^2+ Pb^2+ Sb^3+ S^2-,valid,,,
Marsaalamite-(Y),Y(Mo^6+^O_4_)(OH),Y Mo^6+ O H,Y Mo^6+ O H,Y Mo O H,Y Mo^6+ O H,valid,,,
Marshite,Cu^1+^I^1-^,Cu^1+ I^1-,Cu^1+ I^1-,Cu I,Cu^1+ I^1-,valid,,,
Marsturite,NaCaMn^2+^_3_Si_5_O_14_(OH),Na Ca Mn^2+ Si O H,Na Ca Mn^2+ Si O H,Na Ca Mn Si O H,Na Ca Mn^2+ Si O H,valid,,,
Marthozite,Cu^2+^(U^6+^O_2_)_3_(Se^4+^O_3_)_2_O_2_·8H_2_O,Cu^2+ U^6+ O Se^4+ H,Cu^2+ U^6+ O Se^4+ H,Cu U O Se H,Cu^2+ U^6+ O Se^4+ H,valid,,,
Martinandresite,Ba_2_(Al_4_Si_12_O_32_)·10H_2_O,Ba Al Si O H,Ba Al Si O H,Ba Al Si O H,Ba Al Si O H,valid,,,
Martinite,"(Na,[box],Ca)_12_Ca_4_(Si,S^6+^,B)_14_B_2_O_38_(OH,Cl)_2_F_2_(H_2_O)_4_",Na Ca Si S^6+ B O H Cl F,Na Ca Si S^6+ B O H Cl F,Na Ca Si S B O H Cl F,Na Ca Si S^6+ B O H Cl F,valid,,,
Martyite,Zn^2+^_3_V^5+^_2_O_7_(OH)_2_·2H_2_O,Zn^2+ V^5+ O H,Zn^2+ V^5+ O H,Zn V O H,Zn^2+ V^5+ O H,valid,,,
Marumoite,Pb^2+^_8_As^3+^_10_S^2-^_23_,Pb^2+ As^3+ S^2-,Pb^2+ As^3+ S^2-,Pb As S,Pb^2+ As^3+ S^2-,valid,,,
Maruyamaite,K(MgAl_2_)(Al_5_Mg)(BO_3_)_3_(Si_6_O_18_)(OH)_3_O,K Mg Al B O Si H,K Mg Al B O Si H,K Mg Al B O Si H,K Mg Al B O Si H,valid,,,
Masaitisite,KCu^2+^_5_O_2_(Se^4+^O_3_)_2_Cl_3_,K Cu^2+ O Se^4+ Cl,K Cu^2+ O Se^4+ Cl,K Cu O Se Cl,K Cu^2+ O Se^4+ Cl,valid,,,
Mascagnite,(N^3-^H_4_)_2_S^6+^O_4_,N^3- H S^6+ O,N^3- H S^6+ O,N H S O,N^3- H S^6+ O,valid,,,
Maslovite,PtBiTe,Pt Bi Te,Pt Bi Te,Pt Bi Te,Pt Bi Te,valid,,,
Massicot,Pb^2+^O,Pb^2+ O,Pb^2+ O,Pb O,Pb^2+ O,valid,,,
Masutomilite,"KLiAlMn^2+^(Si_3_Al)O_10_(F,OH)_2_",K Li Al Mn^2+ Si O F H,K Li Al Mn^2+ Si O F H,K Li Al Mn Si O F H,K Li Al Mn^2+ Si O F H,valid,,,
Masuyite,Pb^2+^(U^6+^O_2_)_3_O_3_(OH)_2_(H_2_O)_3_,Pb^2+ U^6+ O H,Pb^2+ U^6+ O H,Pb U O H,Pb^2+ U^6+ O H,valid,,,
Mathesiusite,K_5_(U^6+^O_2_)_4_(S^6+^O_4_)_4_(V^5+^O_5_)·4H_2_O,K U^6+ O S^6+ V^5+ H,K U^6+ O S^6+ V^5+ H,K U O S V H,K U^6+ O S^6+ V^5+ H,valid,,,
Mathewrogersite,"Pb^2+^_7_Fe^2+^Al_3_GeSi_12_O_36_(OH,H_2_O)_6_",Pb^2+ Fe^2+ Al Ge Si O H,Pb^2+ Fe^2+ Al Ge Si O H,Pb Fe Al Ge Si O H,Pb^2+ Fe^2+ Al Ge Si O H,valid,,,
Mathiasite,"(K,Ba,Sr)(Zr^4+^,Fe^3+^)(Mg,Fe^3+^)_2_(Ti^4+^,Cr^3+^,Fe^3+^)_18_O_38_",K Ba Sr Zr^4+ Fe^3+ Mg Ti^4+ Cr^3+ O,K Ba Sr Zr^4+ Fe^3+ Mg Ti^4+ Cr^3+ O,K Ba Sr Zr Fe Mg Ti Cr O,K Ba Sr Zr^4+ Fe^3+ Mg Ti^4+ Cr^3+ O,valid,,,
Matildite,Ag^1+^Bi^3+^S^2-^_2_,Ag^1+ Bi^3+ S^2-,Ag^1+ Bi^3+ S^2-,Ag Bi S,Ag^1+ Bi^3+ S^2-,valid,,,
Matioliite,NaMgAl_5_(PO_4_)_4_(OH)_6_·2H_2_O,Na Mg Al P O H,Na Mg Al P O H,Na Mg Al P O H,Na Mg Al P O H,valid,,,
Matlockite,Pb^2+^ClF,Pb^2+ Cl F,Pb^2+ Cl F,Pb Cl F,Pb^2+ Cl F,valid,,,
Matsubaraite,Sr_4_Ti^4+^_5_O_8_(Si_2_O_7_)_2_,Sr Ti^4+ O Si,Sr Ti^4+ O Si,Sr Ti O Si,Sr Ti^4+ O Si,valid,,,
Mattagamite,CoTe_2_,Co Te,Co Te,Co Te,Co Te,valid,,,
Matteuccite,NaHS^6+^O_4_(H_2_O),Na H S^6+ O,Na H S^6+ O,Na H S O,Na H S^6+ O,valid,,,
Mattheddleite,Pb^2+^_5_(SiO_4_)_1.5_(S^6+^O_4_)_1.5_Cl,Pb^2+ Si O S^6+ Cl,Pb^2+ Si O S^6+ Cl,Pb Si O S Cl,Pb^2+ Si O S^6+ Cl,valid,,,
Matthiasweilite,Pb^2+^Te^4+^O_3_,Pb^2+ Te^4+ O,Pb^2+ Te^4+ O,Pb Te O,Pb^2+ Te^4+ O,valid,,,
Matulaite,Fe^3+^Al_7_(PO_4_)_4_(PO_3_OH)_2_(OH)_8_(H_2_O)_8_·8H_2_O,Fe^3+ Al P O H,Fe^3+ Al P O H,Fe Al P O H,Fe^3+ Al P O H,valid,,,
Matyhite,Ca_9_(Ca_0.5_[box]_0.5_)Fe^2+^(PO_4_)_7_,Ca Fe^2+ P O,Ca Fe^2+ P O,Ca Fe P O,Ca Fe^2+ P O,valid,,,
Maucherite,Ni_11_As_8_,Ni As,Ni As,Ni As,Ni As,valid,,,
Mauriziodiniite,(N^3-^H_4_)(As^3+^_2_O_3_)_2_I^1-^,N^3- H As^3+ O I^1-,N^3- H As^3+ O I^1-,N H As O I,N^3- H As^3+ O I^1-,valid,,,
Maurogemmiite,Ti_10_Fe_3_O_3_,Ti Fe O,Ti Fe O,Ti Fe O,Ti Fe O,valid,,,
Mavlyanovite,Mn^2+^_3_Mn^3+^_2_Si^4-^_3_,Mn^2+ Mn^3+ Si^4-,Mn^2+ Mn^3+ Si^4-,Mn Si,Mn^2+ Mn^3+ Si^4-,valid,,,
Mawbyite,Pb^2+^Fe^3+^_2_(As^5+^O_4_)_2_(OH)_2_,Pb^2+ Fe^3+ As^5+ O H,Pb^2+ Fe^3+ As^5+ O H,Pb Fe As O H,Pb^2+ Fe^3+ As^5+ O H,valid,,,
Mawsonite,Cu^1+^_6_Fe^3+^_2_Sn^4+^S^2-^_8_,Cu^1+ Fe^3+ Sn^4+ S^2-,Cu^1+ Fe^3+ Sn^4+ S^2-,Cu Fe Sn S,Cu^1+ Fe^3+ Sn^4+ S^2-,valid,,,
Maxwellite,NaFe^3+^As^5+^O_4_F,Na Fe^3+ As^5+ O F,Na Fe^3+ As^5+ O F,Na Fe As O F,Na Fe^3+ As^5+ O F,valid,,,
Mayingite,IrBiTe,Ir Bi Te,Ir Bi Te,Ir Bi Te,Ir Bi Te,valid,,,
Mazorite,Ba_3_(PO_4_)_2_,Ba P O,Ba P O,Ba P O,Ba P O,valid,,,
Mazzettiite,Ag^1+^_3_Hg^2+^Pb^2+^Sb^3+^Te^2-^_5_,Ag^1+ Hg^2+ Pb^2+ Sb^3+ Te^2-,Ag^1+ Hg^2+ Pb^2+ Sb^3+ Te^2-,Ag Hg Pb Sb Te,Ag^1+ Hg^2+ Pb^2+ Sb^3+ Te^2-,valid,,,
Mazzite-Mg,Mg_5_(Si_26_Al_10_)O_72_·30H_2_O,Mg Si Al O H,Mg Si Al O H,Mg Si Al O H,Mg Si Al O H,valid,,,
Mazzite-Na,Na_8_(Si_28_Al_8_)O_72_·30H_2_O,Na Si Al O H,Na Si Al O H,Na Si Al O H,Na Si Al O H,valid,,,
Mbobomkulite,Ni^2+^Al_4_(N^5+^O_3_)_2_(OH)_12_(H_2_O)_3_,Ni^2+ Al N^5+ O H,Ni^2+ Al N^5+ O H,Ni Al N O H,Ni^2+ Al N^5+ O H,valid,,,
Mcallisterite,Mg_2_[B_6_O_7_(OH)_6_]_2_·9H_2_O,Mg B O H,Mg B O H,Mg B O H,Mg B O H,valid,,,
Mcalpineite,Cu^2+^_3_Te^6+^O_6_,Cu^2+ Te^6+ O,Cu^2+ Te^6+ O,Cu Te O,Cu^2+ Te^6+ O,valid,,,
Mcauslanite,Fe^2+^_3_Al_2_(PO_4_)_3_(PO_3_OH)F·18H_2_O,Fe^2+ Al P O H F,Fe^2+ Al P O H F,Fe Al P O H F,Fe^2+ Al P O H F,valid,,,
Mcbirneyite,Cu^2+^_3_(V^5+^O_4_)_2_,Cu^2+ V^5+ O,Cu^2+ V^5+ O,Cu V O,Cu^2+ V^5+ O,valid,,,
Mcconnellite,Cu^1+^Cr^3+^O_2_,Cu^1+ Cr^3+ O,Cu^1+ Cr^3+ O,Cu Cr O,Cu^1+ Cr^3+ O,valid,,,
Mccrillisite,NaCsBeZr^4+^_2_(PO_4_)_4_·1-2H_2_O,Na Cs Be Zr^4+ P O H,Na Cs Be Zr^4+ P O H,Na Cs Be Zr P O H,Na Cs Be Zr^4+ P O H,valid,,,
Mcgillite,Mn^2+^_8_Si_6_O_15_(OH)_8_Cl_2_,Mn^2+ Si O H Cl,Mn^2+ Si O H Cl,Mn Si O H Cl,Mn^2+ Si O H Cl,valid,,,
Mcgovernite,"Zn^2+^_3_(Mn^2+^,Mg,Fe^3+^,Al)_42_(As^3+^O_3_)_2_(As^5+^O_4_)_4_[(Si,As^5+^)O_4_]_8_(OH)_42_",Zn^2+ Mn^2+ Mg Fe^3+ Al As^3+ O As^5+ Si H,Zn^2+ Mn^2+ Mg Fe^3+ Al As^3+ O As^5+ Si H,Zn Mn Mg Fe Al As O Si H,Zn^2+ Mn^2+ Mg Fe^3+ Al As^3+ O As^5+ Si H,valid,,,
Mcguinnessite,Cu^2+^MgCO_3_(OH)_2_,Cu^2+ Mg C O H,Cu^2+ Mg C O H,Cu Mg C O H,Cu^2+ Mg C O H,valid,,,
Mckelveyite-(Nd),NaCaBa_3_Nd(CO_3_)_6_·3H_2_O,Na Ca Ba Nd C O H,Na Ca Ba Nd C O H,Na Ca Ba Nd C O H,Na Ca Ba Nd C O H,valid,,,
Mckelveyite-(Y),NaBa_3_CaY(CO_3_)_6_·3H_2_O,Na Ba Ca Y C O H,Na Ba Ca Y C O H,Na Ba Ca Y C O H,Na Ba Ca Y C O H,valid,,,
Mckinstryite,Ag_5_Cu_3_S_4_,Ag Cu S,Ag Cu S,Ag Cu S,Ag Cu S,valid,,,
Mcnearite,NaCa_5_(As^5+^O_4_)(As^5+^O_3_OH)_4_·4H_2_O,Na Ca As^5+ O H,Na Ca As^5+ O H,Na Ca As O H,Na Ca As^5+ O H,valid,,,
Medaite,Mn^2+^_6_V^5+^Si_5_O_18_(OH),Mn^2+ V^5+ Si O H,Mn^2+ V^5+ Si O H,Mn V Si O H,Mn^2+ V^5+ Si O H,valid,,,
Medenbachite,Bi^3+^_2_Fe^3+^Cu^2+^(As^5+^O_4_)_2_O(OH)_3_,Bi^3+ Fe^3+ Cu^2+ As^5+ O H,Bi^3+ Fe^3+ Cu^2+ As^5+ O H,Bi Fe Cu As O H,Bi^3+ Fe^3+ Cu^2+ As^5+ O H,valid,,,
Medvedevite,KMn^2+^V^5+^_2_O_6_Cl(H_2_O)_2_,K Mn^2+ V^5+ O Cl H,K Mn^2+ V^5+ O Cl H,K Mn V O Cl H,K Mn^2+ V^5+ O Cl H,valid,,,
Meerschautite,"(Ag^1+^,Cu^1+^)_5.5_Pb^2+^_42.4_(Sb^3+^,As^3+^)_45.1_S^2-^_112_O_0.8_",Ag^1+ Cu^1+ Pb^2+ Sb^3+ As^3+ S^2- O,Ag^1+ Cu^1+ Pb^2+ Sb^3+ As^3+ S^2- O,Ag Cu Pb Sb As S O,Ag^1+ Cu^1+ Pb^2+ Sb^3+ As^3+ S^2- O,valid,,,
Megacyclite,KNa_8_Si_9_O_18_(OH)_9_·19H_2_O,K Na Si O H,K Na Si O H,K Na Si O H,K Na Si O H,valid,,,
Megakalsilite,KAlSiO_4_,K Al Si O,K Al Si O,K Al Si O,K Al Si O,valid,,,
Megawite,CaSn^4+^O_3_,Ca Sn^4+ O,Ca Sn^4+ O,Ca Sn O,Ca Sn^4+ O,valid,,,
Meieranite,Na_2_Sr_3_MgSi_6_O_17_,Na Sr Mg Si O,Na Sr Mg Si O,Na Sr Mg Si O,Na Sr Mg Si O,valid,,,
Meierite,Ba_44_Si_66_Al_30_O_192_Cl_25_(OH)_33_,Ba Si Al O Cl H,Ba Si Al O Cl H,Ba Si Al O Cl H,Ba Si Al O Cl H,valid,,,
Meifuite,KFe^2+^_6_(Si_7_Al)O_19_(OH)_4_Cl_2_,K Fe^2+ Si Al O H Cl,K Fe^2+ Si Al O H Cl,K Fe Si Al O H Cl,K Fe^2+ Si Al O H Cl,valid,,,
Meionite,Ca_4_Al_6_Si_6_O_24_(CO_3_),Ca Al Si O C,Ca Al Si O C,Ca Al Si O C,Ca Al Si O C,valid,,,
Meisserite,Na_5_(U^6+^O_2_)(S^6+^O_4_)_3_(S^6+^O_3_OH)·H_2_O,Na U^6+ O S^6+ H,Na U^6+ O S^6+ H,Na U O S H,Na U^6+ O S^6+ H,valid,,,
Meitnerite,(N^3-^H_4_)(U^6+^O_2_)(S^6+^O_4_)(OH)·2H_2_O,N^3- H U^6+ O S^6+,N^3- H U^6+ O S^6+,N H U O S,N^3- H U^6+ O S^6+,valid,,,
Meixnerite,Mg_6_Al_2_(OH)_18_·4H_2_O,Mg Al O H,Mg Al O H,Mg Al O H,Mg Al O H,valid,,,
Meizhouite,Fe^2+^V^3+^_2_(PO_4_)_2_(OH)_2_,Fe^2+ V^3+ P O H,Fe^2+ V^3+ P O H,Fe V P O H,Fe^2+ V^3+ P O H,valid,,,
Mejillonesite,NaMg_2_(PO_3_OH)(PO_4_)(OH)_4_·H_2_O,Na Mg P O H,Na Mg P O H,Na Mg P O H,Na Mg P O H,valid,,,
Melanarsite,K_3_Cu^2+^_7_Fe^3+^O_4_(As^5+^O_4_)_4_,K Cu^2+ Fe^3+ O As^5+,K Cu^2+ Fe^3+ O As^5+,K Cu Fe O As,K Cu^2+ Fe^3+ O As^5+,valid,,,
Melanocerite-(Ce),"Ce^3+^_5_(SiO_4_,BO_4_)_3_(OH,O)",Ce^3+ Si O B H,Ce^3+ Si O B H,Ce Si O B H,Ce^3+ Si O B H,valid,,,
Melanophlogite,C_2_H_17_O_5_·Si_46_O_92_,C H O Si,C H O Si,C H O Si,C H O Si,valid,,,
Melanostibite,Mn^2+^_2_Fe^3+^Sb^5+^O_6_,Mn^2+ Fe^3+ Sb^5+ O,Mn^2+ Fe^3+ Sb^5+ O,Mn Fe Sb O,Mn^2+ Fe^3+ Sb^5+ O,valid,,,
Melanotekite,Pb^2+^_2_Fe^3+^_2_O_2_Si_2_O_7_,Pb^2+ Fe^3+ O Si,Pb^2+ Fe^3+ O Si,Pb Fe O Si,Pb^2+ Fe^3+ O Si,valid,,,
Melanothallite,Cu^2+^_2_OCl_2_,Cu^2+ O Cl,Cu^2+ O Cl,Cu O Cl,Cu^2+ O Cl,valid,,,
Melanovanadite,CaV^4+^_2_V^5+^_2_O_10_·5H_2_O,Ca V^4+ V^5+ O H,Ca V^4+ V^5+ O H,Ca V O H,Ca V^4+ V^5+ O H,valid,,,
Melansonite,Na[box]_2_KZr^4+^Si_8_O_19_(H_2_O)_5_,Na K Zr^4+ Si O H,Na K Zr^4+ Si O H,Na K Zr Si O H,Na K Zr^4+ Si O H,valid,,,
Melanterite,Fe^2+^S^6+^O_4_·7H_2_O,Fe^2+ S^6+ O H,Fe^2+ S^6+ O H,Fe S O H,Fe^2+ S^6+ O H,valid,,,
Melcherite,Ba_2_Na_2_Mg[Nb^5+^_6_O_19_]·6H_2_O,Ba Na Mg Nb^5+ O H,Ba Na Mg Nb^5+ O H,Ba Na Mg Nb O H,Ba Na Mg Nb^5+ O H,valid,,,
Meliphanite,"Ca_4_(Na,Ca)_4_Be_4_AlSi_7_O_24_(F,O)_4_",Ca Na Be Al Si O F,Ca Na Be Al Si O F,Ca Na Be Al Si O F,Ca Na Be Al Si O F,valid,,,
Melkovite,CaFe^3+^_2_Mo^6+^_5_O_10_(PO_4_)_2_(OH)_12_·8H_2_O,Ca Fe^3+ Mo^6+ O P H,Ca Fe^3+ Mo^6+ O P H,Ca Fe Mo O P H,Ca Fe^3+ Mo^6+ O P H,valid,,,
Melliniite,"(Ni,Fe)_4_P",Ni Fe P,Ni Fe P,Ni Fe P,Ni Fe P,valid,,,
Mellite,Al_2_C_6_(COO)_6_·16H_2_O,Al C O H,Al C O H,Al C O H,Al C O H,valid,,,
Mellizinkalite,K_3_Zn^2+^_2_Cl_7_,K Zn^2+ Cl,K Zn^2+ Cl,K Zn Cl,K Zn^2+ Cl,valid,,,
Melonite,NiTe_2_,Ni Te,Ni Te,Ni Te,Ni Te,valid,,,
Mélonjosephite,CaFe^2+^Fe^3+^(PO_4_)_2_(OH),Ca Fe^2+ Fe^3+ P O H,Ca Fe^2+ Fe^3+ P O H,Ca Fe P O H,Ca Fe^2+ Fe^3+ P O H,valid,,,
Menchettiite,Pb^2+^_5_Mn^2+^_3_Ag^1+^_2_Sb^3+^_6_As^3+^_4_S^2-^_24_,Pb^2+ Mn^2+ Ag^1+ Sb^3+ As^3+ S^2-,Pb^2+ Mn^2+ Ag^1+ Sb^3+ As^3+ S^2-,Pb Mn Ag Sb As S,Pb^2+ Mn^2+ Ag^1+ Sb^3+ As^3+ S^2-,valid,,,
Mendeleevite-(Ce),"Cs_6_(Ce^3+^,REE,Ca)_30_(Si_70_O_175_)(OH,F,H_2_O)_35_",Cs Ce^3+ REE Ca Si O H F,Cs Ce^3+ REE Ca Si O H F,Cs Ce REE Ca Si O H F,Cs Ce^3+ REE Ca Si O H F,valid,,,
Mendeleevite-(Nd),"Cs_6_(Nd,REE,Ca)_30_(Si_70_O_175_)(OH,F,H_2_O)_35_",Cs Nd REE Ca Si O H F,Cs Nd REE Ca Si O H F,Cs Nd REE Ca Si O H F,Cs Nd REE Ca Si O H F,valid,,,
Mendigite,Mn^2+^_5_CaSi_6_O_18_,Mn^2+ Ca Si O,Mn^2+ Ca Si O,Mn Ca Si O,Mn^2+ Ca Si O,valid,,,
Mendipite,Pb^2+^_3_O_2_Cl_2_,Pb^2+ O Cl,Pb^2+ O Cl,Pb O Cl,Pb^2+ O Cl,valid,,,
Mendozavilite-KCa,[K_2_(H_2_O)_15_Ca(H_2_O)_6_][Mo^6+^_8_P_2_Fe^3+^_3_O_34_(OH)_3_],K H O Ca Mo^6+ P Fe^3+,K H O Ca Mo^6+ P Fe^3+,K H O Ca Mo P Fe,K H O Ca Mo^6+ P Fe^3+,valid,,,
Mendozavilite-NaCu,[Na_2_(H_2_O)_15_Cu^2+^(H_2_O)_6_][Mo^6+^_8_P_2_Fe^3+^_3_O_34_(OH)_3_],Na H O Cu^2+ Mo^6+ P Fe^3+,Na H O Cu^2+ Mo^6+ P Fe^3+,Na H O Cu Mo P Fe,Na H O Cu^2+ Mo^6+ P Fe^3+,valid,,,
Mendozavilite-NaFe,[Na_2_(H_2_O)_15_Fe^3+^(H_2_O)_6_][Mo^6+^_8_P_2_Fe^3+^_3_O_35_(OH)_2_],Na H O Fe^3+ Mo^6+ P,Na H O Fe^3+ Mo^6+ P,Na H O Fe Mo P,Na H O Fe^3+ Mo^6+ P,valid,,,
Mendozite,NaAl(S^6+^O_4_)_2_·11H_2_O,Na Al S^6+ O H,Na Al S^6+ O H,Na Al S O H,Na Al S^6+ O H,valid,,,
Meneghinite,Pb^2+^_13_Cu^1+^Sb^3+^_7_S^2-^_24_,Pb^2+ Cu^1+ Sb^3+ S^2-,Pb^2+ Cu^1+ Sb^3+ S^2-,Pb Cu Sb S,Pb^2+ Cu^1+ Sb^3+ S^2-,valid,,,
Menezesite,Ba_3_MgZr^4+^_4_Nb^5+^_12_O_42_·12H_2_O,Ba Mg Zr^4+ Nb^5+ O H,Ba Mg Zr^4+ Nb^5+ O H,Ba Mg Zr Nb O H,Ba Mg Zr^4+ Nb^5+ O H,valid,,,
Mengeite,"Ba(Mg,Mn^2+^)Mn^3+^_4_(PO_4_)_4_(OH)_4_·4H_2_O",Ba Mg Mn^2+ Mn^3+ P O H,Ba Mg Mn^2+ Mn^3+ P O H,Ba Mg Mn P O H,Ba Mg Mn^2+ Mn^3+ P O H,valid,,,
Mengxianminite,Ca_2_Sn^4+^_2_Mg_3_Al_8_[(BO_3_)(BeO_4_)O_6_]_2_,Ca Sn^4+ Mg Al B O Be,Ca Sn^4+ Mg Al B O Be,Ca Sn Mg Al B O Be,Ca Sn^4+ Mg Al B O Be,valid,,,
Meniaylovite,Ca_4_AlSi(S^6+^O_4_)F_13_·12H_2_O,Ca Al Si S^6+ O F H,Ca Al Si S^6+ O F H,Ca Al Si S O F H,Ca Al Si S^6+ O F H,valid,,,
Menshikovite,Pd_3_Ni_2_As_3_,Pd Ni As,Pd Ni As,Pd Ni As,Pd Ni As,valid,,,
Menzerite-(Y),CaY_2_Mg_2_Si_3_O_12_,Ca Y Mg Si O,Ca Y Mg Si O,Ca Y Mg Si O,Ca Y Mg Si O,valid,,,
Mercallite,KHS^6+^O_4_,K H S^6+ O,K H S^6+ O,K H S O,K H S^6+ O,valid,,,
Mercury,Hg,Hg,Hg,Hg,Hg,valid,,,
Mereheadite,Pb^2+^_47_O_24_(OH)_13_Cl_25_(BO_3_)_2_(CO_3_),Pb^2+ O H Cl B C,Pb^2+ O H Cl B C,Pb O H Cl B C,Pb^2+ O H Cl B C,valid,,,
Mereiterite,K_2_Fe^2+^(S^6+^O_4_)_2_·4H_2_O,K Fe^2+ S^6+ O H,K Fe^2+ S^6+ O H,K Fe S O H,K Fe^2+ S^6+ O H,valid,,,
Merelaniite,Pb^2+^_4_Mo^4+^_4_V^3+^Sb^3+^S^2-^_15_,Pb^2+ Mo^4+ V^3+ Sb^3+ S^2-,Pb^2+ Mo^4+ V^3+ Sb^3+ S^2-,Pb Mo V Sb S,Pb^2+ Mo^4+ V^3+ Sb^3+ S^2-,valid,,,
Merenskyite,PdTe_2_,Pd Te,Pd Te,Pd Te,Pd Te,valid,,,
Meridianiite,MgS^6+^O_4_·11H_2_O,Mg S^6+ O H,Mg S^6+ O H,Mg S O H,Mg S^6+ O H,valid,,,
Merlinoite,K_5_Ca_2_(Si_23_Al_9_)O_64_·24H_2_O,K Ca Si Al O H,K Ca Si Al O H,K Ca Si Al O H,K Ca Si Al O H,valid,,,
Merrihueite,"(K,Na)_2_(Fe^2+^,Mg)_5_Si_12_O_30_",K Na Fe^2+ Mg Si O,K Na Fe^2+ Mg Si O,K Na Fe Mg Si O,K Na Fe^2+ Mg Si O,valid,,,
Merrillite,Ca_9_NaMg(PO_4_)_7_,Ca Na Mg P O,Ca Na Mg P O,Ca Na Mg P O,Ca Na Mg P O,valid,,,
Mertieite,Pd_8_Sb_2.5_As_0.5_,Pd Sb As,Pd Sb As,Pd Sb As,Pd Sb As,valid,,,
Merwinite,Ca_3_Mg(SiO_4_)_2_,Ca Mg Si O,Ca Mg Si O,Ca Mg Si O,Ca Mg Si O,valid,,,
Mesaite,CaMn^2+^_5_(V^5+^_2_O_7_)_3_·12H_2_O,Ca Mn^2+ V^5+ O H,Ca Mn^2+ V^5+ O H,Ca Mn V O H,Ca Mn^2+ V^5+ O H,valid,,,
Mesolite,Na_2_Ca_2_(Si_9_Al_6_)O_30_·8H_2_O,Na Ca Si Al O H,Na Ca Si Al O H,Na Ca Si Al O H,Na Ca Si Al O H,valid,,,
Messelite,Ca_2_Fe^2+^(PO_4_)_2_·2H_2_O,Ca Fe^2+ P O H,Ca Fe^2+ P O H,Ca Fe P O H,Ca Fe^2+ P O H,valid,,,
Meta-aluminite,Al_2_S^6+^O_4_(OH)_4_·5H_2_O,Al S^6+ O H,Al S^6+ O H,Al S O H,Al S^6+ O H,valid,,,
Meta-alunogen,Al_2_(S^6+^O_4_)_3_·14H_2_O,Al S^6+ O H,Al S^6+ O H,Al S O H,Al S^6+ O H,valid,,,
Meta-ankoleite,K(U^6+^O_2_)(PO_4_)·3H_2_O,K U^6+ O P H,K U^6+ O P H,K U O P H,K U^6+ O P H,valid,,,
Meta-autunite,Ca(U^6+^O_2_)_2_(PO_4_)_2_·6H_2_O,Ca U^6+ O P H,Ca U^6+ O P H,Ca U O P H,Ca U^6+ O P H,valid,,,
Metaborite,HBO_2_,H B O,H B O,H B O,H B O,valid,,,
Metacalciouranoite,"(Ca,Na,Ba)U^6+^_2_O_7_·2H_2_O",Ca Na Ba U^6+ O H,Ca Na Ba U^6+ O H,Ca Na Ba U O H,Ca Na Ba U^6+ O H,valid,,,
Metacinnabar,Hg^2+^S^2-^,Hg^2+ S^2-,Hg^2+ S^2-,Hg S,Hg^2+ S^2-,valid,,,
Metadelrioite,SrCa(V^5+^O_3_)_2_(OH)_2_,Sr Ca V^5+ O H,Sr Ca V^5+ O H,Sr Ca V O H,Sr Ca V^5+ O H,valid,,,
Metahaiweeite,Ca(U^6+^O_2_)_2_Si_6_O_15_·nH_2_O,Ca U^6+ O Si H,Ca U^6+ O Si H,Ca U O Si H,Ca U^6+ O Si H,valid,,,
Metaheimite,Pb^2+^Cu^2+^_2_(As^5+^O_4_)(OH)_3_,Pb^2+ Cu^2+ As^5+ O H,Pb^2+ Cu^2+ As^5+ O H,Pb Cu As O H,Pb^2+ Cu^2+ As^5+ O H,valid,,,
Metaheinrichite,Ba(U^6+^O_2_)_2_(As^5+^O_4_)_2_·8H_2_O,Ba U^6+ O As^5+ H,Ba U^6+ O As^5+ H,Ba U O As H,Ba U^6+ O As^5+ H,valid,,,
Metahewettite,CaV^5+^_6_O_16_·3H_2_O,Ca V^5+ O H,Ca V^5+ O H,Ca V O H,Ca V^5+ O H,valid,,,
Metahohmannite,Fe^3+^_2_O(S^6+^O_4_)_2_·4H_2_O,Fe^3+ O S^6+ H,Fe^3+ O S^6+ H,Fe O S H,Fe^3+ O S^6+ H,valid,,,
Metakahlerite,Fe^2+^(U^6+^O_2_)_2_(As^5+^O_4_)_2_(H_2_O)_5_·3H_2_O,Fe^2+ U^6+ O As^5+ H,Fe^2+ U^6+ O As^5+ H,Fe U O As H,Fe^2+ U^6+ O As^5+ H,valid,,,
Metakirchheimerite,Co^2+^(U^6+^O_2_)_2_(As^5+^O_4_)_2_(H_2_O)_5_·3H_2_O,Co^2+ U^6+ O As^5+ H,Co^2+ U^6+ O As^5+ H,Co U O As H,Co^2+ U^6+ O As^5+ H,valid,,,
Metaköttigite,"(Zn^2+^,Fe^3+^)_3_(As^5+^O_4_)_2_·8(H_2_O,OH)",Zn^2+ Fe^3+ As^5+ O H,Zn^2+ Fe^3+ As^5+ O H,Zn Fe As O H,Zn^2+ Fe^3+ As^5+ O H,valid,,,
Metalodèvite,Zn^2+^(U^6+^O_2_)_2_(As^5+^O_4_)_2_·10H_2_O,Zn^2+ U^6+ O As^5+ H,Zn^2+ U^6+ O As^5+ H,Zn U O As H,Zn^2+ U^6+ O As^5+ H,valid,,,
Metamunirite,NaV^5+^O_3_,Na V^5+ O,Na V^5+ O,Na V O,Na V^5+ O,valid,,,
Metanatroautunite,Na(U^6+^O_2_)(PO_4_)·3H_2_O,Na U^6+ O P H,Na U^6+ O P H,Na U O P H,Na U^6+ O P H,valid,,,
Metanováčekite,Mg(U^6+^O_2_)_2_(As^5+^O_4_)_2_(H_2_O)_5_·3H_2_O,Mg U^6+ O As^5+ H,Mg U^6+ O As^5+ H,Mg U O As H,Mg U^6+ O As^5+ H,valid,,,
Metarauchite,Ni^2+^(U^6+^O_2_)_2_(As^5+^O_4_)_2_(H_2_O)_5_·3H_2_O,Ni^2+ U^6+ O As^5+ H,Ni^2+ U^6+ O As^5+ H,Ni U O As H,Ni^2+ U^6+ O As^5+ H,valid,,,
Metarossite,CaV^5+^_2_O_6_(H_2_O)_2_,Ca V^5+ O H,Ca V^5+ O H,Ca V O H,Ca V^5+ O H,valid,,,
Metasaléeite,Mg(U^6+^O_2_)_2_(PO_4_)_2_·8H_2_O,Mg U^6+ O P H,Mg U^6+ O P H,Mg U O P H,Mg U^6+ O P H,valid,,,
Metaschoderite,Al_2_(PO_4_)(V^5+^O_4_)·6H_2_O,Al P O V^5+ H,Al P O V^5+ H,Al P O V H,Al P O V^5+ H,valid,,,
Metaschoepite,(U^6+^O_2_)_8_O_2_(OH)_12_·10H_2_O,U^6+ O H,U^6+ O H,U O H,U^6+ O H,valid,,,
Metasideronatrite,Na_2_Fe^3+^(S^6+^O_4_)_2_(OH)·H_2_O,Na Fe^3+ S^6+ O H,Na Fe^3+ S^6+ O H,Na Fe S O H,Na Fe^3+ S^6+ O H,valid,,,
Metastibnite,Sb^3+^_2_S^2-^_3_,Sb^3+ S^2-,Sb^3+ S^2-,Sb S,Sb^3+ S^2-,valid,,,
Metastudtite,(U^6+^O_2_)(O_2_)^2-^(H_2_O)_2_,U^6+ O H,U^6+ O H,U O H,U^6+ O H,valid,,,
Metaswitzerite,Mn^2+^_3_(PO_4_)_2_·4H_2_O,Mn^2+ P O H,Mn^2+ P O H,Mn P O H,Mn^2+ P O H,valid,,,
Metatamboite,Fe^3+^_3_(OH)(H_2_O)_2_(S^6+^O_4_)(Te^4+^O_3_)_3_(Te^4+^O(OH)_2_)(H_2_O),Fe^3+ O H S^6+ Te^4+,Fe^3+ O H S^6+ Te^4+,Fe O H S Te,Fe^3+ O H S^6+ Te^4+,valid,,,
Metathénardite,Na_2_S^6+^O_4_,Na S^6+ O,Na S^6+ O,Na S O,Na S^6+ O,valid,,,
Metatorbernite,Cu^2+^(U^6+^O_2_)_2_(PO_4_)_2_(H_2_O)_4_·4H_2_O,Cu^2+ U^6+ O P H,Cu^2+ U^6+ O P H,Cu U O P H,Cu^2+ U^6+ O P H,valid,,,
Metatyuyamunite,Ca(U^6+^O_2_)_2_(V^5+^O_4_)_2_·3H_2_O,Ca U^6+ O V^5+ H,Ca U^6+ O V^5+ H,Ca U O V H,Ca U^6+ O V^5+ H,valid,,,
Metauramphite,(N^3-^H_4_)_2_(U^6+^O_2_)_2_(PO_4_)_2_·6H_2_O,N^3- H U^6+ O P,N^3- H U^6+ O P,N H U O P,N^3- H U^6+ O P,valid,,,
Metauranocircite,Ba(U^6+^O_2_)_2_(PO_4_)_2_(H_2_O)_4_·2H_2_O,Ba U^6+ O P H,Ba U^6+ O P H,Ba U O P H,Ba U^6+ O P H,valid,,,
Metauranopilite,(U^6+^O_2_)_6_S^6+^O_4_(OH)_10_·5H_2_O,U^6+ O S^6+ H,U^6+ O S^6+ H,U O S H,U^6+ O S^6+ H,valid,,,
Metauranospinite,Ca(U^6+^O_2_)_2_(As^5+^O_4_)_2_·8H_2_O,Ca U^6+ O As^5+ H,Ca U^6+ O As^5+ H,Ca U O As H,Ca U^6+ O As^5+ H,valid,,,
Metauroxite,(U^6+^O_2_)_2_((C_2_)^6+^O_4_)(OH)_2_(H_2_O)_2_,U^6+ O C H,U^6+ O C H,U O C H,U^6+ O C H,valid,,,
Metavandendriesscheite,Pb^2+^U^6+^_7_O_22_·nH_2_O,Pb^2+ U^6+ O H,Pb^2+ U^6+ O H,Pb U O H,Pb^2+ U^6+ O H,valid,,,
Metavanmeersscheite,U^6+^(U^6+^O_2_)_3_(PO_4_)_2_(OH)_6_·2H_2_O,U^6+ O P H,U^6+ O P H,U O P H,U^6+ O P H,valid,,,
Metavanuralite,Al(U^6+^O_2_)_2_(V^5+^O_4_)_2_(OH)·8H_2_O,Al U^6+ O V^5+ H,Al U^6+ O V^5+ H,Al U O V H,Al U^6+ O V^5+ H,valid,,,
Metavariscite,AlPO_4_·2H_2_O,Al P O H,Al P O H,Al P O H,Al P O H,valid,,,
Metavauxite,Fe^2+^Al_2_(PO_4_)_2_(OH)_2_·8H_2_O,Fe^2+ Al P O H,Fe^2+ Al P O H,Fe Al P O H,Fe^2+ Al P O H,valid,,,
Metavivianite,Fe^2+^Fe^3+^_2_(PO_4_)_2_(OH)_2_·6H_2_O,Fe^2+ Fe^3+ P O H,Fe^2+ Fe^3+ P O H,Fe P O H,Fe^2+ Fe^3+ P O H,valid,,,
Metavoltine,K_2_Na_6_Fe^2+^Fe^3+^_6_O_2_(S^6+^O_4_)_12_·18H_2_O,K Na Fe^2+ Fe^3+ O S^6+ H,K Na Fe^2+ Fe^3+ O S^6+ H,K Na Fe O S H,K Na Fe^2+ Fe^3+ O S^6+ H,valid,,,
Metazellerite,Ca(U^6+^O_2_)(CO_3_)_2_·3H_2_O,Ca U^6+ O C H,Ca U^6+ O C H,Ca U O C H,Ca U^6+ O C H,valid,,,
Metazeunerite,Cu^2+^(U^6+^O_2_)_2_(As^5+^O_4_)_2_(H_2_O)_4_·4H_2_O,Cu^2+ U^6+ O As^5+ H,Cu^2+ U^6+ O As^5+ H,Cu U O As H,Cu^2+ U^6+ O As^5+ H,valid,,,
Meurigite-K,[K(H_2_O)_2.5_][Fe^3+^_8_(PO_4_)_6_(OH)_7_]·4H_2_O,K H O Fe^3+ P,K H O Fe^3+ P,K H O Fe P,K H O Fe^3+ P,valid,,,
Meurigite-Na,[Na(H_2_O)_2.5_][Fe^3+^_8_(PO_4_)_6_(OH)_7_]·4H_2_O,Na H O Fe^3+ P,Na H O Fe^3+ P,Na H O Fe P,Na H O Fe^3+ P,valid,,,
Meyerhofferite,CaB_3_O_3_(OH)_5_·H_2_O,Ca B O H,Ca B O H,Ca B O H,Ca B O H,valid,,,
Meymacite,W^6+^O_3_·2H_2_O,W^6+ O H,W^6+ O H,W O H,W^6+ O H,valid,,,
Meyrowitzite,Ca(U^6+^O_2_)(CO_3_)_2_·5H_2_O,Ca U^6+ O C H,Ca U^6+ O C H,Ca U O C H,Ca U^6+ O C H,valid,,,
Mgriite,Cu_3_AsSe_3_,Cu As Se,Cu As Se,Cu As Se,Cu As Se,valid,,,
Mianningite,"([box],Pb^2+^,Ce^3+^,Na)(U^4+^,Mn^2+^,U^6+^)Fe^3+^_2_(Ti^4+^,Fe^3+^)_18_O_38_",Pb^2+ Ce^3+ Na U^4+ Mn^2+ U^6+ Fe^3+ Ti^4+ O,Pb^2+ Ce^3+ Na U^4+ Mn^2+ U^6+ Fe^3+ Ti^4+ O,Pb Ce Na U Mn Fe Ti O,Pb^2+ Ce^3+ Na U^4+ Mn^2+ U^6+ Fe^3+ Ti^4+ O,valid,,,
Miargyrite,Ag^1+^Sb^3+^S^2-^_2_,Ag^1+ Sb^3+ S^2-,Ag^1+ Sb^3+ S^2-,Ag Sb S,Ag^1+ Sb^3+ S^2-,valid,,,
Miassite,Rh_17_S_15_,Rh S,Rh S,Rh S,Rh S,valid,,,
Michalskiite,Cu^2+^Mg_3_Fe^3+^_3.33_(V^5+^O_4_)_6_,Cu^2+ Mg Fe^3+ V^5+ O,Cu^2+ Mg Fe^3+ V^5+ O,Cu Mg Fe V O,Cu^2+ Mg Fe^3+ V^5+ O,valid,,,
Micheelsenite,"(Ca,Y)_3_Al(PO_3_OH)CO_3_(OH)_6_·12H_2_O",Ca Y Al P O H C,Ca Y Al P O H C,Ca Y Al P O H C,Ca Y Al P O H C,valid,,,
Michenerite,Pd^3+^(BiTe)^3-^,Pd^3+ Bi Te,Pd^3+ Bi Te,Pd Bi Te,Pd^3+ Bi Te,valid,,,
Michitoshiite-(Cu),Rh(Cu_1-x_Ge_x_) 0,Rh Cu Ge,Rh Cu Ge,Rh Cu Ge,Rh Cu Ge,valid,,,
Microcline,KAlSi_3_O_8_,K Al Si O,K Al Si O,K Al Si O,K Al Si O,valid,,,
Microsommite,"[(Na,K)_6_(S^6+^O_4_)][Ca_2_Cl_2_][(Si_6_Al_6_O_24_)]",Na K S^6+ O Ca Cl Si Al,Na K S^6+ O Ca Cl Si Al,Na K S O Ca Cl Si Al,Na K S^6+ O Ca Cl Si Al,valid,,,
Midbarite,Ca_3_Mg_2_(V^5+^_2_Si)O_12_,Ca Mg V^5+ Si O,Ca Mg V^5+ Si O,Ca Mg V Si O,Ca Mg V^5+ Si O,valid,,,
Middendorfite,"K_3_Na_2_Mn^2+^_5_Si_12_(O,OH)_36_·2H_2_O",K Na Mn^2+ Si O H,K Na Mn^2+ Si O H,K Na Mn Si O H,K Na Mn^2+ Si O H,valid,,,
Middlebackite,Cu^2+^_2_(C_2_)^6+^O_4_(OH)_2_,Cu^2+ C O H,Cu^2+ C O H,Cu C O H,Cu^2+ C O H,valid,,,
Mieite-(Y),"Y_4_Ti^4+^(SiO_4_)_2_O[F,(OH)]_6_",Y Ti^4+ Si O F H,Y Ti^4+ Si O F H,Y Ti Si O F H,Y Ti^4+ Si O F H,valid,,,
Miersite,Ag^1+^I^1-^,Ag^1+ I^1-,Ag^1+ I^1-,Ag I,Ag^1+ I^1-,valid,,,
Miessiite,Pd_11_Te_2_Se_2_,Pd Te Se,Pd Te Se,Pd Te Se,Pd Te Se,valid,,,
Miguelromeroite,Mn^2+^_5_(As^5+^O_3_OH)_2_(As^5+^O_4_)_2_(H_2_O)_4_,Mn^2+ As^5+ O H,Mn^2+ As^5+ O H,Mn As O H,Mn^2+ As^5+ O H,valid,,,
Miharaite,Pb^2+^Cu^1+^_4_Fe^3+^Bi^3+^S^2-^_6_,Pb^2+ Cu^1+ Fe^3+ Bi^3+ S^2-,Pb^2+ Cu^1+ Fe^3+ Bi^3+ S^2-,Pb Cu Fe Bi S,Pb^2+ Cu^1+ Fe^3+ Bi^3+ S^2-,valid,,,
Mikasaite,Fe^3+^_2_(S^6+^O_4_)_3_,Fe^3+ S^6+ O,Fe^3+ S^6+ O,Fe S O,Fe^3+ S^6+ O,valid,,,
Mikecoxite,[C^4-^Hg^2+^_4_]OCl_2_,C^4- Hg^2+ O Cl,C^4- Hg^2+ O Cl,C Hg O Cl,C^4- Hg^2+ O Cl,valid,,,
Mikehowardite,Fe^3+^_4_(V^5+^O_4_)_4_(H_2_O)_2_·H_2_O,Fe^3+ V^5+ O H,Fe^3+ V^5+ O H,Fe V O H,Fe^3+ V^5+ O H,valid,,,
Mikenewite,Mn^2+^(S^4+^O_3_)·3H_2_O,Mn^2+ S^4+ O H,Mn^2+ S^4+ O H,Mn S O H,Mn^2+ S^4+ O H,valid,,,
Milanriederite,"(Ca,REE)_19_Fe^3+^Al_4_(Mg,Al,Fe^3+^)_8_Si_18_O_68_(OH,O)_10_",Ca REE Fe^3+ Al Mg Si O H,Ca REE Fe^3+ Al Mg Si O H,Ca REE Fe Al Mg Si O H,Ca REE Fe^3+ Al Mg Si O H,valid,,,
Milarite,KCa_2_(Be_2_AlSi_12_O_30_)·H_2_O,K Ca Be Al Si O H,K Ca Be Al Si O H,K Ca Be Al Si O H,K Ca Be Al Si O H,valid,,,
Milkovoite,Cu^2+^_4_O(PO_4_)(As^5+^O_4_),Cu^2+ O P As^5+,Cu^2+ O P As^5+,Cu O P As,Cu^2+ O P As^5+,valid,,,
Millerite,NiS,Ni S,Ni S,Ni S,Ni S,valid,,,
Millisite,NaCaAl_6_(PO_4_)_4_(OH)_9_·3H_2_O,Na Ca Al P O H,Na Ca Al P O H,Na Ca Al P O H,Na Ca Al P O H,valid,,,
Millosevichite,Al_2_(S^6+^O_4_)_3_,Al S^6+ O,Al S^6+ O,Al S O,Al S^6+ O,valid,,,
Millsite,Cu^2+^Te^4+^O_3_·2H_2_O,Cu^2+ Te^4+ O H,Cu^2+ Te^4+ O H,Cu Te O H,Cu^2+ Te^4+ O H,valid,,,
Milotaite,Pd^3+^(SbSe)^3-^,Pd^3+ Sb Se,Pd^3+ Sb Se,Pd Sb Se,Pd^3+ Sb Se,valid,,,
Mimetite,Pb^2+^_5_(As^5+^O_4_)_3_Cl,Pb^2+ As^5+ O Cl,Pb^2+ As^5+ O Cl,Pb As O Cl,Pb^2+ As^5+ O Cl,valid,,,
Minakawaite,RhSb,Rh Sb,Rh Sb,Rh Sb,Rh Sb,valid,,,
Minasragrite,V^4+^O(S^6+^O_4_)·5H_2_O,V^4+ O S^6+ H,V^4+ O S^6+ H,V O S H,V^4+ O S^6+ H,valid,,,
Mineevite-(Y),Na_25_BaY_2_(CO_3_)_11_(HCO_3_)_4_(S^6+^O_4_)_2_F_2_Cl,Na Ba Y C O H S^6+ F Cl,Na Ba Y C O H S^6+ F Cl,Na Ba Y C O H S F Cl,Na Ba Y C O H S^6+ F Cl,valid,,,
Minehillite,"(K,Na)_2_Ca_28_Zn^2+^_5_Al_4_Si_40_O_112_(OH)_16_",K Na Ca Zn^2+ Al Si O H,K Na Ca Zn^2+ Al Si O H,K Na Ca Zn Al Si O H,K Na Ca Zn^2+ Al Si O H,valid,,,
Minguzzite,K_3_Fe^3+^((C_2_)^6+^O_4_)_3_·3H_2_O,K Fe^3+ C O H,K Fe^3+ C O H,K Fe C O H,K Fe^3+ C O H,valid,,,
Minium,Pb^2+^_2_Pb^4+^O_4_,Pb^2+ Pb^4+ O,Pb^2+ Pb^4+ O,Pb O,Pb^2+ Pb^4+ O,valid,,,
Minjiangite,BaBe_2_P_2_O_8_,Ba Be P O,Ba Be P O,Ba Be P O,Ba Be P O,valid,,,
Minnesotaite,Fe^2+^_3_Si_4_O_10_(OH)_2_,Fe^2+ Si O H,Fe^2+ Si O H,Fe Si O H,Fe^2+ Si O H,valid,,,
Minohlite,"(Cu^2+^,Zn^2+^)_7_(S^6+^O_4_)_2_(OH)_10_·8H_2_O",Cu^2+ Zn^2+ S^6+ O H,Cu^2+ Zn^2+ S^6+ O H,Cu Zn S O H,Cu^2+ Zn^2+ S^6+ O H,valid,,,
Minrecordite,CaZn^2+^(CO_3_)_2_,Ca Zn^2+ C O,Ca Zn^2+ C O,Ca Zn C O,Ca Zn^2+ C O,valid,,,
Minyulite,KAl_2_(PO_4_)_2_F·4H_2_O,K Al P O F H,K Al P O F H,K Al P O F H,K Al P O F H,valid,,,
Mirabilite,Na_2_S^6+^O_4_·10H_2_O,Na S^6+ O H,Na S^6+ O H,Na S O H,Na S^6+ O H,valid,,,
Mirnyite,SrZr^4+^(Ti^4+^_12_Cr^3+^_6_)Mg_2_O_38_,Sr Zr^4+ Ti^4+ Cr^3+ Mg O,Sr Zr^4+ Ti^4+ Cr^3+ Mg O,Sr Zr Ti Cr Mg O,Sr Zr^4+ Ti^4+ Cr^3+ Mg O,valid,,,
Misakiite,Cu^2+^_3_Mn^2+^(OH)_6_Cl_2_,Cu^2+ Mn^2+ O H Cl,Cu^2+ Mn^2+ O H Cl,Cu Mn O H Cl,Cu^2+ Mn^2+ O H Cl,valid,,,
Misenite,K_8_(S^6+^O_4_)(S^6+^O_3_OH)_6_,K S^6+ O H,K S^6+ O H,K S O H,K S^6+ O H,valid,,,
Miserite,"K_1.5-x_(Ca,Y,REE)_5_[Si_6_O_15_][Si_2_O_7_](OH,F)_2_·yH_2_O",K Ca Y REE Si O H F,K Ca Y REE Si O H F,K Ca Y REE Si O H F,K Ca Y REE Si O H F,valid,,,
Mitridatite,Ca_2_Fe^3+^_3_O_2_(PO_4_)_3_(H_2_O)_2_·H_2_O,Ca Fe^3+ O P H,Ca Fe^3+ O P H,Ca Fe O P H,Ca Fe^3+ O P H,valid,,,
Mitrofanovite,Pt_3_Te_4_,Pt Te,Pt Te,Pt Te,Pt Te,valid,,,
Mitryaevaite,"Al_5_(PO_4_)_2_[(P,S^6+^)O_3_(OH,O)]_2_F_2_(OH)_2_·14.5H_2_O",Al P O S^6+ H F,Al P O S^6+ H F,Al P O S H F,Al P O S^6+ H F,valid,,,
Mitscherlichite,K_2_Cu^2+^Cl_4_·2H_2_O,K Cu^2+ Cl H O,K Cu^2+ Cl H O,K Cu Cl H O,K Cu^2+ Cl H O,valid,,,
Mixite,Cu^2+^_6_Bi^3+^(As^5+^O_4_)_3_(OH)_6_·3H_2_O,Cu^2+ Bi^3+ As^5+ O H,Cu^2+ Bi^3+ As^5+ O H,Cu Bi As O H,Cu^2+ Bi^3+ As^5+ O H,valid,,,
Miyahisaite,"(Sr,Ca)_2_Ba_3_(PO_4_)_3_F",Sr Ca Ba P O F,Sr Ca Ba P O F,Sr Ca Ba P O F,Sr Ca Ba P O F,valid,,,
Miyawakiite-(Y),[box]Y_4_Fe^2+^_2_(Si_8_O_20_)(CO_3_)_4_(H_2_O)_3_,Y Fe^2+ Si O C H,Y Fe^2+ Si O C H,Y Fe Si O C H,Y Fe^2+ Si O C H,valid,,,
Mizraite-(Ce),Ce^3+^(Al_11_Mg)O_19_,Ce^3+ Al Mg O,Ce^3+ Al Mg O,Ce Al Mg O,Ce^3+ Al Mg O,valid,,,
Moabite,Ni^2+^Fe^3+^(PO_4_)O,Ni^2+ Fe^3+ P O,Ni^2+ Fe^3+ P O,Ni Fe P O,Ni^2+ Fe^3+ P O,valid,,,
Moctezumite,Pb^2+^(U^6+^O_2_)(Te^4+^O_3_)_2_,Pb^2+ U^6+ O Te^4+,Pb^2+ U^6+ O Te^4+,Pb U O Te,Pb^2+ U^6+ O Te^4+,valid,,,
Modderite,CoAs,Co As,Co As,Co As,Co As,valid,,,
Modraite,Ca_19_Fe^2+^Al_4_(Al_6_Fe^2+^_2_)([box]_4_)[box](SiO_4_)_10_(Si_2_O_7_)_4_(OH)_10_,Ca Fe^2+ Al Si O H,Ca Fe^2+ Al Si O H,Ca Fe Al Si O H,Ca Fe^2+ Al Si O H,valid,,,
Moëloite,Pb^2+^_6_Sb^3+^_6_S^2-^_14_(S_3_)^2-^,Pb^2+ Sb^3+ S^2- S,Pb^2+ Sb^3+ S^2- S,Pb Sb S,Pb^2+ Sb^3+ S^2- S,valid,,,
Mogánite,SiO_2_·nH_2_O,Si O H,Si O H,Si O H,Si O H,valid,,,
Mogovidite,"Na_9_(Ca,Na)_12_Fe^3+^_2_Zr^4+^_3_Si_25_O_72_(CO_3_)(OH)_4_",Na Ca Fe^3+ Zr^4+ Si O C H,Na Ca Fe^3+ Zr^4+ Si O C H,Na Ca Fe Zr Si O C H,Na Ca Fe^3+ Zr^4+ Si O C H,valid,,,
Mohite,Cu^1+^_2_Sn^4+^S^2-^_3_,Cu^1+ Sn^4+ S^2-,Cu^1+ Sn^4+ S^2-,Cu Sn S,Cu^1+ Sn^4+ S^2-,valid,,,
Möhnite,(N^3-^H_4_)K_2_Na(S^6+^O_4_)_2_,N^3- H K Na S^6+ O,N^3- H K Na S^6+ O,N H K Na S O,N^3- H K Na S^6+ O,valid,,,
Mohrite,(N^3-^H_4_)_2_Fe^2+^(S^6+^O_4_)_2_·6H_2_O,N^3- H Fe^2+ S^6+ O,N^3- H Fe^2+ S^6+ O,N H Fe S O,N^3- H Fe^2+ S^6+ O,valid,,,
Moiraite,Pb^2+^_12_Sb^3+^_8_As^3+^_8_S^2-^_36_,Pb^2+ Sb^3+ As^3+ S^2-,Pb^2+ Sb^3+ As^3+ S^2-,Pb Sb As S,Pb^2+ Sb^3+ As^3+ S^2-,valid,,,
Moissanite,Si^4+^C^4-^,Si^4+ C^4-,Si^4+ C^4-,Si C,Si^4+ C^4-,valid,,,
Mojaveite,Cu^2+^_6_[Te^6+^O_4_(OH)_2_](OH)_7_Cl,Cu^2+ Te^6+ O H Cl,Cu^2+ Te^6+ O H Cl,Cu Te O H Cl,Cu^2+ Te^6+ O H Cl,valid,,,
Molinelloite,Cu^2+^(H_2_O)(OH)V^4+^O(V^5+^O_4_),Cu^2+ H O V^4+ V^5+,Cu^2+ H O V^4+ V^5+,Cu H O V,Cu^2+ H O V^4+ V^5+,valid,,,
Moluranite,H_4_U^4+^(U^6+^O_2_)_3_(Mo^6+^O_4_)_7_·18H_2_O,H U^4+ U^6+ O Mo^6+,H U^4+ U^6+ O Mo^6+,H U O Mo,H U^4+ U^6+ O Mo^6+,valid,,,
Molybdenite,Mo^4+^S^2-^_2_,Mo^4+ S^2-,Mo^4+ S^2-,Mo S,Mo^4+ S^2-,valid,,,
Molybdite,Mo^6+^O_3_,Mo^6+ O,Mo^6+ O,Mo O,Mo^6+ O,valid,,,
Molybdofornacite,Cu^2+^Pb^2+^_2_Mo^6+^O_4_As^5+^O_4_(OH),Cu^2+ Pb^2+ Mo^6+ O As^5+ H,Cu^2+ Pb^2+ Mo^6+ O As^5+ H,Cu Pb Mo O As H,Cu^2+ Pb^2+ Mo^6+ O As^5+ H,valid,,,
Molybdomenite,Pb^2+^Se^4+^O_3_,Pb^2+ Se^4+ O,Pb^2+ Se^4+ O,Pb Se O,Pb^2+ Se^4+ O,valid,,,
Molybdophyllite,Pb^2+^_8_Mg_9_[Si_10_O_30_(OH)_8_(CO_3_)_3_]·H_2_O,Pb^2+ Mg Si O H C,Pb^2+ Mg Si O H C,Pb Mg Si O H C,Pb^2+ Mg Si O H C,valid,,,
Molysite,Fe^3+^Cl_3_,Fe^3+ Cl,Fe^3+ Cl,Fe Cl,Fe^3+ Cl,valid,,,
Momoiite,Mn^2+^_3_V^3+^_2_(SiO_4_)_3_,Mn^2+ V^3+ Si O,Mn^2+ V^3+ Si O,Mn V Si O,Mn^2+ V^3+ Si O,valid,,,
Monazite-(Ce),Ce^3+^PO_4_,Ce^3+ P O,Ce^3+ P O,Ce P O,Ce^3+ P O,valid,,,
Monazite-(Gd),Gd(PO_4_),Gd P O,Gd P O,Gd P O,Gd P O,valid,,,
Monazite-(La),LaPO_4_,La P O,La P O,La P O,La P O,valid,,,
Monazite-(Nd),NdPO_4_,Nd P O,Nd P O,Nd P O,Nd P O,valid,,,
Monazite-(Sm),SmPO_4_,Sm P O,Sm P O,Sm P O,Sm P O,valid,,,
Moncheite,"Pt(Te,Bi)_2_",Pt Te Bi,Pt Te Bi,Pt Te Bi,Pt Te Bi,valid,,,
Monchetundraite,Pd_2_NiTe_2_,Pd Ni Te,Pd Ni Te,Pd Ni Te,Pd Ni Te,valid,,,
Monetite,Ca(PO_3_OH),Ca P O H,Ca P O H,Ca P O H,Ca P O H,valid,,,
Mongolite,Ca_4_Nb^5+^_6_Si_5_O_24_(OH)_10_·6H_2_O,Ca Nb^5+ Si O H,Ca Nb^5+ Si O H,Ca Nb Si O H,Ca Nb^5+ Si O H,valid,,,
Monimolite,Pb^2+^_2_Sb^5+^_2_O_7_,Pb^2+ Sb^5+ O,Pb^2+ Sb^5+ O,Pb Sb O,Pb^2+ Sb^5+ O,valid,,,
Monipite,MoNiP,Mo Ni P,Mo Ni P,Mo Ni P,Mo Ni P,valid,,,
Monohydrocalcite,CaCO_3_·H_2_O,Ca C O H,Ca C O H,Ca C O H,Ca C O H,valid,,,
Montanite,Bi^3+^_2_Te^6+^O_6_·nH_2_O (0 ≤ n ≤ 2/3),Bi^3+ Te^6+ O H,Bi^3+ Te^6+ O H,Bi Te O H,Bi^3+ Te^6+ O H,valid,,,
Montbrayite,"(Au,Ag,Sb,Bi,Pb)_23_(Te,Sb,Bi,Pb)_38_",Au Ag Sb Bi Pb Te,Au Ag Sb Bi Pb Te,Au Ag Sb Bi Pb Te,Au Ag Sb Bi Pb Te,valid,,,
Montdorite,"KFe^2+^_1.5_Mn^2+^_0.5_Mg_0.5_Si_4_O_10_(F,OH)_2_",K Fe^2+ Mn^2+ Mg Si O F H,K Fe^2+ Mn^2+ Mg Si O F H,K Fe Mn Mg Si O F H,K Fe^2+ Mn^2+ Mg Si O F H,valid,,,
Montebrasite,LiAlPO_4_(OH),Li Al P O H,Li Al P O H,Li Al P O H,Li Al P O H,valid,,,
Monteneroite,Cu^2+^Mn^2+^_2_(As^5+^O_4_)_2_·8H_2_O,Cu^2+ Mn^2+ As^5+ O H,Cu^2+ Mn^2+ As^5+ O H,Cu Mn As O H,Cu^2+ Mn^2+ As^5+ O H,valid,,,
Monteneveite,Ca_3_Sb^5+^_2_(Fe^3+^_2_Fe^2+^)O_12_,Ca Sb^5+ Fe^3+ Fe^2+ O,Ca Sb^5+ Fe^3+ Fe^2+ O,Ca Sb Fe O,Ca Sb^5+ Fe^3+ Fe^2+ O,valid,,,
Monteponite,Cd^2+^O,Cd^2+ O,Cd^2+ O,Cd O,Cd^2+ O,valid,,,
Monteregianite-(Y),KNa_2_YSi_8_O_19_·5H_2_O,K Na Y Si O H,K Na Y Si O H,K Na Y Si O H,K Na Y Si O H,valid,,,
Montesommaite,K_9_(Si_23_Al_9_)O_64_·10H_2_O,K Si Al O H,K Si Al O H,K Si Al O H,K Si Al O H,valid,,,
Montetrisaite,Cu^2+^_6_(S^6+^O_4_)(OH)_10_·2H_2_O,Cu^2+ S^6+ O H,Cu^2+ S^6+ O H,Cu S O H,Cu^2+ S^6+ O H,valid,,,
Montgomeryite,Ca_4_MgAl_4_(PO_4_)_6_(OH)_4_·12H_2_O,Ca Mg Al P O H,Ca Mg Al P O H,Ca Mg Al P O H,Ca Mg Al P O H,valid,,,
Monticellite,CaMgSiO_4_,Ca Mg Si O,Ca Mg Si O,Ca Mg Si O,Ca Mg Si O,valid,,,
Montmorillonite,"(Na,Ca)_0.3_(Al,Mg)_2_Si_4_O_10_(OH)_2_·nH_2_O",Na Ca Al Mg Si O H,Na Ca Al Mg Si O H,Na Ca Al Mg Si O H,Na Ca Al Mg Si O H,valid,,,
Montpelvouxite,Ag^1+^Pb^2+^_16_Sb^3+^_27_As^3+^_18_S^2-^_84_,Ag^1+ Pb^2+ Sb^3+ As^3+ S^2-,Ag^1+ Pb^2+ Sb^3+ As^3+ S^2-,Ag Pb Sb As S,Ag^1+ Pb^2+ Sb^3+ As^3+ S^2-,valid,,,
Montroseite,V^3+^O(OH),V^3+ O H,V^3+ O H,V O H,V^3+ O H,valid,,,
Montroyalite,Sr_4_Al_8_(CO_3_)_3_(OH)_26_·10H_2_O,Sr Al C O H,Sr Al C O H,Sr Al C O H,Sr Al C O H,valid,,,
Montroydite,Hg^2+^O,Hg^2+ O,Hg^2+ O,Hg O,Hg^2+ O,valid,,,
Mooihoekite,Cu_9_Fe_9_S_16_,Cu Fe S,Cu Fe S,Cu Fe S,Cu Fe S,valid,,,
Moolooite,Cu^2+^(C_2_)^6+^O_4_·nH_2_O,Cu^2+ C O H,Cu^2+ C O H,Cu C O H,Cu^2+ C O H,valid,,,
Mooreite,Mg_15_(S^6+^O_4_)_2_(OH)_26_·8H_2_O,Mg S^6+ O H,Mg S^6+ O H,Mg S O H,Mg S^6+ O H,valid,,,
Moorhouseite,Co^2+^S^6+^O_4_·6H_2_O,Co^2+ S^6+ O H,Co^2+ S^6+ O H,Co S O H,Co^2+ S^6+ O H,valid,,,
Mopungite,NaSb^5+^(OH)_6_,Na Sb^5+ O H,Na Sb^5+ O H,Na Sb O H,Na Sb^5+ O H,valid,,,
Moraesite,Be_2_PO_4_(OH)·4H_2_O,Be P O H,Be P O H,Be P O H,Be P O H,valid,,,
Moragite,Ca_3_Ti^4+^Si_2_(Al_2_Si)O_14_,Ca Ti^4+ Si Al O,Ca Ti^4+ Si Al O,Ca Ti Si Al O,Ca Ti^4+ Si Al O,valid,,,
Moraskoite,Na_2_Mg(PO_4_)F,Na Mg P O F,Na Mg P O F,Na Mg P O F,Na Mg P O F,valid,,,
Mordenite,"(Na_2_,Ca,K_2_)_4_(Al_8_Si_40_)O_96_·28H_2_O",Na Ca K Al Si O H,Na Ca K Al Si O H,Na Ca K Al Si O H,Na Ca K Al Si O H,valid,,,
Moreauite,Al_3_(U^6+^O_2_)(PO_4_)_3_(OH)_2_·13H_2_O,Al U^6+ O P H,Al U^6+ O P H,Al U O P H,Al U^6+ O P H,valid,,,
Morelandite,Ca_2_Ba_3_(As^5+^O_4_)_3_Cl,Ca Ba As^5+ O Cl,Ca Ba As^5+ O Cl,Ca Ba As O Cl,Ca Ba As^5+ O Cl,valid,,,
Morenosite,Ni^2+^S^6+^O_4_·7H_2_O,Ni^2+ S^6+ O H,Ni^2+ S^6+ O H,Ni S O H,Ni^2+ S^6+ O H,valid,,,
Morimotoite,Ca_3_Ti^4+^Fe^2+^Si_3_O_12_,Ca Ti^4+ Fe^2+ Si O,Ca Ti^4+ Fe^2+ Si O,Ca Ti Fe Si O,Ca Ti^4+ Fe^2+ Si O,valid,,,
Morinite,NaCa_2_Al_2_(PO_4_)_2_(OH)F_4_·2H_2_O,Na Ca Al P O H F,Na Ca Al P O H F,Na Ca Al P O H F,Na Ca Al P O H F,valid,,,
Morleyite,Ag^1+^_2_Cu^1+^Pb^2+^_25_Sb^3+^_24_As^3+^_4_S^2-^_68.5_,Ag^1+ Cu^1+ Pb^2+ Sb^3+ As^3+ S^2-,Ag^1+ Cu^1+ Pb^2+ Sb^3+ As^3+ S^2-,Ag Cu Pb Sb As S,Ag^1+ Cu^1+ Pb^2+ Sb^3+ As^3+ S^2-,valid,,,
Morningstarite,Na(W^6+^_2.67_Fe^3+^_0.33_)O_9_·H_2_O,Na W^6+ Fe^3+ O H,Na W^6+ Fe^3+ O H,Na W Fe O H,Na W^6+ Fe^3+ O H,valid,,,
Morozeviczite,Pb_3_Ge_1-x_S_4_,Pb Ge S,Pb Ge S,Pb Ge S,Pb Ge S,valid,,,
Morrisonite,Ca_11_(As^3+^V^4+^_2_V^5+^_10_As^5+^_6_O_51_)_2_·78H_2_O,Ca As^3+ V^4+ V^5+ As^5+ O H,Ca As^3+ V^4+ V^5+ As^5+ O H,Ca As V O H,Ca As^3+ V^4+ V^5+ As^5+ O H,valid,,,
Mosandrite-(Ce),Ca_2_(CaCe^3+^)[(H_2_O)_2_Ca_0.5_[box]_0.5_]Ti^4+^(Si_2_O_7_)_2_(OH)_2_(H_2_O)_2_,Ca Ce^3+ H O Ti^4+ Si,Ca Ce^3+ H O Ti^4+ Si,Ca Ce H O Ti Si,Ca Ce^3+ H O Ti^4+ Si,valid,,,
Moschelite,Hg^1+^I^1-^,Hg^1+ I^1-,Hg^1+ I^1-,Hg I,Hg^1+ I^1-,valid,,,
Moschellandsbergite,Ag_2_Hg_3_,Ag Hg,Ag Hg,Ag Hg,Ag Hg,valid,,,
Mosesite,(Hg^2+^_2_N^3-^)Cl,Hg^2+ N^3- Cl,Hg^2+ N^3- Cl,Hg N Cl,Hg^2+ N^3- Cl,valid,,,
Moskvinite-(Y),Na_2_KYSi_6_O_15_,Na K Y Si O,Na K Y Si O,Na K Y Si O,Na K Y Si O,valid,,,
Mössbauerite,Fe^3+^_6_O_4_(OH)_8_(CO_3_)·3H_2_O,Fe^3+ O H C,Fe^3+ O H C,Fe O H C,Fe^3+ O H C,valid,,,
Mottanaite-(Ce),Ca_4_Ce^3+^_2_Al(Be_1.5_[box]_0.5_)[B_4_Si_4_O_22_]O_2_,Ca Ce^3+ Al Be B Si O,Ca Ce^3+ Al Be B Si O,Ca Ce Al Be B Si O,Ca Ce^3+ Al Be B Si O,valid,,,
Mottramite,Pb^2+^Cu^2+^V^5+^O_4_(OH),Pb^2+ Cu^2+ V^5+ O H,Pb^2+ Cu^2+ V^5+ O H,Pb Cu V O H,Pb^2+ Cu^2+ V^5+ O H,valid,,,
Motukoreaite,Mg_6_Al_3_(OH)_18_[Na(H_2_O)_6_](S^6+^O_4_)_2_·6H_2_O,Mg Al O H Na S^6+,Mg Al O H Na S^6+,Mg Al O H Na S,Mg Al O H Na S^6+,valid,,,
Mounanaite,Pb^2+^Fe^3+^_2_(V^5+^O_4_)_2_(OH)_2_,Pb^2+ Fe^3+ V^5+ O H,Pb^2+ Fe^3+ V^5+ O H,Pb Fe V O H,Pb^2+ Fe^3+ V^5+ O H,valid,,,
Mountainite,KNa_2_Ca_2_[Si_8_O_19_(OH)]·6H_2_O,K Na Ca Si O H,K Na Ca Si O H,K Na Ca Si O H,K Na Ca Si O H,valid,,,
Mountkeithite,"(Mg_1-x_Fe^3+^_x_)(S^6+^O_4_)_x/2_(OH)_2_·nH_2_O (x < 0.5, n > 3x/2)",Mg Fe^3+ S^6+ O H,Mg Fe^3+ S^6+ O H,Mg Fe S O H,Mg Fe^3+ S^6+ O H,valid,,,
Mourite,U^6+^O_2_Mo^6+^_5_O_16_·5H_2_O,U^6+ O Mo^6+ H,U^6+ O Mo^6+ H,U O Mo H,U^6+ O Mo^6+ H,valid,,,
Moxuanxueite,NaCa_6_Zr^4+^(Si_2_O_7_)_2_OF_3_,Na Ca Zr^4+ Si O F,Na Ca Zr^4+ Si O F,Na Ca Zr Si O F,Na Ca Zr^4+ Si O F,valid,,,
Moydite-(Y),YB(OH)_4_CO_3_,Y B O H C,Y B O H C,Y B O H C,Y B O H C,valid,,,
Mozartite,CaMn^3+^SiO_4_(OH),Ca Mn^3+ Si O H,Ca Mn^3+ Si O H,Ca Mn Si O H,Ca Mn^3+ Si O H,valid,,,
Mozgovaite,Pb^2+^Bi^3+^_4_S^2-^_7_,Pb^2+ Bi^3+ S^2-,Pb^2+ Bi^3+ S^2-,Pb Bi S,Pb^2+ Bi^3+ S^2-,valid,,,
Mpororoite,Al_2_O(W^6+^O_4_)_2_·6H_2_O,Al O W^6+ H,Al O W^6+ H,Al O W H,Al O W^6+ H,valid,,,
Mrázekite,Bi^3+^_2_Cu^2+^_3_(PO_4_)_2_O_2_(OH)_2_·2H_2_O,Bi^3+ Cu^2+ P O H,Bi^3+ Cu^2+ P O H,Bi Cu P O H,Bi^3+ Cu^2+ P O H,valid,,,
Mroseite,CaTe^4+^O_2_(CO_3_),Ca Te^4+ O C,Ca Te^4+ O C,Ca Te O C,Ca Te^4+ O C,valid,,,
Mückeite,Cu^1+^Ni^2+^Bi^3+^S^2-^_3_,Cu^1+ Ni^2+ Bi^3+ S^2-,Cu^1+ Ni^2+ Bi^3+ S^2-,Cu Ni Bi S,Cu^1+ Ni^2+ Bi^3+ S^2-,valid,,,
Muirite,"Ba_10_Ca_2_Mn^2+^Ti^4+^Si_10_O_30_(OH,Cl,F)_10_",Ba Ca Mn^2+ Ti^4+ Si O H Cl F,Ba Ca Mn^2+ Ti^4+ Si O H Cl F,Ba Ca Mn Ti Si O H Cl F,Ba Ca Mn^2+ Ti^4+ Si O H Cl F,valid,,,
Mukhinite,Ca_2_Al_2_V^3+^(Si_2_O_7_)(SiO_4_)O(OH),Ca Al V^3+ Si O H,Ca Al V^3+ Si O H,Ca Al V Si O H,Ca Al V^3+ Si O H,valid,,,
Müllerite,Pb^2+^_2_Fe^3+^(Te^6+^O_6_)Cl,Pb^2+ Fe^3+ Te^6+ O Cl,Pb^2+ Fe^3+ Te^6+ O Cl,Pb Fe Te O Cl,Pb^2+ Fe^3+ Te^6+ O Cl,valid,,,
Mullite,Al_4+2x_Si_2-2x_O_10-x_ (x ≈ 0.4),Al Si O,Al Si O,Al Si O,Al Si O,valid,,,
Mummeite,Cu^1+^_0.58_Ag^1+^_3.11_Pb^2+^_1.10_Bi^3+^_6.65_S^2-^_13_,Cu^1+ Ag^1+ Pb^2+ Bi^3+ S^2-,Cu^1+ Ag^1+ Pb^2+ Bi^3+ S^2-,Cu Ag Pb Bi S,Cu^1+ Ag^1+ Pb^2+ Bi^3+ S^2-,valid,,,
Munakataite,Pb^2+^_2_Cu^2+^_2_(Se^4+^O_3_)S^6+^O_4_(OH)_4_,Pb^2+ Cu^2+ Se^4+ O S^6+ H,Pb^2+ Cu^2+ Se^4+ O S^6+ H,Pb Cu Se O S H,Pb^2+ Cu^2+ Se^4+ O S^6+ H,valid,,,
Mundite,Al(U^6+^O_2_)_3_(PO_4_)_2_(OH)_3_·5.5H_2_O,Al U^6+ O P H,Al U^6+ O P H,Al U O P H,Al U^6+ O P H,valid,,,
Mundrabillaite,(N^3-^H_4_)_2_Ca(PO_3_OH)_2_·H_2_O,N^3- H Ca P O,N^3- H Ca P O,N H Ca P O,N^3- H Ca P O,valid,,,
Munirite,NaV^5+^O_3_(H_2_O)_1.9,Na V^5+ O H,Na V^5+ O H,Na V O H,Na V^5+ O H,valid,,,
Muonionalustaite,Ni^2+^_3_(OH)_4_Cl_2_·4H_2_O,Ni^2+ O H Cl,Ni^2+ O H Cl,Ni O H Cl,Ni^2+ O H Cl,valid,,,
Murakamiite,Ca_2_LiSi_3_O_8_(OH),Ca Li Si O H,Ca Li Si O H,Ca Li Si O H,Ca Li Si O H,valid,,,
Murashkoite,FeP,Fe P,Fe P,Fe P,Fe P,valid,,,
Murataite-(Y),"(Y,Na)_6_Zn^2+^(Zn^2+^,Fe^3+^)_4_(Ti^4+^,Nb^5+^,Na)_12_O_29_(O,F,OH)_10_F_4_",Y Na Zn^2+ Fe^3+ Ti^4+ Nb^5+ O F H,Y Na Zn^2+ Fe^3+ Ti^4+ Nb^5+ O F H,Y Na Zn Fe Ti Nb O F H,Y Na Zn^2+ Fe^3+ Ti^4+ Nb^5+ O F H,valid,,,
Murchisite,Cr_5_S_6_,Cr S,Cr S,Cr S,Cr S,valid,,,
Murdochite,Cu^2+^_12_Pb^4+^_2_O_15_Cl_2_,Cu^2+ Pb^4+ O Cl,Cu^2+ Pb^4+ O Cl,Cu Pb O Cl,Cu^2+ Pb^4+ O Cl,valid,,,
Murmanite,Na_2_Ti^4+^_2_Na_2_Ti^4+^_2_(Si_2_O_7_)_2_O_4_(H_2_O)_4_,Na Ti^4+ Si O H,Na Ti^4+ Si O H,Na Ti Si O H,Na Ti^4+ Si O H,valid,,,
Murphyite,Pb^2+^(Te^6+^O_4_),Pb^2+ Te^6+ O,Pb^2+ Te^6+ O,Pb Te O,Pb^2+ Te^6+ O,valid,,,
Murunskite,K_2_(Cu^1+^_3_Fe^3+^)S^2-^_4_,K Cu^1+ Fe^3+ S^2-,K Cu^1+ Fe^3+ S^2-,K Cu Fe S,K Cu^1+ Fe^3+ S^2-,valid,,,
Muscovite,KAl_2_(Si_3_Al)O_10_(OH)_2_,K Al Si O H,K Al Si O H,K Al Si O H,K Al Si O H,valid,,,
Museumite,"[Pb_2_(Pb,Sb)_2_S_8_][(Te,Au)_2_]",Pb Sb S Te Au,Pb Sb S Te Au,Pb Sb S Te Au,Pb Sb S Te Au,valid,,,
Mushistonite,Cu^2+^Sn^4+^(OH)_6_,Cu^2+ Sn^4+ O H,Cu^2+ Sn^4+ O H,Cu Sn O H,Cu^2+ Sn^4+ O H,valid,,,
Muskoxite,Mg_7_Fe^3+^_4_(OH)_26_·H_2_O,Mg Fe^3+ O H,Mg Fe^3+ O H,Mg Fe O H,Mg Fe^3+ O H,valid,,,
Muthmannite,AuAgTe_2_,Au Ag Te,Au Ag Te,Au Ag Te,Au Ag Te,valid,,,
Mutinaite,Na_3_Ca_4_Al_11_Si_85_O_192_·60H_2_O,Na Ca Al Si O H,Na Ca Al Si O H,Na Ca Al Si O H,Na Ca Al Si O H,valid,,,
Mutnovskite,"Pb^2+^_2_As^3+^S^2-^_3_(I^1-^,Cl,Br)",Pb^2+ As^3+ S^2- I^1- Cl Br,Pb^2+ As^3+ S^2- I^1- Cl Br,Pb As S I Cl Br,Pb^2+ As^3+ S^2- I^1- Cl Br,valid,,,
Naalasite,NaAl(As^5+^O_3_OH)_2_(H_2_O),Na Al As^5+ O H,Na Al As^5+ O H,Na Al As O H,Na Al As^5+ O H,valid,,,
Nabalamprophyllite,(BaNa)Ti^4+^_2_Na_3_Ti^4+^(Si_2_O_7_)_2_O_2_(OH)_2_,Ba Na Ti^4+ Si O H,Ba Na Ti^4+ Si O H,Ba Na Ti Si O H,Ba Na Ti^4+ Si O H,valid,,,
Nabaphite,NaBaPO_4_(H_2_O)_9_,Na Ba P O H,Na Ba P O H,Na Ba P O H,Na Ba P O H,valid,,,
Nabateaite,Fe^2+^_2_P_2_O_7_,Fe^2+ P O,Fe^2+ P O,Fe P O,Fe^2+ P O,valid,,,
Nabesite,Na_2_BeSi_4_O_10_(H_2_O)_4_,Na Be Si O H,Na Be Si O H,Na Be Si O H,Na Be Si O H,valid,,,
Nabiasite,BaMn^2+^_9_(V^5+^O_4_)_6_(OH)_2_,Ba Mn^2+ V^5+ O H,Ba Mn^2+ V^5+ O H,Ba Mn V O H,Ba Mn^2+ V^5+ O H,valid,,,
Nabimusaite,KCa_12_(SiO_4_)_4_(S^6+^O_4_)_2_O_2_F,K Ca Si O S^6+ F,K Ca Si O S^6+ F,K Ca Si O S F,K Ca Si O S^6+ F,valid,,,
Nabokoite,Cu^2+^_7_Te^4+^O_4_(S^6+^O_4_)_5_·KCl,Cu^2+ Te^4+ O S^6+ K Cl,Cu^2+ Te^4+ O S^6+ K Cl,Cu Te O S K Cl,Cu^2+ Te^4+ O S^6+ K Cl,valid,,,
Nacaphite,Na_2_Ca(PO_4_)F,Na Ca P O F,Na Ca P O F,Na Ca P O F,Na Ca P O F,valid,,,
Nacareniobsite-(Ce),Ca_2_(CaCe^3+^)Na_3_Nb^5+^(Si_2_O_7_)_2_(OF)F_2_,Ca Ce^3+ Na Nb^5+ Si O F,Ca Ce^3+ Na Nb^5+ Si O F,Ca Ce Na Nb Si O F,Ca Ce^3+ Na Nb^5+ Si O F,valid,,,
Nacareniobsite-(Nd),Ca_2_(CaNd)Na_3_Nb^5+^(Si_2_O_7_)_2_(OF)F_2_,Ca Nd Na Nb^5+ Si O F,Ca Nd Na Nb^5+ Si O F,Ca Nd Na Nb Si O F,Ca Nd Na Nb^5+ Si O F,valid,,,
Nacareniobsite-(Y),Na_3_Ca_3_YNb^5+^(Si_2_O_7_)_2_OF_3_,Na Ca Y Nb^5+ Si O F,Na Ca Y Nb^5+ Si O F,Na Ca Y Nb Si O F,Na Ca Y Nb^5+ Si O F,valid,,,
Nacrite,Al_2_Si_2_O_5_(OH)_4_,Al Si O H,Al Si O H,Al Si O H,Al Si O H,valid,,,
Nadorite,Pb^2+^Sb^3+^O_2_Cl,Pb^2+ Sb^3+ O Cl,Pb^2+ Sb^3+ O Cl,Pb Sb O Cl,Pb^2+ Sb^3+ O Cl,valid,,,
Nafeasite,NaFe^3+^(As^5+^O_3_OH)_2_(H_2_O),Na Fe^3+ As^5+ O H,Na Fe^3+ As^5+ O H,Na Fe As O H,Na Fe^3+ As^5+ O H,valid,,,
Nafertisite,Na_3_Fe^2+^_10_Ti^4+^_2_(Si_6_O_17_)_2_O_2_(OH)_6_F·2H_2_O,Na Fe^2+ Ti^4+ Si O H F,Na Fe^2+ Ti^4+ Si O H F,Na Fe Ti Si O H F,Na Fe^2+ Ti^4+ Si O H F,valid,,,
Nagashimalite,"Ba_4_(V^3+^,Ti^4+^)_4_(O,OH)_2_[B_2_Si_8_O_27_]Cl",Ba V^3+ Ti^4+ O H B Si Cl,Ba V^3+ Ti^4+ O H B Si Cl,Ba V Ti O H B Si Cl,Ba V^3+ Ti^4+ O H B Si Cl,valid,,,
Nagelschmidtite,Ca_7_(SiO_4_)_2_(PO_4_)_2_,Ca Si O P,Ca Si O P,Ca Si O P,Ca Si O P,valid,,,
Nagyágite,"[Pb(Pb,Sb)S_2_][(Au,Te)]",Pb Sb S Au Te,Pb Sb S Au Te,Pb Sb S Au Te,Pb Sb S Au Te,valid,,,
Nahcolite,NaHCO_3_,Na H C O,Na H C O,Na H C O,Na H C O,valid,,,
Nahpoite,Na_2_(PO_3_OH),Na P O H,Na P O H,Na P O H,Na P O H,valid,,,
Nakauriite,Cu^2+^_8_(S^6+^O_4_)_4_(CO_3_)(OH)_6_·48H_2_O,Cu^2+ S^6+ O C H,Cu^2+ S^6+ O C H,Cu S O C H,Cu^2+ S^6+ O C H,valid,,,
Nakkaalaaqite,K_2_[Na_3_Ca]LiCa_2_Ti^4+^_2_Be_4_Si_12_O_38_,K Na Ca Li Ti^4+ Be Si O,K Na Ca Li Ti^4+ Be Si O,K Na Ca Li Ti Be Si O,K Na Ca Li Ti^4+ Be Si O,valid,,,
Naldrettite,Pd_2_Sb,Pd Sb,Pd Sb,Pd Sb,Pd Sb,valid,,,
Nalipoite,NaLi_2_PO_4_,Na Li P O,Na Li P O,Na Li P O,Na Li P O,valid,,,
Nalivkinite,Li_2_NaFe^2+^_7_Ti^4+^_2_(Si_4_O_12_)_2_O_2_(OH)_4_F(H_2_O)_2_,Li Na Fe^2+ Ti^4+ Si O H F,Li Na Fe^2+ Ti^4+ Si O H F,Li Na Fe Ti Si O H F,Li Na Fe^2+ Ti^4+ Si O H F,valid,,,
Namansilite,NaMn^3+^Si_2_O_6_,Na Mn^3+ Si O,Na Mn^3+ Si O,Na Mn Si O,Na Mn^3+ Si O,valid,,,
Nambulite,LiMn^2+^_4_Si_5_O_14_(OH),Li Mn^2+ Si O H,Li Mn^2+ Si O H,Li Mn Si O H,Li Mn^2+ Si O H,valid,,,
Namibite,Cu^2+^(Bi^3+^O)_2_V^5+^O_4_(OH),Cu^2+ Bi^3+ O V^5+ H,Cu^2+ Bi^3+ O V^5+ H,Cu Bi O V H,Cu^2+ Bi^3+ O V^5+ H,valid,,,
Namuwite,Zn^2+^_4_S^6+^O_4_(OH)_6_(H_2_O)·3H_2_O,Zn^2+ S^6+ O H,Zn^2+ S^6+ O H,Zn S O H,Zn^2+ S^6+ O H,valid,,,
Nancyrossite,Fe^3+^GeO_6_H_5_,Fe^3+ Ge O H,Fe^3+ Ge O H,Fe Ge O H,Fe^3+ Ge O H,valid,,,
Nanlingite,NaCa_5_LiMg_12_(As^3+^O_3_)_2_[Fe^2+^(As^3+^O_3_)_6_]F_14_,Na Ca Li Mg As^3+ O Fe^2+ F,Na Ca Li Mg As^3+ O Fe^2+ F,Na Ca Li Mg As O Fe F,Na Ca Li Mg As^3+ O Fe^2+ F,valid,,,
Nannoniite,Al_2_(OH)_5_F,Al O H F,Al O H F,Al O H F,Al O H F,valid,,,
Nanpingite,CsAl_2_(Si_3_Al)O_10_(OH)_2_,Cs Al Si O H,Cs Al Si O H,Cs Al Si O H,Cs Al Si O H,valid,,,
Nantokite,Cu^1+^Cl,Cu^1+ Cl,Cu^1+ Cl,Cu Cl,Cu^1+ Cl,valid,,,
Napoliite,Pb^2+^_2_OFCl,Pb^2+ O F Cl,Pb^2+ O F Cl,Pb O F Cl,Pb^2+ O F Cl,valid,,,
Naquite,FeSi,Fe Si,Fe Si,Fe Si,Fe Si,valid,,,
Narsarsukite,"Na_2_(Ti^4+^,Fe^3+^)Si_4_(O,F)_11_",Na Ti^4+ Fe^3+ Si O F,Na Ti^4+ Fe^3+ Si O F,Na Ti Fe Si O F,Na Ti^4+ Fe^3+ Si O F,valid,,,
Nashite,Na_3_Ca_2_(H_2_O)_22_[(V^4+^V^5+^_9_)O_28_]·2H_2_O,Na Ca H O V^4+ V^5+,Na Ca H O V^4+ V^5+,Na Ca H O V,Na Ca H O V^4+ V^5+,valid,,,
Nasinite,Na_2_B_5_O_8_(OH)(H_2_O)_2_,Na B O H,Na B O H,Na B O H,Na B O H,valid,,,
Nasledovite,Pb^2+^Mn^2+^_3_Al_4_O_5_(CO_3_)_4_(S^6+^O_4_)·5H_2_O,Pb^2+ Mn^2+ Al O C S^6+ H,Pb^2+ Mn^2+ Al O C S^6+ H,Pb Mn Al O C S H,Pb^2+ Mn^2+ Al O C S^6+ H,valid,,,
Nasonite,Ca_4_Pb^2+^_6_(Si_2_O_7_)_3_Cl_2_,Ca Pb^2+ Si O Cl,Ca Pb^2+ Si O Cl,Ca Pb Si O Cl,Ca Pb^2+ Si O Cl,valid,,,
Nastrophite,NaSr(PO_4_)(H_2_O)_9_,Na Sr P O H,Na Sr P O H,Na Sr P O H,Na Sr P O H,valid,,,
Nataliakulikite,"Ca_4_Ti^4+^_2_(Fe^3+^,Fe^2+^)(Si,Fe^3+^,Al)O_11_",Ca Ti^4+ Fe^3+ Fe^2+ Si Al O,Ca Ti^4+ Fe^3+ Fe^2+ Si Al O,Ca Ti Fe Si Al O,Ca Ti^4+ Fe^3+ Fe^2+ Si Al O,valid,,,
Nataliyamalikite,Tl^1+^I^1-^,Tl^1+ I^1-,Tl^1+ I^1-,Tl I,Tl^1+ I^1-,valid,,,
Natalyite,NaV^3+^Si_2_O_6_,Na V^3+ Si O,Na V^3+ Si O,Na V Si O,Na V^3+ Si O,valid,,,
Natanite,Fe^2+^Sn^4+^(OH)_6_,Fe^2+ Sn^4+ O H,Fe^2+ Sn^4+ O H,Fe Sn O H,Fe^2+ Sn^4+ O H,valid,,,
Natisite,Na_2_Ti^4+^O(SiO_4_),Na Ti^4+ O Si,Na Ti^4+ O Si,Na Ti O Si,Na Ti^4+ O Si,valid,,,
Natrite,Na_2_CO_3_,Na C O,Na C O,Na C O,Na C O,valid,,,
Natroalunite,NaAl_3_(S^6+^O_4_)_2_(OH)_6_,Na Al S^6+ O H,Na Al S^6+ O H,Na Al S O H,Na Al S^6+ O H,valid,,,
Natroaphthitalite,KNa_3_(S^6+^O_4_)_2_,K Na S^6+ O,K Na S^6+ O,K Na S O,K Na S^6+ O,valid,,,
Natroboltwoodite,Na(U^6+^O_2_)(SiO_3_OH)(H_2_O),Na U^6+ O Si H,Na U^6+ O Si H,Na U O Si H,Na U^6+ O Si H,valid,,,
Natrochalcite,NaCu^2+^_2_(S^6+^O_4_)_2_(OH)·H_2_O,Na Cu^2+ S^6+ O H,Na Cu^2+ S^6+ O H,Na Cu S O H,Na Cu^2+ S^6+ O H,valid,,,
Natrodufrénite,NaFe^3+^Fe^3+^_5_(PO_4_)_4_O(OH)_5_(H_2_O)_2_,Na Fe^3+ P O H,Na Fe^3+ P O H,Na Fe P O H,Na Fe^3+ P O H,valid,,,
Natroglaucocerinite,Zn^2+^_6_Al_3_(OH)_18_[Na(H_2_O)_6_](S^6+^O_4_)_2_·6H_2_O,Zn^2+ Al O H Na S^6+,Zn^2+ Al O H Na S^6+,Zn Al O H Na S,Zn^2+ Al O H Na S^6+,valid,,,
Natrojarosite,NaFe^3+^_3_(S^6+^O_4_)_2_(OH)_6_,Na Fe^3+ S^6+ O H,Na Fe^3+ S^6+ O H,Na Fe S O H,Na Fe^3+ S^6+ O H,valid,,,
Natrolemoynite,Na_4_Zr^4+^_2_Si_10_O_26_(H_2_O)_7_·2H_2_O,Na Zr^4+ Si O H,Na Zr^4+ Si O H,Na Zr Si O H,Na Zr^4+ Si O H,valid,,,
Natrolite,Na_2_(Si_3_Al_2_)O_10_·2H_2_O,Na Si Al O H,Na Si Al O H,Na Si Al O H,Na Si Al O H,valid,,,
Natromarkeyite,Na_2_Ca_8_(U^6+^O_2_)_4_(CO_3_)_13_(H_2_O)_24_·3H_2_O,Na Ca U^6+ O C H,Na Ca U^6+ O C H,Na Ca U O C H,Na Ca U^6+ O C H,valid,,,
Natromelansonite,Na_3_Zr^4+^[Si_7_AlO_19_](H_2_O)_4-5_,Na Zr^4+ Si Al O H,Na Zr^4+ Si Al O H,Na Zr Si Al O H,Na Zr^4+ Si Al O H,valid,,,
Natromolybdite,Na_2_Mo^6+^O_4_·2H_2_O,Na Mo^6+ O H,Na Mo^6+ O H,Na Mo O H,Na Mo^6+ O H,valid,,,
Natron,Na_2_CO_3_(H_2_O)_10_,Na C O H,Na C O H,Na C O H,Na C O H,valid,,,
Natronambulite,NaMn^2+^_4_Si_5_O_14_(OH),Na Mn^2+ Si O H,Na Mn^2+ Si O H,Na Mn Si O H,Na Mn^2+ Si O H,valid,,,
Natroniobite,NaNb^5+^O_3_,Na Nb^5+ O,Na Nb^5+ O,Na Nb O,Na Nb^5+ O,valid,,,
Natropalermoite,Na_2_SrAl_4_(PO_4_)_4_(OH)_4_,Na Sr Al P O H,Na Sr Al P O H,Na Sr Al P O H,Na Sr Al P O H,valid,,,
Natropharmacoalumite,NaAl_4_(As^5+^O_4_)_3_(OH)_4_·4H_2_O,Na Al As^5+ O H,Na Al As^5+ O H,Na Al As O H,Na Al As^5+ O H,valid,,,
Natropharmacosiderite,NaFe^3+^_4_(As^5+^O_4_)_3_(OH)_4_·4H_2_O,Na Fe^3+ As^5+ O H,Na Fe^3+ As^5+ O H,Na Fe As O H,Na Fe^3+ As^5+ O H,valid,,,
Natrophilite,NaMn^2+^PO_4_,Na Mn^2+ P O,Na Mn^2+ P O,Na Mn P O,Na Mn^2+ P O,valid,,,
Natrophosphate,Na_7_(PO_4_)_2_F(H_2_O)_19_,Na P O F H,Na P O F H,Na P O F H,Na P O F H,valid,,,
Natrosilite,Na_2_Si_2_O_5_,Na Si O,Na Si O,Na Si O,Na Si O,valid,,,
Natrosulfatourea,Na_2_(S^6+^O_4_)[CO(N^3-^H_2_)_2_],Na S^6+ O C N^3- H,Na S^6+ O C N^3- H,Na S O C N H,Na S^6+ O C N^3- H,valid,,,
Natrotantite,Na_2_Ta^5+^_4_O_11_,Na Ta^5+ O,Na Ta^5+ O,Na Ta O,Na Ta^5+ O,valid,,,
Natrotitanite,(Na_0.5_Y_0.5_)Ti^4+^(SiO_4_)O,Na Y Ti^4+ Si O,Na Y Ti^4+ Si O,Na Y Ti Si O,Na Y Ti^4+ Si O,valid,,,
Natrouranospinite,Na_2_(U^6+^O_2_)_2_(As^5+^O_4_)_2_·5H_2_O,Na U^6+ O As^5+ H,Na U^6+ O As^5+ H,Na U O As H,Na U^6+ O As^5+ H,valid,,,
Natrowalentaite,[Fe^3+^_0.5_Na_0.5_(H_2_O)_6_][NaAs^3+^_2_(Fe^3+^_2.33_W^6+^_0.67_)(PO_4_)_2_O_7_],Fe^3+ Na H O As^3+ W^6+ P,Fe^3+ Na H O As^3+ W^6+ P,Fe Na H O As W P,Fe^3+ Na H O As^3+ W^6+ P,valid,,,
Natroxalate,Na_2_(C_2_)^6+^O_4_,Na C O,Na C O,Na C O,Na C O,valid,,,
Natrozippeite,Na_5_(U^6+^O_2_)_8_(S^6+^O_4_)_4_O_5_(OH)_3_·12H_2_O,Na U^6+ O S^6+ H,Na U^6+ O S^6+ H,Na U O S H,Na U^6+ O S^6+ H,valid,,,
Naujakasite,Na_6_Fe^2+^Al_4_Si_8_O_26_,Na Fe^2+ Al Si O,Na Fe^2+ Al Si O,Na Fe Al Si O,Na Fe^2+ Al Si O,valid,,,
Naumannite,Ag^1+^_2_Se^2-^,Ag^1+ Se^2-,Ag^1+ Se^2-,Ag Se,Ag^1+ Se^2-,valid,,,
Navajoite,"(V^5+^,Fe^3+^)_10_O_24_·12H_2_O",V^5+ Fe^3+ O H,V^5+ Fe^3+ O H,V Fe O H,V^5+ Fe^3+ O H,valid,,,
Navrotskyite,K_2_Na_10_(U^6+^O_2_)_3_(S^6+^O_4_)_9_·2H_2_O,K Na U^6+ O S^6+ H,K Na U^6+ O S^6+ H,K Na U O S H,K Na U^6+ O S^6+ H,valid,,,
Nazarchukite,Ca_2_Ni^2+^Fe^3+^_2_(PO_4_)_4_,Ca Ni^2+ Fe^3+ P O,Ca Ni^2+ Fe^3+ P O,Ca Ni Fe P O,Ca Ni^2+ Fe^3+ P O,valid,,,
Nazarovite,Ni_12_P_5_,Ni P,Ni P,Ni P,Ni P,valid,,,
Nchwaningite,Mn^2+^_2_SiO_3_(OH)_2_(H_2_O),Mn^2+ Si O H,Mn^2+ Si O H,Mn Si O H,Mn^2+ Si O H,valid,,,
Nealite,Pb^2+^_4_Fe^2+^(As^3+^O_3_)_2_Cl_4_(H_2_O)_2_,Pb^2+ Fe^2+ As^3+ O Cl H,Pb^2+ Fe^2+ As^3+ O Cl H,Pb Fe As O Cl H,Pb^2+ Fe^2+ As^3+ O Cl H,valid,,,
Nechelyustovite,(Na[box])[box]_2_Ba_4_Ti^4+^_4_Nb^5+^_4_(Na_11_[box])Ti^4+^_4_(Si_2_O_7_)_8_O_8_(OH)_8_(H_2_O)_12_,Na Ba Ti^4+ Nb^5+ Si O H,Na Ba Ti^4+ Nb^5+ Si O H,Na Ba Ti Nb Si O H,Na Ba Ti^4+ Nb^5+ Si O H,valid,,,
Nefedovite,Na_5_Ca_4_(PO_4_)_4_F,Na Ca P O F,Na Ca P O F,Na Ca P O F,Na Ca P O F,valid,,,
Negevite,NiP_2_,Ni P,Ni P,Ni P,Ni P,valid,,,
Neighborite,NaMgF_3_,Na Mg F,Na Mg F,Na Mg F,Na Mg F,valid,,,
Nekoite,Ca_3_Si_6_O_15_(H_2_O)_5_·2H_2_O,Ca Si O H,Ca Si O H,Ca Si O H,Ca Si O H,valid,,,
Nekrasovite,Cu^1+^_9_Cu^2+^_4_V^3+^Sn^4+^_3_S^2-^_16_,Cu^1+ Cu^2+ V^3+ Sn^4+ S^2-,Cu^1+ Cu^2+ V^3+ Sn^4+ S^2-,Cu V Sn S,Cu^1+ Cu^2+ V^3+ Sn^4+ S^2-,valid,,,
Nelenite,Mn^2+^_16_As^3+^_3_Si_12_O_36_(OH)_17_,Mn^2+ As^3+ Si O H,Mn^2+ As^3+ Si O H,Mn As Si O H,Mn^2+ As^3+ Si O H,valid,,,
Neltnerite,CaMn^3+^_6_O_8_(SiO_4_),Ca Mn^3+ O Si,Ca Mn^3+ O Si,Ca Mn O Si,Ca Mn^3+ O Si,valid,,,
Nenadkevichite,"(Na,[box])_8_Nb^5+^_4_(Si_4_O_12_)_2_(O,OH)_4_(H_2_O)_8_",Na Nb^5+ Si O H,Na Nb^5+ Si O H,Na Nb Si O H,Na Nb^5+ Si O H,valid,,,
Neotocite,"(Mn^2+^,Fe^2+^)SiO_3_·H_2_O",Mn^2+ Fe^2+ Si O H,Mn^2+ Fe^2+ Si O H,Mn Fe Si O H,Mn^2+ Fe^2+ Si O H,valid,,,
Nepheline,Na_3_K(Al_4_Si_4_O_16_),Na K Al Si O,Na K Al Si O,Na K Al Si O,Na K Al Si O,valid,,,
Népouite,Ni^2+^_3_Si_2_O_5_(OH)_4_,Ni^2+ Si O H,Ni^2+ Si O H,Ni Si O H,Ni^2+ Si O H,valid,,,
Nepskoeite,Mg_4_Cl(OH)_7_·6H_2_O,Mg Cl O H,Mg Cl O H,Mg Cl O H,Mg Cl O H,valid,,,
Neptunite,KNa_2_LiFe^2+^_2_Ti^4+^_2_Si_8_O_24_,K Na Li Fe^2+ Ti^4+ Si O,K Na Li Fe^2+ Ti^4+ Si O,K Na Li Fe Ti Si O,K Na Li Fe^2+ Ti^4+ Si O,valid,,,
Neskevaaraite-Fe,"NaK_3_Fe^2+^(Ti^4+^,Nb^5+^)_4_(Si_4_O_12_)_2_(O,OH)_4_·6H_2_O",Na K Fe^2+ Ti^4+ Nb^5+ Si O H,Na K Fe^2+ Ti^4+ Nb^5+ Si O H,Na K Fe Ti Nb Si O H,Na K Fe^2+ Ti^4+ Nb^5+ Si O H,valid,,,
Nesquehonite,MgCO_3_(H_2_O)_2_·H_2_O,Mg C O H,Mg C O H,Mg C O H,Mg C O H,valid,,,
Nestolaite,CaSe^4+^O_3_·H_2_O,Ca Se^4+ O H,Ca Se^4+ O H,Ca Se O H,Ca Se^4+ O H,valid,,,
Neustädtelite,"Bi^3+^_2_Fe^3+^(Fe^3+^,Co^2+^)_2_(As^5+^O_4_)_2_(O,OH)_4_",Bi^3+ Fe^3+ Co^2+ As^5+ O H,Bi^3+ Fe^3+ Co^2+ As^5+ O H,Bi Fe Co As O H,Bi^3+ Fe^3+ Co^2+ As^5+ O H,valid,,,
Nevadaite,"(Cu^2+^,[box],Al,V^3+^)_6_[Al_8_(PO_4_)_8_F_8_](OH)_2_(H_2_O)_20_·2H_2_O",Cu^2+ Al V^3+ P O F H,Cu^2+ Al V^3+ P O F H,Cu Al V P O F H,Cu^2+ Al V^3+ P O F H,valid,,,
Nevskite,"Bi(Se,S)",Bi Se S,Bi Se S,Bi Se S,Bi Se S,valid,,,
Newberyite,Mg(PO_3_OH)(H_2_O)_3_,Mg P O H,Mg P O H,Mg P O H,Mg P O H,valid,,,
Neyite,Ag^1+^_2_Cu^1+^_6_Pb^2+^_25_Bi^3+^_26_S^2-^_68_,Ag^1+ Cu^1+ Pb^2+ Bi^3+ S^2-,Ag^1+ Cu^1+ Pb^2+ Bi^3+ S^2-,Ag Cu Pb Bi S,Ag^1+ Cu^1+ Pb^2+ Bi^3+ S^2-,valid,,,
Nežilovite,Pb^2+^[Mn^4+^_2_Fe^3+^_7_AlZn^2+^_2_]O_19_,Pb^2+ Mn^4+ Fe^3+ Al Zn^2+ O,Pb^2+ Mn^4+ Fe^3+ Al Zn^2+ O,Pb Mn Fe Al Zn O,Pb^2+ Mn^4+ Fe^3+ Al Zn^2+ O,valid,,,
Niahite,(N^3-^H_4_)Mn^2+^PO_4_(H_2_O),N^3- H Mn^2+ P O,N^3- H Mn^2+ P O,N H Mn P O,N^3- H Mn^2+ P O,valid,,,
Niasite,Ni^2+^_4.5_(As^5+^O_4_)_3_,Ni^2+ As^5+ O,Ni^2+ As^5+ O,Ni As O,Ni^2+ As^5+ O,valid,,,
Nickel,Ni,Ni,Ni,Ni,Ni,valid,,,
Nickelalumite,Ni^2+^Al_4_(S^6+^O_4_)(OH)_12_(H_2_O)_3_,Ni^2+ Al S^6+ O H,Ni^2+ Al S^6+ O H,Ni Al S O H,Ni^2+ Al S^6+ O H,valid,,,
Nickelaustinite,CaNi^2+^As^5+^O_4_(OH),Ca Ni^2+ As^5+ O H,Ca Ni^2+ As^5+ O H,Ca Ni As O H,Ca Ni^2+ As^5+ O H,valid,,,
Nickelbischofite,Ni^2+^Cl_2_·6H_2_O,Ni^2+ Cl H O,Ni^2+ Cl H O,Ni Cl H O,Ni^2+ Cl H O,valid,,,
Nickelblödite,Na_2_Ni^2+^(S^6+^O_4_)_2_·4H_2_O,Na Ni^2+ S^6+ O H,Na Ni^2+ S^6+ O H,Na Ni S O H,Na Ni^2+ S^6+ O H,valid,,,
Nickelboussingaultite,(N^3-^H_4_)_2_Ni^2+^(S^6+^O_4_)_2_·6H_2_O,N^3- H Ni^2+ S^6+ O,N^3- H Ni^2+ S^6+ O,N H Ni S O,N^3- H Ni^2+ S^6+ O,valid,,,
Nickelhexahydrite,Ni^2+^S^6+^O_4_·6H_2_O,Ni^2+ S^6+ O H,Ni^2+ S^6+ O H,Ni S O H,Ni^2+ S^6+ O H,valid,,,
Nickeline,NiAs,Ni As,Ni As,Ni As,Ni As,valid,,,
Nickellotharmeyerite,CaNi^2+^_2_(As^5+^O_4_)_2_·2H_2_O,Ca Ni^2+ As^5+ O H,Ca Ni^2+ As^5+ O H,Ca Ni As O H,Ca Ni^2+ As^5+ O H,valid,,,
Nickelphosphide,Ni_3_P,Ni P,Ni P,Ni P,Ni P,valid,,,
Nickelpicromerite,K_2_Ni^2+^(S^6+^O_4_)_2_·6H_2_O,K Ni^2+ S^6+ O H,K Ni^2+ S^6+ O H,K Ni S O H,K Ni^2+ S^6+ O H,valid,,,
Nickelschneebergite,Bi^3+^Ni^2+^_2_(As^5+^O_4_)_2_(OH)·H_2_O,Bi^3+ Ni^2+ As^5+ O H,Bi^3+ Ni^2+ As^5+ O H,Bi Ni As O H,Bi^3+ Ni^2+ As^5+ O H,valid,,,
Nickelskutterudite,NiAs_3_,Ni As,Ni As,Ni As,Ni As,valid,,,
Nickeltalmessite,Ca_2_Ni^2+^(As^5+^O_4_)_2_·2H_2_O,Ca Ni^2+ As^5+ O H,Ca Ni^2+ As^5+ O H,Ca Ni As O H,Ca Ni^2+ As^5+ O H,valid,,,
Nickeltsumcorite,"Pb^2+^(Ni^2+^,Fe^3+^)_2_(As^5+^O_4_)_2_(H_2_O,OH)_2_",Pb^2+ Ni^2+ Fe^3+ As^5+ O H,Pb^2+ Ni^2+ Fe^3+ As^5+ O H,Pb Ni Fe As O H,Pb^2+ Ni^2+ Fe^3+ As^5+ O H,valid,,,
Nickeltyrrellite,Cu^2+^Ni^3+^_2_Se^2-^_4_,Cu^2+ Ni^3+ Se^2-,Cu^2+ Ni^3+ Se^2-,Cu Ni Se,Cu^2+ Ni^3+ Se^2-,valid,,,
Nickelzippeite,Ni^2+^_2_(U^6+^O_2_)_6_(S^6+^O_4_)_3_(OH)_10_·16H_2_O,Ni^2+ U^6+ O S^6+ H,Ni^2+ U^6+ O S^6+ H,Ni U O S H,Ni^2+ U^6+ O S^6+ H,valid,,,
Nickenichite,Na(Ca_0.5_Cu^2+^_0.5_)MgMg_2_(As^5+^O_4_)_3_,Na Ca Cu^2+ Mg As^5+ O,Na Ca Cu^2+ Mg As^5+ O,Na Ca Cu Mg As O,Na Ca Cu^2+ Mg As^5+ O,valid,,,
Nickolayite,FeMoP,Fe Mo P,Fe Mo P,Fe Mo P,Fe Mo P,valid,,,
Nicksobolevite,Cu^2+^_7_(Se^4+^O_3_)_2_O_2_Cl_6_,Cu^2+ Se^4+ O Cl,Cu^2+ Se^4+ O Cl,Cu Se O Cl,Cu^2+ Se^4+ O Cl,valid,,,
Niedermayrite,Cu^2+^_4_Cd^2+^(S^6+^O_4_)_2_(OH)_6_(H_2_O)_4_,Cu^2+ Cd^2+ S^6+ O H,Cu^2+ Cd^2+ S^6+ O H,Cu Cd S O H,Cu^2+ Cd^2+ S^6+ O H,valid,,,
Nielsbohrite,K(U^6+^O_2_)_3_As^5+^O_4_(OH)_4_·H_2_O,K U^6+ O As^5+ H,K U^6+ O As^5+ H,K U O As H,K U^6+ O As^5+ H,valid,,,
Nielsenite,PdCu_3_,Pd Cu,Pd Cu,Pd Cu,Pd Cu,valid,,,
Nierite,Si_3_N_4_,Si N,Si N,Si N,Si N,valid,,,
Nifontovite,Ca_3_[BO(OH)_2_]_6_(H_2_O)_2_,Ca B O H,Ca B O H,Ca B O H,Ca B O H,valid,,,
Nigelcookite,Pb^2+^Fe^2+^_2_V^3+^_2_(PO_4_)_3_(OH)_3_,Pb^2+ Fe^2+ V^3+ P O H,Pb^2+ Fe^2+ V^3+ P O H,Pb Fe V P O H,Pb^2+ Fe^2+ V^3+ P O H,valid,,,
Niggliite,PtSn,Pt Sn,Pt Sn,Pt Sn,Pt Sn,valid,,,
Niigataite,CaSrAl_3_(Si_2_O_7_)(SiO_4_)O(OH),Ca Sr Al Si O H,Ca Sr Al Si O H,Ca Sr Al Si O H,Ca Sr Al Si O H,valid,,,
Nikischerite,NaFe^2+^_6_Al_3_(S^6+^O_4_)_2_(OH)_18_(H_2_O)_12_,Na Fe^2+ Al S^6+ O H,Na Fe^2+ Al S^6+ O H,Na Fe Al S O H,Na Fe^2+ Al S^6+ O H,valid,,,
Nikmelnikovite,Ca_12_Fe^2+^Fe^3+^_3_Al_3_(SiO_4_)_6_(OH)_20_,Ca Fe^2+ Fe^3+ Al Si O H,Ca Fe^2+ Fe^3+ Al Si O H,Ca Fe Al Si O H,Ca Fe^2+ Fe^3+ Al Si O H,valid,,,
Niksergievite,"Ba_2_Al_3_(Si,Al)_4_O_10_(CO_3_)(OH)_6_·nH_2_O",Ba Al Si O C H,Ba Al Si O C H,Ba Al Si O C H,Ba Al Si O C H,valid,,,
Nimite,"(Ni^2+^,Mg,Al)_6_(Si,Al)_4_O_10_(OH)_8_",Ni^2+ Mg Al Si O H,Ni^2+ Mg Al Si O H,Ni Mg Al Si O H,Ni^2+ Mg Al Si O H,valid,,,
Ningyoite,"(U^4+^,Ca,Ce^3+^)_2_(PO_4_)_2_·1-2H_2_O",U^4+ Ca Ce^3+ P O H,U^4+ Ca Ce^3+ P O H,U Ca Ce P O H,U^4+ Ca Ce^3+ P O H,valid,,,
Niningerite,MgS^2-^,Mg S^2-,Mg S^2-,Mg S,Mg S^2-,valid,,,
Niobobaotite,Ba_4_(Ti^4+^_2.5_Fe^2+^_1.5_)Nb^5+^_4_Si_4_O_28_Cl,Ba Ti^4+ Fe^2+ Nb^5+ Si O Cl,Ba Ti^4+ Fe^2+ Nb^5+ Si O Cl,Ba Ti Fe Nb Si O Cl,Ba Ti^4+ Fe^2+ Nb^5+ Si O Cl,valid,,,
Niobocarbide,Nb^4+^C^4-^,Nb^4+ C^4-,Nb^4+ C^4-,Nb C,Nb^4+ C^4-,valid,,,
Nioboheftetjernite,ScNb^5+^O_4_,Sc Nb^5+ O,Sc Nb^5+ O,Sc Nb O,Sc Nb^5+ O,valid,,,
Nioboholtite,(Nb^5+^_0.6_[box]_0.4_)Al_6_BSi_3_O_18_,Nb^5+ Al B Si O,Nb^5+ Al B Si O,Nb Al B Si O,Nb^5+ Al B Si O,valid,,,
Nioboixiolite-(◻),(Nb^5+^_0.8_[box]_0.2_)O_2_,Nb^5+ O,Nb^5+ O,Nb O,Nb^5+ O,valid,,,
Nioboixiolite-(Fe2+),(Nb^5+^_2/3_Fe^2+^_1/3_)O_2_,Nb^5+ Fe^2+ O,Nb^5+ Fe^2+ O,Nb Fe O,Nb^5+ Fe^2+ O,valid,,,
Nioboixiolite-(Fe3+),(Nb^5+^_0.5_Fe^3+^_0.5_)O_2_,Nb^5+ Fe^3+ O,Nb^5+ Fe^3+ O,Nb Fe O,Nb^5+ Fe^3+ O,valid,,,
Nioboixiolite-(Mn2+),(Nb^5+^_0.67_Mn^2+^_0.33_)O_2_,Nb^5+ Mn^2+ O,Nb^5+ Mn^2+ O,Nb Mn O,Nb^5+ Mn^2+ O,valid,,,
Niobokupletskite,"K_2_NaMn^2+^_7_(Nb^5+^,Ti^4+^)_2_(Si_4_O_12_)_2_O_2_(OH)_4_(O,F)",K Na Mn^2+ Nb^5+ Ti^4+ Si O H F,K Na Mn^2+ Nb^5+ Ti^4+ Si O H F,K Na Mn Nb Ti Si O H F,K Na Mn^2+ Nb^5+ Ti^4+ Si O H F,valid,,,
Niobophyllite,"K_2_NaFe^2+^_7_(Nb^5+^,Ti^4+^)_2_(Si_4_O_12_)_2_O_2_(OH)_4_(O,F)",K Na Fe^2+ Nb^5+ Ti^4+ Si O H F,K Na Fe^2+ Nb^5+ Ti^4+ Si O H F,K Na Fe Nb Ti Si O H F,K Na Fe^2+ Nb^5+ Ti^4+ Si O H F,valid,,,
Niocalite,Ca_7_Nb^5+^(Si_2_O_7_)_2_O_3_F,Ca Nb^5+ Si O F,Ca Nb^5+ Si O F,Ca Nb Si O F,Ca Nb^5+ Si O F,valid,,,
Nipalarsite,Ni_8_Pd_3_As_4_,Ni Pd As,Ni Pd As,Ni Pd As,Ni Pd As,valid,,,
Nipeiite-(Ce),Ce^3+^_9_Fe^3+^(SiO_4_)_6_[SiO_3_(OH)](OH)_3_,Ce^3+ Fe^3+ Si O H,Ce^3+ Fe^3+ Si O H,Ce Fe Si O H,Ce^3+ Fe^3+ Si O H,valid,,,
Nisbite,Ni^3+^(Sb_2_)^3-^,Ni^3+ Sb,Ni^3+ Sb,Ni Sb,Ni^3+ Sb,valid,,,
Nishanbaevite,KAl_2_O(As^5+^O_4_)(S^6+^O_4_),K Al O As^5+ S^6+,K Al O As^5+ S^6+,K Al O As S,K Al O As^5+ S^6+,valid,,,
Nisnite,Ni_3_Sn,Ni Sn,Ni Sn,Ni Sn,Ni Sn,valid,,,
Nissonite,Cu^2+^_2_Mg_2_(PO_4_)_2_(OH)_2_(H_2_O)_4_·H_2_O,Cu^2+ Mg P O H,Cu^2+ Mg P O H,Cu Mg P O H,Cu^2+ Mg P O H,valid,,,
Niter,KN^5+^O_3_,K N^5+ O,K N^5+ O,K N O,K N^5+ O,valid,,,
Nitratine,NaN^5+^O_3_,Na N^5+ O,Na N^5+ O,Na N O,Na N^5+ O,valid,,,
Nitrobarite,Ba(N^5+^O_3_)_2_,Ba N^5+ O,Ba N^5+ O,Ba N O,Ba N^5+ O,valid,,,
Nitrocalcite,Ca(N^5+^O_3_)_2_(H_2_O)_4_,Ca N^5+ O H,Ca N^5+ O H,Ca N O H,Ca N^5+ O H,valid,,,
Nitromagnesite,[Mg(H_2_O)_6_](N^5+^O_3_)_2_,Mg H O N^5+,Mg H O N^5+,Mg H O N,Mg H O N^5+,valid,,,
Nitroplumbite,[Pb^2+^_4_(OH)_4_](N^5+^O_3_)_4_,Pb^2+ O H N^5+,Pb^2+ O H N^5+,Pb O H N,Pb^2+ O H N^5+,valid,,,
Nitscheite,(N^3-^H_4_)_2_[(U^6+^O_2_)_2_(S^6+^O_4_)_3_(H_2_O)_2_]·3H_2_O,N^3- H U^6+ O S^6+,N^3- H U^6+ O S^6+,N H U O S,N^3- H U^6+ O S^6+,valid,,,
Niveolanite,NaBeCO_3_(OH)(H_2_O)_2_,Na Be C O H,Na Be C O H,Na Be C O H,Na Be C O H,valid,,,
Nixonite,Na_2_Ti^4+^_6_O_13_,Na Ti^4+ O,Na Ti^4+ O,Na Ti O,Na Ti^4+ O,valid,,,
Nizamoffite,Mn^2+^Zn^2+^_2_(PO_4_)_2_(H_2_O)_4_,Mn^2+ Zn^2+ P O H,Mn^2+ Zn^2+ P O H,Mn Zn P O H,Mn^2+ Zn^2+ P O H,valid,,,
Nobleite,CaB_6_O_9_(OH)_2_(H_2_O)_3_,Ca B O H,Ca B O H,Ca B O H,Ca B O H,valid,,,
Noelbensonite,BaMn^3+^_2_Si_2_O_7_(OH)_2_·H_2_O,Ba Mn^3+ Si O H,Ba Mn^3+ Si O H,Ba Mn Si O H,Ba Mn^3+ Si O H,valid,,,
Nöggerathite-(Ce),"(Ce^3+^,Ca)_2_Zr^4+^_2_(Nb^5+^,Ti^4+^)(Ti^4+^,Nb^5+^)_2_Fe^2+^O_14_",Ce^3+ Ca Zr^4+ Nb^5+ Ti^4+ Fe^2+ O,Ce^3+ Ca Zr^4+ Nb^5+ Ti^4+ Fe^2+ O,Ce Ca Zr Nb Ti Fe O,Ce^3+ Ca Zr^4+ Nb^5+ Ti^4+ Fe^2+ O,valid,,,
Nolanite,V^3+^_4_Fe^3+^O_7_(OH),V^3+ Fe^3+ O H,V^3+ Fe^3+ O H,V Fe O H,V^3+ Fe^3+ O H,valid,,,
Nollmotzite,Mg[U^5+^(U^6+^O_2_)_2_O_4_F_3_](H_2_O)_4_,Mg U^5+ U^6+ O F H,Mg U^5+ U^6+ O F H,Mg U O F H,Mg U^5+ U^6+ O F H,valid,,,
Nolzeite,"Na(Mn^2+^,[box])_2_[Si_3_(B,Si)O_9_(OH)_2_](H_2_O)_2_",Na Mn^2+ Si B O H,Na Mn^2+ Si B O H,Na Mn Si B O H,Na Mn^2+ Si B O H,valid,,,
Nontronite,"Na_0.3_Fe^3+^_2_(Si,Al)_4_O_10_(OH)_2_·nH_2_O",Na Fe^3+ Si Al O H,Na Fe^3+ Si Al O H,Na Fe Si Al O H,Na Fe^3+ Si Al O H,valid,,,
Noonkanbahite,KNaBaTi^4+^_2_(Si_4_O_12_)O_2_,K Na Ba Ti^4+ Si O,K Na Ba Ti^4+ Si O,K Na Ba Ti Si O,K Na Ba Ti^4+ Si O,valid,,,
Norbergite,Mg_3_SiO_4_F_2_,Mg Si O F,Mg Si O F,Mg Si O F,Mg Si O F,valid,,,
Nordenskiöldine,CaSn^4+^(BO_3_)_2_,Ca Sn^4+ B O,Ca Sn^4+ B O,Ca Sn B O,Ca Sn^4+ B O,valid,,,
Nordgauite,Mn^2+^Al_2_(PO_4_)_2_F_2_(H_2_O)_4_·H_2_O,Mn^2+ Al P O F H,Mn^2+ Al P O F H,Mn Al P O F H,Mn^2+ Al P O F H,valid,,,
Nordite-(Ce),Na_3_Sr^2+^Ce^3+^Zn^2+^Si_6_O_17_,Na Sr^2+ Ce^3+ Zn^2+ Si O,Na Sr^2+ Ce^3+ Zn^2+ Si O,Na Sr Ce Zn Si O,Na Sr^2+ Ce^3+ Zn^2+ Si O,valid,,,
Nordite-(La),Na_3_Sr^2+^La^3+^Zn^2+^Si_6_O_17_,Na Sr^2+ La^3+ Zn^2+ Si O,Na Sr^2+ La^3+ Zn^2+ Si O,Na Sr La Zn Si O,Na Sr^2+ La^3+ Zn^2+ Si O,valid,,,
Nordstrandite,Al(OH)_3_,Al O H,Al O H,Al O H,Al O H,valid,,,
Nordströmite,"Pb^2+^_3_Cu^1+^Bi^3+^_7_(S^2-^,Se^2-^)_14_",Pb^2+ Cu^1+ Bi^3+ S^2- Se^2-,Pb^2+ Cu^1+ Bi^3+ S^2- Se^2-,Pb Cu Bi S Se,Pb^2+ Cu^1+ Bi^3+ S^2- Se^2-,valid,,,
Norilskite,"(Pd,Ag)_7_Pb_4_",Pd Ag Pb,Pd Ag Pb,Pd Ag Pb,Pd Ag Pb,valid,,,
Normandite,"Na_2_Ca_2_(Mn^2+^,Fe^2+^)_2_(Ti^4+^,Nb^5+^,Zr^4+^)_2_(Si_2_O_7_)_2_O_2_F_2_",Na Ca Mn^2+ Fe^2+ Ti^4+ Nb^5+ Zr^4+ Si O F,Na Ca Mn^2+ Fe^2+ Ti^4+ Nb^5+ Zr^4+ Si O F,Na Ca Mn Fe Ti Nb Zr Si O F,Na Ca Mn^2+ Fe^2+ Ti^4+ Nb^5+ Zr^4+ Si O F,valid,,,
Norrishite,KLiMn^3+^_2_Si_4_O_10_O_2_,K Li Mn^3+ Si O,K Li Mn^3+ Si O,K Li Mn Si O,K Li Mn^3+ Si O,valid,,,
Norsethite,BaMg(CO_3_)_2_,Ba Mg C O,Ba Mg C O,Ba Mg C O,Ba Mg C O,valid,,,
Northstarite,Pb^2+^_6_(Te^4+^O_3_)_5_(S^6+^O_3_S^2-^),Pb^2+ Te^4+ O S^6+ S^2-,Pb^2+ Te^4+ O S^6+ S^2-,Pb Te O S,Pb^2+ Te^4+ O S^6+ S^2-,valid,,,
Northupite,Na_3_Mg(CO_3_)_2_Cl,Na Mg C O Cl,Na Mg C O Cl,Na Mg C O Cl,Na Mg C O Cl,valid,,,
Nosean,Na_8_(Si_6_Al_6_)O_24_(S^6+^O_4_)·H_2_O,Na Si Al O S^6+ H,Na Si Al O S^6+ H,Na Si Al O S H,Na Si Al O S^6+ H,valid,,,
Nováčekite,Mg(U^6+^O_2_)_2_(As^5+^O_4_)_2_(H_2_O)_10_,Mg U^6+ O As^5+ H,Mg U^6+ O As^5+ H,Mg U O As H,Mg U^6+ O As^5+ H,valid,,,
Novákite,"(Cu,Ag)_21_As_10_",Cu Ag As,Cu Ag As,Cu Ag As,Cu Ag As,valid,,,
Novgorodovaite,Ca_2_((C_2_)^6+^O_4_)Cl_2_(H_2_O)_2_,Ca C O Cl H,Ca C O Cl H,Ca C O Cl H,Ca C O Cl H,valid,,,
Novikovite,(N^3-^H_4_)_4_Mo^6+^_2_Mo^5+^_2_O_8_(S^6+^O_4_)_5_,N^3- H Mo^6+ Mo^5+ O S^6+,N^3- H Mo^6+ Mo^5+ O S^6+,N H Mo O S,N^3- H Mo^6+ Mo^5+ O S^6+,valid,,,
Novodneprite,AuPb_3_,Au Pb,Au Pb,Au Pb,Au Pb,valid,,,
Novograblenovite,(N^3-^H_4_)MgCl_3_(H_2_O)_6_,N^3- H Mg Cl O,N^3- H Mg Cl O,N H Mg Cl O,N^3- H Mg Cl O,valid,,,
Nowackiite,Cu^1+^_6_Zn^2+^_3_As^3+^_4_S^2-^_12_,Cu^1+ Zn^2+ As^3+ S^2-,Cu^1+ Zn^2+ As^3+ S^2-,Cu Zn As S,Cu^1+ Zn^2+ As^3+ S^2-,valid,,,
Nsutite,Mn^2+^_x_Mn^4+^_1-x_O_2-2x_(OH)_2x_,Mn^2+ Mn^4+ O H,Mn^2+ Mn^4+ O H,Mn O H,Mn^2+ Mn^4+ O H,valid,,,
Nuffieldite,Pb^2+^_2_Cu^1+^_1.4_(Pb^2+^_0.4_Bi^3+^_0.4_Sb^3+^_0.2_)Bi^3+^_2_S^2-^_7_,Pb^2+ Cu^1+ Bi^3+ Sb^3+ S^2-,Pb^2+ Cu^1+ Bi^3+ Sb^3+ S^2-,Pb Cu Bi Sb S,Pb^2+ Cu^1+ Bi^3+ Sb^3+ S^2-,valid,,,
Nukundamite,Cu_3.4_Fe_0.6_S_4_,Cu Fe S,Cu Fe S,Cu Fe S,Cu Fe S,valid,,,
Nullaginite,Ni^2+^_2_CO_3_(OH)_2_,Ni^2+ C O H,Ni^2+ C O H,Ni C O H,Ni^2+ C O H,valid,,,
Numanoite,Ca_4_Cu^2+^B_4_O_6_(OH)_6_(CO_3_)_2_,Ca Cu^2+ B O H C,Ca Cu^2+ B O H C,Ca Cu B O H C,Ca Cu^2+ B O H C,valid,,,
Nuragheite,Th^4+^(Mo^6+^O_4_)_2_(H_2_O),Th^4+ Mo^6+ O H,Th^4+ Mo^6+ O H,Th Mo O H,Th^4+ Mo^6+ O H,valid,,,
Nuwaite,Ni_6_GeS_2_,Ni Ge S,Ni Ge S,Ni Ge S,Ni Ge S,valid,,,
Nybergite,Ca_4_Sc_3_Sn^4+^(Si_2_O_7_)(Si_2_O_6_OH)_3_,Ca Sc Sn^4+ Si O H,Ca Sc Sn^4+ Si O H,Ca Sc Sn Si O H,Ca Sc Sn^4+ Si O H,valid,,,
Nybøite,NaNa_2_(Mg_3_Al_2_)(Si_7_Al)O_22_(OH)_2_,Na Mg Al Si O H,Na Mg Al Si O H,Na Mg Al Si O H,Na Mg Al Si O H,valid,,,
Nyerereite,Na_2_Ca(CO_3_)_2_,Na Ca C O,Na Ca C O,Na Ca C O,Na Ca C O,valid,,,
Nyholmite,Cd^2+^_3_Zn^2+^_2_(As^5+^O_3_OH)_2_(As^5+^O_4_)_2_·4H_2_O,Cd^2+ Zn^2+ As^5+ O H,Cd^2+ Zn^2+ As^5+ O H,Cd Zn As O H,Cd^2+ Zn^2+ As^5+ O H,valid,,,
Oberthürite,Rh_3_Ni_32_S_32_,Rh Ni S,Rh Ni S,Rh Ni S,Rh Ni S,valid,,,
Oberwolfachite,SrFe^3+^_3_(As^5+^O_4_)(S^6+^O_4_)(OH)_6_,Sr Fe^3+ As^5+ O S^6+ H,Sr Fe^3+ As^5+ O S^6+ H,Sr Fe As O S H,Sr Fe^3+ As^5+ O S^6+ H,valid,,,
Oboniobite,Mg_4_Nb^5+^_2_O_9_,Mg Nb^5+ O,Mg Nb^5+ O,Mg Nb O,Mg Nb^5+ O,valid,,,
Obradovicite-KCu,[K_2_(H_2_O)_17_Cu^2+^(H_2_O)_6_][Mo^6+^_8_As^5+^_2_Fe^3+^_3_O_34_(OH)_3_],K H O Cu^2+ Mo^6+ As^5+ Fe^3+,K H O Cu^2+ Mo^6+ As^5+ Fe^3+,K H O Cu Mo As Fe,K H O Cu^2+ Mo^6+ As^5+ Fe^3+,valid,,,
Obradovicite-NaCu,[Na_2_(H_2_O)_17_Cu^2+^(H_2_O)_6_][Mo^6+^_8_As^5+^_2_Fe^3+^_3_O_34_(OH)_3_],Na H O Cu^2+ Mo^6+ As^5+ Fe^3+,Na H O Cu^2+ Mo^6+ As^5+ Fe^3+,Na H O Cu Mo As Fe,Na H O Cu^2+ Mo^6+ As^5+ Fe^3+,valid,,,
Obradovicite-NaNa,[Na_2_(H_2_O)_16_Na(H_2_O)_6_][Mo^6+^_8_As^5+^_2_Fe^3+^_3_O_33_(OH)_4_],Na H O Mo^6+ As^5+ Fe^3+,Na H O Mo^6+ As^5+ Fe^3+,Na H O Mo As Fe,Na H O Mo^6+ As^5+ Fe^3+,valid,,,
O'danielite,Na[box]Zn^2+^Zn^2+^_2_(As^5+^O_4_)[As^5+^O_3_(OH)]_2_,Na Zn^2+ As^5+ O H,Na Zn^2+ As^5+ O H,Na Zn As O H,Na Zn^2+ As^5+ O H,valid,,,
Odigitriaite,CsNa_5_Ca_5_[Si_14_B_2_O_38_]F_2_,Cs Na Ca Si B O F,Cs Na Ca Si B O F,Cs Na Ca Si B O F,Cs Na Ca Si B O F,valid,,,
Odikhinchaite,Na_9_Sr_3_[(H_2_O)_2_Na]Ca_6_Mn^2+^_3_Zr^4+^_3_Nb^5+^Si(Si_24_O_72_)O(OH)_3_(CO_3_)·H_2_O,Na Sr H O Ca Mn^2+ Zr^4+ Nb^5+ Si C,Na Sr H O Ca Mn^2+ Zr^4+ Nb^5+ Si C,Na Sr H O Ca Mn Zr Nb Si C,Na Sr H O Ca Mn^2+ Zr^4+ Nb^5+ Si C,valid,,,
Odinite,"(Fe^3+^,Mg,Al,Fe^2+^)_2.5_(Si,Al)_2_O_5_(OH)_4_",Fe^3+ Mg Al Fe^2+ Si O H,Fe^3+ Mg Al Fe^2+ Si O H,Fe Mg Al Si O H,Fe^3+ Mg Al Fe^2+ Si O H,valid,,,
Odintsovite,K_2_Na_4_Ca_3_Ti^4+^_2_Be_4_Si_12_O_38_,K Na Ca Ti^4+ Be Si O,K Na Ca Ti^4+ Be Si O,K Na Ca Ti Be Si O,K Na Ca Ti^4+ Be Si O,valid,,,
Oenite,Co^3+^(SbAs)^3-^,Co^3+ Sb As,Co^3+ Sb As,Co Sb As,Co^3+ Sb As,valid,,,
Offretite,KCaMg(Si_13_Al_5_)O_36_·15H_2_O,K Ca Mg Si Al O H,K Ca Mg Si Al O H,K Ca Mg Si Al O H,K Ca Mg Si Al O H,valid,,,
Oftedalite,K(ScCa)[box]_2_Be_3_Si_12_O_30_,K Sc Ca Be Si O,K Sc Ca Be Si O,K Sc Ca Be Si O,K Sc Ca Be Si O,valid,,,
Ogdensburgite,Ca_2_Fe^3+^_4_Zn^2+^(As^5+^O_4_)_4_(OH)_6_·6H_2_O,Ca Fe^3+ Zn^2+ As^5+ O H,Ca Fe^3+ Zn^2+ As^5+ O H,Ca Fe Zn As O H,Ca Fe^3+ Zn^2+ As^5+ O H,valid,,,
Ognitite,NiBiTe,Ni Bi Te,Ni Bi Te,Ni Bi Te,Ni Bi Te,valid,,,
Ohmilite,Sr_3_Ti^4+^(Si_2_O_6_)_2_O(H_2_O)_2_,Sr Ti^4+ Si O H,Sr Ti^4+ Si O H,Sr Ti Si O H,Sr Ti^4+ Si O H,valid,,,
Ohtaniite,Mg_3_(Si_0.5_[box]_0.5_)Si_2_O_8_,Mg Si O,Mg Si O,Mg Si O,Mg Si O,valid,,,
Ojuelaite,Zn^2+^Fe^3+^_2_(As^5+^O_4_)_2_(OH)_2_·4H_2_O,Zn^2+ Fe^3+ As^5+ O H,Zn^2+ Fe^3+ As^5+ O H,Zn Fe As O H,Zn^2+ Fe^3+ As^5+ O H,valid,,,
Okanoganite-(Y),"(Y,REE,Ca,Na,Th^4+^)_16_(Fe^3+^,Ti^4+^)(Si,B,P)_10_(O,OH)_38_F_10_",Y REE Ca Na Th^4+ Fe^3+ Ti^4+ Si B P O H F,Y REE Ca Na Th^4+ Fe^3+ Ti^4+ Si B P O H F,Y REE Ca Na Th Fe Ti Si B P O H F,Y REE Ca Na Th^4+ Fe^3+ Ti^4+ Si B P O H F,valid,,,
Okayamalite,Ca_2_B_2_SiO_7_,Ca B Si O,Ca B Si O,Ca B Si O,Ca B Si O,valid,,,
Okenite,Ca_10_Si_18_O_46_(H_2_O)_18_,Ca Si O H,Ca Si O H,Ca Si O H,Ca Si O H,valid,,,
Okhotskite,Ca_2_Mn^2+^Mn^3+^_2_(Si_2_O_7_)(SiO_4_)(OH)_2_·H_2_O,Ca Mn^2+ Mn^3+ Si O H,Ca Mn^2+ Mn^3+ Si O H,Ca Mn Si O H,Ca Mn^2+ Mn^3+ Si O H,valid,,,
Okieite,[Mg_3_(H_2_O)_18_][V^5+^_10_O_28_]·10H_2_O,Mg H O V^5+,Mg H O V^5+,Mg H O V,Mg H O V^5+,valid,,,
Okruginite,Cu_2_SnSe^2-^_3_,Cu Sn Se^2-,Cu Sn Se^2-,Cu Sn Se,Cu Sn Se^2-,valid,,,
Okruschite,Ca_2_Mn^2+^_5_Be_4_(As^5+^O_4_)_6_(OH)_4_·6H_2_O,Ca Mn^2+ Be As^5+ O H,Ca Mn^2+ Be As^5+ O H,Ca Mn Be As O H,Ca Mn^2+ Be As^5+ O H,valid,,,
Oldhamite,CaS^2-^,Ca S^2-,Ca S^2-,Ca S,Ca S^2-,valid,,,
Oldsite-(K),K_2_Fe^2+^[(U^6+^O_2_)(S^6+^O_4_)_2_]_2_(H_2_O)_8_,K Fe^2+ U^6+ O S^6+ H,K Fe^2+ U^6+ O S^6+ H,K Fe U O S H,K Fe^2+ U^6+ O S^6+ H,valid,,,
Olekminskite,Sr_2_(CO_3_)_2_,Sr C O,Sr C O,Sr C O,Sr C O,valid,,,
Olenite,NaAl_3_Al_6_(Si_6_O_18_)(BO_3_)_3_(O_3_)OH,Na Al Si O B H,Na Al Si O B H,Na Al Si O B H,Na Al Si O B H,valid,,,
Olgafrankite,Ni_3_Ge,Ni Ge,Ni Ge,Ni Ge,Ni Ge,valid,,,
Olgite,"(Ba,Sr)(Na,Sr,REE)_2_Na(PO_4_)_2_",Ba Sr Na REE P O,Ba Sr Na REE P O,Ba Sr Na REE P O,Ba Sr Na REE P O,valid,,,
Olivenite,Cu^2+^_2_As^5+^O_4_(OH),Cu^2+ As^5+ O H,Cu^2+ As^5+ O H,Cu As O H,Cu^2+ As^5+ O H,valid,,,
Olkhonskite,Cr^3+^_2_Ti^4+^_3_O_9_,Cr^3+ Ti^4+ O,Cr^3+ Ti^4+ O,Cr Ti O,Cr^3+ Ti^4+ O,valid,,,
Olmiite,CaMn^2+^SiO_3_(OH)_2_,Ca Mn^2+ Si O H,Ca Mn^2+ Si O H,Ca Mn Si O H,Ca Mn^2+ Si O H,valid,,,
Olmsteadite,KFe^2+^_2_Nb^5+^O_2_(PO_4_)_2_(H_2_O)_2_,K Fe^2+ Nb^5+ O P H,K Fe^2+ Nb^5+ O P H,K Fe Nb O P H,K Fe^2+ Nb^5+ O P H,valid,,,
Olsacherite,Pb^2+^_2_(Se^6+^O_4_)(S^6+^O_4_),Pb^2+ Se^6+ O S^6+,Pb^2+ Se^6+ O S^6+,Pb Se O S,Pb^2+ Se^6+ O S^6+,valid,,,
Olsenite,KFe^2+^_4_(PO_4_)_3_,K Fe^2+ P O,K Fe^2+ P O,K Fe P O,K Fe^2+ P O,valid,,,
Olshanskyite,Ca_2_[B_3_O_3_(OH)_6_](OH)(H_2_O)_3_,Ca B O H,Ca B O H,Ca B O H,Ca B O H,valid,,,
Olympite,LiNa_5_(PO_4_)_2_,Li Na P O,Li Na P O,Li Na P O,Li Na P O,valid,,,
Omariniite,Cu^1+^_8_Fe^3+^_2_Zn^2+^Ge^4+^_2_S^2-^_12_,Cu^1+ Fe^3+ Zn^2+ Ge^4+ S^2-,Cu^1+ Fe^3+ Zn^2+ Ge^4+ S^2-,Cu Fe Zn Ge S,Cu^1+ Fe^3+ Zn^2+ Ge^4+ S^2-,valid,,,
Omeiite,Os^3+^(As_2_)^3-^,Os^3+ As,Os^3+ As,Os As,Os^3+ As,valid,,,
Ominelite,Fe^2+^Al_3_O_2_(BO_3_)(SiO_4_),Fe^2+ Al O B Si,Fe^2+ Al O B Si,Fe Al O B Si,Fe^2+ Al O B Si,valid,,,
Omongwaite,Na_2_Ca_5_(S^6+^O_4_)_6_(H_2_O)_3_,Na Ca S^6+ O H,Na Ca S^6+ O H,Na Ca S O H,Na Ca S^6+ O H,valid,,,
Omphacite,"(Ca,Na)(Mg,Fe^2+^,Al)Si_2_O_6_",Ca Na Mg Fe^2+ Al Si O,Ca Na Mg Fe^2+ Al Si O,Ca Na Mg Fe Al Si O,Ca Na Mg Fe^2+ Al Si O,valid,,,
Omsite,Ni^2+^_2_Fe^3+^(OH)_6_[Sb^5+^(OH)_6_],Ni^2+ Fe^3+ O H Sb^5+,Ni^2+ Fe^3+ O H Sb^5+,Ni Fe O H Sb,Ni^2+ Fe^3+ O H Sb^5+,valid,,,
Ondrušite,CaCu^2+^_4_(As^5+^O_4_)_2_(As^5+^O_3_OH)_2_·10H_2_O,Ca Cu^2+ As^5+ O H,Ca Cu^2+ As^5+ O H,Ca Cu As O H,Ca Cu^2+ As^5+ O H,valid,,,
Oneillite,"Na_15_Ca_3_Mn^2+^_3_Fe^2+^_3_Zr^4+^_3_Nb^5+^(Si_25_O_73_)(O,OH,H_2_O)_3_(OH,Cl)_2_",Na Ca Mn^2+ Fe^2+ Zr^4+ Nb^5+ Si O H Cl,Na Ca Mn^2+ Fe^2+ Zr^4+ Nb^5+ Si O H Cl,Na Ca Mn Fe Zr Nb Si O H Cl,Na Ca Mn^2+ Fe^2+ Zr^4+ Nb^5+ Si O H Cl,valid,,,
Onoratoite,Sb^3+^_8_O_11_Cl_2_,Sb^3+ O Cl,Sb^3+ O Cl,Sb O Cl,Sb^3+ O Cl,valid,,,
Oosterboschite,"(Pd,Cu)_7_Se_5_",Pd Cu Se,Pd Cu Se,Pd Cu Se,Pd Cu Se,valid,,,
Ootannite,Th^4+^_2_W^6+^_4_O_16_(H_2_O)_4_·H_2_O,Th^4+ W^6+ O H,Th^4+ W^6+ O H,Th W O H,Th^4+ W^6+ O H,valid,,,
Opal,SiO_2_·nH_2_O,Si O H,Si O H,Si O H,Si O H,valid,,,
Ophirite,Ca_2_Mg_4_Zn^2+^_2_Mn^3+^_2_(H_2_O)_2_(Fe^3+^W^6+^_9_O_34_)_2_·46H_2_O,Ca Mg Zn^2+ Mn^3+ H O Fe^3+ W^6+,Ca Mg Zn^2+ Mn^3+ H O Fe^3+ W^6+,Ca Mg Zn Mn H O Fe W,Ca Mg Zn^2+ Mn^3+ H O Fe^3+ W^6+,valid,,,
Oppenheimerite,Na_2_(U^6+^O_2_)(S^6+^O_4_)_2_·3H_2_O,Na U^6+ O S^6+ H,Na U^6+ O S^6+ H,Na U O S H,Na U^6+ O S^6+ H,valid,,,
Orcelite,Ni_4.75_As_2_,Ni As,Ni As,Ni As,Ni As,valid,,,
Ordoñezite,Zn^2+^Sb^5+^_2_O_6_,Zn^2+ Sb^5+ O,Zn^2+ Sb^5+ O,Zn Sb O,Zn^2+ Sb^5+ O,valid,,,
Örebroite,Mn^2+^_6_(Sb^5+^Fe^3+^)(SiO_4_)_2_O_6_,Mn^2+ Sb^5+ Fe^3+ Si O,Mn^2+ Sb^5+ Fe^3+ Si O,Mn Sb Fe Si O,Mn^2+ Sb^5+ Fe^3+ Si O,valid,,,
Oregonite,FeNi_2_As_2_,Fe Ni As,Fe Ni As,Fe Ni As,Fe Ni As,valid,,,
Oreillyite,Cr_2_N,Cr N,Cr N,Cr N,Cr N,valid,,,
Organovaite-Mn,K_2_Mn^2+^Nb^5+^_4_(Si_4_O_12_)_2_O_4_·5-7H_2_O,K Mn^2+ Nb^5+ Si O H,K Mn^2+ Nb^5+ Si O H,K Mn Nb Si O H,K Mn^2+ Nb^5+ Si O H,valid,,,
Organovaite-Zn,"K_2_Zn^2+^(Nb^5+^,Ti^4+^)_4_(Si_4_O_12_)_2_(O,OH)_4_·6H_2_O",K Zn^2+ Nb^5+ Ti^4+ Si O H,K Zn^2+ Nb^5+ Ti^4+ Si O H,K Zn Nb Ti Si O H,K Zn^2+ Nb^5+ Ti^4+ Si O H,valid,,,
Orickite,CuFeS_2_·nH_2_O,Cu Fe S H O,Cu Fe S H O,Cu Fe S H O,Cu Fe S H O,valid,,,
Orientite,Ca_8_Mn^3+^_10_(SiO_4_)_3_(Si_3_O_10_)_3_(OH)_10_(H_2_O)_4_,Ca Mn^3+ Si O H,Ca Mn^3+ Si O H,Ca Mn Si O H,Ca Mn^3+ Si O H,valid,,,
Orishchinite,Ni_2_P,Ni P,Ni P,Ni P,Ni P,valid,,,
Orlandiite,Pb^2+^_3_Cl_4_(Se^4+^O_3_)·H_2_O,Pb^2+ Cl Se^4+ O H,Pb^2+ Cl Se^4+ O H,Pb Cl Se O H,Pb^2+ Cl Se^4+ O H,valid,,,
Orlovite,KLi_2_Ti^4+^(Si_4_O_10_)(OF),K Li Ti^4+ Si O F,K Li Ti^4+ Si O F,K Li Ti Si O F,K Li Ti^4+ Si O F,valid,,,
Orlymanite,Ca_4_Mn^2+^_3_Si_8_O_20_(OH)_6_·2H_2_O,Ca Mn^2+ Si O H,Ca Mn^2+ Si O H,Ca Mn Si O H,Ca Mn^2+ Si O H,valid,,,
Orpiment,As^3+^_2_S^2-^_3_,As^3+ S^2-,As^3+ S^2-,As S,As^3+ S^2-,valid,,,
Orschallite,Ca_3_(S^4+^O_3_)_2_S^6+^O_4_(H_2_O)_12_,Ca S^4+ O S^6+ H,Ca S^4+ O S^6+ H,Ca S O H,Ca S^4+ O S^6+ H,valid,,,
Orthobrannerite,U^4+^U^6+^Ti^4+^_4_O_12_(OH)_2_,U^4+ U^6+ Ti^4+ O H,U^4+ U^6+ Ti^4+ O H,U Ti O H,U^4+ U^6+ Ti^4+ O H,valid,,,
Orthoclase,KAlSi_3_O_8_,K Al Si O,K Al Si O,K Al Si O,K Al Si O,valid,,,
Orthocuproplatinum,Pt_3_Cu,Pt Cu,Pt Cu,Pt Cu,Pt Cu,valid,,,
Orthogersdorffite,Ni^3+^(AsS)^3-^,Ni^3+ As S,Ni^3+ As S,Ni As S,Ni^3+ As S,valid,,,
Orthojoaquinite-(Ce),"NaBa_2_Fe^2+^Ce^3+^_2_Ti^4+^_2_(SiO_3_)_8_O_2_(O,OH)·H_2_O",Na Ba Fe^2+ Ce^3+ Ti^4+ Si O H,Na Ba Fe^2+ Ce^3+ Ti^4+ Si O H,Na Ba Fe Ce Ti Si O H,Na Ba Fe^2+ Ce^3+ Ti^4+ Si O H,valid,,,
Orthojoaquinite-(La),"NaBa_2_Fe^2+^La_2_Ti^4+^_2_(SiO_3_)_8_O_2_(OH,O,F)·H_2_O",Na Ba Fe^2+ La Ti^4+ Si O H F,Na Ba Fe^2+ La Ti^4+ Si O H F,Na Ba Fe La Ti Si O H F,Na Ba Fe^2+ La Ti^4+ Si O H F,valid,,,
Orthominasragrite,V^4+^O(S^6+^O_4_)(H_2_O)_5_,V^4+ O S^6+ H,V^4+ O S^6+ H,V O S H,V^4+ O S^6+ H,valid,,,
Orthopinakiolite,Mg_2_Mn^3+^O_2_(BO_3_),Mg Mn^3+ O B,Mg Mn^3+ O B,Mg Mn O B,Mg Mn^3+ O B,valid,,,
Orthoserpierite,CaCu^2+^_4_(S^6+^O_4_)_2_(OH)_6_·3H_2_O,Ca Cu^2+ S^6+ O H,Ca Cu^2+ S^6+ O H,Ca Cu S O H,Ca Cu^2+ S^6+ O H,valid,,,
Orthowalpurgite,(U^6+^O_2_)Bi^3+^_4_O_4_(As^5+^O_4_)_2_·2H_2_O,U^6+ O Bi^3+ As^5+ H,U^6+ O Bi^3+ As^5+ H,U O Bi As H,U^6+ O Bi^3+ As^5+ H,valid,,,
Osakaite,Zn^2+^_4_S^6+^O_4_(OH)_6_(H_2_O)·4H_2_O,Zn^2+ S^6+ O H,Zn^2+ S^6+ O H,Zn S O H,Zn^2+ S^6+ O H,valid,,,
Osarizawaite,Cu^2+^Pb^2+^Al_2_(S^6+^O_4_)_2_(OH)_6_,Cu^2+ Pb^2+ Al S^6+ O H,Cu^2+ Pb^2+ Al S^6+ O H,Cu Pb Al S O H,Cu^2+ Pb^2+ Al S^6+ O H,valid,,,
Osarsite,Os^3+^(AsS)^3-^,Os^3+ As S,Os^3+ As S,Os As S,Os^3+ As S,valid,,,
Osbornite,Ti^3+^N^3-^,Ti^3+ N^3-,Ti^3+ N^3-,Ti N,Ti^3+ N^3-,valid,,,
Oscarkempffite,Ag^1+^_10_Pb^2+^_4_(Sb^3+^_17_Bi^3+^_9_)S^2-^_48_,Ag^1+ Pb^2+ Sb^3+ Bi^3+ S^2-,Ag^1+ Pb^2+ Sb^3+ Bi^3+ S^2-,Ag Pb Sb Bi S,Ag^1+ Pb^2+ Sb^3+ Bi^3+ S^2-,valid,,,
Oskarssonite,AlF_3_,Al F,Al F,Al F,Al F,valid,,,
Osmium,Os,Os,Os,Os,Os,valid,,,
Osumilite,KFe^2+^_2_(Al_5_Si_10_)O_30_,K Fe^2+ Al Si O,K Fe^2+ Al Si O,K Fe Al Si O,K Fe^2+ Al Si O,valid,,,
Osumilite-(Mg),KMg_2_(Al_5_Si_10_)O_30_,K Mg Al Si O,K Mg Al Si O,K Mg Al Si O,K Mg Al Si O,valid,,,
Oswaldpeetersite,(U^6+^O_2_)_2_CO_3_(OH)_2_·4H_2_O,U^6+ O C H,U^6+ O C H,U O C H,U^6+ O C H,valid,,,
Otavite,Cd^2+^CO_3_,Cd^2+ C O,Cd^2+ C O,Cd C O,Cd^2+ C O,valid,,,
Otjisumeite,Pb^2+^Ge_4_O_9_,Pb^2+ Ge O,Pb^2+ Ge O,Pb Ge O,Pb^2+ Ge O,valid,,,
Ottemannite,Sn^2+^Sn^4+^S^2-^_3_,Sn^2+ Sn^4+ S^2-,Sn^2+ Sn^4+ S^2-,Sn S,Sn^2+ Sn^4+ S^2-,valid,,,
Ottensite,Na_3_(Sb^3+^_2_O_3_)_3_(Sb^3+^S^2-^_3_)·3H_2_O,Na Sb^3+ O S^2- H,Na Sb^3+ O S^2- H,Na Sb O S H,Na Sb^3+ O S^2- H,valid,,,
Ottohahnite,Na_6_(U^6+^O_2_)_2_(S^6+^O_4_)_5_(H_2_O)_7_·1.5H_2_O,Na U^6+ O S^6+ H,Na U^6+ O S^6+ H,Na U O S H,Na U^6+ O S^6+ H,valid,,,
Ottoite,Pb^2+^_2_Te^6+^O_5_,Pb^2+ Te^6+ O,Pb^2+ Te^6+ O,Pb Te O,Pb^2+ Te^6+ O,valid,,,
Ottrélite,Mn^2+^Al_2_O(SiO_4_)(OH)_2_,Mn^2+ Al O Si H,Mn^2+ Al O Si H,Mn Al O Si H,Mn^2+ Al O Si H,valid,,,
Otwayite,Ni^2+^_2_CO_3_(OH)_2_·H_2_O,Ni^2+ C O H,Ni^2+ C O H,Ni C O H,Ni^2+ C O H,valid,,,
Oulankaite,Pd_5_Cu_4_SnTe_2_S_2_,Pd Cu Sn Te S,Pd Cu Sn Te S,Pd Cu Sn Te S,Pd Cu Sn Te S,valid,,,
Ourayite,Ag^1+^_3_Pb^2+^_4_Bi^3+^_5_S^2-^_13_,Ag^1+ Pb^2+ Bi^3+ S^2-,Ag^1+ Pb^2+ Bi^3+ S^2-,Ag Pb Bi S,Ag^1+ Pb^2+ Bi^3+ S^2-,valid,,,
Oursinite,Co^2+^(U^6+^O_2_)_2_(SiO_3_OH)_2_(H_2_O)_4_·2H_2_O,Co^2+ U^6+ O Si H,Co^2+ U^6+ O Si H,Co U O Si H,Co^2+ U^6+ O Si H,valid,,,
Ovamboite,Cu^1+^_10_Fe^2+^_3_W^4+^Ge^4+^_3_S^2-^_16_,Cu^1+ Fe^2+ W^4+ Ge^4+ S^2-,Cu^1+ Fe^2+ W^4+ Ge^4+ S^2-,Cu Fe W Ge S,Cu^1+ Fe^2+ W^4+ Ge^4+ S^2-,valid,,,
Overite,CaMgAl(PO_4_)_2_(OH)(H_2_O)_4_,Ca Mg Al P O H,Ca Mg Al P O H,Ca Mg Al P O H,Ca Mg Al P O H,valid,,,
Owensite,"(Ba,Pb^2+^)_6_(Cu^1+^,Fe^2+^,Ni^2+^)_25_S^2-^_27_",Ba Pb^2+ Cu^1+ Fe^2+ Ni^2+ S^2-,Ba Pb^2+ Cu^1+ Fe^2+ Ni^2+ S^2-,Ba Pb Cu Fe Ni S,Ba Pb^2+ Cu^1+ Fe^2+ Ni^2+ S^2-,valid,,,
Owyheeite,Ag^1+^_3_Pb^2+^_10_Sb^3+^_11_S^2-^_28_,Ag^1+ Pb^2+ Sb^3+ S^2-,Ag^1+ Pb^2+ Sb^3+ S^2-,Ag Pb Sb S,Ag^1+ Pb^2+ Sb^3+ S^2-,valid,,,
Oxammite,(N^3-^H_4_)_2_(C_2_)^6+^O_4_(H_2_O),N^3- H C O,N^3- H C O,N H C O,N^3- H C O,valid,,,
Oxo-magnesio-hastingsite,NaCa_2_(Mg_2_Fe^3+^_3_)(Si_6_Al_2_)O_22_O_2_,Na Ca Mg Fe^3+ Si Al O,Na Ca Mg Fe^3+ Si Al O,Na Ca Mg Fe Si Al O,Na Ca Mg Fe^3+ Si Al O,valid,,,
Oxo-mangani-leakeite,NaNa_2_(Mn^3+^_4_Li)Si_8_O_22_O_2_,Na Mn^3+ Li Si O,Na Mn^3+ Li Si O,Na Mn Li Si O,Na Mn^3+ Li Si O,valid,,,
Oxybismutomicrolite,(Bi^3+^_1.33_[box]_0.67_)Ta^5+^_2_O_6_O,Bi^3+ Ta^5+ O,Bi^3+ Ta^5+ O,Bi Ta O,Bi^3+ Ta^5+ O,valid,,,
Oxycalciomicrolite,Ca_2_Ta^5+^_2_O_7_,Ca Ta^5+ O,Ca Ta^5+ O,Ca Ta O,Ca Ta^5+ O,valid,,,
Oxycalciopyrochlore,Ca_2_Nb^5+^_2_O_6_O,Ca Nb^5+ O,Ca Nb^5+ O,Ca Nb O,Ca Nb^5+ O,valid,,,
Oxycalcioroméite,Ca_2_Sb^5+^_2_O_7_,Ca Sb^5+ O,Ca Sb^5+ O,Ca Sb O,Ca Sb^5+ O,valid,,,
Oxy-chromium-dravite,NaCr^3+^_3_(Cr^3+^_4_Mg_2_)(Si_6_O_18_)(BO_3_)_3_(OH)_3_O,Na Cr^3+ Mg Si O B H,Na Cr^3+ Mg Si O B H,Na Cr Mg Si O B H,Na Cr^3+ Mg Si O B H,valid,,,
Oxy-dravite,Na(Al_2_Mg)(Al_5_Mg)(Si_6_O_18_)(BO_3_)_3_(OH)_3_O,Na Al Mg Si O B H,Na Al Mg Si O B H,Na Al Mg Si O B H,Na Al Mg Si O B H,valid,,,
Oxy-foitite,[box](Fe^2+^Al_2_)Al_6_(Si_6_O_18_)(BO_3_)_3_(OH)_3_O,Fe^2+ Al Si O B H,Fe^2+ Al Si O B H,Fe Al Si O B H,Fe^2+ Al Si O B H,valid,,,
Oxykinoshitalite,BaMg_2_Ti^4+^O_2_(Si_2_Al_2_)O_10_,Ba Mg Ti^4+ O Si Al,Ba Mg Ti^4+ O Si Al,Ba Mg Ti O Si Al,Ba Mg Ti^4+ O Si Al,valid,,,
Oxynatromicrolite,"(Na,Ca,U^4+^)_2_(Ta^5+^,Nb^5+^)_2_O_6_(O,F)",Na Ca U^4+ Ta^5+ Nb^5+ O F,Na Ca U^4+ Ta^5+ Nb^5+ O F,Na Ca U Ta Nb O F,Na Ca U^4+ Ta^5+ Nb^5+ O F,valid,,,
Oxyphlogopite,"K(Mg,Ti^4+^,Fe^3+^,Fe^2+^)_3_[(Si,Al)_4_O_10_](O,F)_2_",K Mg Ti^4+ Fe^3+ Fe^2+ Si Al O F,K Mg Ti^4+ Fe^3+ Fe^2+ Si Al O F,K Mg Ti Fe Si Al O F,K Mg Ti^4+ Fe^3+ Fe^2+ Si Al O F,valid,,,
Oxyplumbopyrochlore,Pb^2+^_2_Nb^5+^_2_O_6_O,Pb^2+ Nb^5+ O,Pb^2+ Nb^5+ O,Pb Nb O,Pb^2+ Nb^5+ O,valid,,,
Oxyplumboroméite,Pb^2+^_2_Sb^5+^_2_O_7_,Pb^2+ Sb^5+ O,Pb^2+ Sb^5+ O,Pb Sb O,Pb^2+ Sb^5+ O,valid,,,
Oxy-schorl,Na(Fe^2+^_2_Al)Al_6_Si_6_O_18_(BO_3_)_3_(OH)_3_O,Na Fe^2+ Al Si O B H,Na Fe^2+ Al Si O B H,Na Fe Al Si O B H,Na Fe^2+ Al Si O B H,valid,,,
Oxystannomicrolite,Sn^2+^_2_Ta^5+^_2_O_6_O,Sn^2+ Ta^5+ O,Sn^2+ Ta^5+ O,Sn Ta O,Sn^2+ Ta^5+ O,valid,,,
Oxystibiomicrolite,"(Sb^3+^,Ca)_2_Ta^5+^_2_O_6_O",Sb^3+ Ca Ta^5+ O,Sb^3+ Ca Ta^5+ O,Sb Ca Ta O,Sb^3+ Ca Ta^5+ O,valid,,,
Oxy-vanadium-dravite,NaV^3+^_3_(V^3+^_4_Mg_2_)(Si_6_O_18_)(BO_3_)_3_(OH)_3_O,Na V^3+ Mg Si O B H,Na V^3+ Mg Si O B H,Na V Mg Si O B H,Na V^3+ Mg Si O B H,valid,,,
Oxyvanite,V^3+^_2_V^4+^O_5_,V^3+ V^4+ O,V^3+ V^4+ O,V O,V^3+ V^4+ O,valid,,,
Oxyyttrobetafite-(Y),Y_2_Ti^4+^_2_O_6_O,Y Ti^4+ O,Y Ti^4+ O,Y Ti O,Y Ti^4+ O,valid,,,
Oyelite,Ca_5_BSi_4_O_13_(OH)_3_(H_2_O)_4_,Ca B Si O H,Ca B Si O H,Ca B Si O H,Ca B Si O H,valid,,,
Oyonite,Ag^1+^_3_Mn^2+^_2_Pb^2+^_4_Sb^3+^_7_As^3+^_4_S^2-^_24_,Ag^1+ Mn^2+ Pb^2+ Sb^3+ As^3+ S^2-,Ag^1+ Mn^2+ Pb^2+ Sb^3+ As^3+ S^2-,Ag Mn Pb Sb As S,Ag^1+ Mn^2+ Pb^2+ Sb^3+ As^3+ S^2-,valid,,,
Ozernovskite,Fe^3+^_4_(Te^4+^O_4_)(Te^4+^O_3_)_4_(H_2_O)_2_·5H_2_O,Fe^3+ Te^4+ O H,Fe^3+ Te^4+ O H,Fe Te O H,Fe^3+ Te^4+ O H,valid,,,
Ozerovaite,Na_2_KAl_3_(As^5+^O_4_)_4_,Na K Al As^5+ O,Na K Al As^5+ O,Na K Al As O,Na K Al As^5+ O,valid,,,
Pääkkönenite,Sb^3+^_4_(As_2_)^4-^S^2-^_4_,Sb^3+ As S^2-,Sb^3+ As S^2-,Sb As S,Sb^3+ As S^2-,valid,,,
Paarite,Cu^1+^_1.7_Pb^2+^_1.7_Bi^3+^_6.3_S^2-^_12_,Cu^1+ Pb^2+ Bi^3+ S^2-,Cu^1+ Pb^2+ Bi^3+ S^2-,Cu Pb Bi S,Cu^1+ Pb^2+ Bi^3+ S^2-,valid,,,
Pabellóndepicaite,Cu^2+^_2_(N_3_C_2_H_2_)_2_(NH_3_)_2_(NO_3_)Cl·2H_2_O,Cu^2+ N C H O Cl,Cu^2+ N C H O Cl,Cu N C H O Cl,Cu^2+ N C H O Cl,valid,,,
Pabstite,BaSn^4+^Si_3_O_9_,Ba Sn^4+ Si O,Ba Sn^4+ Si O,Ba Sn Si O,Ba Sn^4+ Si O,valid,,,
Paceite,CaCu^2+^(CH_3_COO)^1-^_4_(H_2_O)_2_·4H_2_O,Ca Cu^2+ C H O,Ca Cu^2+ C H O,Ca Cu C H O,Ca Cu^2+ C H O,valid,,,
Pachnolite,NaCaAlF_6_(H_2_O),Na Ca Al F H O,Na Ca Al F H O,Na Ca Al F H O,Na Ca Al F H O,valid,,,
Packratite,Ca_11_(As^3+^V^5+^_10_V^4+^_2_As^5+^_6_O_51_)_2_·83H_2_O,Ca As^3+ V^5+ V^4+ As^5+ O H,Ca As^3+ V^5+ V^4+ As^5+ O H,Ca As V O H,Ca As^3+ V^5+ V^4+ As^5+ O H,valid,,,
Paddlewheelite,MgCa_5_Cu^2+^_2_(U^6+^O_2_)_4_(CO_3_)_12_(H_2_O)_33_,Mg Ca Cu^2+ U^6+ O C H,Mg Ca Cu^2+ U^6+ O C H,Mg Ca Cu U O C H,Mg Ca Cu^2+ U^6+ O C H,valid,,,
Padĕraite,"Cu^1+^_7_(Cu^1+^,Ag^1+^)_0.33_Pb^2+^_1.33_Bi^3+^_11.33_S^2-^_22_",Cu^1+ Ag^1+ Pb^2+ Bi^3+ S^2-,Cu^1+ Ag^1+ Pb^2+ Bi^3+ S^2-,Cu Ag Pb Bi S,Cu^1+ Ag^1+ Pb^2+ Bi^3+ S^2-,valid,,,
Padmaite,PdBiSe,Pd Bi Se,Pd Bi Se,Pd Bi Se,Pd Bi Se,valid,,,
Paganoite,Ni^2+^Bi^3+^O(As^5+^O_4_),Ni^2+ Bi^3+ O As^5+,Ni^2+ Bi^3+ O As^5+,Ni Bi O As,Ni^2+ Bi^3+ O As^5+,valid,,,
Pahasapaite,"Li_8_(Ca,Li,K)_10.5_Be_24_(PO_4_)_24_·38H_2_O",Li Ca K Be P O H,Li Ca K Be P O H,Li Ca K Be P O H,Li Ca K Be P O H,valid,,,
Painite,CaZr^4+^Al_9_O_15_(BO_3_),Ca Zr^4+ Al O B,Ca Zr^4+ Al O B,Ca Zr Al O B,Ca Zr^4+ Al O B,valid,,,
Pakhomovskyite,Co^2+^_3_(PO_4_)_2_·8H_2_O,Co^2+ P O H,Co^2+ P O H,Co P O H,Co^2+ P O H,valid,,,
Palarstanide,"Pd_5_(Sn,As)_2_",Pd Sn As,Pd Sn As,Pd Sn As,Pd Sn As,valid,,,
Palenzonaite,NaCa_2_Mn^2+^_2_(V^5+^O_4_)_3_,Na Ca Mn^2+ V^5+ O,Na Ca Mn^2+ V^5+ O,Na Ca Mn V O,Na Ca Mn^2+ V^5+ O,valid,,,
Palermoite,Li_2_SrAl_4_(PO_4_)_4_(OH)_4_,Li Sr Al P O H,Li Sr Al P O H,Li Sr Al P O H,Li Sr Al P O H,valid,,,
Palladinite,Pd^2+^O,Pd^2+ O,Pd^2+ O,Pd O,Pd^2+ O,valid,,,
Palladium,Pd,Pd,Pd,Pd,Pd,valid,,,
Palladoarsenide,Pd_2_As,Pd As,Pd As,Pd As,Pd As,valid,,,
Palladobismutharsenide,"Pd_2_(As,Bi)",Pd As Bi,Pd As Bi,Pd As Bi,Pd As Bi,valid,,,
Palladodymite,Pd_2_As,Pd As,Pd As,Pd As,Pd As,valid,,,
Palladogermanide,Pd_2_Ge,Pd Ge,Pd Ge,Pd Ge,Pd Ge,valid,,,
Palladosilicide,Pd_2_Si,Pd Si,Pd Si,Pd Si,Pd Si,valid,,,
Palladothallite,Pd_3_Tl,Pd Tl,Pd Tl,Pd Tl,Pd Tl,valid,,,
Palladseite,Pd_17_Se_15_,Pd Se,Pd Se,Pd Se,Pd Se,valid,,,
Palmierite,K_2_Pb^2+^(S^6+^O_4_)_2_,K Pb^2+ S^6+ O,K Pb^2+ S^6+ O,K Pb S O,K Pb^2+ S^6+ O,valid,,,
Palygorskite,"(Mg,Al)_2_Si_4_O_10_(OH)·4H_2_O",Mg Al Si O H,Mg Al Si O H,Mg Al Si O H,Mg Al Si O H,valid,,,
Pampaloite,AuSbTe,Au Sb Te,Au Sb Te,Au Sb Te,Au Sb Te,valid,,,
Panasqueiraite,CaMgPO_4_(OH),Ca Mg P O H,Ca Mg P O H,Ca Mg P O H,Ca Mg P O H,valid,,,
Pandoraite-Ba,BaV^4+^_5_V^5+^_2_O_16_(H_2_O)_3_,Ba V^4+ V^5+ O H,Ba V^4+ V^5+ O H,Ba V O H,Ba V^4+ V^5+ O H,valid,,,
Pandoraite-Ca,CaV^4+^_5_V^5+^_2_O_16_(H_2_O)_3_,Ca V^4+ V^5+ O H,Ca V^4+ V^5+ O H,Ca V O H,Ca V^4+ V^5+ O H,valid,,,
Panethite,"(Na,Ca,K)_1-x_(Mg,Fe^2+^,Mn^2+^)PO_4_",Na Ca K Mg Fe^2+ Mn^2+ P O,Na Ca K Mg Fe^2+ Mn^2+ P O,Na Ca K Mg Fe Mn P O,Na Ca K Mg Fe^2+ Mn^2+ P O,valid,,,
Panguite,"(Ti^4+^,Al,Sc,Mg,Zr^4+^,Ca)_1.8_O_3_",Ti^4+ Al Sc Mg Zr^4+ Ca O,Ti^4+ Al Sc Mg Zr^4+ Ca O,Ti Al Sc Mg Zr Ca O,Ti^4+ Al Sc Mg Zr^4+ Ca O,valid,,,
Panichiite,(N^3-^H_4_)_2_Sn^4+^Cl_6_,N^3- H Sn^4+ Cl,N^3- H Sn^4+ Cl,N H Sn Cl,N^3- H Sn^4+ Cl,valid,,,
Panskyite,Pd_9_Ag_2_Pb_2_S_4_,Pd Ag Pb S,Pd Ag Pb S,Pd Ag Pb S,Pd Ag Pb S,valid,,,
Pansnerite,K_3_Na_3_Fe^3+^_6_(As^5+^O_4_)_8_,K Na Fe^3+ As^5+ O,K Na Fe^3+ As^5+ O,K Na Fe As O,K Na Fe^3+ As^5+ O,valid,,,
Panunzite,K_3_Na(AlSiO_4_)_4_,K Na Al Si O,K Na Al Si O,K Na Al Si O,K Na Al Si O,valid,,,
Paolovite,Pd_2_Sn,Pd Sn,Pd Sn,Pd Sn,Pd Sn,valid,,,
Papagoite,CaCu^2+^AlSi_2_O_6_(OH)_3_,Ca Cu^2+ Al Si O H,Ca Cu^2+ Al Si O H,Ca Cu Al Si O H,Ca Cu^2+ Al Si O H,valid,,,
Papikeite,NaFe^2+^_2_(Mg_3_Al_2_)(Si_5_Al_3_)O_22_(OH)_2_,Na Fe^2+ Mg Al Si O H,Na Fe^2+ Mg Al Si O H,Na Fe Mg Al Si O H,Na Fe^2+ Mg Al Si O H,valid,,,
Paqueite,"Ca_3_Ti^4+^Si_2_(Al,Ti^4+^,Si)_3_O_14_",Ca Ti^4+ Si Al O,Ca Ti^4+ Si Al O,Ca Ti Si Al O,Ca Ti^4+ Si Al O,valid,,,
Para-alumohydrocalcite,CaAl_2_(CO_3_)_2_(OH)_4_·6H_2_O,Ca Al C O H,Ca Al C O H,Ca Al C O H,Ca Al C O H,valid,,,
Paraberzeliite,NaCaCaMg_2_(As^5+^O_4_)_3_,Na Ca Mg As^5+ O,Na Ca Mg As^5+ O,Na Ca Mg As O,Na Ca Mg As^5+ O,valid,,,
Parabrandtite,Ca_2_Mn^2+^(As^5+^O_4_)_2_·2H_2_O,Ca Mn^2+ As^5+ O H,Ca Mn^2+ As^5+ O H,Ca Mn As O H,Ca Mn^2+ As^5+ O H,valid,,,
Parabutlerite,Fe^3+^S^6+^O_4_(OH)(H_2_O)_2_,Fe^3+ S^6+ O H,Fe^3+ S^6+ O H,Fe S O H,Fe^3+ S^6+ O H,valid,,,
Paracelsian,BaAl_2_Si_2_O_8_,Ba Al Si O,Ba Al Si O,Ba Al Si O,Ba Al Si O,valid,,,
Paracoquimbite,Fe^3+^_4_(S^6+^O_4_)_6_(H_2_O)_12_·6H_2_O,Fe^3+ S^6+ O H,Fe^3+ S^6+ O H,Fe S O H,Fe^3+ S^6+ O H,valid,,,
Paracostibite,Co^3+^(SbS)^3-^,Co^3+ Sb S,Co^3+ Sb S,Co Sb S,Co^3+ Sb S,valid,,,
Paradamite,Zn^2+^_2_As^5+^O_4_(OH),Zn^2+ As^5+ O H,Zn^2+ As^5+ O H,Zn As O H,Zn^2+ As^5+ O H,valid,,,
Paradimorphite,As_4_S_3_,As S,As S,As S,As S,valid,,,
Paradocrasite,"Sb_2_(Sb,As)_2_",Sb As,Sb As,Sb As,Sb As,valid,,,
Parádsasvárite,Zn^2+^_2_(CO_3_)(OH)_2_,Zn^2+ C O H,Zn^2+ C O H,Zn C O H,Zn^2+ C O H,valid,,,
Paraershovite,Na_3_K_3_Fe^3+^_2_Si_8_O_20_(OH)_4_·4H_2_O,Na K Fe^3+ Si O H,Na K Fe^3+ Si O H,Na K Fe Si O H,Na K Fe^3+ Si O H,valid,,,
Parafiniukite,Ca_2_Mn^2+^_3_(PO_4_)_3_Cl,Ca Mn^2+ P O Cl,Ca Mn^2+ P O Cl,Ca Mn P O Cl,Ca Mn^2+ P O Cl,valid,,,
Parafransoletite,Ca_3_Be_2_(PO_4_)_2_(PO_3_OH)_2_·4H_2_O,Ca Be P O H,Ca Be P O H,Ca Be P O H,Ca Be P O H,valid,,,
Parageorgbokiite,Cu^2+^_5_O_2_(Se^4+^O_3_)_2_Cl_2_,Cu^2+ O Se^4+ Cl,Cu^2+ O Se^4+ Cl,Cu O Se Cl,Cu^2+ O Se^4+ Cl,valid,,,
Paragersdorffite,Ni^3+^(AsS)^3-^,Ni^3+ As S,Ni^3+ As S,Ni As S,Ni^3+ As S,valid,,,
Paragonite,NaAl_2_(Si_3_Al)O_10_(OH)_2_,Na Al Si O H,Na Al Si O H,Na Al Si O H,Na Al Si O H,valid,,,
Paraguanajuatite,Bi^3+^_2_Se^2-^_3_,Bi^3+ Se^2-,Bi^3+ Se^2-,Bi Se,Bi^3+ Se^2-,valid,,,
Parahibbingite,Fe^2+^_2_(OH)_3_Cl,Fe^2+ O H Cl,Fe^2+ O H Cl,Fe O H Cl,Fe^2+ O H Cl,valid,,,
Parahopeite,Zn^2+^_3_(PO_4_)_2_(H_2_O)_4_,Zn^2+ P O H,Zn^2+ P O H,Zn P O H,Zn^2+ P O H,valid,,,
Parakeldyshite,Na_2_Zr^4+^Si_2_O_7_,Na Zr^4+ Si O,Na Zr^4+ Si O,Na Zr Si O,Na Zr^4+ Si O,valid,,,
Parakuzmenkoite-Fe,"(K,Ba)_8_Fe^2+^_4_Ti^4+^_16_(Si_4_O_12_)_8_(OH,O)_16_·20-28H_2_O",K Ba Fe^2+ Ti^4+ Si O H,K Ba Fe^2+ Ti^4+ Si O H,K Ba Fe Ti Si O H,K Ba Fe^2+ Ti^4+ Si O H,valid,,,
Paralabuntsovite-Mg,"Na_8_K_8_Mg_4_Ti^4+^_16_(Si_4_O_12_)_8_(O,OH)_16_·20-24H_2_O",Na K Mg Ti^4+ Si O H,Na K Mg Ti^4+ Si O H,Na K Mg Ti Si O H,Na K Mg Ti^4+ Si O H,valid,,,
Paralammerite,Cu^2+^_3_(As^5+^O_4_)_2_,Cu^2+ As^5+ O,Cu^2+ As^5+ O,Cu As O,Cu^2+ As^5+ O,valid,,,
Paralaurionite,Pb^2+^Cl(OH),Pb^2+ Cl O H,Pb^2+ Cl O H,Pb Cl O H,Pb^2+ Cl O H,valid,,,
Paralomonosovite,Na_2_[box]_4_Na_2_Ti^4+^_2_Na_2_Ti^4+^_2_(Si_2_O_7_)_2_[PO_3_(OH)][PO_2_(OH)_2_]O_2_(OF),Na Ti^4+ Si O P H F,Na Ti^4+ Si O P H F,Na Ti Si O P H F,Na Ti^4+ Si O P H F,valid,,,
Paralstonite,BaCa(CO_3_)_2_,Ba Ca C O,Ba Ca C O,Ba Ca C O,Ba Ca C O,valid,,,
Paramarkeyite,Ca_2_(U^6+^O_2_)(CO_3_)_3_(H_2_O)_5_,Ca U^6+ O C H,Ca U^6+ O C H,Ca U O C H,Ca U^6+ O C H,valid,,,
Paramelaconite,Cu^1+^_2_Cu^2+^_2_O_3_,Cu^1+ Cu^2+ O,Cu^1+ Cu^2+ O,Cu O,Cu^1+ Cu^2+ O,valid,,,
Paramendozavilite,NaAl_4_Fe^3+^_7_(PO_4_)_5_(PMo^6+^_12_O_40_)(OH)_16_·56H_2_O,Na Al Fe^3+ P O Mo^6+ H,Na Al Fe^3+ P O Mo^6+ H,Na Al Fe P O Mo H,Na Al Fe^3+ P O Mo^6+ H,valid,,,
Paramolybdomenite,Pb^2+^Se^4+^O_3_,Pb^2+ Se^4+ O,Pb^2+ Se^4+ O,Pb Se O,Pb^2+ Se^4+ O,valid,,,
Paramontroseite,V^4+^O_2_,V^4+ O,V^4+ O,V O,V^4+ O,valid,,,
Paranatisite,Na_2_Ti^4+^O(SiO_4_),Na Ti^4+ O Si,Na Ti^4+ O Si,Na Ti O Si,Na Ti^4+ O Si,valid,,,
Paranatrolite,Na_2_(Si_3_Al_2_)O_10_·3H_2_O,Na Si Al O H,Na Si Al O H,Na Si Al O H,Na Si Al O H,valid,,,
Paraniite-(Y),Ca_2_Y(W^6+^O_4_)_2_(As^5+^O_4_),Ca Y W^6+ O As^5+,Ca Y W^6+ O As^5+,Ca Y W O As,Ca Y W^6+ O As^5+,valid,,,
Paraotwayite,"Ni^2+^(OH)_2-x_(S^6+^O_4_,CO_3_)_0.5x_",Ni^2+ O H S^6+ C,Ni^2+ O H S^6+ C,Ni O H S C,Ni^2+ O H S^6+ C,valid,,,
Parapierrotite,Tl^1+^Sb^3+^_5_S^2-^_8_,Tl^1+ Sb^3+ S^2-,Tl^1+ Sb^3+ S^2-,Tl Sb S,Tl^1+ Sb^3+ S^2-,valid,,,
Pararaisaite,[Mg(H_2_O)_6_]Cu^2+^Te^6+^O_4_(OH)_2_,Mg H O Cu^2+ Te^6+,Mg H O Cu^2+ Te^6+,Mg H O Cu Te,Mg H O Cu^2+ Te^6+,valid,,,
Pararammelsbergite,Ni^3+^(As_2_)^3-^,Ni^3+ As,Ni^3+ As,Ni As,Ni^3+ As,valid,,,
Pararealgar,AsS,As S,As S,As S,As S,valid,,,
Pararobertsite,Ca_2_Mn^3+^_3_O_2_(PO_4_)_3_(H_2_O)_2_·H_2_O,Ca Mn^3+ O P H,Ca Mn^3+ O P H,Ca Mn O P H,Ca Mn^3+ O P H,valid,,,
Pararsenolamprite,As,As,As,As,As,valid,,,
Parascandolaite,KMgF_3_,K Mg F,K Mg F,K Mg F,K Mg F,valid,,,
Paraschachnerite,Ag_3_Hg_2_,Ag Hg,Ag Hg,Ag Hg,Ag Hg,valid,,,
Paraschoepite,U^6+^O_3_·(2-x)H_2_O,U^6+ O H,U^6+ O H,U O H,U^6+ O H,valid,,,
Parascholzite,CaZn^2+^_2_(PO_4_)_2_(H_2_O)_2_,Ca Zn^2+ P O H,Ca Zn^2+ P O H,Ca Zn P O H,Ca Zn^2+ P O H,valid,,,
Parascorodite,Fe^3+^As^5+^O_4_(H_2_O)_2_,Fe^3+ As^5+ O H,Fe^3+ As^5+ O H,Fe As O H,Fe^3+ As^5+ O H,valid,,,
Parasibirskite,Ca_2_B_2_O_5_(H_2_O),Ca B O H,Ca B O H,Ca B O H,Ca B O H,valid,,,
Parasterryite,"Ag^1+^_4_Pb^2+^_20_(Sb^3+^,As^3+^)_24_S^2-^_58_",Ag^1+ Pb^2+ Sb^3+ As^3+ S^2-,Ag^1+ Pb^2+ Sb^3+ As^3+ S^2-,Ag Pb Sb As S,Ag^1+ Pb^2+ Sb^3+ As^3+ S^2-,valid,,,
Parasymplesite,Fe^2+^_3_(As^5+^O_4_)_2_·8H_2_O,Fe^2+ As^5+ O H,Fe^2+ As^5+ O H,Fe As O H,Fe^2+ As^5+ O H,valid,,,
Paratacamite,Cu^2+^_3_Cu^2+^(OH)_6_Cl_2_,Cu^2+ O H Cl,Cu^2+ O H Cl,Cu O H Cl,Cu^2+ O H Cl,valid,,,
Paratacamite-(Mg),Cu^2+^_3_Mg(OH)_6_Cl_2_,Cu^2+ Mg O H Cl,Cu^2+ Mg O H Cl,Cu Mg O H Cl,Cu^2+ Mg O H Cl,valid,,,
Paratacamite-(Ni),Cu^2+^_3_Ni^2+^(OH)_6_Cl_2_,Cu^2+ Ni^2+ O H Cl,Cu^2+ Ni^2+ O H Cl,Cu Ni O H Cl,Cu^2+ Ni^2+ O H Cl,valid,,,
Paratellurite,Te^4+^O_2_,Te^4+ O,Te^4+ O,Te O,Te^4+ O,valid,,,
Paratimroseite,Pb^2+^Cu^2+^_2_(Te^6+^O_6_)·H_2_O,Pb^2+ Cu^2+ Te^6+ O H,Pb^2+ Cu^2+ Te^6+ O H,Pb Cu Te O H,Pb^2+ Cu^2+ Te^6+ O H,valid,,,
Paratobermorite,[Ca(H_2_O)_3_]Ca_4_(Al_0.5_Si_0.5_)_2_Si_4_O_16_(OH)(H_2_O)_2_,Ca H O Al Si,Ca H O Al Si,Ca H O Al Si,Ca H O Al Si,valid,,,
Paratooite-(La),"(La^3+^,Ca,Na,Sr)_6_Cu^2+^(CO_3_)_8_",La^3+ Ca Na Sr Cu^2+ C O,La^3+ Ca Na Sr Cu^2+ C O,La Ca Na Sr Cu C O,La^3+ Ca Na Sr Cu^2+ C O,valid,,,
Paratsepinite-Ba,"(Ba,Na,K)_2-x_(Ti^4+^,Nb^5+^)_2_(Si_4_O_12_)(OH,O)_2_·4H_2_O",Ba Na K Ti^4+ Nb^5+ Si O H,Ba Na K Ti^4+ Nb^5+ Si O H,Ba Na K Ti Nb Si O H,Ba Na K Ti^4+ Nb^5+ Si O H,valid,,,
Paratsepinite-Na,"(Na,Sr,K,Ca)_2_(Ti^4+^,Nb^5+^)_2_(Si_4_O_12_)(O,OH)_2_·4H_2_O",Na Sr K Ca Ti^4+ Nb^5+ Si O H,Na Sr K Ca Ti^4+ Nb^5+ Si O H,Na Sr K Ca Ti Nb Si O H,Na Sr K Ca Ti^4+ Nb^5+ Si O H,valid,,,
Paraumbite,K_3_Zr^4+^_2_H(Si_3_O_9_)_2_·3H_2_O,K Zr^4+ H Si O,K Zr^4+ H Si O,K Zr H Si O,K Zr^4+ H Si O,valid,,,
Parauranophane,Ca(U^6+^O_2_)_2_(SiO_3_OH)_2_(H_2_O)_4_·H_2_O,Ca U^6+ O Si H,Ca U^6+ O Si H,Ca U O Si H,Ca U^6+ O Si H,valid,,,
Paravauxite,Fe^2+^Al_2_(PO_4_)_2_(OH)_2_·8H_2_O,Fe^2+ Al P O H,Fe^2+ Al P O H,Fe Al P O H,Fe^2+ Al P O H,valid,,,
Paravinogradovite,"(Na,[box])_2_(Ti^4+^,Fe^3+^)_4_(Si_2_O_6_)_2_(Si_3_AlO_10_)(OH)_4_·H_2_O",Na Ti^4+ Fe^3+ Si O Al H,Na Ti^4+ Fe^3+ Si O Al H,Na Ti Fe Si O Al H,Na Ti^4+ Fe^3+ Si O Al H,valid,,,
Parawulffite,K_5_Na_3_Cu^2+^_8_(S^6+^O_4_)_8_O_4_,K Na Cu^2+ S^6+ O,K Na Cu^2+ S^6+ O,K Na Cu S O,K Na Cu^2+ S^6+ O,valid,,,
Pargasite,NaCa_2_(Mg_4_Al)(Si_6_Al_2_)O_22_(OH)_2_,Na Ca Mg Al Si O H,Na Ca Mg Al Si O H,Na Ca Mg Al Si O H,Na Ca Mg Al Si O H,valid,,,
Parisite-(Ce),CaCe^3+^_2_(CO_3_)_3_F_2_,Ca Ce^3+ C O F,Ca Ce^3+ C O F,Ca Ce C O F,Ca Ce^3+ C O F,valid,,,
Parisite-(La),CaLa_2_(CO_3_)_3_F_2_,Ca La C O F,Ca La C O F,Ca La C O F,Ca La C O F,valid,,,
Parisite-(Nd),CaNd_2_(CO_3_)_3_F_2_,Ca Nd C O F,Ca Nd C O F,Ca Nd C O F,Ca Nd C O F,valid,,,
Parkerite,"Ni_3_(Bi,Pb)_2_S_2_",Ni Bi Pb S,Ni Bi Pb S,Ni Bi Pb S,Ni Bi Pb S,valid,,,
Parkinsonite,Pb^2+^_7_Mo^6+^O_9_Cl_2_,Pb^2+ Mo^6+ O Cl,Pb^2+ Mo^6+ O Cl,Pb Mo O Cl,Pb^2+ Mo^6+ O Cl,valid,,,
Parnauite,Cu^2+^_9_(As^5+^O_4_)_2_(S^6+^O_4_)(OH)_10_(H_2_O)_4_·3H_2_O,Cu^2+ As^5+ O S^6+ H,Cu^2+ As^5+ O S^6+ H,Cu As O S H,Cu^2+ As^5+ O S^6+ H,valid,,,
Parsettensite,"(K,Na,Ca)_7.5_(Mn^2+^,Mg)_49_Si_72_O_168_(OH)_50_·nH_2_O",K Na Ca Mn^2+ Mg Si O H,K Na Ca Mn^2+ Mg Si O H,K Na Ca Mn Mg Si O H,K Na Ca Mn^2+ Mg Si O H,valid,,,
Parsonsite,Pb^2+^_2_(U^6+^O_2_)(PO_4_)_2_,Pb^2+ U^6+ O P,Pb^2+ U^6+ O P,Pb U O P,Pb^2+ U^6+ O P,valid,,,
Parthéite,Ca_2_(Si_4_Al_4_)O_15_(OH)_2_·4H_2_O,Ca Si Al O H,Ca Si Al O H,Ca Si Al O H,Ca Si Al O H,valid,,,
Parwanite,NaMg_4_Al_8_(PO_4_)_8_(CO_3_)(OH)_7_·30H_2_O,Na Mg Al P O C H,Na Mg Al P O C H,Na Mg Al P O C H,Na Mg Al P O C H,valid,,,
Parwelite,Mn^2+^_10_Sb^5+^_2_As^5+^_2_Si_2_O_24_,Mn^2+ Sb^5+ As^5+ Si O,Mn^2+ Sb^5+ As^5+ Si O,Mn Sb As Si O,Mn^2+ Sb^5+ As^5+ Si O,valid,,,
Pašavaite,Pd_3_Pb_2_Te_2_,Pd Pb Te,Pd Pb Te,Pd Pb Te,Pd Pb Te,valid,,,
Pascoite,[Ca_3_(H_2_O)_17_]V^5+^_10_O_28_,Ca H O V^5+,Ca H O V^5+,Ca H O V,Ca H O V^5+,valid,,,
Paseroite,"Pb^2+^(Mn^2+^,[box])(Fe^3+^,[box])_2_(V^5+^,Ti^4+^,[box])_18_O_38_",Pb^2+ Mn^2+ Fe^3+ V^5+ Ti^4+ O,Pb^2+ Mn^2+ Fe^3+ V^5+ Ti^4+ O,Pb Mn Fe V Ti O,Pb^2+ Mn^2+ Fe^3+ V^5+ Ti^4+ O,valid,,,
Patrónite,V^4+^(S_2_)^2-^_2_,V^4+ S,V^4+ S,V S,V^4+ S,valid,,,
Pattersonite,Pb^2+^Fe^3+^_3_(PO_4_)_2_(OH)_5_(H_2_O),Pb^2+ Fe^3+ P O H,Pb^2+ Fe^3+ P O H,Pb Fe P O H,Pb^2+ Fe^3+ P O H,valid,,,
Patynite,NaKCa_4_[Si_9_O_23_],Na K Ca Si O,Na K Ca Si O,Na K Ca Si O,Na K Ca Si O,valid,,,
Pauflerite,V^4+^O(S^6+^O_4_),V^4+ O S^6+,V^4+ O S^6+,V O S,V^4+ O S^6+,valid,,,
Pauladamsite,Cu^2+^_4_(Se^4+^O_3_)(S^6+^O_4_)(OH)_4_(H_2_O)_2_,Cu^2+ Se^4+ O S^6+ H,Cu^2+ Se^4+ O S^6+ H,Cu Se O S H,Cu^2+ Se^4+ O S^6+ H,valid,,,
Paulgrothite,Cu^2+^_9_Fe^3+^O_4_(PO_4_)_4_Cl,Cu^2+ Fe^3+ O P Cl,Cu^2+ Fe^3+ O P Cl,Cu Fe O P Cl,Cu^2+ Fe^3+ O P Cl,valid,,,
Paulhlavaite,CaCu^2+^Te^4+^_4_O_10_,Ca Cu^2+ Te^4+ O,Ca Cu^2+ Te^4+ O,Ca Cu Te O,Ca Cu^2+ Te^4+ O,valid,,,
Paulingite-Ca,"(Ca,K,Na,Ba,[box])_10_(Si,Al)_42_O_84_·34H_2_O",Ca K Na Ba Si Al O H,Ca K Na Ba Si Al O H,Ca K Na Ba Si Al O H,Ca K Na Ba Si Al O H,valid,,,
Paulingite-K,"(K,Ca,Na,Ba,[box])_10_(Si,Al)_42_O_84_·34H_2_O",K Ca Na Ba Si Al O H,K Ca Na Ba Si Al O H,K Ca Na Ba Si Al O H,K Ca Na Ba Si Al O H,valid,,,
Paulišite,Ca_2_Zn^2+^(CO_3_)_3_(H_2_O)_2_,Ca Zn^2+ C O H,Ca Zn^2+ C O H,Ca Zn C O H,Ca Zn^2+ C O H,valid,,,
Paulkellerite,Bi^3+^_2_Fe^3+^O_2_(PO_4_)(OH)_2_,Bi^3+ Fe^3+ O P H,Bi^3+ Fe^3+ O P H,Bi Fe O P H,Bi^3+ Fe^3+ O P H,valid,,,
Paulkerrite,[(H_2_O)K]Mg_2_(Fe^3+^_2_Ti^4+^)(PO_4_)_4_(OF)(H_2_O)_10_·4H_2_O,H O K Mg Fe^3+ Ti^4+ P F,H O K Mg Fe^3+ Ti^4+ P F,H O K Mg Fe Ti P F,H O K Mg Fe^3+ Ti^4+ P F,valid,,,
Paulmooreite,Pb^2+^_2_As^3+^_2_O_5_,Pb^2+ As^3+ O,Pb^2+ As^3+ O,Pb As O,Pb^2+ As^3+ O,valid,,,
Pauloabibite,NaNb^5+^O_3_,Na Nb^5+ O,Na Nb^5+ O,Na Nb O,Na Nb^5+ O,valid,,,
Paulrobinsonite,Ti_8_Fe_4_O_2_,Ti Fe O,Ti Fe O,Ti Fe O,Ti Fe O,valid,,,
Paulscherrerite,U^6+^O_2_(OH)_2_,U^6+ O H,U^6+ O H,U O H,U^6+ O H,valid,,,
Pautovite,CsFe^2+^Fe^3+^S^2-^_3_,Cs Fe^2+ Fe^3+ S^2-,Cs Fe^2+ Fe^3+ S^2-,Cs Fe S,Cs Fe^2+ Fe^3+ S^2-,valid,,,
Pavlovskyite,Ca_8_(SiO_4_)_2_(Si_3_O_10_),Ca Si O,Ca Si O,Ca Si O,Ca Si O,valid,,,
Pavonite,Ag^1+^Bi^3+^_3_S^2-^_5_,Ag^1+ Bi^3+ S^2-,Ag^1+ Bi^3+ S^2-,Ag Bi S,Ag^1+ Bi^3+ S^2-,valid,,,
Paxite,CuAs_2_,Cu As,Cu As,Cu As,Cu As,valid,,,
Pearceite,"[Ag^1+^_9_Cu^1+^S^2-^_4_][(Ag^1+^,Cu^1+^)_6_(As^3+^,Sb^3+^)_2_S^2-^_7_]",Ag^1+ Cu^1+ S^2- As^3+ Sb^3+,Ag^1+ Cu^1+ S^2- As^3+ Sb^3+,Ag Cu S As Sb,Ag^1+ Cu^1+ S^2- As^3+ Sb^3+,valid,,,
Peatite-(Y),"Li_4_Na_12_(Y,Na,Ca,REE)_12_(PO_4_)_12_(CO_3_)_4_(F,OH)_8_",Li Na Y Ca REE P O C F H,Li Na Y Ca REE P O C F H,Li Na Y Ca REE P O C F H,Li Na Y Ca REE P O C F H,valid,,,
Pecoraite,Ni^2+^_3_Si_2_O_5_(OH)_4_,Ni^2+ Si O H,Ni^2+ Si O H,Ni Si O H,Ni^2+ Si O H,valid,,,
Pectolite,NaCa_2_Si_3_O_8_(OH),Na Ca Si O H,Na Ca Si O H,Na Ca Si O H,Na Ca Si O H,valid,,,
Peisleyite,Na_3_Al_16_(PO_4_)_10_(S^6+^O_4_)_2_(OH)_17_·20H_2_O,Na Al P O S^6+ H,Na Al P O S^6+ H,Na Al P O S H,Na Al P O S^6+ H,valid,,,
Pekoite,Cu^1+^Pb^2+^Bi^3+^_11_S^2-^_18_,Cu^1+ Pb^2+ Bi^3+ S^2-,Cu^1+ Pb^2+ Bi^3+ S^2-,Cu Pb Bi S,Cu^1+ Pb^2+ Bi^3+ S^2-,valid,,,
Pekovite,SrB_2_Si_2_O_8_,Sr B Si O,Sr B Si O,Sr B Si O,Sr B Si O,valid,,,
Péligotite,Na_6_(U^6+^O_2_)(S^6+^O_4_)_4_·4H_2_O,Na U^6+ O S^6+ H,Na U^6+ O S^6+ H,Na U O S H,Na U^6+ O S^6+ H,valid,,,
Pellouxite,"(Cu^1+^,Ag^1+^)_2_Pb^2+^_21_Sb^3+^_23_S^2-^_55_ClO",Cu^1+ Ag^1+ Pb^2+ Sb^3+ S^2- Cl O,Cu^1+ Ag^1+ Pb^2+ Sb^3+ S^2- Cl O,Cu Ag Pb Sb S Cl O,Cu^1+ Ag^1+ Pb^2+ Sb^3+ S^2- Cl O,valid,,,
Pellyite,Ba_2_CaFe^2+^_2_Si_6_O_17_,Ba Ca Fe^2+ Si O,Ba Ca Fe^2+ Si O,Ba Ca Fe Si O,Ba Ca Fe^2+ Si O,valid,,,
Penberthycroftite,[Al_6_(As^5+^O_4_)_3_(OH)_9_(H_2_O)_5_]·8H_2_O,Al As^5+ O H,Al As^5+ O H,Al As O H,Al As^5+ O H,valid,,,
Pendevilleite-(Y),Mg_2_Y_3_Al(U^6+^O_2_)_2_(CO_3_)_7_(OH)_6_(H_2_O)_16_,Mg Y Al U^6+ O C H,Mg Y Al U^6+ O C H,Mg Y Al U O C H,Mg Y Al U^6+ O C H,valid,,,
Penfieldite,Pb^2+^_2_Cl_3_(OH),Pb^2+ Cl O H,Pb^2+ Cl O H,Pb Cl O H,Pb^2+ Cl O H,valid,,,
Pengite,(Pb^2+^_8_Sb^3+^_3_)Sb^5+^_9_O_35_,Pb^2+ Sb^3+ Sb^5+ O,Pb^2+ Sb^3+ Sb^5+ O,Pb Sb O,Pb^2+ Sb^3+ Sb^5+ O,valid,,,
Penikisite,BaMg_2_Al_2_(PO_4_)_3_(OH)_3_,Ba Mg Al P O H,Ba Mg Al P O H,Ba Mg Al P O H,Ba Mg Al P O H,valid,,,
Penkvilksite,Na_4_Ti^4+^_2_Si_8_O_22_·4H_2_O,Na Ti^4+ Si O H,Na Ti^4+ Si O H,Na Ti Si O H,Na Ti^4+ Si O H,valid,,,
Pennantite,"(Mn^2+^,Al)_6_(Si,Al)_4_O_10_(OH)_8_",Mn^2+ Al Si O H,Mn^2+ Al Si O H,Mn Al Si O H,Mn^2+ Al Si O H,valid,,,
Penobsquisite,Ca_2_Fe^2+^[B_9_O_13_(OH)_6_]Cl(H_2_O)_2_·2H_2_O,Ca Fe^2+ B O H Cl,Ca Fe^2+ B O H Cl,Ca Fe B O H Cl,Ca Fe^2+ B O H Cl,valid,,,
Penriceite,[Mg(H_2_O)_6_][Na(H_2_O)_2_Al_3_(PO_4_)_2_F_6_]·H_2_O,Mg H O Na Al P F,Mg H O Na Al P F,Mg H O Na Al P F,Mg H O Na Al P F,valid,,,
Penroseite,"(Ni^2+^,Co,Cu)(Se_2_)^2-^",Ni^2+ Co Cu Se,Ni^2+ Co Cu Se,Ni Co Cu Se,Ni^2+ Co Cu Se,valid,,,
Pentagonite,CaV^4+^OSi_4_O_10_(H_2_O)_3_·H_2_O,Ca V^4+ O Si H,Ca V^4+ O Si H,Ca V O Si H,Ca V^4+ O Si H,valid,,,
Pentahydrite,MgS^6+^O_4_·5H_2_O,Mg S^6+ O H,Mg S^6+ O H,Mg S O H,Mg S^6+ O H,valid,,,
Pentahydroborite,CaB_2_O(OH)_6_(H_2_O)·H_2_O,Ca B O H,Ca B O H,Ca B O H,Ca B O H,valid,,,
Pentlandite,"(Ni,Fe)_9_S_8_",Ni Fe S,Ni Fe S,Ni Fe S,Ni Fe S,valid,,,
Penzhinite,"(Ag,Cu)_4_Au(S,Se)_4_",Ag Cu Au S Se,Ag Cu Au S Se,Ag Cu Au S Se,Ag Cu Au S Se,valid,,,
Peprossiite-(Ce),Ce^3+^Al_2_(B_3.67_Si_0.33_)O_10.67_,Ce^3+ Al B Si O,Ce^3+ Al B Si O,Ce Al B Si O,Ce^3+ Al B Si O,valid,,,
Peprossiite-(Y),YAl_2_(B_3.67_Si_0.33_)O_10.67_,Y Al B Si O,Y Al B Si O,Y Al B Si O,Y Al B Si O,valid,,,
Perbøeite-(Ce),(CaCe^3+^_3_)(Al_3_Fe^2+^)(Si_2_O_7_)(SiO_4_)_3_O(OH)_2_,Ca Ce^3+ Al Fe^2+ Si O H,Ca Ce^3+ Al Fe^2+ Si O H,Ca Ce Al Fe Si O H,Ca Ce^3+ Al Fe^2+ Si O H,valid,,,
Perbøeite-(La),(CaLa_3_)(Al_3_Fe^2+^)[Si_2_O_7_][SiO_4_]_3_O(OH)_2_,Ca La Al Fe^2+ Si O H,Ca La Al Fe^2+ Si O H,Ca La Al Fe Si O H,Ca La Al Fe^2+ Si O H,valid,,,
Perchiazziite,Co^2+^_2_(CO_3_)(OH)_2_,Co^2+ C O H,Co^2+ C O H,Co C O H,Co^2+ C O H,valid,,,
Perchukite-(Y),Pb^2+^YAs^3+^Si_2_O_8_,Pb^2+ Y As^3+ Si O,Pb^2+ Y As^3+ Si O,Pb Y As Si O,Pb^2+ Y As^3+ Si O,valid,,,
Percleveite-(Ce),Ce^3+^_2_Si_2_O_7_,Ce^3+ Si O,Ce^3+ Si O,Ce Si O,Ce^3+ Si O,valid,,,
Percleveite-(La),La_2_Si_2_O_7_,La Si O,La Si O,La Si O,La Si O,valid,,,
Peretaite,CaSb^3+^_4_O_4_(S^6+^O_4_)_2_(OH)_2_(H_2_O)_2_,Ca Sb^3+ O S^6+ H,Ca Sb^3+ O S^6+ H,Ca Sb O S H,Ca Sb^3+ O S^6+ H,valid,,,
Perettiite-(Y),Y_2_Mn^2+^_4_Fe^2+^Si_2_B_8_O_24_,Y Mn^2+ Fe^2+ Si B O,Y Mn^2+ Fe^2+ Si B O,Y Mn Fe Si B O,Y Mn^2+ Fe^2+ Si B O,valid,,,
Perhamite,Ca_3_Al_7.7_Si_3_P_4_O_23.5_(OH)_14.1_·8H_2_O,Ca Al Si P O H,Ca Al Si P O H,Ca Al Si P O H,Ca Al Si P O H,valid,,,
Periclase,MgO,Mg O,Mg O,Mg O,Mg O,valid,,,
Perite,Pb^2+^Bi^3+^O_2_Cl,Pb^2+ Bi^3+ O Cl,Pb^2+ Bi^3+ O Cl,Pb Bi O Cl,Pb^2+ Bi^3+ O Cl,valid,,,
Perlialite,K_9_NaCa(Si_24_Al_12_)O_72_·15H_2_O,K Na Ca Si Al O H,K Na Ca Si Al O H,K Na Ca Si Al O H,K Na Ca Si Al O H,valid,,,
Perloffite,BaMn^2+^_2_Fe^3+^_2_(PO_4_)_3_(OH)_3_,Ba Mn^2+ Fe^3+ P O H,Ba Mn^2+ Fe^3+ P O H,Ba Mn Fe P O H,Ba Mn^2+ Fe^3+ P O H,valid,,,
Permingeatite,Cu_3_SbSe^2-^_4_,Cu Sb Se^2-,Cu Sb Se^2-,Cu Sb Se,Cu Sb Se^2-,valid,,,
Perovskite,CaTi^4+^O_3_,Ca Ti^4+ O,Ca Ti^4+ O,Ca Ti O,Ca Ti^4+ O,valid,,,
Perraultite,NaBaMn^2+^_4_Ti^4+^_2_(Si_2_O_7_)_2_O_2_(OH)_2_F,Na Ba Mn^2+ Ti^4+ Si O H F,Na Ba Mn^2+ Ti^4+ Si O H F,Na Ba Mn Ti Si O H F,Na Ba Mn^2+ Ti^4+ Si O H F,valid,,,
Perrierite-(Ce),Ce^3+^_4_MgFe^3+^_2_Ti^4+^_2_O_8_(Si_2_O_7_)_2_,Ce^3+ Mg Fe^3+ Ti^4+ O Si,Ce^3+ Mg Fe^3+ Ti^4+ O Si,Ce Mg Fe Ti O Si,Ce^3+ Mg Fe^3+ Ti^4+ O Si,valid,,,
Perrierite-(La),"(La,Ce^3+^,Ca)_4_(Fe^2+^,Mn^2+^)(Ti^4+^,Fe^3+^,Al)_4_(Si_2_O_7_)_2_O_8_",La Ce^3+ Ca Fe^2+ Mn^2+ Ti^4+ Fe^3+ Al Si O,La Ce^3+ Ca Fe^2+ Mn^2+ Ti^4+ Fe^3+ Al Si O,La Ce Ca Fe Mn Ti Al Si O,La Ce^3+ Ca Fe^2+ Mn^2+ Ti^4+ Fe^3+ Al Si O,valid,,,
Perroudite,"Ag^1+^_4_Hg^2+^_5_S^2-^_5_(I^1-^,Br)_2_Cl_2_",Ag^1+ Hg^2+ S^2- I^1- Br Cl,Ag^1+ Hg^2+ S^2- I^1- Br Cl,Ag Hg S I Br Cl,Ag^1+ Hg^2+ S^2- I^1- Br Cl,valid,,,
Perryite,"(Ni,Fe)_8_(Si,P)_3_",Ni Fe Si P,Ni Fe Si P,Ni Fe Si P,Ni Fe Si P,valid,,,
Pertlikite,"K_2_(Fe^2+^,Mg)_2_(Mg,Fe^3+^)_4_Fe^3+^_2_Al(S^6+^O_4_)_12_·18H_2_O",K Fe^2+ Mg Fe^3+ Al S^6+ O H,K Fe^2+ Mg Fe^3+ Al S^6+ O H,K Fe Mg Al S O H,K Fe^2+ Mg Fe^3+ Al S^6+ O H,valid,,,
Pertoldite,GeO_2_,Ge O,Ge O,Ge O,Ge O,valid,,,
Pertsevite-(F),Mg_2_BO_3_F,Mg B O F,Mg B O F,Mg B O F,Mg B O F,valid,,,
Pertsevite-(OH),Mg_2_BO_3_(OH),Mg B O H,Mg B O H,Mg B O H,Mg B O H,valid,,,
Petalite,LiAlSi_4_O_10_,Li Al Si O,Li Al Si O,Li Al Si O,Li Al Si O,valid,,,
Petarasite,"Na_5_Zr^4+^_2_Si_6_O_18_(Cl,OH)(H_2_O)_2_",Na Zr^4+ Si O Cl H,Na Zr^4+ Si O Cl H,Na Zr Si O Cl H,Na Zr^4+ Si O Cl H,valid,,,
Petedunnite,CaZn^2+^Si_2_O_6_,Ca Zn^2+ Si O,Ca Zn^2+ Si O,Ca Zn Si O,Ca Zn^2+ Si O,valid,,,
Peterandresenite,Mn^2+^_4_Nb^5+^_6_O_19_(H_2_O)_12_·2H_2_O,Mn^2+ Nb^5+ O H,Mn^2+ Nb^5+ O H,Mn Nb O H,Mn^2+ Nb^5+ O H,valid,,,
Peterbaylissite,Hg^1+^_3_CO_3_(OH)·2H_2_O,Hg^1+ C O H,Hg^1+ C O H,Hg C O H,Hg^1+ C O H,valid,,,
Peterchinite,Zn^2+^_3_Zn^2+^_2_(OH)_6_As^5+^[O_3_(OH)_3_],Zn^2+ O H As^5+,Zn^2+ O H As^5+,Zn O H As,Zn^2+ O H As^5+,valid,,,
Petermegawite,Al_6_(Se^4+^O_3_)_3_[SiO_3_(OH)](OH)_9_(H_2_O)_6_·4H_2_O,Al Se^4+ O Si H,Al Se^4+ O Si H,Al Se O Si H,Al Se^4+ O Si H,valid,,,
Petersenite-(Ce),Na_4_Ce^3+^_2_(CO_3_)_5_,Na Ce^3+ C O,Na Ce^3+ C O,Na Ce C O,Na Ce^3+ C O,valid,,,
Petersite-(Ce),Cu^2+^_6_Ce^3+^(PO_4_)_3_(OH)_6_·3H_2_O,Cu^2+ Ce^3+ P O H,Cu^2+ Ce^3+ P O H,Cu Ce P O H,Cu^2+ Ce^3+ P O H,valid,,,
Petersite-(La),Cu^2+^_6_La(PO_4_)_3_(OH)_6_·3H_2_O,Cu^2+ La P O H,Cu^2+ La P O H,Cu La P O H,Cu^2+ La P O H,valid,,,
Petersite-(Y),Cu^2+^_6_Y(PO_4_)_3_(OH)_6_·3H_2_O,Cu^2+ Y P O H,Cu^2+ Y P O H,Cu Y P O H,Cu^2+ Y P O H,valid,,,
Petewilliamsite,"(Ni^2+^,Co^2+^)_30_(As^5+^_2_O_7_)_15_",Ni^2+ Co^2+ As^5+ O,Ni^2+ Co^2+ As^5+ O,Ni Co As O,Ni^2+ Co^2+ As^5+ O,valid,,,
Petitjeanite,Bi^3+^_3_O(PO_4_)_2_(OH),Bi^3+ O P H,Bi^3+ O P H,Bi O P H,Bi^3+ O P H,valid,,,
Petříčekite,Cu^2+^(Se_2_)^2-^,Cu^2+ Se,Cu^2+ Se,Cu Se,Cu^2+ Se,valid,,,
Petrovicite,Cu^1+^_3_Hg^2+^Pb^2+^Bi^3+^Se^2-^_5_,Cu^1+ Hg^2+ Pb^2+ Bi^3+ Se^2-,Cu^1+ Hg^2+ Pb^2+ Bi^3+ Se^2-,Cu Hg Pb Bi Se,Cu^1+ Hg^2+ Pb^2+ Bi^3+ Se^2-,valid,,,
Petrovite,Na_12_Cu^2+^_2_(S^6+^O_4_)_8_,Na Cu^2+ S^6+ O,Na Cu^2+ S^6+ O,Na Cu S O,Na Cu^2+ S^6+ O,valid,,,
Petrovskaite,AuAgS,Au Ag S,Au Ag S,Au Ag S,Au Ag S,valid,,,
Petrukite,"(Cu^1+^,Ag^1+^)_2_(Fe^2+^,Zn^2+^)(Sn^4+^,In^4+^)S^2-^_4_",Cu^1+ Ag^1+ Fe^2+ Zn^2+ Sn^4+ In^4+ S^2-,Cu^1+ Ag^1+ Fe^2+ Zn^2+ Sn^4+ In^4+ S^2-,Cu Ag Fe Zn Sn In S,Cu^1+ Ag^1+ Fe^2+ Zn^2+ Sn^4+ In^4+ S^2-,valid,,,
Petscheckite,U^4+^Fe^2+^Nb^5+^_2_O_8_,U^4+ Fe^2+ Nb^5+ O,U^4+ Fe^2+ Nb^5+ O,U Fe Nb O,U^4+ Fe^2+ Nb^5+ O,valid,,,
Petterdite,Pb^2+^Cr^3+^_2_(CO_3_)_2_(OH)_4_·H_2_O,Pb^2+ Cr^3+ C O H,Pb^2+ Cr^3+ C O H,Pb Cr C O H,Pb^2+ Cr^3+ C O H,valid,,,
Petzite,Ag^1+^_3_Au^1+^Te^2-^_2_,Ag^1+ Au^1+ Te^2-,Ag^1+ Au^1+ Te^2-,Ag Au Te,Ag^1+ Au^1+ Te^2-,valid,,,
Pezzottaite-(Cs),Cs(Be_2_Li)Al_2_(Si_6_O_18_),Cs Be Li Al Si O,Cs Be Li Al Si O,Cs Be Li Al Si O,Cs Be Li Al Si O,valid,,,
Pfaffenbergite,KNa_3_(Al_4_Si_12_)O_32_,K Na Al Si O,K Na Al Si O,K Na Al Si O,K Na Al Si O,valid,,,
Pharmacoalumite,KAl_4_(As^5+^O_4_)_3_(OH)_4_·6.5H_2_O,K Al As^5+ O H,K Al As^5+ O H,K Al As O H,K Al As^5+ O H,valid,,,
Pharmacolite,Ca(As^5+^O_3_OH)·2H_2_O,Ca As^5+ O H,Ca As^5+ O H,Ca As O H,Ca As^5+ O H,valid,,,
Pharmacosiderite,KFe^3+^_4_(As^5+^O_4_)_3_(OH)_4_·6-7H_2_O,K Fe^3+ As^5+ O H,K Fe^3+ As^5+ O H,K Fe As O H,K Fe^3+ As^5+ O H,valid,,,
Pharmazincite,KZn^2+^As^5+^O_4_,K Zn^2+ As^5+ O,K Zn^2+ As^5+ O,K Zn As O,K Zn^2+ As^5+ O,valid,,,
Phaunouxite,Ca_3_(As^5+^O_4_)_2_(H_2_O)_8_·3H_2_O,Ca As^5+ O H,Ca As^5+ O H,Ca As O H,Ca As^5+ O H,valid,,,
Phenakite,Be_2_SiO_4_,Be Si O,Be Si O,Be Si O,Be Si O,valid,,,
Philipsbornite,Pb^2+^Al_3_(As^5+^O_4_)(As^5+^O_3_OH)(OH)_6_,Pb^2+ Al As^5+ O H,Pb^2+ Al As^5+ O H,Pb Al As O H,Pb^2+ Al As^5+ O H,valid,,,
Philipsburgite,Cu^2+^_5_Zn^2+^(As^5+^O_4_)(PO_4_)(OH)_6_·H_2_O,Cu^2+ Zn^2+ As^5+ O P H,Cu^2+ Zn^2+ As^5+ O P H,Cu Zn As O P H,Cu^2+ Zn^2+ As^5+ O P H,valid,,,
Phillipsite-Ca,Ca_3_(Si_10_Al_6_)O_32_·12H_2_O,Ca Si Al O H,Ca Si Al O H,Ca Si Al O H,Ca Si Al O H,valid,,,
Phillipsite-K,K_6_(Si_10_Al_6_)O_32_·12H_2_O,K Si Al O H,K Si Al O H,K Si Al O H,K Si Al O H,valid,,,
Phillipsite-Na,Na_6_(Si_10_Al_6_)O_32_·12H_2_O,Na Si Al O H,Na Si Al O H,Na Si Al O H,Na Si Al O H,valid,,,
Philolithite,Pb^2+^_12_O_6_Mn^2+^_7_(S^6+^O_4_)(CO_3_)_4_Cl_4_(OH)_12_,Pb^2+ O Mn^2+ S^6+ C Cl H,Pb^2+ O Mn^2+ S^6+ C Cl H,Pb O Mn S C Cl H,Pb^2+ O Mn^2+ S^6+ C Cl H,valid,,,
Philoxenite,"(K,Na,Pb^2+^)_4_(Na,Ca)_2_(Mg,Cu^2+^)_3_(Fe^3+^_0.5_Al_0.5_)(S^6+^O_4_)_8_",K Na Pb^2+ Ca Mg Cu^2+ Fe^3+ Al S^6+ O,K Na Pb^2+ Ca Mg Cu^2+ Fe^3+ Al S^6+ O,K Na Pb Ca Mg Cu Fe Al S O,K Na Pb^2+ Ca Mg Cu^2+ Fe^3+ Al S^6+ O,valid,,,
Philrothite,Tl^1+^As^3+^_3_S^2-^_5_,Tl^1+ As^3+ S^2-,Tl^1+ As^3+ S^2-,Tl As S,Tl^1+ As^3+ S^2-,valid,,,
Phlogopite,KMg_3_(Si_3_Al)O_10_(OH)_2_,K Mg Si Al O H,K Mg Si Al O H,K Mg Si Al O H,K Mg Si Al O H,valid,,,
Phoenicochroite,Pb^2+^_2_O(Cr^6+^O_4_),Pb^2+ O Cr^6+,Pb^2+ O Cr^6+,Pb O Cr,Pb^2+ O Cr^6+,valid,,,
Phosgenite,Pb^2+^_2_CO_3_Cl_2_,Pb^2+ C O Cl,Pb^2+ C O Cl,Pb C O Cl,Pb^2+ C O Cl,valid,,,
Phosinaite-(Ce),Na_13_Ca_2_Ce^3+^(SiO_3_)_4_(PO_4_)_4_,Na Ca Ce^3+ Si O P,Na Ca Ce^3+ Si O P,Na Ca Ce Si O P,Na Ca Ce^3+ Si O P,valid,,,
Phosphammite,(N^3-^H_4_)_2_(PO_3_OH),N^3- H P O,N^3- H P O,N H P O,N^3- H P O,valid,,,
Phosphocyclite-(Fe),Fe^2+^_2_(P_4_O_12_),Fe^2+ P O,Fe^2+ P O,Fe P O,Fe^2+ P O,valid,,,
Phosphocyclite-(Ni),Ni^2+^_2_(P_4_O_12_),Ni^2+ P O,Ni^2+ P O,Ni P O,Ni^2+ P O,valid,,,
Phosphoellenbergerite,"(Mg,[box])_2_Mg_12_(PO_4_,PO_3_OH)_6_(PO_3_OH,CO_3_)_2_(OH)_6_",Mg P O H C,Mg P O H C,Mg P O H C,Mg P O H C,valid,,,
Phosphoferrite,Fe^2+^_3_(PO_4_)_2_(H_2_O)_3_,Fe^2+ P O H,Fe^2+ P O H,Fe P O H,Fe^2+ P O H,valid,,,
Phosphofibrite,"(H_2_O,K)_3.5_Fe^3+^_8_(PO_4_)_6_(OH)_7_(H_2_O)_5_",H O K Fe^3+ P,H O K Fe^3+ P,H O K Fe P,H O K Fe^3+ P,valid,,,
Phosphogartrellite,"Pb^2+^Cu^2+^Fe^3+^(PO_4_)_2_(OH,H_2_O)_2_",Pb^2+ Cu^2+ Fe^3+ P O H,Pb^2+ Cu^2+ Fe^3+ P O H,Pb Cu Fe P O H,Pb^2+ Cu^2+ Fe^3+ P O H,valid,,,
Phosphohedyphane,Ca_2_Pb^2+^_3_(PO_4_)_3_Cl,Ca Pb^2+ P O Cl,Ca Pb^2+ P O Cl,Ca Pb P O Cl,Ca Pb^2+ P O Cl,valid,,,
Phosphoinnelite,Na_3_Ba_4_Ti^4+^_3_Si_4_O_14_(PO_4_)_2_O_2_F,Na Ba Ti^4+ Si O P F,Na Ba Ti^4+ Si O P F,Na Ba Ti Si O P F,Na Ba Ti^4+ Si O P F,valid,,,
Phosphophyllite,Zn^2+^_2_Fe^2+^(PO_4_)_2_(H_2_O)_4_,Zn^2+ Fe^2+ P O H,Zn^2+ Fe^2+ P O H,Zn Fe P O H,Zn^2+ Fe^2+ P O H,valid,,,
Phosphorrösslerite,Mg(PO_3_OH)(H_2_O)_6_·H_2_O,Mg P O H,Mg P O H,Mg P O H,Mg P O H,valid,,,
Phosphosiderite,Fe^3+^PO_4_·2H_2_O,Fe^3+ P O H,Fe^3+ P O H,Fe P O H,Fe^3+ P O H,valid,,,
Phosphovanadylite-Ba,BaV^4+^_4_P_2_O_10_(OH)_6_·12H_2_O,Ba V^4+ P O H,Ba V^4+ P O H,Ba V P O H,Ba V^4+ P O H,valid,,,
Phosphovanadylite-Ca,CaV^4+^_4_P_2_O_10_(OH)_6_·12H_2_O,Ca V^4+ P O H,Ca V^4+ P O H,Ca V P O H,Ca V^4+ P O H,valid,,,
Phosphowalpurgite,(U^6+^O_2_)Bi^3+^_4_O_4_(PO_4_)_2_(H_2_O)_2_,U^6+ O Bi^3+ P H,U^6+ O Bi^3+ P H,U O Bi P H,U^6+ O Bi^3+ P H,valid,,,
Phosphuranylite,KCa(H_3_O)_3_(H_2_O)_8_(U^6+^O_2_)_7_(PO_4_)_4_O_4_,K Ca H O U^6+ P,K Ca H O U^6+ P,K Ca H O U P,K Ca H O U^6+ P,valid,,,
Phoxite,(N^3-^H_4_)_2_Mg_2_((C_2_)^6+^O_4_)(PO_3_OH)_2_(H_2_O)_4_,N^3- H Mg C O P,N^3- H Mg C O P,N H Mg C O P,N^3- H Mg C O P,valid,,,
Phuralumite,Al_2_[(U^6+^O_2_)_3_(PO_4_)_2_O(OH)](OH)_3_(H_2_O)_9_,Al U^6+ O P H,Al U^6+ O P H,Al U O P H,Al U^6+ O P H,valid,,,
Phurcalite,Ca_2_(H_2_O)_6_[(U^6+^O_2_)_3_O_2_(PO_4_)_2_]·H_2_O,Ca H O U^6+ P,Ca H O U^6+ P,Ca H O U P,Ca H O U^6+ P,valid,,,
Phylloretine,C_18_H_18_,C H,C H,C H,C H,valid,,,
Phyllotungstite,HCaFe^3+^_3_(W^6+^O_4_)_6_(H_2_O)_10_,H Ca Fe^3+ W^6+ O,H Ca Fe^3+ W^6+ O,H Ca Fe W O,H Ca Fe^3+ W^6+ O,valid,,,
Picaite,NaCa[As^5+^O_3_OH][As^5+^O_2_(OH)_2_],Na Ca As^5+ O H,Na Ca As^5+ O H,Na Ca As O H,Na Ca As^5+ O H,valid,,,
Piccoliite,NaCaMn^3+^_2_(As^5+^O_4_)_2_O(OH),Na Ca Mn^3+ As^5+ O H,Na Ca Mn^3+ As^5+ O H,Na Ca Mn As O H,Na Ca Mn^3+ As^5+ O H,valid,,,
Pickeringite,MgAl_2_(S^6+^O_4_)_4_·22H_2_O,Mg Al S^6+ O H,Mg Al S^6+ O H,Mg Al S O H,Mg Al S^6+ O H,valid,,,
Picotpaulite,Tl^1+^Fe^2+^Fe^3+^S^2-^_3_,Tl^1+ Fe^2+ Fe^3+ S^2-,Tl^1+ Fe^2+ Fe^3+ S^2-,Tl Fe S,Tl^1+ Fe^2+ Fe^3+ S^2-,valid,,,
Picromerite,K_2_Mg(S^6+^O_4_)_2_·6H_2_O,K Mg S^6+ O H,K Mg S^6+ O H,K Mg S O H,K Mg S^6+ O H,valid,,,
Picropharmacolite,Ca_4_Mg(As^5+^O_3_OH)_2_(As^5+^O_4_)_2_(H_2_O)_7_·4H_2_O,Ca Mg As^5+ O H,Ca Mg As^5+ O H,Ca Mg As O H,Ca Mg As^5+ O H,valid,,,
Pieczkaite,Mn^2+^_5_(PO_4_)_3_Cl,Mn^2+ P O Cl,Mn^2+ P O Cl,Mn P O Cl,Mn^2+ P O Cl,valid,,,
Piemontite,Ca_2_(Al_2_Mn^3+^)(Si_2_O_7_)(SiO_4_)O(OH),Ca Al Mn^3+ Si O H,Ca Al Mn^3+ Si O H,Ca Al Mn Si O H,Ca Al Mn^3+ Si O H,valid,,,
Piemontite-(Pb),CaPb^2+^(Al_2_Mn^3+^)[Si_2_O_7_][SiO_4_]O(OH),Ca Pb^2+ Al Mn^3+ Si O H,Ca Pb^2+ Al Mn^3+ Si O H,Ca Pb Al Mn Si O H,Ca Pb^2+ Al Mn^3+ Si O H,valid,,,
Piemontite-(Sr),CaSr(Al_2_Mn^3+^)(Si_2_O_7_)(SiO_4_)O(OH),Ca Sr Al Mn^3+ Si O H,Ca Sr Al Mn^3+ Si O H,Ca Sr Al Mn Si O H,Ca Sr Al Mn^3+ Si O H,valid,,,
Piergorite-(Ce),Ca_8_Ce^3+^_2_AlLiSi_6_B_8_O_36_(OH)_2_,Ca Ce^3+ Al Li Si B O H,Ca Ce^3+ Al Li Si B O H,Ca Ce Al Li Si B O H,Ca Ce^3+ Al Li Si B O H,valid,,,
Pierrotite,"Tl^1+^_2_(Sb^3+^,As^3+^)_10_S^2-^_16_",Tl^1+ Sb^3+ As^3+ S^2-,Tl^1+ Sb^3+ As^3+ S^2-,Tl Sb As S,Tl^1+ Sb^3+ As^3+ S^2-,valid,,,
Pigeonite,"(Mg,Fe^2+^,Ca)SiO_3_",Mg Fe^2+ Ca Si O,Mg Fe^2+ Ca Si O,Mg Fe Ca Si O,Mg Fe^2+ Ca Si O,valid,,,
Pigotite,Al_4_C_6_H_5_O_10_·13H_2_O (?),Al C H O,Al C H O,Al C H O,Al C H O,valid,,,
Piilonenite-(Nd),NaNd(CO_3_)_2_·3H_2_O,Na Nd C O H,Na Nd C O H,Na Nd C O H,Na Nd C O H,valid,,,
Pilanesbergite,Na_2_Ca_2_Fe^2+^_2_Ti^4+^_2_(Si_2_O_7_)_2_O_2_F_2_,Na Ca Fe^2+ Ti^4+ Si O F,Na Ca Fe^2+ Ti^4+ Si O F,Na Ca Fe Ti Si O F,Na Ca Fe^2+ Ti^4+ Si O F,valid,,,
Pilawite-(Y),Ca_2_Y_2_Al_4_(SiO_4_)_4_O_2_(OH)_2_,Ca Y Al Si O H,Ca Y Al Si O H,Ca Y Al Si O H,Ca Y Al Si O H,valid,,,
Pilipenkoite,KCu^2+^(As^5+^O_4_)(H_2_O),K Cu^2+ As^5+ O H,K Cu^2+ As^5+ O H,K Cu As O H,K Cu^2+ As^5+ O H,valid,,,
Pillaite,Pb^2+^_9_Sb^3+^_10_S^2-^_23_ClO_0.5_,Pb^2+ Sb^3+ S^2- Cl O,Pb^2+ Sb^3+ S^2- Cl O,Pb Sb S Cl O,Pb^2+ Sb^3+ S^2- Cl O,valid,,,
Pilsenite,Bi_4_Te_3_,Bi Te,Bi Te,Bi Te,Bi Te,valid,,,
Pinakiolite,"(Mg,Mn^2+^)_2_(Mn^3+^,Sb^5+^)O_2_(BO_3_)",Mg Mn^2+ Mn^3+ Sb^5+ O B,Mg Mn^2+ Mn^3+ Sb^5+ O B,Mg Mn Sb O B,Mg Mn^2+ Mn^3+ Sb^5+ O B,valid,,,
Pinalite,Pb^2+^_3_(W^6+^O_4_)OCl_2_,Pb^2+ W^6+ O Cl,Pb^2+ W^6+ O Cl,Pb W O Cl,Pb^2+ W^6+ O Cl,valid,,,
Pinchite,Hg^2+^_5_O_4_Cl_2_,Hg^2+ O Cl,Hg^2+ O Cl,Hg O Cl,Hg^2+ O Cl,valid,,,
Pingguite,Bi^3+^_6_Te^6+^_2_O_15_,Bi^3+ Te^6+ O,Bi^3+ Te^6+ O,Bi Te O,Bi^3+ Te^6+ O,valid,,,
Pinnoite,MgB_2_O(OH)_6_,Mg B O H,Mg B O H,Mg B O H,Mg B O H,valid,,,
Pintadoite,Ca_2_V^5+^_2_O_7_·9H_2_O,Ca V^5+ O H,Ca V^5+ O H,Ca V O H,Ca V^5+ O H,valid,,,
Piretite,Ca(U^6+^O_2_)_3_(Se^4+^O_3_)_2_(OH)_4_·4H_2_O,Ca U^6+ O Se^4+ H,Ca U^6+ O Se^4+ H,Ca U O Se H,Ca U^6+ O Se^4+ H,valid,,,
Pirquitasite,Ag^1+^_2_Zn^2+^Sn^4+^S^2-^_4_,Ag^1+ Zn^2+ Sn^4+ S^2-,Ag^1+ Zn^2+ Sn^4+ S^2-,Ag Zn Sn S,Ag^1+ Zn^2+ Sn^4+ S^2-,valid,,,
Pirssonite,Na_2_Ca(CO_3_)_2_(H_2_O)_2_,Na Ca C O H,Na Ca C O H,Na Ca C O H,Na Ca C O H,valid,,,
Písekite-(Y),"(Y,As^3+^,Ca,Fe^2+^,U^4+^)(Nb^5+^,Ti^4+^,Ta^5+^)O_4_",Y As^3+ Ca Fe^2+ U^4+ Nb^5+ Ti^4+ Ta^5+ O,Y As^3+ Ca Fe^2+ U^4+ Nb^5+ Ti^4+ Ta^5+ O,Y As Ca Fe U Nb Ti Ta O,Y As^3+ Ca Fe^2+ U^4+ Nb^5+ Ti^4+ Ta^5+ O,valid,,,
Pitiglianoite,K_2_Na_6_(Si_6_Al_6_)O_24_(S^6+^O_4_)(H_2_O)_2_,K Na Si Al O S^6+ H,K Na Si Al O S^6+ H,K Na Si Al O S H,K Na Si Al O S^6+ H,valid,,,
Pitticite,"(Fe^3+^,As^5+^O_4_,S^6+^O_4_,H_2_O)",Fe^3+ As^5+ O S^6+ H,Fe^3+ As^5+ O S^6+ H,Fe As O S H,Fe^3+ As^5+ O S^6+ H,valid,,,
Pittongite,"(Na,H_2_O)_0.7_(W^6+^,Fe^3+^)(O,OH)_3_",Na H O W^6+ Fe^3+,Na H O W^6+ Fe^3+,Na H O W Fe,Na H O W^6+ Fe^3+,valid,,,
Piypite,"K_4_Cu^2+^_4_O_2_(S^6+^O_4_)_4_·(Na,Cu^1+^)Cl",K Cu^2+ O S^6+ Na Cu^1+ Cl,K Cu^2+ O S^6+ Na Cu^1+ Cl,K Cu O S Na Cl,K Cu^2+ O S^6+ Na Cu^1+ Cl,valid,,,
Pizgrischite,"(Cu^1+^,Fe^2+^)Cu^1+^_14_Pb^2+^Bi^3+^_17_S^2-^_34_",Cu^1+ Fe^2+ Pb^2+ Bi^3+ S^2-,Cu^1+ Fe^2+ Pb^2+ Bi^3+ S^2-,Cu Fe Pb Bi S,Cu^1+ Fe^2+ Pb^2+ Bi^3+ S^2-,valid,,,
Plagionite,Pb^2+^_5_Sb^3+^_8_S^2-^_17_,Pb^2+ Sb^3+ S^2-,Pb^2+ Sb^3+ S^2-,Pb Sb S,Pb^2+ Sb^3+ S^2-,valid,,,
Plancheite,Cu^2+^_8_(Si_4_O_11_)_2_(OH)_4_·H_2_O,Cu^2+ Si O H,Cu^2+ Si O H,Cu Si O H,Cu^2+ Si O H,valid,,,
Planerite,Al_6_(PO_4_)_2_(PO_3_OH)_2_(OH)_8_·4H_2_O,Al P O H,Al P O H,Al P O H,Al P O H,valid,,,
Plášilite,Na(U^6+^O_2_)(S^6+^O_4_)(OH)(H_2_O)_2_,Na U^6+ O S^6+ H,Na U^6+ O S^6+ H,Na U O S H,Na U^6+ O S^6+ H,valid,,,
Platinum,Pt,Pt,Pt,Pt,Pt,valid,,,
Plattnerite,Pb^4+^O_2_,Pb^4+ O,Pb^4+ O,Pb O,Pb^4+ O,valid,,,
Plavnoite,K_0.8_Mn^2+^_0.6_[(U^6+^O_2_)_2_O_2_(S^6+^O_4_)]·3.5H_2_O,K Mn^2+ U^6+ O S^6+ H,K Mn^2+ U^6+ O S^6+ H,K Mn U O S H,K Mn^2+ U^6+ O S^6+ H,valid,,,
Playfairite,"Pb^2+^_16_(Sb^3+^,As^3+^)_19_S^2-^_44_Cl",Pb^2+ Sb^3+ As^3+ S^2- Cl,Pb^2+ Sb^3+ As^3+ S^2- Cl,Pb Sb As S Cl,Pb^2+ Sb^3+ As^3+ S^2- Cl,valid,,,
Plechovite,Ca_2_[K(H_2_O)]KBe_3_Si_12_O_30_,Ca K H O Be Si,Ca K H O Be Si,Ca K H O Be Si,Ca K H O Be Si,valid,,,
Pleysteinite,[(H_2_O)K]Mn^2+^_2_Al_3_(PO_4_)_4_F_2_(H_2_O)_10_·4H_2_O,H O K Mn^2+ Al P F,H O K Mn^2+ Al P F,H O K Mn Al P F,H O K Mn^2+ Al P F,valid,,,
Plimerite,Zn^2+^_2_Fe^3+^_3_(PO_4_)_3_(OH)_4_(H_2_O),Zn^2+ Fe^3+ P O H,Zn^2+ Fe^3+ P O H,Zn Fe P O H,Zn^2+ Fe^3+ P O H,valid,,,
Pliniusite,Ca_5_(V^5+^O_4_)_3_F,Ca V^5+ O F,Ca V^5+ O F,Ca V O F,Ca V^5+ O F,valid,,,
Plombièrite,[Ca(H_2_O_5_]Ca_4_Si_6_O_16_(OH)_2_(H_2_O)_2_,Ca H O Si,Ca H O Si,Ca H O Si,Ca H O Si,valid,,,
Plumboagardite,Pb^2+^Cu^2+^_6_(As^5+^O_4_)_2_(As^5+^O_3_OH)(OH)_6_(H_2_O)_3_,Pb^2+ Cu^2+ As^5+ O H,Pb^2+ Cu^2+ As^5+ O H,Pb Cu As O H,Pb^2+ Cu^2+ As^5+ O H,valid,,,
Plumboferrite,Pb^2+^[Fe^3+^_10.67_Mn^2+^_0.33_Pb^2+^]O_18.33_,Pb^2+ Fe^3+ Mn^2+ O,Pb^2+ Fe^3+ Mn^2+ O,Pb Fe Mn O,Pb^2+ Fe^3+ Mn^2+ O,valid,,,
Plumbogaidonnayite,Pb^2+^Zr^4+^Si_3_O_9_(H_2_O)_2_,Pb^2+ Zr^4+ Si O H,Pb^2+ Zr^4+ Si O H,Pb Zr Si O H,Pb^2+ Zr^4+ Si O H,valid,,,
Plumbogottlobite,Pb^2+^Mg(V^5+^O_4_)(OH),Pb^2+ Mg V^5+ O H,Pb^2+ Mg V^5+ O H,Pb Mg V O H,Pb^2+ Mg V^5+ O H,valid,,,
Plumbogummite,Pb^2+^Al_3_(PO_4_)(PO_3_OH)(OH)_6_,Pb^2+ Al P O H,Pb^2+ Al P O H,Pb Al P O H,Pb^2+ Al P O H,valid,,,
Plumbojarosite,Pb^2+^_0.5_Fe^3+^_3_(S^6+^O_4_)_2_(OH)_6_,Pb^2+ Fe^3+ S^6+ O H,Pb^2+ Fe^3+ S^6+ O H,Pb Fe S O H,Pb^2+ Fe^3+ S^6+ O H,valid,,,
Plumbojohntomaite,Pb^2+^Fe^2+^_2_Fe^3+^_2_(PO_4_)_3_(OH)_3_,Pb^2+ Fe^2+ Fe^3+ P O H,Pb^2+ Fe^2+ Fe^3+ P O H,Pb Fe P O H,Pb^2+ Fe^2+ Fe^3+ P O H,valid,,,
Plumbonacrite,Pb^2+^_5_(CO_3_)_3_O(OH)_2_,Pb^2+ C O H,Pb^2+ C O H,Pb C O H,Pb^2+ C O H,valid,,,
Plumbopalladinite,Pb_2_Pd_3_,Pb Pd,Pb Pd,Pb Pd,Pb Pd,valid,,,
Plumboperloffite,Pb^2+^Mn^2+^_2_Fe^3+^_2_(PO_4_)_3_(OH)_3_,Pb^2+ Mn^2+ Fe^3+ P O H,Pb^2+ Mn^2+ Fe^3+ P O H,Pb Mn Fe P O H,Pb^2+ Mn^2+ Fe^3+ P O H,valid,,,
Plumbopharmacosiderite,Pb^2+^_0.5_Fe^3+^_4_(As^5+^O_4_)_3_(OH)_4_·5H_2_O,Pb^2+ Fe^3+ As^5+ O H,Pb^2+ Fe^3+ As^5+ O H,Pb Fe As O H,Pb^2+ Fe^3+ As^5+ O H,valid,,,
Plumbophyllite,Pb^2+^_2_Si_4_O_10_(H_2_O),Pb^2+ Si O H,Pb^2+ Si O H,Pb Si O H,Pb^2+ Si O H,valid,,,
Plumboselite,Pb^2+^_3_O_2_(Se^4+^O_3_),Pb^2+ O Se^4+,Pb^2+ O Se^4+,Pb O Se,Pb^2+ O Se^4+,valid,,,
Plumbotellurite,Pb^2+^Te^4+^O_3_,Pb^2+ Te^4+ O,Pb^2+ Te^4+ O,Pb Te O,Pb^2+ Te^4+ O,valid,,,
Plumbotsumite,Pb^2+^_5_Si_4_O_8_(OH)_10_,Pb^2+ Si O H,Pb^2+ Si O H,Pb Si O H,Pb^2+ Si O H,valid,,,
Plumosite,Pb^2+^_2_Sb^3+^_2_S^2-^_5_,Pb^2+ Sb^3+ S^2-,Pb^2+ Sb^3+ S^2-,Pb Sb S,Pb^2+ Sb^3+ S^2-,valid,,,
Podlesnoite,BaCa_2_(CO_3_)_2_F_2_,Ba Ca C O F,Ba Ca C O F,Ba Ca C O F,Ba Ca C O F,valid,,,
Poellmannite,Ca_6_Al_3_(OH)_18_[Na(H_2_O)_6_](S^6+^O_4_)_2_·6H_2_O,Ca Al O H Na S^6+,Ca Al O H Na S^6+,Ca Al O H Na S,Ca Al O H Na S^6+,valid,,,
Pohlite,Pb^2+^_7_(I^5+^O_3_)(OH)_4_Cl_9_,Pb^2+ I^5+ O H Cl,Pb^2+ I^5+ O H Cl,Pb I O H Cl,Pb^2+ I^5+ O H Cl,valid,,,
Poirierite,Mg_2_SiO_4_,Mg Si O,Mg Si O,Mg Si O,Mg Si O,valid,,,
Poitevinite,Cu^2+^S^6+^O_4_·H_2_O,Cu^2+ S^6+ O H,Cu^2+ S^6+ O H,Cu S O H,Cu^2+ S^6+ O H,valid,,,
Pokhodyashinite,Cu^1+^Tl^1+^Sb^3+^_2_(Sb^3+^_0.7_Tl^1+^_0.3_)As^3+^S^2-^_6.7_,Cu^1+ Tl^1+ Sb^3+ As^3+ S^2-,Cu^1+ Tl^1+ Sb^3+ As^3+ S^2-,Cu Tl Sb As S,Cu^1+ Tl^1+ Sb^3+ As^3+ S^2-,valid,,,
Pokrovskite,Mg_2_CO_3_(OH)_2_,Mg C O H,Mg C O H,Mg C O H,Mg C O H,valid,,,
Polarite,"Pd(Bi,Pb)",Pd Bi Pb,Pd Bi Pb,Pd Bi Pb,Pd Bi Pb,valid,,,
Poldervaartite,"Ca(Ca,Mn^2+^)(SiO_3_OH)(OH)",Ca Mn^2+ Si O H,Ca Mn^2+ Si O H,Ca Mn Si O H,Ca Mn^2+ Si O H,valid,,,
Polekhovskyite,MoNiP_2_,Mo Ni P,Mo Ni P,Mo Ni P,Mo Ni P,valid,,,
Polezhaevaite-(Ce),NaSrCe^3+^F_6_,Na Sr Ce^3+ F,Na Sr Ce^3+ F,Na Sr Ce F,Na Sr Ce^3+ F,valid,,,
Polhemusite,"(Zn^2+^,Hg^2+^)S^2-^",Zn^2+ Hg^2+ S^2-,Zn^2+ Hg^2+ S^2-,Zn Hg S,Zn^2+ Hg^2+ S^2-,valid,,,
Polkanovite,Rh_12_As_7_,Rh As,Rh As,Rh As,Rh As,valid,,,
Polkovicite,"(Fe^2+^,Pb^2+^)_3_(Ge^4+^,Fe^3+^)_1-x_S^2-^_4_",Fe^2+ Pb^2+ Ge^4+ Fe^3+ S^2-,Fe^2+ Pb^2+ Ge^4+ Fe^3+ S^2-,Fe Pb Ge S,Fe^2+ Pb^2+ Ge^4+ Fe^3+ S^2-,valid,,,
Polloneite,Ag^1+^Pb^2+^_46_As^3+^_26_Sb^3+^_23_S^2-^_120_,Ag^1+ Pb^2+ As^3+ Sb^3+ S^2-,Ag^1+ Pb^2+ As^3+ Sb^3+ S^2-,Ag Pb As Sb S,Ag^1+ Pb^2+ As^3+ Sb^3+ S^2-,valid,,,
Pollucite,Cs(Si_2_Al)O_6_·nH_2_O,Cs Si Al O H,Cs Si Al O H,Cs Si Al O H,Cs Si Al O H,valid,,,
Polyakovite-(Ce),"(Ce^3+^,Ca)_4_MgCr^3+^_2_(Ti^4+^,Nb^5+^)_2_Si_4_O_22_",Ce^3+ Ca Mg Cr^3+ Ti^4+ Nb^5+ Si O,Ce^3+ Ca Mg Cr^3+ Ti^4+ Nb^5+ Si O,Ce Ca Mg Cr Ti Nb Si O,Ce^3+ Ca Mg Cr^3+ Ti^4+ Nb^5+ Si O,valid,,,
Polyarsite,Na_7_CaMgCu^2+^_2_(As^5+^O_4_)_4_F_2_Cl,Na Ca Mg Cu^2+ As^5+ O F Cl,Na Ca Mg Cu^2+ As^5+ O F Cl,Na Ca Mg Cu As O F Cl,Na Ca Mg Cu^2+ As^5+ O F Cl,valid,,,
Polybasite,"[Ag^1+^_9_Cu^1+^S^2-^_4_][(Ag^1+^,Cu^1+^)_6_(Sb^3+^,As^3+^)_2_S^2-^_7_]",Ag^1+ Cu^1+ S^2- Sb^3+ As^3+,Ag^1+ Cu^1+ S^2- Sb^3+ As^3+,Ag Cu S Sb As,Ag^1+ Cu^1+ S^2- Sb^3+ As^3+,valid,,,
Polydymite,Ni^2+^Ni^3+^_2_S^2-^_4_,Ni^2+ Ni^3+ S^2-,Ni^2+ Ni^3+ S^2-,Ni S,Ni^2+ Ni^3+ S^2-,valid,,,
Polyhalite,K_2_Ca_2_Mg(S^6+^O_4_)_4_(H_2_O)_2_,K Ca Mg S^6+ O H,K Ca Mg S^6+ O H,K Ca Mg S O H,K Ca Mg S^6+ O H,valid,,,
Polylithionite,KLi_2_AlSi_4_O_10_F_2_,K Li Al Si O F,K Li Al Si O F,K Li Al Si O F,K Li Al Si O F,valid,,,
Polyphite,Na_6_(Na_4_Ca_2_)_2_Na_2_Ti^4+^_2_Na_2_Ti^4+^_2_(Si_2_O_7_)_2_(PO_4_)_6_O_4_F_4_,Na Ca Ti^4+ Si O P F,Na Ca Ti^4+ Si O P F,Na Ca Ti Si O P F,Na Ca Ti^4+ Si O P F,valid,,,
Pomite,Ca_3_[V^4+^_5_V^5+^_10_O_37_(CO_3_)]·37H_2_O,Ca V^4+ V^5+ O C H,Ca V^4+ V^5+ O C H,Ca V O C H,Ca V^4+ V^5+ O C H,valid,,,
Ponomarevite,K_4_Cu^2+^_4_OCl_10_,K Cu^2+ O Cl,K Cu^2+ O Cl,K Cu O Cl,K Cu^2+ O Cl,valid,,,
Popovite,Cu^2+^_5_O_2_(As^5+^O_4_)_2_,Cu^2+ O As^5+,Cu^2+ O As^5+,Cu O As,Cu^2+ O As^5+,valid,,,
Poppiite,"Ca_2_V^3+^V^3+^_2_(Si_2_O_7_)(SiO_4_)(OH,O)_2_·H_2_O",Ca V^3+ Si O H,Ca V^3+ Si O H,Ca V Si O H,Ca V^3+ Si O H,valid,,,
Popugaevaite,Ca_3_[B_5_O_6_(OH)_6_]FCl_2_(H_2_O)_4_·4H_2_O,Ca B O H F Cl,Ca B O H F Cl,Ca B O H F Cl,Ca B O H F Cl,valid,,,
Portlandite,Ca(OH)_2_,Ca O H,Ca O H,Ca O H,Ca O H,valid,,,
Pošepnýite,(Cu^+1^_3+x_[box]_3-x_)(Hg^2+^_4-x_Cu^+1^_2+x_)Sb^3+^_4_(Se^2-^_12.5_[box]_0.5_) (0 ≤ x << 2),Cu Hg^2+ Sb^3+ Se^2-,Cu^1+ Hg^2+ Sb^3+ Se^2-,Cu Hg Sb Se,Cu Hg^2+ Sb^3+ Se^2-,charge_mismatch,,,Cu: expected unspecified; parsed 1+
Posnjakite,Cu^2+^_4_(S^6+^O_4_)(OH)_6_(H_2_O),Cu^2+ S^6+ O H,Cu^2+ S^6+ O H,Cu S O H,Cu^2+ S^6+ O H,valid,,,
Postite,MgAl_2_(OH)_2_[V^5+^_10_O_28_]·27H_2_O,Mg Al O H V^5+,Mg Al O H V^5+,Mg Al O H V,Mg Al O H V^5+,valid,,,
Potarite,PdHg,Pd Hg,Pd Hg,Pd Hg,Pd Hg,valid,,,
Potassic-arfvedsonite,KNa_2_Fe^2+^_4_Fe^3+^Si_8_O_22_(OH)_2_,K Na Fe^2+ Fe^3+ Si O H,K Na Fe^2+ Fe^3+ Si O H,K Na Fe Si O H,K Na Fe^2+ Fe^3+ Si O H,valid,,,
Potassiccarpholite,K(Mn^2+^Li)Al_4_Si_4_O_12_(OH)_8_,K Mn^2+ Li Al Si O H,K Mn^2+ Li Al Si O H,K Mn Li Al Si O H,K Mn^2+ Li Al Si O H,valid,,,
Potassic-chloro-hastingsite,KCa_2_(Fe^2+^_4_Fe^3+^)(Si_6_Al_2_)O_22_Cl_2_,K Ca Fe^2+ Fe^3+ Si Al O Cl,K Ca Fe^2+ Fe^3+ Si Al O Cl,K Ca Fe Si Al O Cl,K Ca Fe^2+ Fe^3+ Si Al O Cl,valid,,,
Potassic-chloro-pargasite,KCa_2_(Mg_4_Al)(Si_6_Al_2_)O_22_Cl_2_,K Ca Mg Al Si O Cl,K Ca Mg Al Si O Cl,K Ca Mg Al Si O Cl,K Ca Mg Al Si O Cl,valid,,,
Potassic-ferri-leakeite,KNa_2_(Mg_2_Fe^3+^_2_Li)Si_8_O_22_(OH)_2_,K Na Mg Fe^3+ Li Si O H,K Na Mg Fe^3+ Li Si O H,K Na Mg Fe Li Si O H,K Na Mg Fe^3+ Li Si O H,valid,,,
Potassic-ferro-ferri-sadanagaite,KCa_2_(Fe^2+^_3_Fe^3+^_2_)(Si_5_Al_3_)O_22_(OH)_2_,K Ca Fe^2+ Fe^3+ Si Al O H,K Ca Fe^2+ Fe^3+ Si Al O H,K Ca Fe Si Al O H,K Ca Fe^2+ Fe^3+ Si Al O H,valid,,,
Potassic-ferro-ferri-taramite,K(NaCa)(Fe^2+^_3_Fe^3+^_2_)(Si_6_Al_2_)O_22_(OH)_2_,K Na Ca Fe^2+ Fe^3+ Si Al O H,K Na Ca Fe^2+ Fe^3+ Si Al O H,K Na Ca Fe Si Al O H,K Na Ca Fe^2+ Fe^3+ Si Al O H,valid,,,
Potassic-ferro-pargasite,KCa_2_(Fe^2+^_4_Al)Si_6_Al_2_O_22_(OH)_2_,K Ca Fe^2+ Al Si O H,K Ca Fe^2+ Al Si O H,K Ca Fe Al Si O H,K Ca Fe^2+ Al Si O H,valid,,,
Potassic-ferro-sadanagaite,KCa_2_(Fe^2+^_3_Al_2_)(Si_5_Al_3_)O_22_(OH)_2_,K Ca Fe^2+ Al Si O H,K Ca Fe^2+ Al Si O H,K Ca Fe Al Si O H,K Ca Fe^2+ Al Si O H,valid,,,
Potassic-ferro-taramite,K(NaCa)(Fe^2+^_3_Al_2_)(Si_6_Al_2_)O_22_(OH)_2_,K Na Ca Fe^2+ Al Si O H,K Na Ca Fe^2+ Al Si O H,K Na Ca Fe Al Si O H,K Na Ca Fe^2+ Al Si O H,valid,,,
Potassic-fluoro-hastingsite,KCa_2_(Fe^2+^_4_Fe^3+^)(Si_6_Al_2_)O_22_F_2_,K Ca Fe^2+ Fe^3+ Si Al O F,K Ca Fe^2+ Fe^3+ Si Al O F,K Ca Fe Si Al O F,K Ca Fe^2+ Fe^3+ Si Al O F,valid,,,
Potassic-fluoro-pargasite,KCa_2_(Mg_4_Al)Si_6_Al_2_O_22_F_2_,K Ca Mg Al Si O F,K Ca Mg Al Si O F,K Ca Mg Al Si O F,K Ca Mg Al Si O F,valid,,,
Potassic-fluoro-richterite,K(NaCa)Mg_5_Si_8_O_22_F_2_,K Na Ca Mg Si O F,K Na Ca Mg Si O F,K Na Ca Mg Si O F,K Na Ca Mg Si O F,valid,,,
Potassic-hastingsite,KCa_2_(Fe^2+^_4_Fe^3+^)(Si_6_Al_2_)O_22_(OH)_2_,K Ca Fe^2+ Fe^3+ Si Al O H,K Ca Fe^2+ Fe^3+ Si Al O H,K Ca Fe Si Al O H,K Ca Fe^2+ Fe^3+ Si Al O H,valid,,,
Potassic-jeanlouisite,K(NaCa)(Mg_4_Ti^4+^)Si_8_O_22_O_2_,K Na Ca Mg Ti^4+ Si O,K Na Ca Mg Ti^4+ Si O,K Na Ca Mg Ti Si O,K Na Ca Mg Ti^4+ Si O,valid,,,
Potassic-magnesio-arfvedsonite,KNa_2_Mg_4_Fe^3+^Si_8_O_22_(OH)_2_,K Na Mg Fe^3+ Si O H,K Na Mg Fe^3+ Si O H,K Na Mg Fe Si O H,K Na Mg Fe^3+ Si O H,valid,,,
Potassic-magnesio-fluoro-arfvedsonite,KNa_2_(Mg_4_Fe^3+^)Si_8_O_22_F_2_,K Na Mg Fe^3+ Si O F,K Na Mg Fe^3+ Si O F,K Na Mg Fe Si O F,K Na Mg Fe^3+ Si O F,valid,,,
Potassic-magnesio-hastingsite,KCa_2_(Mg_4_Fe^3+^)(Si_6_Al_2_)O_22_(OH)_2_,K Ca Mg Fe^3+ Si Al O H,K Ca Mg Fe^3+ Si Al O H,K Ca Mg Fe Si Al O H,K Ca Mg Fe^3+ Si Al O H,valid,,,
Potassic-mangani-leakeite,KNa_2_(Mg_2_Mn^3+^_2_Li)Si_8_O_22_(OH)_2_,K Na Mg Mn^3+ Li Si O H,K Na Mg Mn^3+ Li Si O H,K Na Mg Mn Li Si O H,K Na Mg Mn^3+ Li Si O H,valid,,,
Potassic-pargasite,KCa_2_(Mg_4_Al)(Si_6_Al_2_)O_22_(OH)_2_,K Ca Mg Al Si O H,K Ca Mg Al Si O H,K Ca Mg Al Si O H,K Ca Mg Al Si O H,valid,,,
Potassic-richterite,K(NaCa)Mg_5_Si_8_O_22_(OH)_2_,K Na Ca Mg Si O H,K Na Ca Mg Si O H,K Na Ca Mg Si O H,K Na Ca Mg Si O H,valid,,,
Potassic-sadanagaite,KCa_2_Mg_3_Al_2_(Si_5_Al_3_)O_22_(OH)_2_,K Ca Mg Al Si O H,K Ca Mg Al Si O H,K Ca Mg Al Si O H,K Ca Mg Al Si O H,valid,,,
Pottsite,(Pb^2+^_3_Bi^3+^)Bi^3+^(V^5+^O_4_)_4_·H_2_O,Pb^2+ Bi^3+ V^5+ O H,Pb^2+ Bi^3+ V^5+ O H,Pb Bi V O H,Pb^2+ Bi^3+ V^5+ O H,valid,,,
Poubaite,"Pb^2+^Bi^3+^_2_(Se^2-^,Te^2-^,S^2-^)_4_",Pb^2+ Bi^3+ Se^2- Te^2- S^2-,Pb^2+ Bi^3+ Se^2- Te^2- S^2-,Pb Bi Se Te S,Pb^2+ Bi^3+ Se^2- Te^2- S^2-,valid,,,
Poudretteite,KNa_2_(B_3_Si_12_)O_30_,K Na B Si O,K Na B Si O,K Na B Si O,K Na B Si O,valid,,,
Poughite,Fe^3+^_2_(Te^4+^O_3_)_2_S^6+^O_4_(H_2_O)_2_·H_2_O,Fe^3+ Te^4+ O S^6+ H,Fe^3+ Te^4+ O S^6+ H,Fe Te O S H,Fe^3+ Te^4+ O S^6+ H,valid,,,
Povondraite,NaFe^3+^_3_(Fe^3+^_4_Mg_2_)(Si_6_O_18_)(BO_3_)_3_(OH)_3_O,Na Fe^3+ Mg Si O B H,Na Fe^3+ Mg Si O B H,Na Fe Mg Si O B H,Na Fe^3+ Mg Si O B H,valid,,,
Powellite,CaMo^6+^O_4_,Ca Mo^6+ O,Ca Mo^6+ O,Ca Mo O,Ca Mo^6+ O,valid,,,
Poyarkovite,Hg^1+^_3_OCl,Hg^1+ O Cl,Hg^1+ O Cl,Hg O Cl,Hg^1+ O Cl,valid,,,
Prachařite,CaSb^5+^_2_(As^3+^_2_O_5_)_2_O_2_(H_2_O)_7_·3H_2_O,Ca Sb^5+ As^3+ O H,Ca Sb^5+ As^3+ O H,Ca Sb As O H,Ca Sb^5+ As^3+ O H,valid,,,
Pradetite,Co^2+^Cu^2+^_4_(As^5+^O_4_)_2_(As^5+^O_3_OH)_2_(H_2_O)_8_·H_2_O,Co^2+ Cu^2+ As^5+ O H,Co^2+ Cu^2+ As^5+ O H,Co Cu As O H,Co^2+ Cu^2+ As^5+ O H,valid,,,
Pratesiite,Ag^2+^Cu^2+^Te^2-^_2_,Ag^2+ Cu^2+ Te^2-,Ag^2+ Cu^2+ Te^2-,Ag Cu Te,Ag^2+ Cu^2+ Te^2-,valid,,,
Prehnite,Ca_2_Al(Si_3_Al)O_10_(OH)_2_,Ca Al Si O H,Ca Al Si O H,Ca Al Si O H,Ca Al Si O H,valid,,,
Preisingerite,Bi^3+^_3_O(As^5+^O_4_)_2_(OH),Bi^3+ O As^5+ H,Bi^3+ O As^5+ H,Bi O As H,Bi^3+ O As^5+ H,valid,,,
Preiswerkite,NaAlMg_2_(Si_2_Al_2_)O_10_(OH)_2_,Na Al Mg Si O H,Na Al Mg Si O H,Na Al Mg Si O H,Na Al Mg Si O H,valid,,,
Preobrazhenskite,Mg_3_B_11_O_15_(OH)_9_,Mg B O H,Mg B O H,Mg B O H,Mg B O H,valid,,,
Pretulite,ScPO_4_,Sc P O,Sc P O,Sc P O,Sc P O,valid,,,
Prewittite,KPb^2+^_1.5_Zn^2+^Cu^2+^_6_O_2_(Se^4+^O_3_)_2_Cl_10_,K Pb^2+ Zn^2+ Cu^2+ O Se^4+ Cl,K Pb^2+ Zn^2+ Cu^2+ O Se^4+ Cl,K Pb Zn Cu O Se Cl,K Pb^2+ Zn^2+ Cu^2+ O Se^4+ Cl,valid,,,
Příbramite,Cu^1+^Sb^3+^Se^2-^_2_,Cu^1+ Sb^3+ Se^2-,Cu^1+ Sb^3+ Se^2-,Cu Sb Se,Cu^1+ Sb^3+ Se^2-,valid,,,
Priceite,Ca_2_B_5_O_7_(OH)_5_(H_2_O),Ca B O H,Ca B O H,Ca B O H,Ca B O H,valid,,,
Priderite,K(Ti^4+^_7_Fe^3+^)O_16_,K Ti^4+ Fe^3+ O,K Ti^4+ Fe^3+ O,K Ti Fe O,K Ti^4+ Fe^3+ O,valid,,,
Princivalleite,Na(Mn^2+^_2_Al)Al_6_(Si_6_O_18_)(BO_3_)_3_(OH)_3_O,Na Mn^2+ Al Si O B H,Na Mn^2+ Al Si O B H,Na Mn Al Si O B H,Na Mn^2+ Al Si O B H,valid,,,
Pringleite,Ca_9_B_26_O_34_(OH)_24_Cl_4_(H_2_O)_10_·3H_2_O,Ca B O H Cl,Ca B O H Cl,Ca B O H Cl,Ca B O H Cl,valid,,,
Priscillagrewite-(Y),YCa_2_Zr^4+^_2_Al_3_O_12_,Y Ca Zr^4+ Al O,Y Ca Zr^4+ Al O,Y Ca Zr Al O,Y Ca Zr^4+ Al O,valid,,,
Prismatine,"(Mg,Al,Fe^2+^,Fe^3+^)_6_Al_4_(Si,Al)_4_(B,Si,Al)(O,OH,F)_22_",Mg Al Fe^2+ Fe^3+ Si B O H F,Mg Al Fe^2+ Fe^3+ Si B O H F,Mg Al Fe Si B O H F,Mg Al Fe^2+ Fe^3+ Si B O H F,valid,,,
Probertite,NaCaB_5_O_7_(OH)_4_(H_2_O)_3_,Na Ca B O H,Na Ca B O H,Na Ca B O H,Na Ca B O H,valid,,,
Proshchenkoite-(Y),"(Y,REE,Ca,Na,Mn^2+^)_15_Fe^2+^Ca(P,Si)Si_6_B_3_(O,F)_48_",Y REE Ca Na Mn^2+ Fe^2+ P Si B O F,Y REE Ca Na Mn^2+ Fe^2+ P Si B O F,Y REE Ca Na Mn Fe P Si B O F,Y REE Ca Na Mn^2+ Fe^2+ P Si B O F,valid,,,
Prosopite,CaAl_2_F_4_(OH)_4_,Ca Al F O H,Ca Al F O H,Ca Al F O H,Ca Al F O H,valid,,,
Prosperite,Ca_2_Zn^2+^_4_(As^5+^O_4_)_4_(H_2_O),Ca Zn^2+ As^5+ O H,Ca Zn^2+ As^5+ O H,Ca Zn As O H,Ca Zn^2+ As^5+ O H,valid,,,
Protasite,Ba(U^6+^O_2_)_3_O_3_(OH)_2_(H_2_O)_3_,Ba U^6+ O H,Ba U^6+ O H,Ba U O H,Ba U^6+ O H,valid,,,
Proto-anthophyllite,Mg_7_Si_8_O_22_(OH)_2_,Mg Si O H,Mg Si O H,Mg Si O H,Mg Si O H,valid,,,
Protocaseyite,[Al_4_(OH)_6_(H_2_O)_12_][V^5+^_10_O_28_]·8H_2_O,Al O H V^5+,Al O H V^5+,Al O H V,Al O H V^5+,valid,,,
Protochabournéite,"Tl^1+^_4-x_Pb^2+^_2+2x_Sb^3+^_20-x-y_As^3+^_y_S^2-^_34_ (with 0.02 ≤ x ≤ 0.34, 5.71 ≤ y ≤ 6.69)",Tl^1+ Pb^2+ Sb^3+ As^3+ S^2-,Tl^1+ Pb^2+ Sb^3+ As^3+ S^2-,Tl Pb Sb As S,Tl^1+ Pb^2+ Sb^3+ As^3+ S^2-,valid,,,
Protoenstatite,Mg_2_Si_2_O_6_,Mg Si O,Mg Si O,Mg Si O,Mg Si O,valid,,,
Proto-ferro-anthophyllite,Fe^2+^_7_Si_8_O_22_(OH)_2_,Fe^2+ Si O H,Fe^2+ Si O H,Fe Si O H,Fe^2+ Si O H,valid,,,
Proto-ferro-suenoite,[box]Mn^2+^_2_Fe^2+^_5_Si_8_O_22_(OH)_2_,Mn^2+ Fe^2+ Si O H,Mn^2+ Fe^2+ Si O H,Mn Fe Si O H,Mn^2+ Fe^2+ Si O H,valid,,,
Proto-owyheeite,Ag^1+^_9_Pb^2+^_40_Sb^3+^_45_S^2-^_112_,Ag^1+ Pb^2+ Sb^3+ S^2-,Ag^1+ Pb^2+ Sb^3+ S^2-,Ag Pb Sb S,Ag^1+ Pb^2+ Sb^3+ S^2-,valid,,,
Proudite,"Cu^1+^_2_Pb^2+^_16_Bi^3+^_20_(S^2-^,Se^2-^)_47_",Cu^1+ Pb^2+ Bi^3+ S^2- Se^2-,Cu^1+ Pb^2+ Bi^3+ S^2- Se^2-,Cu Pb Bi S Se,Cu^1+ Pb^2+ Bi^3+ S^2- Se^2-,valid,,,
Proustite,Ag^1+^_3_As^3+^S^2-^_3_,Ag^1+ As^3+ S^2-,Ag^1+ As^3+ S^2-,Ag As S,Ag^1+ As^3+ S^2-,valid,,,
Proxidecagonite,Al_34_Ni_9_Fe_2_,Al Ni Fe,Al Ni Fe,Al Ni Fe,Al Ni Fe,valid,,,
Proxitwelvefoldite,Pd_3_Ni_4_Te_8_,Pd Ni Te,Pd Ni Te,Pd Ni Te,Pd Ni Te,valid,,,
Przhevalskite,Pb^2+^(U^6+^O_2_)_2_(PO_4_)_2_·4H_2_O,Pb^2+ U^6+ O P H,Pb^2+ U^6+ O P H,Pb U O P H,Pb^2+ U^6+ O P H,valid,,,
Pseudoboleite,Pb^2+^_31_Cu^2+^_24_Cl_62_(OH)_48_,Pb^2+ Cu^2+ Cl O H,Pb^2+ Cu^2+ Cl O H,Pb Cu Cl O H,Pb^2+ Cu^2+ Cl O H,valid,,,
Pseudobrookite,Fe^3+^_2_Ti^4+^O_5_,Fe^3+ Ti^4+ O,Fe^3+ Ti^4+ O,Fe Ti O,Fe^3+ Ti^4+ O,valid,,,
Pseudocotunnite,K_2_Pb^2+^Cl_4_,K Pb^2+ Cl,K Pb^2+ Cl,K Pb Cl,K Pb^2+ Cl,valid,,,
Pseudodickthomssenite,Mg(V^5+^O_3_)_2_(H_2_O)_5_·3H_2_O,Mg V^5+ O H,Mg V^5+ O H,Mg V O H,Mg V^5+ O H,valid,,,
Pseudograndreefite,Pb^2+^_6_(S^6+^O_4_)F_10_,Pb^2+ S^6+ O F,Pb^2+ S^6+ O F,Pb S O F,Pb^2+ S^6+ O F,valid,,,
Pseudojohannite,Cu^2+^_3_(U^6+^O_2_)_4_O_4_(S^6+^O_4_)_2_(OH)_2_·12H_2_O,Cu^2+ U^6+ O S^6+ H,Cu^2+ U^6+ O S^6+ H,Cu U O S H,Cu^2+ U^6+ O S^6+ H,valid,,,
Pseudolaueite,Mn^2+^Fe^3+^_2_(PO_4_)_2_(OH)_2_·8H_2_O,Mn^2+ Fe^3+ P O H,Mn^2+ Fe^3+ P O H,Mn Fe P O H,Mn^2+ Fe^3+ P O H,valid,,,
Pseudolyonsite,Cu^2+^_3_(V^5+^O_4_)_2_,Cu^2+ V^5+ O,Cu^2+ V^5+ O,Cu V O,Cu^2+ V^5+ O,valid,,,
Pseudomalachite,Cu^2+^_5_(PO_4_)_2_(OH)_4_,Cu^2+ P O H,Cu^2+ P O H,Cu P O H,Cu^2+ P O H,valid,,,
Pseudomarkeyite,Ca_8_(U^6+^O_2_)_4_(CO_3_)_12_(H_2_O)_18_·3H_2_O,Ca U^6+ O C H,Ca U^6+ O C H,Ca U O C H,Ca U^6+ O C H,valid,,,
Pseudomeisserite-(NH4),(N^3-^H_4_)_2_Na_4_[(U^6+^O_2_)_2_(S^6+^O_4_)_5_]·4H_2_O,N^3- H Na U^6+ O S^6+,N^3- H Na U^6+ O S^6+,N H Na U O S,N^3- H Na U^6+ O S^6+,valid,,,
Pseudomertieite,"Pd_5+x_(Sb,As)_2-x_ (x = 0.1-0.2)",Pd Sb As,Pd Sb As,Pd Sb As,Pd Sb As,valid,,,
Pseudopomite,Ca_3.5_[V^4+^_6_V^5+^_9_O_37_(CO_3_)]·32H_2_O,Ca V^4+ V^5+ O C H,Ca V^4+ V^5+ O C H,Ca V O C H,Ca V^4+ V^5+ O C H,valid,,,
Pseudorutile,Fe^3+^_2_Ti^4+^_3_O_9_,Fe^3+ Ti^4+ O,Fe^3+ Ti^4+ O,Fe Ti O,Fe^3+ Ti^4+ O,valid,,,
Pseudosinhalite,Mg_2_Al_3_B_2_O_9_(OH),Mg Al B O H,Mg Al B O H,Mg Al B O H,Mg Al B O H,valid,,,
Pseudowollastonite,CaSiO_3_,Ca Si O,Ca Si O,Ca Si O,Ca Si O,valid,,,
Pucherite,Bi^3+^V^5+^O_4_,Bi^3+ V^5+ O,Bi^3+ V^5+ O,Bi V O,Bi^3+ V^5+ O,valid,,,
Pumpellyite-(Al),"Ca_2_Al_3_(SiO_4_)(Si_2_O_7_)(OH,O)_2_·H_2_O",Ca Al Si O H,Ca Al Si O H,Ca Al Si O H,Ca Al Si O H,valid,,,
Pumpellyite-(Fe2+),Ca_2_Fe^2+^Al_2_(SiO_4_)(Si_2_O_7_)(OH)_2_·H_2_O,Ca Fe^2+ Al Si O H,Ca Fe^2+ Al Si O H,Ca Fe Al Si O H,Ca Fe^2+ Al Si O H,valid,,,
Pumpellyite-(Fe3+),"Ca_2_Fe^3+^Al_2_(SiO_4_)(Si_2_O_7_)(OH,O)_2_·H_2_O",Ca Fe^3+ Al Si O H,Ca Fe^3+ Al Si O H,Ca Fe Al Si O H,Ca Fe^3+ Al Si O H,valid,,,
Pumpellyite-(Mg),Ca_2_MgAl_2_(SiO_4_)(Si_2_O_7_)(OH)_2_·H_2_O,Ca Mg Al Si O H,Ca Mg Al Si O H,Ca Mg Al Si O H,Ca Mg Al Si O H,valid,,,
Pumpellyite-(Mn2+),Ca_2_Mn^2+^Al_2_(SiO_4_)(Si_2_O_7_)(OH)_2_·H_2_O,Ca Mn^2+ Al Si O H,Ca Mn^2+ Al Si O H,Ca Mn Al Si O H,Ca Mn^2+ Al Si O H,valid,,,
Puninite,Na_2_Cu^2+^_3_O(S^6+^O_4_)_3_,Na Cu^2+ O S^6+,Na Cu^2+ O S^6+,Na Cu O S,Na Cu^2+ O S^6+,valid,,,
Punkaruaivite,LiTi^4+^_2_Si_4_O_11_(OH)_3_·H_2_O,Li Ti^4+ Si O H,Li Ti^4+ Si O H,Li Ti Si O H,Li Ti^4+ Si O H,valid,,,
Purpurite,Mn^3+^[box]PO_4_,Mn^3+ P O,Mn^3+ P O,Mn P O,Mn^3+ P O,valid,,,
Puschridgeite,Mn^2+^(C_2_H_3_O_3_)^1-^_2_(H_2_O)_2_,Mn^2+ C H O,Mn^2+ C H O,Mn C H O,Mn^2+ C H O,valid,,,
Pushcharovskite,K_0.6_Cu^2+^_18_[As^5+^O_2_(OH)_2_]_4_[As^5+^O_3_OH]_10_(As^5+^O_4_)(OH)_9.6_·18.6H_2_O,K Cu^2+ As^5+ O H,K Cu^2+ As^5+ O H,K Cu As O H,K Cu^2+ As^5+ O H,valid,,,
Putnisite,SrCa_4_Cr^3+^_8_(CO_3_)_8_S^6+^O_4_(OH)_16_·25H_2_O,Sr Ca Cr^3+ C O S^6+ H,Sr Ca Cr^3+ C O S^6+ H,Sr Ca Cr C O S H,Sr Ca Cr^3+ C O S^6+ H,valid,,,
Putoranite,Cu_1.1_Fe_1.2_S_2_,Cu Fe S,Cu Fe S,Cu Fe S,Cu Fe S,valid,,,
Puttapaite,Pb^2+^_2_Mn^2+^_2_Zn^2+^Cr^3+^_4_O_2_(As^5+^O_4_)_4_(OH)_6_(H_2_O)_12_,Pb^2+ Mn^2+ Zn^2+ Cr^3+ O As^5+ H,Pb^2+ Mn^2+ Zn^2+ Cr^3+ O As^5+ H,Pb Mn Zn Cr O As H,Pb^2+ Mn^2+ Zn^2+ Cr^3+ O As^5+ H,valid,,,
Putzite,Cu^1+^_8_Ge^4+^S^2-^_6_,Cu^1+ Ge^4+ S^2-,Cu^1+ Ge^4+ S^2-,Cu Ge S,Cu^1+ Ge^4+ S^2-,valid,,,
Pyatenkoite-(Y),Na_5_YTi^4+^Si_6_O_18_·6H_2_O,Na Y Ti^4+ Si O H,Na Y Ti^4+ Si O H,Na Y Ti Si O H,Na Y Ti^4+ Si O H,valid,,,
Pyracmonite,(N^3-^H_4_)_3_Fe^3+^(S^6+^O_4_)_3_,N^3- H Fe^3+ S^6+ O,N^3- H Fe^3+ S^6+ O,N H Fe S O,N^3- H Fe^3+ S^6+ O,valid,,,
Pyradoketosite,Ag^1+^_3_Sb^3+^S^2-^_3_,Ag^1+ Sb^3+ S^2-,Ag^1+ Sb^3+ S^2-,Ag Sb S,Ag^1+ Sb^3+ S^2-,valid,,,
Pyrargyrite,Ag^1+^_3_Sb^3+^S^2-^_3_,Ag^1+ Sb^3+ S^2-,Ag^1+ Sb^3+ S^2-,Ag Sb S,Ag^1+ Sb^3+ S^2-,valid,,,
Pyrite,Fe^2+^(S_2_)^2-^,Fe^2+ S,Fe^2+ S,Fe S,Fe^2+ S,valid,,,
Pyroaurite,Mg_6_Fe^3+^_2_(OH)_16_CO_3_·4H_2_O,Mg Fe^3+ O H C,Mg Fe^3+ O H C,Mg Fe O H C,Mg Fe^3+ O H C,valid,,,
Pyrobelonite,Pb^2+^Mn^2+^V^5+^O_4_(OH),Pb^2+ Mn^2+ V^5+ O H,Pb^2+ Mn^2+ V^5+ O H,Pb Mn V O H,Pb^2+ Mn^2+ V^5+ O H,valid,,,
Pyrochroite,Mn^2+^(OH)_2_,Mn^2+ O H,Mn^2+ O H,Mn O H,Mn^2+ O H,valid,,,
Pyrolusite,Mn^4+^O_2_,Mn^4+ O,Mn^4+ O,Mn O,Mn^4+ O,valid,,,
Pyromorphite,Pb^2+^_5_(PO_4_)_3_Cl,Pb^2+ P O Cl,Pb^2+ P O Cl,Pb P O Cl,Pb^2+ P O Cl,valid,,,
Pyrope,Mg_3_Al_2_(SiO_4_)_3_,Mg Al Si O,Mg Al Si O,Mg Al Si O,Mg Al Si O,valid,,,
Pyrophanite,Mn^2+^Ti^4+^O_3_,Mn^2+ Ti^4+ O,Mn^2+ Ti^4+ O,Mn Ti O,Mn^2+ Ti^4+ O,valid,,,
Pyrophyllite,Al_2_Si_4_O_10_(OH)_2_,Al Si O H,Al Si O H,Al Si O H,Al Si O H,valid,,,
Pyrosmalite-(Fe),Fe^2+^_8_Si_6_O_15_(OH)_10_,Fe^2+ Si O H,Fe^2+ Si O H,Fe Si O H,Fe^2+ Si O H,valid,,,
Pyrosmalite-(Mn),"Mn^2+^_8_Si_6_O_15_(OH,Cl)_10_",Mn^2+ Si O H Cl,Mn^2+ Si O H Cl,Mn Si O H Cl,Mn^2+ Si O H Cl,valid,,,
Pyrostilpnite,Ag^1+^_3_Sb^3+^S^2-^_3_,Ag^1+ Sb^3+ S^2-,Ag^1+ Sb^3+ S^2-,Ag Sb S,Ag^1+ Sb^3+ S^2-,valid,,,
Pyroxferroite,Fe^2+^SiO_3_,Fe^2+ Si O,Fe^2+ Si O,Fe Si O,Fe^2+ Si O,valid,,,
Pyroxmangite,Mn^2+^SiO_3_,Mn^2+ Si O,Mn^2+ Si O,Mn Si O,Mn^2+ Si O,valid,,,
Pyrrhotite,Fe^2+^_5_Fe^3+^_2_S^2-^_8_,Fe^2+ Fe^3+ S^2-,Fe^2+ Fe^3+ S^2-,Fe S,Fe^2+ Fe^3+ S^2-,valid,,,
Qandilite,"(Mg,Fe^3+^)_2_(Ti^4+^,Fe^3+^,Al)O_4_",Mg Fe^3+ Ti^4+ Al O,Mg Fe^3+ Ti^4+ Al O,Mg Fe Ti Al O,Mg Fe^3+ Ti^4+ Al O,valid,,,
Qaqarssukite-(Ce),BaCe^3+^(CO_3_)_2_F,Ba Ce^3+ C O F,Ba Ce^3+ C O F,Ba Ce C O F,Ba Ce^3+ C O F,valid,,,
Qatranaite,CaZn^2+^_2_(OH)_6_(H_2_O)_2_,Ca Zn^2+ O H,Ca Zn^2+ O H,Ca Zn O H,Ca Zn^2+ O H,valid,,,
Qeltite,Ca_3_Ti^4+^Si_2_(Fe^3+^_2_Si)O_14_,Ca Ti^4+ Si Fe^3+ O,Ca Ti^4+ Si Fe^3+ O,Ca Ti Si Fe O,Ca Ti^4+ Si Fe^3+ O,valid,,,
Qilianshanite,NaH_4_(CO_3_)(BO_3_)·2H_2_O,Na H C O B,Na H C O B,Na H C O B,Na H C O B,valid,,,
Qingheiite,NaNaMn^2+^(MgAl)(PO_4_)_3_,Na Mn^2+ Mg Al P O,Na Mn^2+ Mg Al P O,Na Mn Mg Al P O,Na Mn^2+ Mg Al P O,valid,,,
Qingsongite,BN^3-^,B N^3-,B N^3-,B N,B N^3-,valid,,,
Qitianlingite,Fe^2+^_2_Nb^5+^_2_W^6+^O_10_,Fe^2+ Nb^5+ W^6+ O,Fe^2+ Nb^5+ W^6+ O,Fe Nb W O,Fe^2+ Nb^5+ W^6+ O,valid,,,
Qiumingite,Pb^2+^_3_(Zn^2+^_2_Fe^3+^)Sb^5+^P_2_O_14_,Pb^2+ Zn^2+ Fe^3+ Sb^5+ P O,Pb^2+ Zn^2+ Fe^3+ Sb^5+ P O,Pb Zn Fe Sb P O,Pb^2+ Zn^2+ Fe^3+ Sb^5+ P O,valid,,,
Quadratite,Ag^1+^Cd^2+^As^3+^S^2-^_3_,Ag^1+ Cd^2+ As^3+ S^2-,Ag^1+ Cd^2+ As^3+ S^2-,Ag Cd As S,Ag^1+ Cd^2+ As^3+ S^2-,valid,,,
Quadridavyne,"[(Na,K)_6_Cl_2_][Ca_2_Cl_2_][(Si_6_Al_6_O_24_)]",Na K Cl Ca Si Al O,Na K Cl Ca Si Al O,Na K Cl Ca Si Al O,Na K Cl Ca Si Al O,valid,,,
Quadruphite,Na_6_Na_2_(CaNa)_2_Na_2_Ti^4+^_2_Na_2_Ti^4+^_2_(Si_2_O_7_)_2_(PO_4_)_4_O_4_F_2_,Na Ca Ti^4+ Si O P F,Na Ca Ti^4+ Si O P F,Na Ca Ti Si O P F,Na Ca Ti^4+ Si O P F,valid,,,
Quartz,SiO_2_,Si O,Si O,Si O,Si O,valid,,,
Quatrandorite,Ag^1+^Pb^2+^Sb^3+^_3_S^2-^_6_,Ag^1+ Pb^2+ Sb^3+ S^2-,Ag^1+ Pb^2+ Sb^3+ S^2-,Ag Pb Sb S,Ag^1+ Pb^2+ Sb^3+ S^2-,valid,,,
Queitite,Zn^2+^_2_Pb^2+^_4_(SiO_4_)(Si_2_O_7_)(S^6+^O_4_),Zn^2+ Pb^2+ Si O S^6+,Zn^2+ Pb^2+ Si O S^6+,Zn Pb Si O S,Zn^2+ Pb^2+ Si O S^6+,valid,,,
Quenselite,Pb^2+^Mn^3+^O_2_(OH),Pb^2+ Mn^3+ O H,Pb^2+ Mn^3+ O H,Pb Mn O H,Pb^2+ Mn^3+ O H,valid,,,
Quenstedtite,Fe^3+^_2_(S^6+^O_4_)_3_·11H_2_O,Fe^3+ S^6+ O H,Fe^3+ S^6+ O H,Fe S O H,Fe^3+ S^6+ O H,valid,,,
Quetzalcoatlite,"Cu^2+^_3_Zn^2+^_6_Te^6+^_2_O_12_(OH)_6_·(Ag^1+^,Pb^2+^,[box])Cl",Cu^2+ Zn^2+ Te^6+ O H Ag^1+ Pb^2+ Cl,Cu^2+ Zn^2+ Te^6+ O H Ag^1+ Pb^2+ Cl,Cu Zn Te O H Ag Pb Cl,Cu^2+ Zn^2+ Te^6+ O H Ag^1+ Pb^2+ Cl,valid,,,
Quijarroite,Cu^1+^_6_Hg^2+^Pb^2+^_2_Bi^3+^_4_Se^2-^_12_,Cu^1+ Hg^2+ Pb^2+ Bi^3+ Se^2-,Cu^1+ Hg^2+ Pb^2+ Bi^3+ Se^2-,Cu Hg Pb Bi Se,Cu^1+ Hg^2+ Pb^2+ Bi^3+ Se^2-,valid,,,
Quintinite,Mg_4_Al_2_(OH)_12_CO_3_·3H_2_O,Mg Al O H C,Mg Al O H C,Mg Al O H C,Mg Al O H C,valid,,,
Qusongite,W^4+^C^4-^,W^4+ C^4-,W^4+ C^4-,W C,W^4+ C^4-,valid,,,
Raadeite,Mg_7_(PO_4_)_2_(OH)_8_,Mg P O H,Mg P O H,Mg P O H,Mg P O H,valid,,,
Rabbittite,Ca_3_Mg_3_(U^6+^O_2_)_2_(CO_3_)_6_(OH)_4_·18H_2_O,Ca Mg U^6+ O C H,Ca Mg U^6+ O C H,Ca Mg U O C H,Ca Mg U^6+ O C H,valid,,,
Rabejacite,Ca_2_(U^6+^O_2_)_4_O_4_(S^6+^O_4_)_2_·8H_2_O,Ca U^6+ O S^6+ H,Ca U^6+ O S^6+ H,Ca U O S H,Ca U^6+ O S^6+ H,valid,,,
Raberite,Tl^1+^_5_Ag^1+^_4_As^3+^_6_Sb^3+^S^2-^_15_,Tl^1+ Ag^1+ As^3+ Sb^3+ S^2-,Tl^1+ Ag^1+ As^3+ Sb^3+ S^2-,Tl Ag As Sb S,Tl^1+ Ag^1+ As^3+ Sb^3+ S^2-,valid,,,
Radekškodaite-(Ce),(CaCe^3+^_5_)(Al_4_Fe^2+^)[Si_2_O_7_][SiO_4_]_5_O(OH)_3_,Ca Ce^3+ Al Fe^2+ Si O H,Ca Ce^3+ Al Fe^2+ Si O H,Ca Ce Al Fe Si O H,Ca Ce^3+ Al Fe^2+ Si O H,valid,,,
Radekškodaite-(La),(CaLa_5_)(Al_4_Fe^2+^)[Si_2_O_7_][SiO_4_]_5_O(OH)_3_,Ca La Al Fe^2+ Si O H,Ca La Al Fe^2+ Si O H,Ca La Al Fe Si O H,Ca La Al Fe^2+ Si O H,valid,,,
Radhakrishnaite,"PbTe_3_(Cl,S)_2_",Pb Te Cl S,Pb Te Cl S,Pb Te Cl S,Pb Te Cl S,valid,,,
Radovanite,Cu^2+^_2_Fe^3+^(As^5+^O_4_)(As^3+^O_2_OH)_2_·H_2_O,Cu^2+ Fe^3+ As^5+ O As^3+ H,Cu^2+ Fe^3+ As^5+ O As^3+ H,Cu Fe As O H,Cu^2+ Fe^3+ As^5+ O As^3+ H,valid,,,
Radtkeite,Hg^2+^_3_S^2-^_2_ClI^1-^,Hg^2+ S^2- Cl I^1-,Hg^2+ S^2- Cl I^1-,Hg S Cl I,Hg^2+ S^2- Cl I^1-,valid,,,
Radvaniceite,GeS^2-^_2_,Ge S^2-,Ge S^2-,Ge S,Ge S^2-,valid,,,
Raguinite,Tl^1+^Fe^3+^S^2-^_2_,Tl^1+ Fe^3+ S^2-,Tl^1+ Fe^3+ S^2-,Tl Fe S,Tl^1+ Fe^3+ S^2-,valid,,,
Raisaite,Cu^2+^Mg[Te^6+^O_4_(OH)_2_]·6H_2_O,Cu^2+ Mg Te^6+ O H,Cu^2+ Mg Te^6+ O H,Cu Mg Te O H,Cu^2+ Mg Te^6+ O H,valid,,,
Raite,Na_3_Mn^2+^_3_Ti^4+^_0.25_Si_8_O_20_(OH)_2_·10H_2_O,Na Mn^2+ Ti^4+ Si O H,Na Mn^2+ Ti^4+ Si O H,Na Mn Ti Si O H,Na Mn^2+ Ti^4+ Si O H,valid,,,
Rajite,Cu^2+^Te^4+^_2_O_5_,Cu^2+ Te^4+ O,Cu^2+ Te^4+ O,Cu Te O,Cu^2+ Te^4+ O,valid,,,
Rakovanite,(N^3-^H_4_)_3_Na_3_[V^5+^_10_O_28_]·12H_2_O,N^3- H Na V^5+ O,N^3- H Na V^5+ O,N H Na V O,N^3- H Na V^5+ O,valid,,,
Ralphcannonite,Ag^1+^Zn^2+^_2_Tl^1+^As^3+^_2_S^2-^_6_,Ag^1+ Zn^2+ Tl^1+ As^3+ S^2-,Ag^1+ Zn^2+ Tl^1+ As^3+ S^2-,Ag Zn Tl As S,Ag^1+ Zn^2+ Tl^1+ As^3+ S^2-,valid,,,
Ramaccioniite,Cu^2+^_4_[Se^6+^O_4_](OH)_6_,Cu^2+ Se^6+ O H,Cu^2+ Se^6+ O H,Cu Se O H,Cu^2+ Se^6+ O H,valid,,,
Ramanite-(Cs),CsB_5_O_6_(OH)_4_·2H_2_O,Cs B O H,Cs B O H,Cs B O H,Cs B O H,valid,,,
Ramanite-(Rb),RbB_5_O_6_(OH)_4_·2H_2_O,Rb B O H,Rb B O H,Rb B O H,Rb B O H,valid,,,
Ramazzoite,[Mg_8_Cu^2+^_12_(PO_4_)(CO_3_)_4_(OH)_24_(H_2_O)_20_][(H_0.33_S^6+^O_4_)_3_(H_2_O)_36_],Mg Cu^2+ P O C H S^6+,Mg Cu^2+ P O C H S^6+,Mg Cu P O C H S,Mg Cu^2+ P O C H S^6+,valid,,,
Rambergite,Mn^2+^S^2-^,Mn^2+ S^2-,Mn^2+ S^2-,Mn S,Mn^2+ S^2-,valid,,,
Ramdohrite,Pb^2+^_5.9_Fe^2+^_0.1_Mn^2+^_0.1_In^3+^_0.1_Cd^2+^_0.2_Ag^1+^_2.8_Sb^3+^_10.8_S^2-^_24_,Pb^2+ Fe^2+ Mn^2+ In^3+ Cd^2+ Ag^1+ Sb^3+ S^2-,Pb^2+ Fe^2+ Mn^2+ In^3+ Cd^2+ Ag^1+ Sb^3+ S^2-,Pb Fe Mn In Cd Ag Sb S,Pb^2+ Fe^2+ Mn^2+ In^3+ Cd^2+ Ag^1+ Sb^3+ S^2-,valid,,,
Rameauite,K_2_Ca(U^6+^O_2_)_6_O_6_(OH)_4_·6H_2_O,K Ca U^6+ O H,K Ca U^6+ O H,K Ca U O H,K Ca U^6+ O H,valid,,,
Ramikite-(Y),"Li_2_Na_6_(Y,Ca,REE)_3_Zr^4+^_3_(PO_4_)_6_(CO_3_)_2_O_2_(OH,F)_2_",Li Na Y Ca REE Zr^4+ P O C H F,Li Na Y Ca REE Zr^4+ P O C H F,Li Na Y Ca REE Zr P O C H F,Li Na Y Ca REE Zr^4+ P O C H F,valid,,,
Rammelsbergite,Ni^3+^(As_2_)^3-^,Ni^3+ As,Ni^3+ As,Ni As,Ni^3+ As,valid,,,
Ramosite,Pb^2+^_25.7_Sn^4+^_8.3_Mn^2+^_3.4_Sb^3+^_6.4_S^2-^_56.2_,Pb^2+ Sn^4+ Mn^2+ Sb^3+ S^2-,Pb^2+ Sn^4+ Mn^2+ Sb^3+ S^2-,Pb Sn Mn Sb S,Pb^2+ Sn^4+ Mn^2+ Sb^3+ S^2-,valid,,,
Ramsbeckite,Cu^2+^_15_(S^6+^O_4_)_4_(OH)_22_·6H_2_O,Cu^2+ S^6+ O H,Cu^2+ S^6+ O H,Cu S O H,Cu^2+ S^6+ O H,valid,,,
Ramsdellite,Mn^4+^O_2_,Mn^4+ O,Mn^4+ O,Mn O,Mn^4+ O,valid,,,
Ranciéite,"(Ca,Mn^2+^)_0.2_(Mn^4+^,Mn^3+^)O_2_·0.6H_2_O",Ca Mn^2+ Mn^4+ Mn^3+ O H,Ca Mn^2+ Mn^4+ Mn^3+ O H,Ca Mn O H,Ca Mn^2+ Mn^4+ Mn^3+ O H,valid,,,
Rankachite,"Ca_0.5_(V^4+^,V^5+^)(W^6+^,Fe^3+^)_2_O_8_(OH)·2H_2_O",Ca V^4+ V^5+ W^6+ Fe^3+ O H,Ca V^4+ V^5+ W^6+ Fe^3+ O H,Ca V W Fe O H,Ca V^4+ V^5+ W^6+ Fe^3+ O H,valid,,,
Rankamaite,"(Na,K)_3_(Ta^5+^,Nb^5+^,Al)_11_(O,OH)_31_",Na K Ta^5+ Nb^5+ Al O H,Na K Ta^5+ Nb^5+ Al O H,Na K Ta Nb Al O H,Na K Ta^5+ Nb^5+ Al O H,valid,,,
Rankinite,Ca_3_Si_2_O_7_,Ca Si O,Ca Si O,Ca Si O,Ca Si O,valid,,,
Ransomite,Cu^2+^Fe^3+^_2_(S^6+^O_4_)_4_·6H_2_O,Cu^2+ Fe^3+ S^6+ O H,Cu^2+ Fe^3+ S^6+ O H,Cu Fe S O H,Cu^2+ Fe^3+ S^6+ O H,valid,,,
Ranunculite,Al(U^6+^O_2_)(PO_3_OH)(OH)_3_·4H_2_O,Al U^6+ O P H,Al U^6+ O P H,Al U O P H,Al U^6+ O P H,valid,,,
Rapidcreekite,Ca_2_(S^6+^O_4_)(CO_3_)·4H_2_O,Ca S^6+ O C H,Ca S^6+ O C H,Ca S O C H,Ca S^6+ O C H,valid,,,
Rappoldite,Pb^2+^Co^2+^_2_(As^5+^O_4_)_2_·2H_2_O,Pb^2+ Co^2+ As^5+ O H,Pb^2+ Co^2+ As^5+ O H,Pb Co As O H,Pb^2+ Co^2+ As^5+ O H,valid,,,
Raslakite,"Na_15_Ca_3_Fe^2+^_3_(Na,Zr^4+^)_3_Zr^4+^_3_(Si,Nb^5+^)Si_25_O_73_(OH,H_2_O)_3_(Cl,OH)",Na Ca Fe^2+ Zr^4+ Si Nb^5+ O H Cl,Na Ca Fe^2+ Zr^4+ Si Nb^5+ O H Cl,Na Ca Fe Zr Si Nb O H Cl,Na Ca Fe^2+ Zr^4+ Si Nb^5+ O H Cl,valid,,,
Rasmussenite,Ca(C_2_H_3_O_3_)^1-^_2_·3H_2_O,Ca C H O,Ca C H O,Ca C H O,Ca C H O,valid,,,
Raspite,Pb^2+^W^6+^O_4_,Pb^2+ W^6+ O,Pb^2+ W^6+ O,Pb W O,Pb^2+ W^6+ O,valid,,,
Rastsvetaevite,"Na_27_K_8_Ca_12_Fe^2+^_3_Zr^4+^_6_Si_52_O_144_(OH,O)_6_Cl_2_",Na K Ca Fe^2+ Zr^4+ Si O H Cl,Na K Ca Fe^2+ Zr^4+ Si O H Cl,Na K Ca Fe Zr Si O H Cl,Na K Ca Fe^2+ Zr^4+ Si O H Cl,valid,,,
Rasvumite,KFe^2+^Fe^3+^S^2-^_3_,K Fe^2+ Fe^3+ S^2-,K Fe^2+ Fe^3+ S^2-,K Fe S,K Fe^2+ Fe^3+ S^2-,valid,,,
Rathite,Ag^1+^_2_Pb^2+^_12-x_Tl^1+^_x/2_As^3+^_18+x/2_S^2-^_40_,Ag^1+ Pb^2+ Tl^1+ As^3+ S^2-,Ag^1+ Pb^2+ Tl^1+ As^3+ S^2-,Ag Pb Tl As S,Ag^1+ Pb^2+ Tl^1+ As^3+ S^2-,valid,,,
Rathite-IV,Pb_3_As_5_S_10_,Pb As S,Pb As S,Pb As S,Pb As S,valid,,,
Rauchite,Ni^2+^(U^6+^O_2_)_2_(As^5+^O_4_)_2_·10H_2_O,Ni^2+ U^6+ O As^5+ H,Ni^2+ U^6+ O As^5+ H,Ni U O As H,Ni^2+ U^6+ O As^5+ H,valid,,,
Raudseppite,Ba_2_Ca_7_(Si_3_O_9_)_2_(CO_3_)_2_Cl_2_,Ba Ca Si O C Cl,Ba Ca Si O C Cl,Ba Ca Si O C Cl,Ba Ca Si O C Cl,valid,,,
Rauenthalite,Ca_3_(As^5+^O_4_)_2_·10H_2_O,Ca As^5+ O H,Ca As^5+ O H,Ca As O H,Ca As^5+ O H,valid,,,
Rauvite,Ca(U^6+^O_2_)_2_V^5+^_10_O_28_·16H_2_O,Ca U^6+ O V^5+ H,Ca U^6+ O V^5+ H,Ca U O V H,Ca U^6+ O V^5+ H,valid,,,
Ravatite,C_14_H_10_,C H,C H,C H,C H,valid,,,
Raydemarkite,Mo^6+^O_3_·H_2_O,Mo^6+ O H,Mo^6+ O H,Mo O H,Mo^6+ O H,valid,,,
Raygrantite,Pb^2+^_10_Zn^2+^(S^6+^O_4_)_6_(SiO_4_)_2_(OH)_2_,Pb^2+ Zn^2+ S^6+ O Si H,Pb^2+ Zn^2+ S^6+ O Si H,Pb Zn S O Si H,Pb^2+ Zn^2+ S^6+ O Si H,valid,,,
Rayite,"(Ag^1+^,Tl^1+^)_2_Pb^2+^_8_Sb^3+^_8_S^2-^_21_",Ag^1+ Tl^1+ Pb^2+ Sb^3+ S^2-,Ag^1+ Tl^1+ Pb^2+ Sb^3+ S^2-,Ag Tl Pb Sb S,Ag^1+ Tl^1+ Pb^2+ Sb^3+ S^2-,valid,,,
Realgar,AsS,As S,As S,As S,As S,valid,,,
Reaphookhillite,MgZn^2+^_2_(PO_4_)_2_·4H_2_O,Mg Zn^2+ P O H,Mg Zn^2+ P O H,Mg Zn P O H,Mg Zn^2+ P O H,valid,,,
Rebulite,Tl^1+^_5_Sb^3+^_5_As^3+^_8_S^2-^_22_,Tl^1+ Sb^3+ As^3+ S^2-,Tl^1+ Sb^3+ As^3+ S^2-,Tl Sb As S,Tl^1+ Sb^3+ As^3+ S^2-,valid,,,
Reckibachite,Ag^1+^_2_Pb^2+^_12_As^3+^_14_Sb^3+^_4_S^2-^_40_,Ag^1+ Pb^2+ As^3+ Sb^3+ S^2-,Ag^1+ Pb^2+ As^3+ Sb^3+ S^2-,Ag Pb As Sb S,Ag^1+ Pb^2+ As^3+ Sb^3+ S^2-,valid,,,
Rectorite,"(Na,Ca)Al_4_(Si,Al)_8_O_20_(OH)_4_·2H_2_O",Na Ca Al Si O H,Na Ca Al Si O H,Na Ca Al Si O H,Na Ca Al Si O H,valid,,,
Redcanyonite,(N^3-^H_4_)_2_Mn^2+^[(U^6+^O_2_)_4_O_4_(S^6+^O_4_)_2_](H_2_O)_4_,N^3- H Mn^2+ U^6+ O S^6+,N^3- H Mn^2+ U^6+ O S^6+,N H Mn U O S,N^3- H Mn^2+ U^6+ O S^6+,valid,,,
Reddingite,Mn^2+^_3_(PO_4_)_2_·3H_2_O,Mn^2+ P O H,Mn^2+ P O H,Mn P O H,Mn^2+ P O H,valid,,,
Redgillite,Cu^2+^_6_S^6+^O_4_(OH)_10_·H_2_O,Cu^2+ S^6+ O H,Cu^2+ S^6+ O H,Cu S O H,Cu^2+ S^6+ O H,valid,,,
Redingtonite,Fe^2+^Cr^3+^_2_(S^6+^O_4_)_4_·22H_2_O,Fe^2+ Cr^3+ S^6+ O H,Fe^2+ Cr^3+ S^6+ O H,Fe Cr S O H,Fe^2+ Cr^3+ S^6+ O H,valid,,,
Redledgeite,Ba(Ti^4+^_6_Cr^3+^_2_)O_16_,Ba Ti^4+ Cr^3+ O,Ba Ti^4+ Cr^3+ O,Ba Ti Cr O,Ba Ti^4+ Cr^3+ O,valid,,,
Redmondite,[Pb^2+^_8_O_2_Zn^2+^(OH)_6_](S^6+^O_3_S^2-^)_4_,Pb^2+ O Zn^2+ H S^6+ S^2-,Pb^2+ O Zn^2+ H S^6+ S^2-,Pb O Zn H S,Pb^2+ O Zn^2+ H S^6+ S^2-,valid,,,
Redondite,AlPO_4_·2H_2_O,Al P O H,Al P O H,Al P O H,Al P O H,valid,,,
Reederite-(Y),"(Na,Mn^2+^)_15_Y_2_(CO_3_)_9_(S^6+^O_3_F)Cl",Na Mn^2+ Y C O S^6+ F Cl,Na Mn^2+ Y C O S^6+ F Cl,Na Mn Y C O S F Cl,Na Mn^2+ Y C O S^6+ F Cl,valid,,,
Reedmergnerite,NaBSi_3_O_8_,Na B Si O,Na B Si O,Na B Si O,Na B Si O,valid,,,
Reevesite,Ni^2+^_6_Fe^3+^_2_(OH)_16_CO_3_·4H_2_O,Ni^2+ Fe^3+ O H C,Ni^2+ Fe^3+ O H C,Ni Fe O H C,Ni^2+ Fe^3+ O H C,valid,,,
Refikite,C_20_H_34_O_2_,C H O,C H O,C H O,C H O,valid,,,
Regerite,KFe^3+^_6_(PO_4_)_4_(OH)_7_(H_2_O)_6_·4H_2_O,K Fe^3+ P O H,K Fe^3+ P O H,K Fe P O H,K Fe^3+ P O H,valid,,,
Reichenbachite,Cu^2+^_5_(PO_4_)_2_(OH)_4_,Cu^2+ P O H,Cu^2+ P O H,Cu P O H,Cu^2+ P O H,valid,,,
Reidite,Zr^4+^SiO_4_,Zr^4+ Si O,Zr^4+ Si O,Zr Si O,Zr^4+ Si O,valid,,,
Reinerite,Zn^2+^_3_(As^3+^O_3_)_2_,Zn^2+ As^3+ O,Zn^2+ As^3+ O,Zn As O,Zn^2+ As^3+ O,valid,,,
Reinhardbraunsite,Ca_5_(SiO_4_)_2_(OH)_2_,Ca Si O H,Ca Si O H,Ca Si O H,Ca Si O H,valid,,,
Relianceite-(K),K_4_Mg(V^4+^O)_2_((C_2_)^6+^O_4_)(PO_3_OH)_4_(H_2_O)_10_,K Mg V^4+ O C P H,K Mg V^4+ O C P H,K Mg V O C P H,K Mg V^4+ O C P H,valid,,,
Rémondite-(Ce),"Na_3_(Ce^3+^,Ca,Na)_3_(CO_3_)_5_",Na Ce^3+ Ca C O,Na Ce^3+ Ca C O,Na Ce Ca C O,Na Ce^3+ Ca C O,valid,,,
Rémondite-(La),"Na_3_(La,Ca,Na)_3_(CO_3_)_5_",Na La Ca C O,Na La Ca C O,Na La Ca C O,Na La Ca C O,valid,,,
Renardite,Pb^2+^(U^6+^O_2_)_4_(PO_4_)_2_(OH)_4_·7H_2_O,Pb^2+ U^6+ O P H,Pb^2+ U^6+ O P H,Pb U O P H,Pb^2+ U^6+ O P H,valid,,,
Rengeite,Sr_4_Ti^4+^_4_Zr^4+^O_8_(Si_2_O_7_)_2_,Sr Ti^4+ Zr^4+ O Si,Sr Ti^4+ Zr^4+ O Si,Sr Ti Zr O Si,Sr Ti^4+ Zr^4+ O Si,valid,,,
Renierite,"(Cu^1+^,Cu^2+^,Zn^2+^)_11_(Fe^2+^,Fe^3+^)_4_(Ge^4+^,As^5+^)_2_S^2-^_16_",Cu^1+ Cu^2+ Zn^2+ Fe^2+ Fe^3+ Ge^4+ As^5+ S^2-,Cu^1+ Cu^2+ Zn^2+ Fe^2+ Fe^3+ Ge^4+ As^5+ S^2-,Cu Zn Fe Ge As S,Cu^1+ Cu^2+ Zn^2+ Fe^2+ Fe^3+ Ge^4+ As^5+ S^2-,valid,,,
Reppiaite,Mn^2+^_5_(V^5+^O_4_)_2_(OH)_4_,Mn^2+ V^5+ O H,Mn^2+ V^5+ O H,Mn V O H,Mn^2+ V^5+ O H,valid,,,
Retgersite,Ni^2+^S^6+^O_4_·6H_2_O,Ni^2+ S^6+ O H,Ni^2+ S^6+ O H,Ni S O H,Ni^2+ S^6+ O H,valid,,,
Retzian-(Ce),Mn^2+^_2_Ce^3+^As^5+^O_4_(OH)_4_,Mn^2+ Ce^3+ As^5+ O H,Mn^2+ Ce^3+ As^5+ O H,Mn Ce As O H,Mn^2+ Ce^3+ As^5+ O H,valid,,,
Retzian-(La),Mn^2+^_2_LaAs^5+^O_4_(OH)_4_,Mn^2+ La As^5+ O H,Mn^2+ La As^5+ O H,Mn La As O H,Mn^2+ La As^5+ O H,valid,,,
Retzian-(Nd),Mn^2+^_2_NdAs^5+^O_4_(OH)_4_,Mn^2+ Nd As^5+ O H,Mn^2+ Nd As^5+ O H,Mn Nd As O H,Mn^2+ Nd As^5+ O H,valid,,,
Revdite,Na_16_Si_16_O_27_(OH)_26_·28H_2_O,Na Si O H,Na Si O H,Na Si O H,Na Si O H,valid,,,
Rewitzerite,K(H_2_O)Mn^2+^_2_(Al_2_Ti^4+^)(PO_4_)_4_[O(OH)](H_2_O)_10_·4H_2_O,K H O Mn^2+ Al Ti^4+ P,K H O Mn^2+ Al Ti^4+ P,K H O Mn Al Ti P,K H O Mn^2+ Al Ti^4+ P,valid,,,
Reyerite,Na_2_Ca_14_Al_2_Si_22_O_58_(OH)_8_·6H_2_O,Na Ca Al Si O H,Na Ca Al Si O H,Na Ca Al Si O H,Na Ca Al Si O H,valid,,,
Reynoldsite,Pb^2+^_2_Mn^4+^_2_O_5_(Cr^6+^O_4_),Pb^2+ Mn^4+ O Cr^6+,Pb^2+ Mn^4+ O Cr^6+,Pb Mn O Cr,Pb^2+ Mn^4+ O Cr^6+,valid,,,
Reznitskyite,CaMg(V^5+^O_4_)F,Ca Mg V^5+ O F,Ca Mg V^5+ O F,Ca Mg V O F,Ca Mg V^5+ O F,valid,,,
Rhabdoborite-(Mo),Mg_12_Mo^6+^_1.33_O_6_(BO_3_)_6_F_2_,Mg Mo^6+ O B F,Mg Mo^6+ O B F,Mg Mo O B F,Mg Mo^6+ O B F,valid,,,
Rhabdoborite-(V),"Mg_12_(V^5+^,Mo^6+^,W^6+^)_1.5_O_6_{[BO_3_]_6-x_[(P,As^5+^)O_4_]_x_F_2-x_} (x < 1)",Mg V^5+ Mo^6+ W^6+ O B P As^5+ F,Mg V^5+ Mo^6+ W^6+ O B P As^5+ F,Mg V Mo W O B P As F,Mg V^5+ Mo^6+ W^6+ O B P As^5+ F,valid,,,
Rhabdoborite-(W),"Mg_12_(W^6+^,V^5+^)_1.5_O_6_{[BO_3_]_6-x_[(P,As^5+^)O_4_]_x_F_2-x_} (x < 1)",Mg W^6+ V^5+ O B P As^5+ F,Mg W^6+ V^5+ O B P As^5+ F,Mg W V O B P As F,Mg W^6+ V^5+ O B P As^5+ F,valid,,,
Rhabdophane-(Ce),Ce^3+^PO_4_·H_2_O,Ce^3+ P O H,Ce^3+ P O H,Ce P O H,Ce^3+ P O H,valid,,,
Rhabdophane-(La),LaPO_4_·H_2_O,La P O H,La P O H,La P O H,La P O H,valid,,,
Rhabdophane-(Nd),NdPO_4_·H_2_O,Nd P O H,Nd P O H,Nd P O H,Nd P O H,valid,,,
Rhabdophane-(Y),YPO_4_·H_2_O,Y P O H,Y P O H,Y P O H,Y P O H,valid,,,
Rheniite,ReS_2_,Re S,Re S,Re S,Re S,valid,,,
Rhodarsenide,Rh_2_As,Rh As,Rh As,Rh As,Rh As,valid,,,
Rhodesite,K_2_Ca_2_Si_8_O_19_·5H_2_O,K Ca Si O H,K Ca Si O H,K Ca Si O H,K Ca Si O H,valid,,,
Rhodium,Rh,Rh,Rh,Rh,Rh,valid,,,
Rhodizite,KAl_4_Be_5_B_11_O_28_,K Al Be B O,K Al Be B O,K Al Be B O,K Al Be B O,valid,,,
Rhodochrosite,Mn^2+^CO_3_,Mn^2+ C O,Mn^2+ C O,Mn C O,Mn^2+ C O,valid,,,
Rhodonite,CaMn^2+^_3_Mn^2+^Si_5_O_15_,Ca Mn^2+ Si O,Ca Mn^2+ Si O,Ca Mn Si O,Ca Mn^2+ Si O,valid,,,
Rhodostannite,Cu^1+^(Fe^2+^_0.5_Sn^4+^_1.5_)S^2-^_4_,Cu^1+ Fe^2+ Sn^4+ S^2-,Cu^1+ Fe^2+ Sn^4+ S^2-,Cu Fe Sn S,Cu^1+ Fe^2+ Sn^4+ S^2-,valid,,,
Rhodplumsite,Rh_3_Pb_2_S_2_,Rh Pb S,Rh Pb S,Rh Pb S,Rh Pb S,valid,,,
Rhomboclase,(H_5_O_2_)Fe^3+^(S^6+^O_4_)_2_·2H_2_O,H O Fe^3+ S^6+,H O Fe^3+ S^6+,H O Fe S,H O Fe^3+ S^6+,valid,,,
Rhönite,Ca_4_(Mg_8_Fe^3+^_2_Ti^4+^_2_)O_4_[Si_6_Al_6_O_36_],Ca Mg Fe^3+ Ti^4+ O Si Al,Ca Mg Fe^3+ Ti^4+ O Si Al,Ca Mg Fe Ti O Si Al,Ca Mg Fe^3+ Ti^4+ O Si Al,valid,,,
Ribbeite,Mn^2+^_5_(SiO_4_)_2_(OH)_2_,Mn^2+ Si O H,Mn^2+ Si O H,Mn Si O H,Mn^2+ Si O H,valid,,,
Richardsite,Zn^2+^_2_Cu^1+^Ga^3+^S^2-^_4_,Zn^2+ Cu^1+ Ga^3+ S^2-,Zn^2+ Cu^1+ Ga^3+ S^2-,Zn Cu Ga S,Zn^2+ Cu^1+ Ga^3+ S^2-,valid,,,
Richardsollyite,Tl^1+^Pb^2+^As^3+^S^2-^_3_,Tl^1+ Pb^2+ As^3+ S^2-,Tl^1+ Pb^2+ As^3+ S^2-,Tl Pb As S,Tl^1+ Pb^2+ As^3+ S^2-,valid,,,
Richellite,"CaFe^3+^_2_(PO_4_)_2_(OH,F)_2_",Ca Fe^3+ P O H F,Ca Fe^3+ P O H F,Ca Fe P O H F,Ca Fe^3+ P O H F,valid,,,
Richelsdorfite,Ca_2_Cu^2+^_5_Sb^5+^(As^5+^O_4_)_4_(OH)_6_Cl·6H_2_O,Ca Cu^2+ Sb^5+ As^5+ O H Cl,Ca Cu^2+ Sb^5+ As^5+ O H Cl,Ca Cu Sb As O H Cl,Ca Cu^2+ Sb^5+ As^5+ O H Cl,valid,,,
Richetite,"(Fe^3+^,Mg)_x_Pb^2+^_8.6_(U^6+^O_2_)_36_O_36_(OH)_24_·41H_2_O",Fe^3+ Mg Pb^2+ U^6+ O H,Fe^3+ Mg Pb^2+ U^6+ O H,Fe Mg Pb U O H,Fe^3+ Mg Pb^2+ U^6+ O H,valid,,,
Richterite,Na(CaNa)Mg_5_Si_8_O_22_(OH)_2_,Na Ca Mg Si O H,Na Ca Mg Si O H,Na Ca Mg Si O H,Na Ca Mg Si O H,valid,,,
Rickardite,Cu_2.64-3.00_Te_2_,Cu Te,Cu Te,Cu Te,Cu Te,valid,,,
Rickturnerite,Pb^2+^_7_O_4_[Mg(OH)_4_](OH)Cl_3_,Pb^2+ O Mg H Cl,Pb^2+ O Mg H Cl,Pb O Mg H Cl,Pb^2+ O Mg H Cl,valid,,,
Riebeckite,[box]Na_2_(Fe^2+^_3_Fe^3+^_2_)Si_8_O_22_(OH)_2_,Na Fe^2+ Fe^3+ Si O H,Na Fe^2+ Fe^3+ Si O H,Na Fe Si O H,Na Fe^2+ Fe^3+ Si O H,valid,,,
Riesite,Ti^4+^O_2_,Ti^4+ O,Ti^4+ O,Ti O,Ti^4+ O,valid,,,
Rietveldite,Fe^2+^(U^6+^O_2_)(S^6+^O_4_)_2_(H_2_O)_5_,Fe^2+ U^6+ O S^6+ H,Fe^2+ U^6+ O S^6+ H,Fe U O S H,Fe^2+ U^6+ O S^6+ H,valid,,,
Rigrahamite,Na_2_Ca_2_Th_2_(CO_3_)_4_(HCO_3_)_2_(OH)_4_(H_2_O)_7_,Na Ca Th C O H,Na Ca Th C O H,Na Ca Th C O H,Na Ca Th C O H,valid,,,
Rilandite,Cr^3+^_6_SiO_11_·5H_2_O,Cr^3+ Si O H,Cr^3+ Si O H,Cr Si O H,Cr^3+ Si O H,valid,,,
Rimkorolgite,BaMg_5_(PO_4_)_4_·8H_2_O,Ba Mg P O H,Ba Mg P O H,Ba Mg P O H,Ba Mg P O H,valid,,,
Ringwoodite,Mg_2_SiO_4_,Mg Si O,Mg Si O,Mg Si O,Mg Si O,valid,,,
Rinkite-(Ce),Ca_2_(CaCe^3+^)Na(NaCa)Ti^4+^(Si_2_O_7_)_2_(OF)F_2_,Ca Ce^3+ Na Ti^4+ Si O F,Ca Ce^3+ Na Ti^4+ Si O F,Ca Ce Na Ti Si O F,Ca Ce^3+ Na Ti^4+ Si O F,valid,,,
Rinkite-(Y),Ca_2_(CaY)Na(NaCa)Ti^4+^(Si_2_O_7_)_2_(OF)F_2_,Ca Y Na Ti^4+ Si O F,Ca Y Na Ti^4+ Si O F,Ca Y Na Ti Si O F,Ca Y Na Ti^4+ Si O F,valid,,,
Rinmanite,Zn^2+^Sb^5+^(Fe^3+^_2_Mg)O_7_(OH),Zn^2+ Sb^5+ Fe^3+ Mg O H,Zn^2+ Sb^5+ Fe^3+ Mg O H,Zn Sb Fe Mg O H,Zn^2+ Sb^5+ Fe^3+ Mg O H,valid,,,
Rinneite,K_3_NaFe^2+^Cl_6_,K Na Fe^2+ Cl,K Na Fe^2+ Cl,K Na Fe Cl,K Na Fe^2+ Cl,valid,,,
Riomarinaite,Bi^3+^S^6+^O_4_(OH)·H_2_O,Bi^3+ S^6+ O H,Bi^3+ S^6+ O H,Bi S O H,Bi^3+ S^6+ O H,valid,,,
Ríosecoite,Ca_2_Mg(As^5+^O_3_OH)_3_(H_2_O)_2_,Ca Mg As^5+ O H,Ca Mg As^5+ O H,Ca Mg As O H,Ca Mg As^5+ O H,valid,,,
Riotintoite,Al(S^6+^O_4_)(OH)·3H_2_O,Al S^6+ O H,Al S^6+ O H,Al S O H,Al S^6+ O H,valid,,,
Rippite,"K_2_(Nb^5+^,Ti^4+^)_2_(Si_4_O_12_)O(O,F)",K Nb^5+ Ti^4+ Si O F,K Nb^5+ Ti^4+ Si O F,K Nb Ti Si O F,K Nb^5+ Ti^4+ Si O F,valid,,,
Rittmannite,"(Mn^2+^,Ca)Mn^2+^(Fe^2+^,Mn^2+^,Mg)_2_(Al,Fe^3+^)_2_(PO_4_)_4_(OH)_2_·8H_2_O",Mn^2+ Ca Fe^2+ Mg Al Fe^3+ P O H,Mn^2+ Ca Fe^2+ Mg Al Fe^3+ P O H,Mn Ca Fe Mg Al P O H,Mn^2+ Ca Fe^2+ Mg Al Fe^3+ P O H,valid,,,
Rivadavite,Na_6_Mg[B_6_O_7_(OH)_6_]_4_·10H_2_O,Na Mg B O H,Na Mg B O H,Na Mg B O H,Na Mg B O H,valid,,,
Riversideite,Ca_5_Si_6_O_16_(OH)_2_·2H_2_O,Ca Si O H,Ca Si O H,Ca Si O H,Ca Si O H,valid,,,
Roaldite,"(Fe,Ni)_4_N",Fe Ni N,Fe Ni N,Fe Ni N,Fe Ni N,valid,,,
Robertsite,Ca_2_Mn^3+^_3_O_2_(PO_4_)_3_·3H_2_O,Ca Mn^3+ O P H,Ca Mn^3+ O P H,Ca Mn O P H,Ca Mn^3+ O P H,valid,,,
Robinsonite,Pb^2+^_4_Sb^3+^_6_S^2-^_13_,Pb^2+ Sb^3+ S^2-,Pb^2+ Sb^3+ S^2-,Pb Sb S,Pb^2+ Sb^3+ S^2-,valid,,,
Rockbridgeite,(Fe^2+^_0.5_Fe^3+^_0.5_)_2_Fe^3+^_3_(PO_4_)_3_(OH)_5_,Fe^2+ Fe^3+ P O H,Fe^2+ Fe^3+ P O H,Fe P O H,Fe^2+ Fe^3+ P O H,valid,,,
Rodalquilarite,H_3_Fe^3+^_2_(Te^4+^O_3_)_4_Cl,H Fe^3+ Te^4+ O Cl,H Fe^3+ Te^4+ O Cl,H Fe Te O Cl,H Fe^3+ Te^4+ O Cl,valid,,,
Rodolicoite,Fe^3+^PO_4_,Fe^3+ P O,Fe^3+ P O,Fe P O,Fe^3+ P O,valid,,,
Roeblingite,Pb^2+^_2_Ca_6_Mn^2+^(Si_3_O_9_)_2_(S^6+^O_4_)_2_(OH)_2_·4H_2_O,Pb^2+ Ca Mn^2+ Si O S^6+ H,Pb^2+ Ca Mn^2+ Si O S^6+ H,Pb Ca Mn Si O S H,Pb^2+ Ca Mn^2+ Si O S^6+ H,valid,,,
Roedderite,KNaMg_2_(Mg_3_Si_12_)O_30_,K Na Mg Si O,K Na Mg Si O,K Na Mg Si O,K Na Mg Si O,valid,,,
Rogermitchellite,Na_6_Sr_12_Ba_2_Zr^4+^_13_Si_39_B_6_O_123_(OH)_14_·10H_2_O,Na Sr Ba Zr^4+ Si B O H,Na Sr Ba Zr^4+ Si B O H,Na Sr Ba Zr Si B O H,Na Sr Ba Zr^4+ Si B O H,valid,,,
Roggianite,Ca_2_BeAl_2_Si_4_O_13_(OH)_2_·nH_2_O (n < 2.5),Ca Be Al Si O H,Ca Be Al Si O H,Ca Be Al Si O H,Ca Be Al Si O H,valid,,,
Rohaite,"(Tl,Pb,K)_2_Cu_8.7_Sb_2_S_4_",Tl Pb K Cu Sb S,Tl Pb K Cu Sb S,Tl Pb K Cu Sb S,Tl Pb K Cu Sb S,valid,,,
Rokühnite,Fe^2+^Cl_2_·2H_2_O,Fe^2+ Cl H O,Fe^2+ Cl H O,Fe Cl H O,Fe^2+ Cl H O,valid,,,
Rollandite,Cu^2+^_3_(As^5+^O_4_)_2_·4H_2_O,Cu^2+ As^5+ O H,Cu^2+ As^5+ O H,Cu As O H,Cu^2+ As^5+ O H,valid,,,
Romanèchite,"(Ba,H_2_O)_2_(Mn^4+^,Mn^3+^)_5_O_10_",Ba H O Mn^4+ Mn^3+,Ba H O Mn^4+ Mn^3+,Ba H O Mn,Ba H O Mn^4+ Mn^3+,valid,,,
Romanorlovite,K_11_Cu^2+^_9_Cl_25_(OH)_4_·2H_2_O,K Cu^2+ Cl O H,K Cu^2+ Cl O H,K Cu Cl O H,K Cu^2+ Cl O H,valid,,,
Romarchite,Sn^2+^O,Sn^2+ O,Sn^2+ O,Sn O,Sn^2+ O,valid,,,
Römerite,Fe^2+^Fe^3+^_2_(S^6+^O_4_)_4_·14H_2_O,Fe^2+ Fe^3+ S^6+ O H,Fe^2+ Fe^3+ S^6+ O H,Fe S O H,Fe^2+ Fe^3+ S^6+ O H,valid,,,
Rondorfite,Ca_8_Mg(SiO_4_)_4_Cl_2_,Ca Mg Si O Cl,Ca Mg Si O Cl,Ca Mg Si O Cl,Ca Mg Si O Cl,valid,,,
Rongibbsite,Pb^2+^_2_(AlSi_4_)O_11_(OH),Pb^2+ Al Si O H,Pb^2+ Al Si O H,Pb Al Si O H,Pb^2+ Al Si O H,valid,,,
Ronneburgite,K_2_Mn^2+^V^5+^_4_O_12_,K Mn^2+ V^5+ O,K Mn^2+ V^5+ O,K Mn V O,K Mn^2+ V^5+ O,valid,,,
Ronpetersonite,BaW^6+^O_4_,Ba W^6+ O,Ba W^6+ O,Ba W O,Ba W^6+ O,valid,,,
Röntgenite-(Ce),Ca_2_Ce^3+^_3_(CO_3_)_5_F_3_,Ca Ce^3+ C O F,Ca Ce^3+ C O F,Ca Ce C O F,Ca Ce^3+ C O F,valid,,,
Rooseveltite,Bi^3+^As^5+^O_4_,Bi^3+ As^5+ O,Bi^3+ As^5+ O,Bi As O,Bi^3+ As^5+ O,valid,,,
Roquesite,Cu^1+^In^3+^S^2-^_2_,Cu^1+ In^3+ S^2-,Cu^1+ In^3+ S^2-,Cu In S,Cu^1+ In^3+ S^2-,valid,,,
Rorisite,CaClF,Ca Cl F,Ca Cl F,Ca Cl F,Ca Cl F,valid,,,
Rosasite,Cu^2+^Zn^2+^CO_3_(OH)_2_,Cu^2+ Zn^2+ C O H,Cu^2+ Zn^2+ C O H,Cu Zn C O H,Cu^2+ Zn^2+ C O H,valid,,,
Roscherite,Ca_2_Mn^2+^_5_Be_4_(PO_4_)_6_(OH)_4_·6H_2_O,Ca Mn^2+ Be P O H,Ca Mn^2+ Be P O H,Ca Mn Be P O H,Ca Mn^2+ Be P O H,valid,,,
Roscoelite,KV^3+^_2_(Si_3_Al)O_10_(OH)_2_,K V^3+ Si Al O H,K V^3+ Si Al O H,K V Si Al O H,K V^3+ Si Al O H,valid,,,
Roselite,Ca_2_Co^2+^(As^5+^O_4_)_2_·2H_2_O,Ca Co^2+ As^5+ O H,Ca Co^2+ As^5+ O H,Ca Co As O H,Ca Co^2+ As^5+ O H,valid,,,
Rosemaryite,[box]NaMn^2+^(Fe^3+^Al)(PO_4_)_3_,Na Mn^2+ Fe^3+ Al P O,Na Mn^2+ Fe^3+ Al P O,Na Mn Fe Al P O,Na Mn^2+ Fe^3+ Al P O,valid,,,
Rosenbergite,AlF[F_0.5_(H_2_O)_0.5_]_4_·H_2_O,Al F H O,Al F H O,Al F H O,Al F H O,valid,,,
Rosenbuschite,Ca_6_Zr^4+^_2_Na_6_Zr^4+^Ti^4+^(Si_2_O_7_)_4_(OF)_2_F_4_,Ca Zr^4+ Na Ti^4+ Si O F,Ca Zr^4+ Na Ti^4+ Si O F,Ca Zr Na Ti Si O F,Ca Zr^4+ Na Ti^4+ Si O F,valid,,,
Rosenhahnite,Ca_3_Si_3_O_8_(OH)_2_,Ca Si O H,Ca Si O H,Ca Si O H,Ca Si O H,valid,,,
Roshchinite,"(Ag^1+^,Cu^1+^)_19_Pb^2+^_10_Sb^3+^_51_S^2-^_96_",Ag^1+ Cu^1+ Pb^2+ Sb^3+ S^2-,Ag^1+ Cu^1+ Pb^2+ Sb^3+ S^2-,Ag Cu Pb Sb S,Ag^1+ Cu^1+ Pb^2+ Sb^3+ S^2-,valid,,,
Rosiaite,Pb^2+^Sb^5+^_2_O_6_,Pb^2+ Sb^5+ O,Pb^2+ Sb^5+ O,Pb Sb O,Pb^2+ Sb^5+ O,valid,,,
Rosickýite,S,S,S,S,S,valid,,,
Rosièresite,Pb_x_Cu_y_Al_z_(PO_4_)_m_·nH_2_O,Pb Cu Al P O H,Pb Cu Al P O H,Pb Cu Al P O H,Pb Cu Al P O H,valid,,,
Rossiantonite,Al_3_(PO_4_)(S^6+^O_4_)_2_(OH)_2_·14H_2_O,Al P O S^6+ H,Al P O S^6+ H,Al P O S H,Al P O S^6+ H,valid,,,
Rossite,Ca(V^5+^O_3_)_2_·4H_2_O,Ca V^5+ O H,Ca V^5+ O H,Ca V O H,Ca V^5+ O H,valid,,,
Rösslerite,Mg(As^5+^O_3_OH)·7H_2_O,Mg As^5+ O H,Mg As^5+ O H,Mg As O H,Mg As^5+ O H,valid,,,
Rossmanite,[box](LiAl_2_)Al_6_(Si_6_O_18_)(BO_3_)_3_(OH)_3_OH,Li Al Si O B H,Li Al Si O B H,Li Al Si O B H,Li Al Si O B H,valid,,,
Rossovskyite,Fe^3+^Nb^5+^O_4_,Fe^3+ Nb^5+ O,Fe^3+ Nb^5+ O,Fe Nb O,Fe^3+ Nb^5+ O,valid,,,
Rostite,AlS^6+^O_4_(OH)·5H_2_O,Al S^6+ O H,Al S^6+ O H,Al S O H,Al S^6+ O H,valid,,,
Rotemite,Ca_4_Cr^3+^_2_(OH)_12_Cl_2_·4H_2_O,Ca Cr^3+ O H Cl,Ca Cr^3+ O H Cl,Ca Cr O H Cl,Ca Cr^3+ O H Cl,valid,,,
Roterbärite,Cu^1+^Pd^2+^Bi^3+^Se^2-^_3_,Cu^1+ Pd^2+ Bi^3+ Se^2-,Cu^1+ Pd^2+ Bi^3+ Se^2-,Cu Pd Bi Se,Cu^1+ Pd^2+ Bi^3+ Se^2-,valid,,,
Rotherkopfite,KNa_2_(Fe^2+^_2.5_Ti^4+^_1.5_)Fe^2+^(Si_4_O_12_)_2_,K Na Fe^2+ Ti^4+ Si O,K Na Fe^2+ Ti^4+ Si O,K Na Fe Ti Si O,K Na Fe^2+ Ti^4+ Si O,valid,,,
Rouaite,Cu^2+^_2_N^5+^O_3_(OH)_3_,Cu^2+ N^5+ O H,Cu^2+ N^5+ O H,Cu N O H,Cu^2+ N^5+ O H,valid,,,
Roubaultite,Cu^2+^_2_O_2_(U^6+^O_2_)_3_(CO_3_)_2_(OH)_2_·4H_2_O,Cu^2+ O U^6+ C H,Cu^2+ O U^6+ C H,Cu O U C H,Cu^2+ O U^6+ C H,valid,,,
Roumaite,"(Nb^5+^,Ti^4+^)(Ca,Na,[box])_3_(Ca,REE)_4_(Si_2_O_7_)_2_(OH)F_3_",Nb^5+ Ti^4+ Ca Na REE Si O H F,Nb^5+ Ti^4+ Ca Na REE Si O H F,Nb Ti Ca Na REE Si O H F,Nb^5+ Ti^4+ Ca Na REE Si O H F,valid,,,
Rouseite,Pb^2+^_2_Mn^2+^(As^3+^O_3_)_2_·2H_2_O,Pb^2+ Mn^2+ As^3+ O H,Pb^2+ Mn^2+ As^3+ O H,Pb Mn As O H,Pb^2+ Mn^2+ As^3+ O H,valid,,,
Routhierite,Tl^1+^Cu^1+^Hg^2+^_2_As^3+^_2_S^2-^_6_,Tl^1+ Cu^1+ Hg^2+ As^3+ S^2-,Tl^1+ Cu^1+ Hg^2+ As^3+ S^2-,Tl Cu Hg As S,Tl^1+ Cu^1+ Hg^2+ As^3+ S^2-,valid,,,
Rouvilleite,Na_3_Ca_2_(CO_3_)_3_F,Na Ca C O F,Na Ca C O F,Na Ca C O F,Na Ca C O F,valid,,,
Rouxelite,"Cu^1+^_2_Hg^2+^Pb^2+^_22_Sb^3+^_28_S^2-^_64_(O,S^2-^)_2_",Cu^1+ Hg^2+ Pb^2+ Sb^3+ S^2- O,Cu^1+ Hg^2+ Pb^2+ Sb^3+ S^2- O,Cu Hg Pb Sb S O,Cu^1+ Hg^2+ Pb^2+ Sb^3+ S^2- O,valid,,,
Roweite,Ca_2_Mn^2+^_2_B_4_O_7_(OH)_6_,Ca Mn^2+ B O H,Ca Mn^2+ B O H,Ca Mn B O H,Ca Mn^2+ B O H,valid,,,
Rowlandite-(Y),Fe^2+^Y_4_(Si_2_O_7_)_2_F_2_,Fe^2+ Y Si O F,Fe^2+ Y Si O F,Fe Y Si O F,Fe^2+ Y Si O F,valid,,,
Rowleyite,"[Na(N^3-^H_4_,K)_9_Cl_4_][(V^5+^,V^4+^)_2_(P,As^5+^)O_8_]_6_·n[H_2_O,Na,N^3-^H_4_,K,Cl]",Na N^3- H K Cl V^5+ V^4+ P As^5+ O,Na N^3- H K Cl V^5+ V^4+ P As^5+ O,Na N H K Cl V P As O,Na N^3- H K Cl V^5+ V^4+ P As^5+ O,valid,,,
Roxbyite,Cu_1.78_S,Cu S,Cu S,Cu S,Cu S,valid,,,
Roymillerite,Pb^2+^_24_Mg_9_(Si_10_O_28_)(CO_3_)_10_(BO_3_)(SiO_4_)(OH)_13_O_5_,Pb^2+ Mg Si O C B H,Pb^2+ Mg Si O C B H,Pb Mg Si O C B H,Pb^2+ Mg Si O C B H,valid,,,
Rozenite,Fe^2+^S^6+^O_4_·4H_2_O,Fe^2+ S^6+ O H,Fe^2+ S^6+ O H,Fe S O H,Fe^2+ S^6+ O H,valid,,,
Rozhdestvenskayaite-(Zn),Ag^1+^_6_(Ag^1+^_4_Zn^2+^_2_)Sb^3+^_4_S^2-^_13_,Ag^1+ Zn^2+ Sb^3+ S^2-,Ag^1+ Zn^2+ Sb^3+ S^2-,Ag Zn Sb S,Ag^1+ Zn^2+ Sb^3+ S^2-,valid,,,
Rruffite,Ca_2_Cu^2+^(As^5+^O_4_)_2_·2H_2_O,Ca Cu^2+ As^5+ O H,Ca Cu^2+ As^5+ O H,Ca Cu As O H,Ca Cu^2+ As^5+ O H,valid,,,
Ruarsite,Ru^3+^(AsS)^3-^,Ru^3+ As S,Ru^3+ As S,Ru As S,Ru^3+ As S,valid,,,
Rubicline,RbAlSi_3_O_8_,Rb Al Si O,Rb Al Si O,Rb Al Si O,Rb Al Si O,valid,,,
Rubinite,Ca_3_Ti^3+^_2_Si_3_O_12_,Ca Ti^3+ Si O,Ca Ti^3+ Si O,Ca Ti Si O,Ca Ti^3+ Si O,valid,,,
Rucklidgeite,Pb^2+^Bi^3+^_2_Te^2-^_4_,Pb^2+ Bi^3+ Te^2-,Pb^2+ Bi^3+ Te^2-,Pb Bi Te,Pb^2+ Bi^3+ Te^2-,valid,,,
Rudabányaite,(Ag^1+^_2_Hg^1+^_2_)(As^5+^O_4_)Cl,Ag^1+ Hg^1+ As^5+ O Cl,Ag^1+ Hg^1+ As^5+ O Cl,Ag Hg As O Cl,Ag^1+ Hg^1+ As^5+ O Cl,valid,,,
Rudashevskyite,"(Fe^2+^,Zn^2+^)S^2-^",Fe^2+ Zn^2+ S^2-,Fe^2+ Zn^2+ S^2-,Fe Zn S,Fe^2+ Zn^2+ S^2-,valid,,,
Rudenkoite,"Sr_3_Al_3.5_Si_3.5_O_10_(OH,O)_8_Cl_2_·H_2_O",Sr Al Si O H Cl,Sr Al Si O H Cl,Sr Al Si O H Cl,Sr Al Si O H Cl,valid,,,
Rüdlingerite,Mn^2+^_2_V^5+^As^5+^O_7_·2H_2_O,Mn^2+ V^5+ As^5+ O H,Mn^2+ V^5+ As^5+ O H,Mn V As O H,Mn^2+ V^5+ As^5+ O H,valid,,,
Rudolfhermannite,Fe^3+^_2_(Te^4+^O_3_)_3_·H_2_O,Fe^3+ Te^4+ O H,Fe^3+ Te^4+ O H,Fe Te O H,Fe^3+ Te^4+ O H,valid,,,
Ruifrancoite,"Ca_2_([box],Mn^2+^)_2_(Fe^3+^,Mn^2+^,Mg)_4_Be_4_(PO_4_)_6_(OH)_6_·4H_2_O",Ca Mn^2+ Fe^3+ Mg Be P O H,Ca Mn^2+ Fe^3+ Mg Be P O H,Ca Mn Fe Mg Be P O H,Ca Mn^2+ Fe^3+ Mg Be P O H,valid,,,
Ruitenbergite,Ca_9_B_26_O_34_(OH)_24_Cl_4_·13H_2_O,Ca B O H Cl,Ca B O H Cl,Ca B O H Cl,Ca B O H Cl,valid,,,
Ruizhongite,(Ag^1+^_2_[box])Pb^2+^_3_Ge_2_S_8_,Ag^1+ Pb^2+ Ge S,Ag^1+ Pb^2+ Ge S,Ag Pb Ge S,Ag^1+ Pb^2+ Ge S,valid,,,
Ruizite,Ca_2_Mn^3+^_2_Si_4_O_11_(OH)_4_·2H_2_O,Ca Mn^3+ Si O H,Ca Mn^3+ Si O H,Ca Mn Si O H,Ca Mn^3+ Si O H,valid,,,
Rumoiite,AuSn_2_,Au Sn,Au Sn,Au Sn,Au Sn,valid,,,
Rumseyite,Pb^2+^_2_OFCl,Pb^2+ O F Cl,Pb^2+ O F Cl,Pb O F Cl,Pb^2+ O F Cl,valid,,,
Rundqvistite-(Ce),Na_3_(Sr_3_Ce^3+^)[Zn^2+^_2_Si_8_O_24_],Na Sr Ce^3+ Zn^2+ Si O,Na Sr Ce^3+ Zn^2+ Si O,Na Sr Ce Zn Si O,Na Sr Ce^3+ Zn^2+ Si O,valid,,,
Rusakovite,"(Fe^3+^,Al)_5_(V^5+^O_4_)_2_(OH)_9_·3H_2_O",Fe^3+ Al V^5+ O H,Fe^3+ Al V^5+ O H,Fe Al V O H,Fe^3+ Al V^5+ O H,valid,,,
Rusinovite,Ca_10_(Si_2_O_7_)_3_Cl_2_,Ca Si O Cl,Ca Si O Cl,Ca Si O Cl,Ca Si O Cl,valid,,,
Russellite,Bi^3+^_2_W^6+^O_6_,Bi^3+ W^6+ O,Bi^3+ W^6+ O,Bi W O,Bi^3+ W^6+ O,valid,,,
Russoite,(N^3-^H_4_)ClAs^3+^_2_O_3_(H_2_O)_0.5_,N^3- H Cl As^3+ O,N^3- H Cl As^3+ O,N H Cl As O,N^3- H Cl As^3+ O,valid,,,
Rustenburgite,Pt_3_Sn,Pt Sn,Pt Sn,Pt Sn,Pt Sn,valid,,,
Rustumite,Ca_10_(Si_2_O_7_)_2_(SiO_4_)(OH)_2_Cl_2_,Ca Si O H Cl,Ca Si O H Cl,Ca Si O H Cl,Ca Si O H Cl,valid,,,
Ruthenarsenite,"(Ru,Ni)As",Ru Ni As,Ru Ni As,Ru Ni As,Ru Ni As,valid,,,
Rutheniridosmine,"(Ir,Os,Ru)",Ir Os Ru,Ir Os Ru,Ir Os Ru,Ir Os Ru,valid,,,
Ruthenium,Ru,Ru,Ru,Ru,Ru,valid,,,
Rutherfordine,(U^6+^O_2_)CO_3_,U^6+ O C,U^6+ O C,U O C,U^6+ O C,valid,,,
Rutile,Ti^4+^O_2_,Ti^4+ O,Ti^4+ O,Ti O,Ti^4+ O,valid,,,
Ryabchikovite,Cu^2+^MgSi_2_O_6_,Cu^2+ Mg Si O,Cu^2+ Mg Si O,Cu Mg Si O,Cu^2+ Mg Si O,valid,,,
Rynersonite,CaTa^5+^_2_O_6_,Ca Ta^5+ O,Ca Ta^5+ O,Ca Ta O,Ca Ta^5+ O,valid,,,
Saamite,Ba[box]Ti^4+^Nb^5+^Na_3_Ti^4+^(Si_2_O_7_)_2_O_2_(OH)_2_(H_2_O)_2_,Ba Ti^4+ Nb^5+ Na Si O H,Ba Ti^4+ Nb^5+ Na Si O H,Ba Ti Nb Na Si O H,Ba Ti^4+ Nb^5+ Na Si O H,valid,,,
Sabatierite,Cu_6_TlSe_4_,Cu Tl Se,Cu Tl Se,Cu Tl Se,Cu Tl Se,valid,,,
Sabelliite,Cu^2+^_2_Zn^2+^As^5+^O_4_(OH)_3_,Cu^2+ Zn^2+ As^5+ O H,Cu^2+ Zn^2+ As^5+ O H,Cu Zn As O H,Cu^2+ Zn^2+ As^5+ O H,valid,,,
Sabieite,N^3-^H_4_Fe^3+^(S^6+^O_4_)_2_,N^3- H Fe^3+ S^6+ O,N^3- H Fe^3+ S^6+ O,N H Fe S O,N^3- H Fe^3+ S^6+ O,valid,,,
Sabinaite,Na_4_Ti^4+^Zr^4+^_2_O_4_(CO_3_)_4_,Na Ti^4+ Zr^4+ O C,Na Ti^4+ Zr^4+ O C,Na Ti Zr O C,Na Ti^4+ Zr^4+ O C,valid,,,
Sabugalite,HAl(U^6+^O_2_)_4_(PO_4_)_4_·16H_2_O,H Al U^6+ O P,H Al U^6+ O P,H Al U O P,H Al U^6+ O P,valid,,,
Saccoite,Ca_2_Mn^3+^_2_F(OH)_8_·0.5(S^6+^O_4_),Ca Mn^3+ F O H S^6+,Ca Mn^3+ F O H S^6+,Ca Mn F O H S,Ca Mn^3+ F O H S^6+,valid,,,
Sachanbińskiite,NaMn^2+^_4_(Al_5_Be)(AlSi_5_O_18_)_2_·2H_2_O,Na Mn^2+ Al Be Si O H,Na Mn^2+ Al Be Si O H,Na Mn Al Be Si O H,Na Mn^2+ Al Be Si O H,valid,,,
Sacrofanite,(Na_61_K_19_Ca_32_)(Si_84_Al_84_O_336_)(S^6+^O_4_)_26_Cl_2_F_6_·2H_2_O,Na K Ca Si Al O S^6+ Cl F H,Na K Ca Si Al O S^6+ Cl F H,Na K Ca Si Al O S Cl F H,Na K Ca Si Al O S^6+ Cl F H,valid,,,
Sadanagaite,NaCa_2_(Mg_3_Al_2_)(Si_5_Al_3_)O_22_(OH)_2_,Na Ca Mg Al Si O H,Na Ca Mg Al Si O H,Na Ca Mg Al Si O H,Na Ca Mg Al Si O H,valid,,,
Saddlebackite,Pb^2+^_2_Bi^3+^_2_Te^2-^_2_S^2-^_3_,Pb^2+ Bi^3+ Te^2- S^2-,Pb^2+ Bi^3+ Te^2- S^2-,Pb Bi Te S,Pb^2+ Bi^3+ Te^2- S^2-,valid,,,
Safflorite,Co^3+^(As_2_)^3-^,Co^3+ As,Co^3+ As,Co As,Co^3+ As,valid,,,
Sahamalite-(Ce),Ce^3+^_2_Mg(CO_3_)_4_,Ce^3+ Mg C O,Ce^3+ Mg C O,Ce Mg C O,Ce^3+ Mg C O,valid,,,
Sahlinite,Pb^2+^_14_O_9_(As^5+^O_4_)_2_Cl_4_,Pb^2+ O As^5+ Cl,Pb^2+ O As^5+ Cl,Pb O As Cl,Pb^2+ O As^5+ Cl,valid,,,
Sailaufite,"(Ca,Na,[box])_2_Mn^3+^_3_O_2_(As^5+^O_4_)_2_CO_3_·3H_2_O",Ca Na Mn^3+ O As^5+ C H,Ca Na Mn^3+ O As^5+ C H,Ca Na Mn O As C H,Ca Na Mn^3+ O As^5+ C H,valid,,,
Sainfeldite,Ca_5_(As^5+^O_4_)_2_(As^5+^O_3_OH)_2_·4H_2_O,Ca As^5+ O H,Ca As^5+ O H,Ca As O H,Ca As^5+ O H,valid,,,
Sakhaite,"Ca_48_Mg_16_(BO_3_)_32_(CO_3_)_16_·2(H_2_O,HCl)",Ca Mg B O C H Cl,Ca Mg B O C H Cl,Ca Mg B O C H Cl,Ca Mg B O C H Cl,valid,,,
Sakuraiite,"(Cu^1+^,Cu^2+^,Zn^2+^,Fe^2+^)_3_(In^3+^,Sn^4+^)S^2-^_4_",Cu^1+ Cu^2+ Zn^2+ Fe^2+ In^3+ Sn^4+ S^2-,Cu^1+ Cu^2+ Zn^2+ Fe^2+ In^3+ Sn^4+ S^2-,Cu Zn Fe In Sn S,Cu^1+ Cu^2+ Zn^2+ Fe^2+ In^3+ Sn^4+ S^2-,valid,,,
Salammoniac,N^3-^H_4_Cl,N^3- H Cl,N^3- H Cl,N H Cl,N^3- H Cl,valid,,,
Saléeite,Mg(U^6+^O_2_)_2_(PO_4_)_2_·10H_2_O,Mg U^6+ O P H,Mg U^6+ O P H,Mg U O P H,Mg U^6+ O P H,valid,,,
Salesite,Cu^2+^(I^5+^O_3_)(OH),Cu^2+ I^5+ O H,Cu^2+ I^5+ O H,Cu I O H,Cu^2+ I^5+ O H,valid,,,
Saliotite,"(Li,Na)Al_3_(Si_3_Al)O_10_(OH)_5_",Li Na Al Si O H,Li Na Al Si O H,Li Na Al Si O H,Li Na Al Si O H,valid,,,
Saltonseaite,K_3_NaMn^2+^Cl_6_,K Na Mn^2+ Cl,K Na Mn^2+ Cl,K Na Mn Cl,K Na Mn^2+ Cl,valid,,,
Salzburgite,Cu^1+^_1.6_Pb^2+^_1.6_Bi^3+^_6.4_S^2-^_12_,Cu^1+ Pb^2+ Bi^3+ S^2-,Cu^1+ Pb^2+ Bi^3+ S^2-,Cu Pb Bi S,Cu^1+ Pb^2+ Bi^3+ S^2-,valid,,,
Samaniite,Cu^1+^_2_Fe^2+^_5_Ni^2+^_2_S^2-^_8_,Cu^1+ Fe^2+ Ni^2+ S^2-,Cu^1+ Fe^2+ Ni^2+ S^2-,Cu Fe Ni S,Cu^1+ Fe^2+ Ni^2+ S^2-,valid,,,
Samarskite-(Y),YFe^3+^Nb^5+^_2_O_8_,Y Fe^3+ Nb^5+ O,Y Fe^3+ Nb^5+ O,Y Fe Nb O,Y Fe^3+ Nb^5+ O,valid,,,
Samarskite-(Yb),YbNb^5+^O_4_,Yb Nb^5+ O,Yb Nb^5+ O,Yb Nb O,Yb Nb^5+ O,valid,,,
Samfowlerite,Ca_14_Mn^2+^_3_Zn^2+^_2_Be_2_Be_6_Si_14_O_52_(OH)_6_,Ca Mn^2+ Zn^2+ Be Si O H,Ca Mn^2+ Zn^2+ Be Si O H,Ca Mn Zn Be Si O H,Ca Mn^2+ Zn^2+ Be Si O H,valid,,,
Sampleite,NaCaCu^2+^_5_(PO_4_)_4_Cl·5H_2_O,Na Ca Cu^2+ P O Cl H,Na Ca Cu^2+ P O Cl H,Na Ca Cu P O Cl H,Na Ca Cu^2+ P O Cl H,valid,,,
Samraite,Ni^2+^_2_P_2_O_7_,Ni^2+ P O,Ni^2+ P O,Ni P O,Ni^2+ P O,valid,,,
Samsonite,Ag^1+^_4_Mn^2+^Sb^3+^_2_S^2-^_6_,Ag^1+ Mn^2+ Sb^3+ S^2-,Ag^1+ Mn^2+ Sb^3+ S^2-,Ag Mn Sb S,Ag^1+ Mn^2+ Sb^3+ S^2-,valid,,,
Samuelsonite,Ca_9_Mn^2+^_4_Al_2_(PO_4_)_10_(OH)_2_,Ca Mn^2+ Al P O H,Ca Mn^2+ Al P O H,Ca Mn Al P O H,Ca Mn^2+ Al P O H,valid,,,
Sanbornite,BaSi_2_O_5_,Ba Si O,Ba Si O,Ba Si O,Ba Si O,valid,,,
Sanderite,MgS^6+^O_4_·2H_2_O,Mg S^6+ O H,Mg S^6+ O H,Mg S O H,Mg S^6+ O H,valid,,,
Saneroite,NaMn^2+^_5_[Si_5_O_14_(OH)](V^5+^O_3_)(OH),Na Mn^2+ Si O H V^5+,Na Mn^2+ Si O H V^5+,Na Mn Si O H V,Na Mn^2+ Si O H V^5+,valid,,,
Sangenaroite,Ag_8_(Sb_8-x_As_x_)S_16_ (0 < x < 2),Ag Sb As S,Ag Sb As S,Ag Sb As S,Ag Sb As S,valid,,,
Sanguite,KCu^2+^Cl_3_,K Cu^2+ Cl,K Cu^2+ Cl,K Cu Cl,K Cu^2+ Cl,valid,,,
Sanidine,KAlSi_3_O_8_,K Al Si O,K Al Si O,K Al Si O,K Al Si O,valid,,,
Sanjuanite,Al_2_(PO_4_)(S^6+^O_4_)(OH)·9H_2_O,Al P O S^6+ H,Al P O S^6+ H,Al P O S H,Al P O S^6+ H,valid,,,
Sanmartinite,Zn^2+^W^6+^O_4_,Zn^2+ W^6+ O,Zn^2+ W^6+ O,Zn W O,Zn^2+ W^6+ O,valid,,,
Sanrománite,Na_2_CaPb^2+^_3_(CO_3_)_5_,Na Ca Pb^2+ C O,Na Ca Pb^2+ C O,Na Ca Pb C O,Na Ca Pb^2+ C O,valid,,,
Santabarbaraite,Fe^3+^_3_(PO_4_)_2_(OH)_3_·5H_2_O,Fe^3+ P O H,Fe^3+ P O H,Fe P O H,Fe^3+ P O H,valid,,,
Santaclaraite,CaMn^2+^_4_Si_5_O_14_(OH)_2_·H_2_O,Ca Mn^2+ Si O H,Ca Mn^2+ Si O H,Ca Mn Si O H,Ca Mn^2+ Si O H,valid,,,
Santafeite,"(Ca,Sr,Na)_3_(Mn^2+^,Fe^3+^)_2_Mn^4+^_2_(V^5+^O_4_)_4_(OH,O)_5_·2H_2_O",Ca Sr Na Mn^2+ Fe^3+ Mn^4+ V^5+ O H,Ca Sr Na Mn^2+ Fe^3+ Mn^4+ V^5+ O H,Ca Sr Na Mn Fe V O H,Ca Sr Na Mn^2+ Fe^3+ Mn^4+ V^5+ O H,valid,,,
Santanaite,Pb^2+^_9_Pb^4+^_2_Cr^6+^O_16_,Pb^2+ Pb^4+ Cr^6+ O,Pb^2+ Pb^4+ Cr^6+ O,Pb Cr O,Pb^2+ Pb^4+ Cr^6+ O,valid,,,
Santarosaite,Cu^2+^B_2_O_4_,Cu^2+ B O,Cu^2+ B O,Cu B O,Cu^2+ B O,valid,,,
Santite,KB_5_O_6_(OH)_4_·2H_2_O,K B O H,K B O H,K B O H,K B O H,valid,,,
Saponite,"(Ca,Na)_0.3_(Mg,Fe^2+^)_3_(Si,Al)_4_O_10_(OH)_2_·4H_2_O",Ca Na Mg Fe^2+ Si Al O H,Ca Na Mg Fe^2+ Si Al O H,Ca Na Mg Fe Si Al O H,Ca Na Mg Fe^2+ Si Al O H,valid,,,
Sapozhnikovite,Na_8_(Al_6_Si_6_O_24_)(HS^2-^)_2_,Na Al Si O H S^2-,Na Al Si O H S^2-,Na Al Si O H S,Na Al Si O H S^2-,valid,,,
Sapphirine,Mg_4_(Mg_3_Al_9_)O_4_[Si_3_Al_9_O_36_],Mg Al O Si,Mg Al O Si,Mg Al O Si,Mg Al O Si,valid,,,
Sarabauite,CaSb^3+^_10_O_10_S^2-^_6_,Ca Sb^3+ O S^2-,Ca Sb^3+ O S^2-,Ca Sb O S,Ca Sb^3+ O S^2-,valid,,,
Saranchinaite,Na_2_Cu^2+^(S^6+^O_4_)_2_,Na Cu^2+ S^6+ O,Na Cu^2+ S^6+ O,Na Cu S O,Na Cu^2+ S^6+ O,valid,,,
Saranovskite,SrCaFe^2+^_ 2_(Cr^3+^_4_Ti^4+^_2_)Ti^4+^_12_O_38_,Sr Ca Fe^2+ Cr^3+ Ti^4+ O,Sr Ca Fe^2+ Cr^3+ Ti^4+ O,Sr Ca Fe Cr Ti O,Sr Ca Fe^2+ Cr^3+ Ti^4+ O,valid,,,
Sarcolite,"Na_4_Ca_12_Al_8_Si_12_O_46_(SiO_4_,PO_4_)(OH,H_2_O)_4_(CO_3_,Cl)",Na Ca Al Si O P H C Cl,Na Ca Al Si O P H C Cl,Na Ca Al Si O P H C Cl,Na Ca Al Si O P H C Cl,valid,,,
Sarcopside,Fe^2+^_3_[box](PO_4_)_2_,Fe^2+ P O,Fe^2+ P O,Fe P O,Fe^2+ P O,valid,,,
Sardashtite,Ag^1+^_9_Cu^1+^_2.5_Pb^2+^_41_Sb^3+^_36.5_As^3+^_7_S^2-^_112_,Ag^1+ Cu^1+ Pb^2+ Sb^3+ As^3+ S^2-,Ag^1+ Cu^1+ Pb^2+ Sb^3+ As^3+ S^2-,Ag Cu Pb Sb As S,Ag^1+ Cu^1+ Pb^2+ Sb^3+ As^3+ S^2-,valid,,,
Sardignaite,Bi^3+^Mo^6+^_2_O_7_(OH)·2H_2_O,Bi^3+ Mo^6+ O H,Bi^3+ Mo^6+ O H,Bi Mo O H,Bi^3+ Mo^6+ O H,valid,,,
Sarkinite,Mn^2+^_2_As^5+^O_4_(OH),Mn^2+ As^5+ O H,Mn^2+ As^5+ O H,Mn As O H,Mn^2+ As^5+ O H,valid,,,
Sarmientite,Fe^3+^_2_(As^5+^O_4_)(S^6+^O_4_)(OH)·5H_2_O,Fe^3+ As^5+ O S^6+ H,Fe^3+ As^5+ O S^6+ H,Fe As O S H,Fe^3+ As^5+ O S^6+ H,valid,,,
Sarrabusite,Pb^2+^_5_Cu^2+^(Se^4+^O_3_)_4_Cl_4_,Pb^2+ Cu^2+ Se^4+ O Cl,Pb^2+ Cu^2+ Se^4+ O Cl,Pb Cu Se O Cl,Pb^2+ Cu^2+ Se^4+ O Cl,valid,,,
Sarrochite,[Ca_4_(H_2_O)_38_][Mo^6+^_8_P_2_Fe^3+^_3_O_37_(OH)],Ca H O Mo^6+ P Fe^3+,Ca H O Mo^6+ P Fe^3+,Ca H O Mo P Fe,Ca H O Mo^6+ P Fe^3+,valid,,,
Sartorite,Pb^2+^As^3+^_2_S^2-^_4_,Pb^2+ As^3+ S^2-,Pb^2+ As^3+ S^2-,Pb As S,Pb^2+ As^3+ S^2-,valid,,,
Sarvodaite,Al_2_(S^6+^O_4_)_3_·5H_2_O,Al S^6+ O H,Al S^6+ O H,Al S O H,Al S^6+ O H,valid,,,
Saryarkite-(Y),"Ca(Y,Th^4+^)Al_5_(SiO_4_)_2_(PO_4_)_2_(OH)_7_·6H_2_O",Ca Y Th^4+ Al Si O P H,Ca Y Th^4+ Al Si O P H,Ca Y Th Al Si O P H,Ca Y Th^4+ Al Si O P H,valid,,,
Sasaite,Al_6_(PO_4_)_5_(OH)_3_·36H_2_O,Al P O H,Al P O H,Al P O H,Al P O H,valid,,,
Sassite,Ti^3+^_2_Ti^4+^O_5_,Ti^3+ Ti^4+ O,Ti^3+ Ti^4+ O,Ti O,Ti^3+ Ti^4+ O,valid,,,
Sassolite,B(OH)_3_,B O H,B O H,B O H,B O H,valid,,,
Satimolite,KNa_2_(Al_5_Mg_2_)[B_12_O_18_(OH)_12_](OH)_6_Cl_4_·4H_2_O,K Na Al Mg B O H Cl,K Na Al Mg B O H Cl,K Na Al Mg B O H Cl,K Na Al Mg B O H Cl,valid,,,
Satpaevite,Al_12_V^4+^_2_V^5+^_6_O_37_·30H_2_O,Al V^4+ V^5+ O H,Al V^4+ V^5+ O H,Al V O H,Al V^4+ V^5+ O H,valid,,,
Satterlyite,"(Fe^2+^,Mg,Fe^3+^)_12_(PO_3_OH)(PO_4_)_5_(OH,O)_6_",Fe^2+ Mg Fe^3+ P O H,Fe^2+ Mg Fe^3+ P O H,Fe Mg P O H,Fe^2+ Mg Fe^3+ P O H,valid,,,
Sauconite,"Na_0.3_Zn^2+^_3_(Si,Al)_4_O_10_(OH)_2_·4H_2_O",Na Zn^2+ Si Al O H,Na Zn^2+ Si Al O H,Na Zn Si Al O H,Na Zn^2+ Si Al O H,valid,,,
Savelievaite,Mg_2_Cr^3+^O_2_(BO_3_),Mg Cr^3+ O B,Mg Cr^3+ O B,Mg Cr O B,Mg Cr^3+ O B,valid,,,
Sayrite,Pb^2+^_2_(U^6+^O_2_)_5_O_6_(OH)_2_·4H_2_O,Pb^2+ U^6+ O H,Pb^2+ U^6+ O H,Pb U O H,Pb^2+ U^6+ O H,valid,,,
Sazhinite-(Ce),Na_3_Ce^3+^Si_6_O_15_·2H_2_O,Na Ce^3+ Si O H,Na Ce^3+ Si O H,Na Ce Si O H,Na Ce^3+ Si O H,valid,,,
Sazhinite-(La),Na_3_LaSi_6_O_15_·2H_2_O,Na La Si O H,Na La Si O H,Na La Si O H,Na La Si O H,valid,,,
Sazykinaite-(Y),Na_5_YZr^4+^Si_6_O_18_·6H_2_O,Na Y Zr^4+ Si O H,Na Y Zr^4+ Si O H,Na Y Zr Si O H,Na Y Zr^4+ Si O H,valid,,,
Sbacchiite,Ca_2_AlF_7_,Ca Al F,Ca Al F,Ca Al F,Ca Al F,valid,,,
Sborgite,NaB_5_O_6_(OH)_4_·3H_2_O,Na B O H,Na B O H,Na B O H,Na B O H,valid,,,
Scacchite,Mn^2+^Cl_2_,Mn^2+ Cl,Mn^2+ Cl,Mn Cl,Mn^2+ Cl,valid,,,
Scainiite,Pb^2+^_14_Sb^3+^_30_S^2-^_54_O_5_,Pb^2+ Sb^3+ S^2- O,Pb^2+ Sb^3+ S^2- O,Pb Sb S O,Pb^2+ Sb^3+ S^2- O,valid,,,
Scandiobabingtonite,"(Ca,Na)_2_(Fe^2+^,Mn^2+^)(Sc,Fe^3+^)Si_5_O_14_(OH)",Ca Na Fe^2+ Mn^2+ Sc Fe^3+ Si O H,Ca Na Fe^2+ Mn^2+ Sc Fe^3+ Si O H,Ca Na Fe Mn Sc Si O H,Ca Na Fe^2+ Mn^2+ Sc Fe^3+ Si O H,valid,,,
Scandio-fluoro-eckermannite,NaNa_2_(Mg_4_Sc)(Si_8_O_22_)F_2_,Na Mg Sc Si O F,Na Mg Sc Si O F,Na Mg Sc Si O F,Na Mg Sc Si O F,valid,,,
Scandio-winchite,[box](NaCa)(Mg_4_Sc)(Si_8_O_22_)(OH)_2_,Na Ca Mg Sc Si O H,Na Ca Mg Sc Si O H,Na Ca Mg Sc Si O H,Na Ca Mg Sc Si O H,valid,,,
Scarbroite,Al_5_(CO_3_)(OH)_13_·5H_2_O,Al C O H,Al C O H,Al C O H,Al C O H,valid,,,
Scawtite,Ca_7_(Si_3_O_9_)_2_(CO_3_)·2H_2_O,Ca Si O C H,Ca Si O C H,Ca Si O C H,Ca Si O C H,valid,,,
Scenicite,[(U^6+^O_2_)(H_2_O)_2_(S^6+^O_4_)]_2_·3H_2_O,U^6+ O H S^6+,U^6+ O H S^6+,U O H S,U^6+ O H S^6+,valid,,,
Schachnerite,Ag_1.1_Hg_0.9_,Ag Hg,Ag Hg,Ag Hg,Ag Hg,valid,,,
Schafarzikite,Fe^2+^Sb^3+^_2_O_4_,Fe^2+ Sb^3+ O,Fe^2+ Sb^3+ O,Fe Sb O,Fe^2+ Sb^3+ O,valid,,,
Schäferite,NaCa_2_Mg_2_(V^5+^O_4_)_3_,Na Ca Mg V^5+ O,Na Ca Mg V^5+ O,Na Ca Mg V O,Na Ca Mg V^5+ O,valid,,,
Schairerite,Na_21_(S^6+^O_4_)_7_ClF_6_,Na S^6+ O Cl F,Na S^6+ O Cl F,Na S O Cl F,Na S^6+ O Cl F,valid,,,
Schallerite,Mn^2+^_16_As^3+^_3_Si_12_O_36_(OH)_17_,Mn^2+ As^3+ Si O H,Mn^2+ As^3+ Si O H,Mn As Si O H,Mn^2+ As^3+ Si O H,valid,,,
Schapbachite,Ag^1+^_0.4_Pb^2+^_0.2_Bi^3+^_0.4_S^2-^,Ag^1+ Pb^2+ Bi^3+ S^2-,Ag^1+ Pb^2+ Bi^3+ S^2-,Ag Pb Bi S,Ag^1+ Pb^2+ Bi^3+ S^2-,valid,,,
Schaurteite,Ca_3_Ge(S^6+^O_4_)_2_(OH)_6_·3H_2_O,Ca Ge S^6+ O H,Ca Ge S^6+ O H,Ca Ge S O H,Ca Ge S^6+ O H,valid,,,
Scheelite,CaW^6+^O_4_,Ca W^6+ O,Ca W^6+ O,Ca W O,Ca W^6+ O,valid,,,
Schertelite,(N^3-^H_4_)_2_Mg(PO_3_OH)_2_·4H_2_O,N^3- H Mg P O,N^3- H Mg P O,N H Mg P O,N^3- H Mg P O,valid,,,
Scheuchzerite,NaMn^2+^_9_Si_9_V^5+^O_28_(OH)_4_,Na Mn^2+ Si V^5+ O H,Na Mn^2+ Si V^5+ O H,Na Mn Si V O H,Na Mn^2+ Si V^5+ O H,valid,,,
Schiavinatoite,Nb^5+^BO_4_,Nb^5+ B O,Nb^5+ B O,Nb B O,Nb^5+ B O,valid,,,
Schieffelinite,Pb^2+^_10_Te^6+^_6_O_20_(OH)_14_(S^6+^O_4_)·5H_2_O,Pb^2+ Te^6+ O H S^6+,Pb^2+ Te^6+ O H S^6+,Pb Te O H S,Pb^2+ Te^6+ O H S^6+,valid,,,
Schindlerite,(N^3-^H_4_)_4_Na_2_[V^5+^_10_O_28_]·10H_2_O,N^3- H Na V^5+ O,N^3- H Na V^5+ O,N H Na V O,N^3- H Na V^5+ O,valid,,,
Schizolite,NaCaMn^2+^Si_3_O_8_(OH),Na Ca Mn^2+ Si O H,Na Ca Mn^2+ Si O H,Na Ca Mn Si O H,Na Ca Mn^2+ Si O H,valid,,,
Schlegelite,Bi^3+^_7_O_4_(Mo^6+^O_4_)_2_(As^5+^O_4_)_3_,Bi^3+ O Mo^6+ As^5+,Bi^3+ O Mo^6+ As^5+,Bi O Mo As,Bi^3+ O Mo^6+ As^5+,valid,,,
Schlemaite,"(Cu^1+^,[box])_6_(Pb^2+^,Bi^3+^)Se^2-^_4_",Cu^1+ Pb^2+ Bi^3+ Se^2-,Cu^1+ Pb^2+ Bi^3+ Se^2-,Cu Pb Bi Se,Cu^1+ Pb^2+ Bi^3+ Se^2-,valid,,,
Schlossmacherite,(H_3_O)Al_3_(S^6+^O_4_)_2_(OH)_6_,H O Al S^6+,H O Al S^6+,H O Al S,H O Al S^6+,valid,,,
Schlüterite-(Y),"(Y,REE)_2_AlSi_2_O_7_(OH)_2_F",Y REE Al Si O H F,Y REE Al Si O H F,Y REE Al Si O H F,Y REE Al Si O H F,valid,,,
Schmidite,Zn^2+^(Fe^3+^_0.5_Mn^2+^_0.5_)_2_Zn^2+^Fe^3+^(PO_4_)_3_(OH)_3_(H_2_O)_8_,Zn^2+ Fe^3+ Mn^2+ P O H,Zn^2+ Fe^3+ Mn^2+ P O H,Zn Fe Mn P O H,Zn^2+ Fe^3+ Mn^2+ P O H,valid,,,
Schmiederite,Cu^2+^_2_Pb^2+^_2_(Se^4+^O_3_)(Se^6+^O_4_)(OH)_4_,Cu^2+ Pb^2+ Se^4+ O Se^6+ H,Cu^2+ Pb^2+ Se^4+ O Se^6+ H,Cu Pb Se O H,Cu^2+ Pb^2+ Se^4+ O Se^6+ H,valid,,,
Schmitterite,(U^6+^O_2_)Te^4+^O_3_,U^6+ O Te^4+,U^6+ O Te^4+,U O Te,U^6+ O Te^4+,valid,,,
Schneebergite,Bi^3+^Co^2+^_2_(As^5+^O_4_)_2_(OH)·H_2_O,Bi^3+ Co^2+ As^5+ O H,Bi^3+ Co^2+ As^5+ O H,Bi Co As O H,Bi^3+ Co^2+ As^5+ O H,valid,,,
Schneiderhöhnite,Fe^2+^Fe^3+^_3_As^3+^_5_O_13_,Fe^2+ Fe^3+ As^3+ O,Fe^2+ Fe^3+ As^3+ O,Fe As O,Fe^2+ Fe^3+ As^3+ O,valid,,,
Schoderite,Al_2_(PO_4_)(V^5+^O_4_)·8H_2_O,Al P O V^5+ H,Al P O V^5+ H,Al P O V H,Al P O V^5+ H,valid,,,
Schoenfliesite,MgSn^4+^(OH)_6_,Mg Sn^4+ O H,Mg Sn^4+ O H,Mg Sn O H,Mg Sn^4+ O H,valid,,,
Schoepite,(U^6+^O_2_)_4_O(OH)_6_(H_2_O)_6_,U^6+ O H,U^6+ O H,U O H,U^6+ O H,valid,,,
Schöllhornite,Na_0.3_CrS_2_·H_2_O,Na Cr S H O,Na Cr S H O,Na Cr S H O,Na Cr S H O,valid,,,
Scholzite,CaZn^2+^_2_(PO_4_)_2_·2H_2_O,Ca Zn^2+ P O H,Ca Zn^2+ P O H,Ca Zn P O H,Ca Zn^2+ P O H,valid,,,
Schoonerite,Zn^2+^Mn^2+^Fe^2+^_2_Fe^3+^(PO_4_)_3_(OH)_2_(H_2_O)_7_·2H_2_O,Zn^2+ Mn^2+ Fe^2+ Fe^3+ P O H,Zn^2+ Mn^2+ Fe^2+ Fe^3+ P O H,Zn Mn Fe P O H,Zn^2+ Mn^2+ Fe^2+ Fe^3+ P O H,valid,,,
Schorl,NaFe^2+^_3_Al_6_(Si_6_O_18_)(BO_3_)_3_(OH)_3_OH,Na Fe^2+ Al Si O B H,Na Fe^2+ Al Si O B H,Na Fe Al Si O B H,Na Fe^2+ Al Si O B H,valid,,,
Schorlomite,Ca_3_Ti^4+^_2_(Fe^3+^_2_Si)O_12_,Ca Ti^4+ Fe^3+ Si O,Ca Ti^4+ Fe^3+ Si O,Ca Ti Fe Si O,Ca Ti^4+ Fe^3+ Si O,valid,,,
Schreibersite,"(Fe,Ni)_3_P",Fe Ni P,Fe Ni P,Fe Ni P,Fe Ni P,valid,,,
Schreyerite,V^3+^_2_Ti^4+^_3_O_9_,V^3+ Ti^4+ O,V^3+ Ti^4+ O,V Ti O,V^3+ Ti^4+ O,valid,,,
Schröckingerite,NaCa_3_(U^6+^O_2_)(S^6+^O_4_)(CO_3_)_3_F·10H_2_O,Na Ca U^6+ O S^6+ C F H,Na Ca U^6+ O S^6+ C F H,Na Ca U O S C F H,Na Ca U^6+ O S^6+ C F H,valid,,,
Schubnelite,Fe^3+^V^5+^O_4_·H_2_O,Fe^3+ V^5+ O H,Fe^3+ V^5+ O H,Fe V O H,Fe^3+ V^5+ O H,valid,,,
Schuetteite,Hg^2+^_3_O_2_(S^6+^O_4_),Hg^2+ O S^6+,Hg^2+ O S^6+,Hg O S,Hg^2+ O S^6+,valid,,,
Schuilingite-(Nd),Cu^2+^Pb^2+^Nd(CO_3_)_3_(OH)·1.5H_2_O,Cu^2+ Pb^2+ Nd C O H,Cu^2+ Pb^2+ Nd C O H,Cu Pb Nd C O H,Cu^2+ Pb^2+ Nd C O H,valid,,,
Schulenbergite,"(Cu^2+^,Zn^2+^)_7_(S^6+^O_4_)_2_(OH)_10_·3H_2_O",Cu^2+ Zn^2+ S^6+ O H,Cu^2+ Zn^2+ S^6+ O H,Cu Zn S O H,Cu^2+ Zn^2+ S^6+ O H,valid,,,
Schüllerite,Na_2_Ba_2_Mg_2_Ti^4+^_2_(Si_2_O_7_)_2_O_2_F_2_,Na Ba Mg Ti^4+ Si O F,Na Ba Mg Ti^4+ Si O F,Na Ba Mg Ti Si O F,Na Ba Mg Ti^4+ Si O F,valid,,,
Schultenite,Pb^2+^(As^5+^O_3_OH),Pb^2+ As^5+ O H,Pb^2+ As^5+ O H,Pb As O H,Pb^2+ As^5+ O H,valid,,,
Schumacherite,Bi^3+^_3_O(V^5+^O_4_)_2_(OH),Bi^3+ O V^5+ H,Bi^3+ O V^5+ H,Bi O V H,Bi^3+ O V^5+ H,valid,,,
Schwartzembergite,Pb^2+^_5_H_2_I^3+^O_6_Cl_3_,Pb^2+ H I^3+ O Cl,Pb^2+ H I^3+ O Cl,Pb H I O Cl,Pb^2+ H I^3+ O Cl,valid,,,
Schwertmannite,Fe^3+^_16_O_16_(OH)_9.6_(S^6+^O_4_)_3.2_·10H_2_O,Fe^3+ O H S^6+,Fe^3+ O H S^6+,Fe O H S,Fe^3+ O H S^6+,valid,,,
Sclarite,Zn^2+^_7_(CO_3_)_2_(OH)_10_,Zn^2+ C O H,Zn^2+ C O H,Zn C O H,Zn^2+ C O H,valid,,,
Scolecite,Ca(Si_3_Al_2_)O_10_·3H_2_O,Ca Si Al O H,Ca Si Al O H,Ca Si Al O H,Ca Si Al O H,valid,,,
Scordariite,K_8_(Fe^3+^_0.67_[box]_0.33_)[Fe^3+^_3_O(S^6+^O_4_)_6_(H_2_O)_3_]_2_(H_2_O)_11_,K Fe^3+ O S^6+ H,K Fe^3+ O S^6+ H,K Fe O S H,K Fe^3+ O S^6+ H,valid,,,
Scorodite,Fe^3+^As^5+^O_4_·2H_2_O,Fe^3+ As^5+ O H,Fe^3+ As^5+ O H,Fe As O H,Fe^3+ As^5+ O H,valid,,,
Scorticoite,Mn^2+^_6_(Sb^5+^[box])(SiO_4_)_2_O_3_(OH)_3_,Mn^2+ Sb^5+ Si O H,Mn^2+ Sb^5+ Si O H,Mn Sb Si O H,Mn^2+ Sb^5+ Si O H,valid,,,
Scorzalite,Fe^2+^Al_2_(PO_4_)_2_(OH)_2_,Fe^2+ Al P O H,Fe^2+ Al P O H,Fe Al P O H,Fe^2+ Al P O H,valid,,,
Scotlandite,Pb^2+^S^4+^O_3_,Pb^2+ S^4+ O,Pb^2+ S^4+ O,Pb S O,Pb^2+ S^4+ O,valid,,,
Scottyite,BaCu^2+^_2_Si_2_O_7_,Ba Cu^2+ Si O,Ba Cu^2+ Si O,Ba Cu Si O,Ba Cu^2+ Si O,valid,,,
Scrutinyite,Pb^4+^O_2_,Pb^4+ O,Pb^4+ O,Pb O,Pb^4+ O,valid,,,
Seaborgite,LiK_2_Na_6_(U^6+^O_2_)(S^6+^O_4_)_5_(S^6+^O_3_OH)(H_2_O),Li K Na U^6+ O S^6+ H,Li K Na U^6+ O S^6+ H,Li K Na U O S H,Li K Na U^6+ O S^6+ H,valid,,,
Seamanite,Mn^2+^_3_B(PO_4_)(OH)_6_,Mn^2+ B P O H,Mn^2+ B P O H,Mn B P O H,Mn^2+ B P O H,valid,,,
Searlesite,NaBSi_2_O_5_(OH)_2_,Na B Si O H,Na B Si O H,Na B Si O H,Na B Si O H,valid,,,
Sederholmite,NiSe,Ni Se,Ni Se,Ni Se,Ni Se,valid,,,
Sedovite,U^4+^(Mo^6+^O_4_)_2_,U^4+ Mo^6+ O,U^4+ Mo^6+ O,U Mo O,U^4+ Mo^6+ O,valid,,,
Seeligerite,Pb^2+^_3_(I^5+^O_4_)Cl_3_,Pb^2+ I^5+ O Cl,Pb^2+ I^5+ O Cl,Pb I O Cl,Pb^2+ I^5+ O Cl,valid,,,
Seelite,"Mg(U^6+^O_2_)_2_(As^3+^O_3_,As^5+^O_4_)_2_·7H_2_O",Mg U^6+ O As^3+ As^5+ H,Mg U^6+ O As^3+ As^5+ H,Mg U O As H,Mg U^6+ O As^3+ As^5+ H,valid,,,
Segelerite,CaMgFe^3+^(PO_4_)_2_(OH)·4H_2_O,Ca Mg Fe^3+ P O H,Ca Mg Fe^3+ P O H,Ca Mg Fe P O H,Ca Mg Fe^3+ P O H,valid,,,
Segerstromite,Ca_3_(As^5+^O_4_)_2_(As^3+^(OH)_3_)_2_,Ca As^5+ O As^3+ H,Ca As^5+ O As^3+ H,Ca As O H,Ca As^5+ O As^3+ H,valid,,,
Segnitite,Pb^2+^Fe^3+^_3_(As^5+^O_4_)(As^5+^O_3_OH)(OH)_6_,Pb^2+ Fe^3+ As^5+ O H,Pb^2+ Fe^3+ As^5+ O H,Pb Fe As O H,Pb^2+ Fe^3+ As^5+ O H,valid,,,
Seidite-(Ce),"Na_4_(Ce^3+^,Sr)_2_Ti^4+^Si_8_O_18_(O,OH,F)_6_·5H_2_O",Na Ce^3+ Sr Ti^4+ Si O H F,Na Ce^3+ Sr Ti^4+ Si O H F,Na Ce Sr Ti Si O H F,Na Ce^3+ Sr Ti^4+ Si O H F,valid,,,
Seidozerite,Na_2_Zr^4+^_2_Na_2_Mn^2+^Ti^4+^(Si_2_O_7_)_2_O_2_F_2_,Na Zr^4+ Mn^2+ Ti^4+ Si O F,Na Zr^4+ Mn^2+ Ti^4+ Si O F,Na Zr Mn Ti Si O F,Na Zr^4+ Mn^2+ Ti^4+ Si O F,valid,,,
Seifertite,SiO_2_,Si O,Si O,Si O,Si O,valid,,,
Seinäjokite,Fe^3+^(Sb_2_)^3-^,Fe^3+ Sb,Fe^3+ Sb,Fe Sb,Fe^3+ Sb,valid,,,
Sejkoraite-(Y),Y_2_[(U^6+^O_2_)_8_O_6_(S^6+^O_4_)_4_(OH)_2_]·26H_2_O,Y U^6+ O S^6+ H,Y U^6+ O S^6+ H,Y U O S H,Y U^6+ O S^6+ H,valid,,,
Sekaninaite,Fe^2+^_2_Al_3_(AlSi_5_)O_18_,Fe^2+ Al Si O,Fe^2+ Al Si O,Fe Al Si O,Fe^2+ Al Si O,valid,,,
Selenium,Se,Se,Se,Se,Se,valid,,,
Selenodantopaite,Ag^1+^_5_Bi^3+^_13_Se^2-^_22_,Ag^1+ Bi^3+ Se^2-,Ag^1+ Bi^3+ Se^2-,Ag Bi Se,Ag^1+ Bi^3+ Se^2-,valid,,,
Selenojalpaite,Ag^1+^_3_Cu^1+^Se^2-^_2_,Ag^1+ Cu^1+ Se^2-,Ag^1+ Cu^1+ Se^2-,Ag Cu Se,Ag^1+ Cu^1+ Se^2-,valid,,,
Selenojunoite,Cu^1+^_2_Pb^2+^_3_Bi^3+^_8_Se^2-^_16_,Cu^1+ Pb^2+ Bi^3+ Se^2-,Cu^1+ Pb^2+ Bi^3+ Se^2-,Cu Pb Bi Se,Cu^1+ Pb^2+ Bi^3+ Se^2-,valid,,,
Selenolaurite,RuSe_2_,Ru Se,Ru Se,Ru Se,Ru Se,valid,,,
Selenopolybasite,"Cu^1+^(Ag^1+^,Cu^1+^)_6_Ag^1+^_9_Sb^3+^_2_(S^2-^,Se^2-^)_9_Se^2-^_2_",Cu^1+ Ag^1+ Sb^3+ S^2- Se^2-,Cu^1+ Ag^1+ Sb^3+ S^2- Se^2-,Cu Ag Sb S Se,Cu^1+ Ag^1+ Sb^3+ S^2- Se^2-,valid,,,
Selenostephanite,Ag^1+^_5_Sb^3+^Se^2-^_4_,Ag^1+ Sb^3+ Se^2-,Ag^1+ Sb^3+ Se^2-,Ag Sb Se,Ag^1+ Sb^3+ Se^2-,valid,,,
Seligmannite,Cu^1+^Pb^2+^As^3+^S^2-^_3_,Cu^1+ Pb^2+ As^3+ S^2-,Cu^1+ Pb^2+ As^3+ S^2-,Cu Pb As S,Cu^1+ Pb^2+ As^3+ S^2-,valid,,,
Selivanovaite,Fe^3+^[box]Ti^4+^_2_Na[box]Ti^4+^_2_(Si_2_O_7_)_2_O_4_(H_2_O)_4_,Fe^3+ Ti^4+ Na Si O H,Fe^3+ Ti^4+ Na Si O H,Fe Ti Na Si O H,Fe^3+ Ti^4+ Na Si O H,valid,,,
Sellaite,MgF_2_,Mg F,Mg F,Mg F,Mg F,valid,,,
Selsurtite,(H_3_O)_12_Na_3_(Ca_3_Mn^2+^_3_)(Na_2_Fe^2+^)Zr^4+^_3_[box]Si[Si_24_O_69_(OH)_3_](OH)Cl·H_2_O,H O Na Ca Mn^2+ Fe^2+ Zr^4+ Si Cl,H O Na Ca Mn^2+ Fe^2+ Zr^4+ Si Cl,H O Na Ca Mn Fe Zr Si Cl,H O Na Ca Mn^2+ Fe^2+ Zr^4+ Si Cl,valid,,,
Selwynite,NaKBeZr^4+^_2_(PO_4_)_4_·2H_2_O,Na K Be Zr^4+ P O H,Na K Be Zr^4+ P O H,Na K Be Zr P O H,Na K Be Zr^4+ P O H,valid,,,
Semenovite-(Ce),"(Na,Ca)_9_Fe^2+^Ce^4+^_2_(Si,Be)_20_(O,OH,F)_48_",Na Ca Fe^2+ Ce^4+ Si Be O H F,Na Ca Fe^2+ Ce^4+ Si Be O H F,Na Ca Fe Ce Si Be O H F,Na Ca Fe^2+ Ce^4+ Si Be O H F,valid,,,
Semseyite,Pb^2+^_9_Sb^3+^_8_S^2-^_21_,Pb^2+ Sb^3+ S^2-,Pb^2+ Sb^3+ S^2-,Pb Sb S,Pb^2+ Sb^3+ S^2-,valid,,,
Senaite,"Pb^2+^(Mn^2+^,Y,U^6+^)(Fe^2+^,Zn^2+^)_2_(Ti^4+^,Fe^3+^,Cr^3+^,V^5+^)_18_(O,OH)_38_",Pb^2+ Mn^2+ Y U^6+ Fe^2+ Zn^2+ Ti^4+ Fe^3+ Cr^3+ V^5+ O H,Pb^2+ Mn^2+ Y U^6+ Fe^2+ Zn^2+ Ti^4+ Fe^3+ Cr^3+ V^5+ O H,Pb Mn Y U Fe Zn Ti Cr V O H,Pb^2+ Mn^2+ Y U^6+ Fe^2+ Zn^2+ Ti^4+ Fe^3+ Cr^3+ V^5+ O H,valid,,,
Senandorite,Ag^1+^Pb^2+^Sb^3+^_3_S^2-^_6_,Ag^1+ Pb^2+ Sb^3+ S^2-,Ag^1+ Pb^2+ Sb^3+ S^2-,Ag Pb Sb S,Ag^1+ Pb^2+ Sb^3+ S^2-,valid,,,
Senarmontite,Sb^3+^_2_O_3_,Sb^3+ O,Sb^3+ O,Sb O,Sb^3+ O,valid,,,
Senegalite,Al_2_PO_4_(OH)_3_·H_2_O,Al P O H,Al P O H,Al P O H,Al P O H,valid,,,
Sengierite,Cu^2+^_2_(U^6+^O_2_)_2_(V^5+^O_4_)_2_(OH)_2_·6H_2_O,Cu^2+ U^6+ O V^5+ H,Cu^2+ U^6+ O V^5+ H,Cu U O V H,Cu^2+ U^6+ O V^5+ H,valid,,,
Senkevichite,CsKNaCa_2_Ti^4+^OSi_7_O_18_(OH),Cs K Na Ca Ti^4+ O Si H,Cs K Na Ca Ti^4+ O Si H,Cs K Na Ca Ti O Si H,Cs K Na Ca Ti^4+ O Si H,valid,,,
Sepiolite,Mg_4_Si_6_O_15_(OH)_2_·6H_2_O,Mg Si O H,Mg Si O H,Mg Si O H,Mg Si O H,valid,,,
Serandite,NaMn^2+^_2_Si_3_O_8_(OH),Na Mn^2+ Si O H,Na Mn^2+ Si O H,Na Mn Si O H,Na Mn^2+ Si O H,valid,,,
Serendibite,Ca_4_(Mg_6_Al_6_)O_4_[Si_6_B_3_Al_3_O_36_],Ca Mg Al O Si B,Ca Mg Al O Si B,Ca Mg Al O Si B,Ca Mg Al O Si B,valid,,,
Sergeevite,Ca_2_Mg_11_(CO_3_)_9_(HCO_3_)_4_(OH)_4_·6H_2_O,Ca Mg C O H,Ca Mg C O H,Ca Mg C O H,Ca Mg C O H,valid,,,
Sergevanite,Na_15_(Ca_3_Mn^2+^_3_)(Na_2_Fe^2+^)Zr^4+^_3_Si_26_O_72_(OH)_3_·H_2_O,Na Ca Mn^2+ Fe^2+ Zr^4+ Si O H,Na Ca Mn^2+ Fe^2+ Zr^4+ Si O H,Na Ca Mn Fe Zr Si O H,Na Ca Mn^2+ Fe^2+ Zr^4+ Si O H,valid,,,
Sergeysmirnovite,MgZn^2+^_2_(PO_4_)_2_·4H_2_O,Mg Zn^2+ P O H,Mg Zn^2+ P O H,Mg Zn P O H,Mg Zn^2+ P O H,valid,,,
Serpierite,CaCu^2+^_4_(S^6+^O_4_)_2_(OH)_6_(H_2_O)_3_,Ca Cu^2+ S^6+ O H,Ca Cu^2+ S^6+ O H,Ca Cu S O H,Ca Cu^2+ S^6+ O H,valid,,,
Serrabrancaite,Mn^3+^PO_4_·H_2_O,Mn^3+ P O H,Mn^3+ P O H,Mn P O H,Mn^3+ P O H,valid,,,
Sewardite,CaFe^3+^_2_(As^5+^O_4_)_2_(OH)_2_,Ca Fe^3+ As^5+ O H,Ca Fe^3+ As^5+ O H,Ca Fe As O H,Ca Fe^3+ As^5+ O H,valid,,,
Shabaite-(Nd),Nd_2_Ca[(U^6+^O_2_)(CO_3_)_3_](CO_3_)_2_(H_2_O)_10.5_,Nd Ca U^6+ O C H,Nd Ca U^6+ O C H,Nd Ca U O C H,Nd Ca U^6+ O C H,valid,,,
Shabynite,Mg_5_BO_3_(OH)_5_Cl_2_·4H_2_O,Mg B O H Cl,Mg B O H Cl,Mg B O H Cl,Mg B O H Cl,valid,,,
Shadlunite,"(Fe,Cu)_8_(Pb,Cd)S_8_",Fe Cu Pb Cd S,Fe Cu Pb Cd S,Fe Cu Pb Cd S,Fe Cu Pb Cd S,valid,,,
Shafranovskite,"Na_3_K_2_(Mn^2+^,Fe^3+^,Na)_4_[Si_9_(O,OH)_27_](OH)_2_·nH_2_O",Na K Mn^2+ Fe^3+ Si O H,Na K Mn^2+ Fe^3+ Si O H,Na K Mn Fe Si O H,Na K Mn^2+ Fe^3+ Si O H,valid,,,
Shagamite,KFe^3+^_11_O_17_,K Fe^3+ O,K Fe^3+ O,K Fe O,K Fe^3+ O,valid,,,
Shakhdaraite-(Y),ScYNb^5+^_2_O_8_,Sc Y Nb^5+ O,Sc Y Nb^5+ O,Sc Y Nb O,Sc Y Nb^5+ O,valid,,,
Shakhovite,Hg^1+^_4_Sb^5+^O_3_(OH)_3_,Hg^1+ Sb^5+ O H,Hg^1+ Sb^5+ O H,Hg Sb O H,Hg^1+ Sb^5+ O H,valid,,,
Shandite,Pb_2_Ni_3_S_2_,Pb Ni S,Pb Ni S,Pb Ni S,Pb Ni S,valid,,,
Shannonite,Pb^2+^_2_O(CO_3_),Pb^2+ O C,Pb^2+ O C,Pb O C,Pb^2+ O C,valid,,,
Sharpite,Ca(U^6+^O_2_)_3_(CO_3_)_4_·3H_2_O,Ca U^6+ O C H,Ca U^6+ O C H,Ca U O C H,Ca U^6+ O C H,valid,,,
Sharyginite,Ca_3_Ti^4+^Fe^3+^_2_O_8_,Ca Ti^4+ Fe^3+ O,Ca Ti^4+ Fe^3+ O,Ca Ti Fe O,Ca Ti^4+ Fe^3+ O,valid,,,
Shasuite,CaNi^2+^_3_(P_2_O_7_)_2_,Ca Ni^2+ P O,Ca Ni^2+ P O,Ca Ni P O,Ca Ni^2+ P O,valid,,,
Shattuckite,Cu^2+^_5_(SiO_3_)_4_(OH)_2_,Cu^2+ Si O H,Cu^2+ Si O H,Cu Si O H,Cu^2+ Si O H,valid,,,
Shcherbakovite,K_2_NaTi^4+^_2_(Si_4_O_12_)O(OH),K Na Ti^4+ Si O H,K Na Ti^4+ Si O H,K Na Ti Si O H,K Na Ti^4+ Si O H,valid,,,
Shcherbinaite,V^5+^_2_O_5_,V^5+ O,V^5+ O,V O,V^5+ O,valid,,,
Shchurovskyite,K_2_CaCu^2+^_6_O_2_(As^5+^O_4_)_4_,K Ca Cu^2+ O As^5+,K Ca Cu^2+ O As^5+,K Ca Cu O As,K Ca Cu^2+ O As^5+,valid,,,
Sheldrickite,NaCa_3_(CO_3_)_2_F_3_·H_2_O,Na Ca C O F H,Na Ca C O F H,Na Ca C O F H,Na Ca C O F H,valid,,,
Shenganfuite,Pb^2+^Te^4+^_3_O_5_(OH)Cl_3_(H_2_O),Pb^2+ Te^4+ O H Cl,Pb^2+ Te^4+ O H Cl,Pb Te O H Cl,Pb^2+ Te^4+ O H Cl,valid,,,
Shenzhuangite,Ni^2+^Fe^2+^S^2-^_2_,Ni^2+ Fe^2+ S^2-,Ni^2+ Fe^2+ S^2-,Ni Fe S,Ni^2+ Fe^2+ S^2-,valid,,,
Sherwoodite,Ca_5.5_(AlV^4+^V^5+^_12_O_39_)·28H_2_O,Ca Al V^4+ V^5+ O H,Ca Al V^4+ V^5+ O H,Ca Al V O H,Ca Al V^4+ V^5+ O H,valid,,,
Shibkovite,K_2_Ca_2_(Zn^2+^_3_Si_12_)O_30_,K Ca Zn^2+ Si O,K Ca Zn^2+ Si O,K Ca Zn Si O,K Ca Zn^2+ Si O,valid,,,
Shigaite,Mn^2+^_6_Al_3_(OH)_18_[Na(H_2_O)_6_](S^6+^O_4_)_2_·6H_2_O,Mn^2+ Al O H Na S^6+,Mn^2+ Al O H Na S^6+,Mn Al O H Na S,Mn^2+ Al O H Na S^6+,valid,,,
Shijiangshanite,Pb^2+^_3_CaAl(Si_5_O_14_)(OH)_3_·3H_2_O,Pb^2+ Ca Al Si O H,Pb^2+ Ca Al Si O H,Pb Ca Al Si O H,Pb^2+ Ca Al Si O H,valid,,,
Shilovite,Cu^2+^(N^3-^H_3_)_4_(N^5+^O_3_)_2_,Cu^2+ N^3- H N^5+ O,Cu^2+ N^3- H N^5+ O,Cu N H O,Cu^2+ N^3- H N^5+ O,valid,,,
Shimazakiite,Ca_2_B_2_O_5_,Ca B O,Ca B O,Ca B O,Ca B O,valid,,,
Shimenite,Tl^1+^_5_Sb^3+^_21-y_As^3+^_y_S^2-^_34_ (9 ≤ y ≤ 10),Tl^1+ Sb^3+ As^3+ S^2-,Tl^1+ Sb^3+ As^3+ S^2-,Tl Sb As S,Tl^1+ Sb^3+ As^3+ S^2-,valid,,,
Shinarumpite,[Co^2+^(H_2_O)_6_][(U^6+^O_2_)(S^6+^O_4_)_2_(H_2_O)]·4H_2_O,Co^2+ H O U^6+ S^6+,Co^2+ H O U^6+ S^6+,Co H O U S,Co^2+ H O U^6+ S^6+,valid,,,
Shinichengite,Ca_5_[BSi_2_O_7_(OH)_2_]_2_·6H_2_O,Ca B Si O H,Ca B Si O H,Ca B Si O H,Ca B Si O H,valid,,,
Shinkolobweite,Pb^2+^_1.33_[U^5+^O(OH)(U^6+^O_2_)_5_O_4.67_(OH)_5.33_](H_2_O)_5_,Pb^2+ U^5+ O H U^6+,Pb^2+ U^5+ O H U^6+,Pb U O H,Pb^2+ U^5+ O H U^6+,valid,,,
Shiranuiite,Cu^1+^(Rh^3+^Rh^4+^)S^2-^_4_,Cu^1+ Rh^3+ Rh^4+ S^2-,Cu^1+ Rh^3+ Rh^4+ S^2-,Cu Rh S,Cu^1+ Rh^3+ Rh^4+ S^2-,valid,,,
Shirokshinite,K(Mg_2_Na)Si_4_O_10_F_2_,K Mg Na Si O F,K Mg Na Si O F,K Mg Na Si O F,K Mg Na Si O F,valid,,,
Shirozulite,KMn^2+^_3_(Si_3_Al)O_10_(OH)_2_,K Mn^2+ Si Al O H,K Mn^2+ Si Al O H,K Mn Si Al O H,K Mn^2+ Si Al O H,valid,,,
Shkatulkalite,Na_2_Nb^5+^_2_Na_3_Ti^4+^(Si_2_O_7_)_2_O_2_(FO)(H_2_O)_4_(H_2_O)_3_,Na Nb^5+ Ti^4+ Si O F H,Na Nb^5+ Ti^4+ Si O F H,Na Nb Ti Si O F H,Na Nb^5+ Ti^4+ Si O F H,valid,,,
Shlykovite,KCa[Si_4_O_9_(OH)]·3H_2_O,K Ca Si O H,K Ca Si O H,K Ca Si O H,K Ca Si O H,valid,,,
Shojiite,Na(NaMg)Mg_5_Si_8_O_22_(OH)_2_,Na Mg Si O H,Na Mg Si O H,Na Mg Si O H,Na Mg Si O H,valid,,,
Shomiokite-(Y),Na_3_Y(CO_3_)_3_·3H_2_O,Na Y C O H,Na Y C O H,Na Y C O H,Na Y C O H,valid,,,
Shortite,Na_2_Ca_2_(CO_3_)_3_,Na Ca C O,Na Ca C O,Na Ca C O,Na Ca C O,valid,,,
Shosanbetsuite,Ag_3_Sn,Ag Sn,Ag Sn,Ag Sn,Ag Sn,valid,,,
Shuangfengite,Ir^4+^Te^2-^_2_,Ir^4+ Te^2-,Ir^4+ Te^2-,Ir Te,Ir^4+ Te^2-,valid,,,
Shuiskite-(Cr),Ca_2_Cr^3+^Cr^3+^_2_[SiO_4_][Si_2_O_6_(OH)](OH)_2_O,Ca Cr^3+ Si O H,Ca Cr^3+ Si O H,Ca Cr Si O H,Ca Cr^3+ Si O H,valid,,,
Shuiskite-(Mg),Ca_2_MgCr^3+^_2_(SiO_4_)(Si_2_O_7_)(OH)_2_·H_2_O,Ca Mg Cr^3+ Si O H,Ca Mg Cr^3+ Si O H,Ca Mg Cr Si O H,Ca Mg Cr^3+ Si O H,valid,,,
Shulamitite,Ca_3_Ti^4+^Fe^3+^AlO_8_,Ca Ti^4+ Fe^3+ Al O,Ca Ti^4+ Fe^3+ Al O,Ca Ti Fe Al O,Ca Ti^4+ Fe^3+ Al O,valid,,,
Shumwayite,(U^6+^O_2_)_2_(S^6+^O_4_)_2_·5H_2_O,U^6+ O S^6+ H,U^6+ O S^6+ H,U O S H,U^6+ O S^6+ H,valid,,,
Shuvalovite,K_2_(Ca_2_Na)(S^6+^O_4_)_3_F,K Ca Na S^6+ O F,K Ca Na S^6+ O F,K Ca Na S O F,K Ca Na S^6+ O F,valid,,,
Sibirskite,CaHBO_3_,Ca H B O,Ca H B O,Ca H B O,Ca H B O,valid,,,
Sicherite,"Tl^1+^Ag^1+^_2_(As^3+^,Sb^3+^)_3_S^2-^_6_",Tl^1+ Ag^1+ As^3+ Sb^3+ S^2-,Tl^1+ Ag^1+ As^3+ Sb^3+ S^2-,Tl Ag As Sb S,Tl^1+ Ag^1+ As^3+ Sb^3+ S^2-,valid,,,
Siderazot,Fe_3_N_1.33_,Fe N,Fe N,Fe N,Fe N,valid,,,
Siderite,Fe^2+^CO_3_,Fe^2+ C O,Fe^2+ C O,Fe C O,Fe^2+ C O,valid,,,
Sideronatrite,Na_2_Fe^3+^(S^6+^O_4_)_2_(OH)·3H_2_O,Na Fe^3+ S^6+ O H,Na Fe^3+ S^6+ O H,Na Fe S O H,Na Fe^3+ S^6+ O H,valid,,,
Siderophyllite,KFe^2+^_2_Al(Si_2_Al_2_)O_10_(OH)_2_,K Fe^2+ Al Si O H,K Fe^2+ Al Si O H,K Fe Al Si O H,K Fe^2+ Al Si O H,valid,,,
Siderotil,Fe^2+^S^6+^O_4_·5H_2_O,Fe^2+ S^6+ O H,Fe^2+ S^6+ O H,Fe S O H,Fe^2+ S^6+ O H,valid,,,
Sidorenkite,Na_3_Mn^2+^(PO_4_)(CO_3_),Na Mn^2+ P O C,Na Mn^2+ P O C,Na Mn P O C,Na Mn^2+ P O C,valid,,,
Sidorovite,PtFe_3_,Pt Fe,Pt Fe,Pt Fe,Pt Fe,valid,,,
Sidpietersite,Pb^2+^_4_(S^6+^O_3_S^2-^)O_2_(OH)_2_,Pb^2+ S^6+ O S^2- H,Pb^2+ S^6+ O S^2- H,Pb S O H,Pb^2+ S^6+ O S^2- H,valid,,,
Sidwillite,Mo^6+^O_3_·2H_2_O,Mo^6+ O H,Mo^6+ O H,Mo O H,Mo^6+ O H,valid,,,
Siegenite,Co^2+^Ni^3+^_2_S^2-^_4_,Co^2+ Ni^3+ S^2-,Co^2+ Ni^3+ S^2-,Co Ni S,Co^2+ Ni^3+ S^2-,valid,,,
Sieleckiite,Cu^2+^_3_Al_4_(PO_4_)_2_(OH)_12_·2H_2_O,Cu^2+ Al P O H,Cu^2+ Al P O H,Cu Al P O H,Cu^2+ Al P O H,valid,,,
Sigismundite,BaFe^2+^(CaNa_2_)Fe^2+^_13_Al(PO_4_)_11_(PO_3_OH)(OH)_2_,Ba Fe^2+ Ca Na Al P O H,Ba Fe^2+ Ca Na Al P O H,Ba Fe Ca Na Al P O H,Ba Fe^2+ Ca Na Al P O H,valid,,,
Sigloite,Fe^3+^Al_2_(PO_4_)_2_(OH)_3_·7H_2_O,Fe^3+ Al P O H,Fe^3+ Al P O H,Fe Al P O H,Fe^3+ Al P O H,valid,,,
Sigogglinite,[Pb^2+^_6_Zn^2+^(OH)_8_](S^6+^O_4_)_3_·3H_2_O,Pb^2+ Zn^2+ O H S^6+,Pb^2+ Zn^2+ O H S^6+,Pb Zn O H S,Pb^2+ Zn^2+ O H S^6+,valid,,,
Siidraite,Pb^2+^_2_Cu^1+^(OH)_2_I^1-^_3_,Pb^2+ Cu^1+ O H I^1-,Pb^2+ Cu^1+ O H I^1-,Pb Cu O H I,Pb^2+ Cu^1+ O H I^1-,valid,,,
Silesiaite,Ca_4_Fe^3+^_2_Sn^4+^_2_(Si_2_O_7_)_2_(Si_2_O_6_OH)_2_,Ca Fe^3+ Sn^4+ Si O H,Ca Fe^3+ Sn^4+ Si O H,Ca Fe Sn Si O H,Ca Fe^3+ Sn^4+ Si O H,valid,,,
Silhydrite,Si_3_O_6_·H_2_O,Si O H,Si O H,Si O H,Si O H,valid,,,
Silicocarnotite,Ca_5_(PO_4_)_2_(SiO_4_),Ca P O Si,Ca P O Si,Ca P O Si,Ca P O Si,valid,,,
Silicon,Si,Si,Si,Si,Si,valid,,,
Siligiite,[Pb^2+^(H_2_O)_5_(S^6+^O_4_)][Zn^2+^_9_(OH)_18_],Pb^2+ H O S^6+ Zn^2+,Pb^2+ H O S^6+ Zn^2+,Pb H O S Zn,Pb^2+ H O S^6+ Zn^2+,valid,,,
Silinaite,NaLiSi_2_O_5_·2H_2_O,Na Li Si O H,Na Li Si O H,Na Li Si O H,Na Li Si O H,valid,,,
Sillénite,Bi^3+^_12_SiO_20_,Bi^3+ Si O,Bi^3+ Si O,Bi Si O,Bi^3+ Si O,valid,,,
Sillimanite,Al_2_OSiO_4_,Al O Si,Al O Si,Al O Si,Al O Si,valid,,,
Silver,Ag,Ag,Ag,Ag,Ag,valid,,,
Silvialite,Ca_4_Al_6_Si_6_O_24_(S^6+^O_4_),Ca Al Si O S^6+,Ca Al Si O S^6+,Ca Al Si O S,Ca Al Si O S^6+,valid,,,
Simferite,LiMg(PO_4_),Li Mg P O,Li Mg P O,Li Mg P O,Li Mg P O,valid,,,
Simmonsite,Na_2_LiAlF_6_,Na Li Al F,Na Li Al F,Na Li Al F,Na Li Al F,valid,,,
Simonellite,C_19_H_24_,C H,C H,C H,C H,valid,,,
Simonite,Tl^1+^Hg^2+^As^3+^_3_S^2-^_6_,Tl^1+ Hg^2+ As^3+ S^2-,Tl^1+ Hg^2+ As^3+ S^2-,Tl Hg As S,Tl^1+ Hg^2+ As^3+ S^2-,valid,,,
Simonkolleite,Zn^2+^_5_(OH)_8_Cl_2_·H_2_O,Zn^2+ O H Cl,Zn^2+ O H Cl,Zn O H Cl,Zn^2+ O H Cl,valid,,,
Simplotite,CaV^4+^_4_O_9_·5H_2_O,Ca V^4+ O H,Ca V^4+ O H,Ca V O H,Ca V^4+ O H,valid,,,
Simpsonite,Al_4_Ta^5+^_3_O_13_(OH),Al Ta^5+ O H,Al Ta^5+ O H,Al Ta O H,Al Ta^5+ O H,valid,,,
Sincosite,Ca(V^4+^O)_2_(PO_4_)_2_·4H_2_O,Ca V^4+ O P H,Ca V^4+ O P H,Ca V O P H,Ca V^4+ O P H,valid,,,
Sinhalite,MgAlBO_4_,Mg Al B O,Mg Al B O,Mg Al B O,Mg Al B O,valid,,,
Sinjarite,CaCl_2_·2H_2_O,Ca Cl H O,Ca Cl H O,Ca Cl H O,Ca Cl H O,valid,,,
Sinkankasite,Mn^2+^Al(PO_3_OH)_2_(OH)·6H_2_O,Mn^2+ Al P O H,Mn^2+ Al P O H,Mn Al P O H,Mn^2+ Al P O H,valid,,,
Sinnerite,Cu^1+^_6_As^3+^_4_S^2-^_9_,Cu^1+ As^3+ S^2-,Cu^1+ As^3+ S^2-,Cu As S,Cu^1+ As^3+ S^2-,valid,,,
Sinoite,Si_2_N^3-^_2_O,Si N^3- O,Si N^3- O,Si N O,Si N^3- O,valid,,,
Sitinakite,KNa_2_Ti^4+^_4_Si_2_O_13_(OH)·4H_2_O,K Na Ti^4+ Si O H,K Na Ti^4+ Si O H,K Na Ti Si O H,K Na Ti^4+ Si O H,valid,,,
Siudaite,Na_8_(Mn^2+^_2_Na)Ca_6_Fe^3+^_3_Zr^4+^_3_Nb^5+^Si_25_O_74_(OH)_2_Cl·5H_2_O,Na Mn^2+ Ca Fe^3+ Zr^4+ Nb^5+ Si O H Cl,Na Mn^2+ Ca Fe^3+ Zr^4+ Nb^5+ Si O H Cl,Na Mn Ca Fe Zr Nb Si O H Cl,Na Mn^2+ Ca Fe^3+ Zr^4+ Nb^5+ Si O H Cl,valid,,,
Siwaqaite,Ca_6_Al_2_(Cr^6+^O_4_)_3_(OH)_12_·26H_2_O,Ca Al Cr^6+ O H,Ca Al Cr^6+ O H,Ca Al Cr O H,Ca Al Cr^6+ O H,valid,,,
Škáchaite,CaCo^2+^(CO_3_)_2_,Ca Co^2+ C O,Ca Co^2+ C O,Ca Co C O,Ca Co^2+ C O,valid,,,
Skaergaardite,PdCu,Pd Cu,Pd Cu,Pd Cu,Pd Cu,valid,,,
Skinnerite,Cu^1+^_3_Sb^3+^S^2-^_3_,Cu^1+ Sb^3+ S^2-,Cu^1+ Sb^3+ S^2-,Cu Sb S,Cu^1+ Sb^3+ S^2-,valid,,,
Skippenite,Bi^3+^_2_Se^2-^_2_Te^2-^,Bi^3+ Se^2- Te^2-,Bi^3+ Se^2- Te^2-,Bi Se Te,Bi^3+ Se^2- Te^2-,valid,,,
Sklodowskite,Mg(U^6+^O_2_)_2_(SiO_3_OH)_2_·6H_2_O,Mg U^6+ O Si H,Mg U^6+ O Si H,Mg U O Si H,Mg U^6+ O Si H,valid,,,
Skogbyite,Zr^4+^(Mg_2_Mn^3+^_ 4_)SiO_12_,Zr^4+ Mg Mn^3+ Si O,Zr^4+ Mg Mn^3+ Si O,Zr Mg Mn Si O,Zr^4+ Mg Mn^3+ Si O,valid,,,
Skorpionite,Ca_3_Zn^2+^_2_(PO_4_)_2_CO_3_(OH)_2_·H_2_O,Ca Zn^2+ P O C H,Ca Zn^2+ P O C H,Ca Zn P O C H,Ca Zn^2+ P O C H,valid,,,
Skutterudite,Co^3+^As_3_,Co^3+ As,Co^3+ As,Co As,Co^3+ As,valid,,,
Slavíkite,(H_3_O)^1+^_3_Mg_6_Fe^3+^_15_(S^6+^O_4_)_21_(OH)_18_·98H_2_O,H O Mg Fe^3+ S^6+,H O Mg Fe^3+ S^6+,H O Mg Fe S,H O Mg Fe^3+ S^6+,valid,,,
Slavkovite,Cu^2+^_13_(As^5+^O_4_)_6_(As^5+^O_3_OH)_4_·23H_2_O,Cu^2+ As^5+ O H,Cu^2+ As^5+ O H,Cu As O H,Cu^2+ As^5+ O H,valid,,,
Slawsonite,SrAl_2_Si_2_O_8_,Sr Al Si O,Sr Al Si O,Sr Al Si O,Sr Al Si O,valid,,,
Šlikite,Zn^2+^_2_Mg(CO_3_)_2_(OH)_2_·4H_2_O,Zn^2+ Mg C O H,Zn^2+ Mg C O H,Zn Mg C O H,Zn^2+ Mg C O H,valid,,,
Slottaite,SrFe^3+^_3_(PO_4_)(S^6+^O_4_)(OH)_6_,Sr Fe^3+ P O S^6+ H,Sr Fe^3+ P O S^6+ H,Sr Fe P O S H,Sr Fe^3+ P O S^6+ H,valid,,,
Sluzhenikinite,Pd_15_(Sb_7-x_Sn_x_); 3 ≤ x ≤ 4,Pd Sb Sn,Pd Sb Sn,Pd Sb Sn,Pd Sb Sn,valid,,,
Slyudyankaite,Na_28_Ca_4_(Si_24_Al_24_O_96_)(S^6+^O_4_)_6_(S_6_)_1/3_(CO_2_)·2H_2_O,Na Ca Si Al O S^6+ S C H,Na Ca Si Al O S^6+ S C H,Na Ca Si Al O S C H,Na Ca Si Al O S^6+ S C H,valid,,,
Smamite,Ca_2_Sb^5+^(OH)_4_[H(As^5+^O_4_)_2_]·6H_2_O,Ca Sb^5+ O H As^5+,Ca Sb^5+ O H As^5+,Ca Sb O H As,Ca Sb^5+ O H As^5+,valid,,,
Smirnite,Bi^3+^_2_Te^4+^O_5_,Bi^3+ Te^4+ O,Bi^3+ Te^4+ O,Bi Te O,Bi^3+ Te^4+ O,valid,,,
Smirnovskite,"(Th^4+^,Ca)PO_4_·nH_2_O",Th^4+ Ca P O H,Th^4+ Ca P O H,Th Ca P O H,Th^4+ Ca P O H,valid,,,
Smithite,Ag^1+^As^3+^S^2-^_2_,Ag^1+ As^3+ S^2-,Ag^1+ As^3+ S^2-,Ag As S,Ag^1+ As^3+ S^2-,valid,,,
Smithsonite,Zn^2+^CO_3_,Zn^2+ C O,Zn^2+ C O,Zn C O,Zn^2+ C O,valid,,,
Smolyaninovite,Co^2+^_3_Fe^3+^_2_(As^5+^O_4_)_4_·11H_2_O,Co^2+ Fe^3+ As^5+ O H,Co^2+ Fe^3+ As^5+ O H,Co Fe As O H,Co^2+ Fe^3+ As^5+ O H,valid,,,
Smrkovecite,Bi^3+^_2_O(OH)PO_4_,Bi^3+ O H P,Bi^3+ O H P,Bi O H P,Bi^3+ O H P,valid,,,
Smythite,"(Fe^2+^,Fe^3+^,Ni)_3-3.3_S_4_",Fe^2+ Fe^3+ Ni S,Fe^2+ Fe^3+ Ni S,Fe Ni S,Fe^2+ Fe^3+ Ni S,valid,,,
Sobolevite,Na_6_(Na_2_Ca)(NaCaMn^2+^)Na_2_Ti^4+^_2_Na_2_(Ti^4+^Mn^2+^)(Si_2_O_7_)_2_(PO_4_)_4_O_2_(OF)F_2_,Na Ca Mn^2+ Ti^4+ Si O P F,Na Ca Mn^2+ Ti^4+ Si O P F,Na Ca Mn Ti Si O P F,Na Ca Mn^2+ Ti^4+ Si O P F,valid,,,
Sobolevskite,PdBi,Pd Bi,Pd Bi,Pd Bi,Pd Bi,valid,,,
Sodalite,Na_4_Si_3_Al_3_O_12_Cl,Na Si Al O Cl,Na Si Al O Cl,Na Si Al O Cl,Na Si Al O Cl,valid,,,
Soddyite,(U^6+^O_2_)_2_SiO_4_(H_2_O)_2_,U^6+ O Si H,U^6+ O Si H,U O Si H,U^6+ O Si H,valid,,,
Sofiite,Zn^2+^_2_(Se^4+^O_3_)Cl_2_,Zn^2+ Se^4+ O Cl,Zn^2+ Se^4+ O Cl,Zn Se O Cl,Zn^2+ Se^4+ O Cl,valid,,,
Sogdianite,KZr^4+^_2_(Li_3_Si_12_)O_30_,K Zr^4+ Li Si O,K Zr^4+ Li Si O,K Zr Li Si O,K Zr^4+ Li Si O,valid,,,
Söhngeite,Ga(OH)_3_,Ga O H,Ga O H,Ga O H,Ga O H,valid,,,
Sokolovaite,CsLi_2_AlSi_4_O_10_F_2_,Cs Li Al Si O F,Cs Li Al Si O F,Cs Li Al Si O F,Cs Li Al Si O F,valid,,,
Solongoite,Ca_2_B_3_O_4_(OH)_4_Cl,Ca B O H Cl,Ca B O H Cl,Ca B O H Cl,Ca B O H Cl,valid,,,
Sombrereteite,NaCa_3_(Al_7_Si_9_)O_32_,Na Ca Al Si O,Na Ca Al Si O,Na Ca Al Si O,Na Ca Al Si O,valid,,,
Somersetite,Pb^2+^_8_O(OH)_4_(CO_3_)_5_,Pb^2+ O H C,Pb^2+ O H C,Pb O H C,Pb^2+ O H C,valid,,,
Sonolite,Mn^2+^_9_(SiO_4_)_4_(OH)_2_,Mn^2+ Si O H,Mn^2+ Si O H,Mn Si O H,Mn^2+ Si O H,valid,,,
Sonoraite,Fe^3+^Te^4+^O_3_(OH)·H_2_O,Fe^3+ Te^4+ O H,Fe^3+ Te^4+ O H,Fe Te O H,Fe^3+ Te^4+ O H,valid,,,
Sopcheite,Ag_4_Pd_3_Te_4_,Ag Pd Te,Ag Pd Te,Ag Pd Te,Ag Pd Te,valid,,,
Sorbyite,"Cu^1+^Pb^2+^_9_(Sb^3+^,As^3+^)_11_S^2-^_26_",Cu^1+ Pb^2+ Sb^3+ As^3+ S^2-,Cu^1+ Pb^2+ Sb^3+ As^3+ S^2-,Cu Pb Sb As S,Cu^1+ Pb^2+ Sb^3+ As^3+ S^2-,valid,,,
Sørensenite,Na_4_Be_2_Sn^4+^(Si_3_O_9_)_2_·2H_2_O,Na Be Sn^4+ Si O H,Na Be Sn^4+ Si O H,Na Be Sn Si O H,Na Be Sn^4+ Si O H,valid,,,
Sorosite,"Cu_1.1-1.2_(Sn,Sb)",Cu Sn Sb,Cu Sn Sb,Cu Sn Sb,Cu Sn Sb,valid,,,
Sosedkoite,K_5_Al_2_Ta_22_O_60_,K Al Ta O,K Al Ta O,K Al Ta O,K Al Ta O,valid,,,
Součekite,"Cu^1+^Pb^2+^Bi^3+^(S^2-^,Se^2-^)_3_",Cu^1+ Pb^2+ Bi^3+ S^2- Se^2-,Cu^1+ Pb^2+ Bi^3+ S^2- Se^2-,Cu Pb Bi S Se,Cu^1+ Pb^2+ Bi^3+ S^2- Se^2-,valid,,,
Souzalite,Mg_3_Al_4_(PO_4_)_4_(OH)_6_·2H_2_O,Mg Al P O H,Mg Al P O H,Mg Al P O H,Mg Al P O H,valid,,,
Spadaite,MgSiO_2_(OH)_2_·H_2_O,Mg Si O H,Mg Si O H,Mg Si O H,Mg Si O H,valid,,,
Spaltiite,Tl^1+^_2_Cu^1+^_2_As^3+^_2_S^2-^_5_,Tl^1+ Cu^1+ As^3+ S^2-,Tl^1+ Cu^1+ As^3+ S^2-,Tl Cu As S,Tl^1+ Cu^1+ As^3+ S^2-,valid,,,
Spangolite,Cu^2+^_6_AlS^6+^O_4_(OH)_12_Cl·3H_2_O,Cu^2+ Al S^6+ O H Cl,Cu^2+ Al S^6+ O H Cl,Cu Al S O H Cl,Cu^2+ Al S^6+ O H Cl,valid,,,
Spanoite,Tl^1+^_2_[(U^6+^O_2_)_2_(V^5+^_2_O_8_)],Tl^1+ U^6+ O V^5+,Tl^1+ U^6+ O V^5+,Tl U O V,Tl^1+ U^6+ O V^5+,valid,,,
Spencerite,Zn^2+^_4_(PO_4_)_2_(OH)_2_·3H_2_O,Zn^2+ P O H,Zn^2+ P O H,Zn P O H,Zn^2+ P O H,valid,,,
Sperlingite,(H_2_O)K(Mn^2+^Fe^3+^)(Al_2_Ti^4+^)(PO_4_)_4_[O(OH)][(H_2_O)_9_(OH)]·4H_2_O,H O K Mn^2+ Fe^3+ Al Ti^4+ P,H O K Mn^2+ Fe^3+ Al Ti^4+ P,H O K Mn Fe Al Ti P,H O K Mn^2+ Fe^3+ Al Ti^4+ P,valid,,,
Sperrylite,PtAs_2_,Pt As,Pt As,Pt As,Pt As,valid,,,
Spertiniite,Cu^2+^(OH)_2_,Cu^2+ O H,Cu^2+ O H,Cu O H,Cu^2+ O H,valid,,,
Spessartine,Mn^2+^_3_Al_2_(SiO_4_)_3_,Mn^2+ Al Si O,Mn^2+ Al Si O,Mn Al Si O,Mn^2+ Al Si O,valid,,,
Sphaerobertrandite,Be_3_SiO_4_(OH)_2_,Be Si O H,Be Si O H,Be Si O H,Be Si O H,valid,,,
Sphaerobismoite,Bi^3+^_2_O_3_,Bi^3+ O,Bi^3+ O,Bi O,Bi^3+ O,valid,,,
Sphalerite,Zn^2+^S^2-^,Zn^2+ S^2-,Zn^2+ S^2-,Zn S,Zn^2+ S^2-,valid,,,
Spheniscidite,(N^3-^H_4_)Fe^3+^_2_(PO_4_)_2_(OH)·2H_2_O,N^3- H Fe^3+ P O,N^3- H Fe^3+ P O,N H Fe P O,N^3- H Fe^3+ P O,valid,,,
Spherocobaltite,Co^2+^CO_3_,Co^2+ C O,Co^2+ C O,Co C O,Co^2+ C O,valid,,,
Spinel,MgAl_2_O_4_,Mg Al O,Mg Al O,Mg Al O,Mg Al O,valid,,,
Spionkopite,Cu_1.32_S,Cu S,Cu S,Cu S,Cu S,valid,,,
Spiridonovite,"(Cu^1+^_1-x_Ag^1+^_x_)_2_Te^2-^, (x≈0.4)",Cu^1+ Ag^1+ Te^2-,Cu^1+ Ag^1+ Te^2-,Cu Ag Te,Cu^1+ Ag^1+ Te^2-,valid,,,
Spiroffite,Mn^2+^_2_Te^4+^_3_O_8_,Mn^2+ Te^4+ O,Mn^2+ Te^4+ O,Mn Te O,Mn^2+ Te^4+ O,valid,,,
Spodumene,LiAlSi_2_O_6_,Li Al Si O,Li Al Si O,Li Al Si O,Li Al Si O,valid,,,
Spriggite,Pb^2+^_3_(U^6+^O_2_)_6_O_8_(OH)_2_·3H_2_O,Pb^2+ U^6+ O H,Pb^2+ U^6+ O H,Pb U O H,Pb^2+ U^6+ O H,valid,,,
Springcreekite,BaV^3+^_3_(PO_4_)(PO_3_OH)(OH)_6_,Ba V^3+ P O H,Ba V^3+ P O H,Ba V P O H,Ba V^3+ P O H,valid,,,
Spryite,Ag^1+^_8_(As^3+^_0.5_As^5+^_0.5_)S^2-^_6_,Ag^1+ As^3+ As^5+ S^2-,Ag^1+ As^3+ As^5+ S^2-,Ag As S,Ag^1+ As^3+ As^5+ S^2-,valid,,,
Spurrite,Ca_5_(SiO_4_)_2_(CO_3_),Ca Si O C,Ca Si O C,Ca Si O C,Ca Si O C,valid,,,
Srebrodolskite,Ca_2_Fe^3+^_2_O_5_,Ca Fe^3+ O,Ca Fe^3+ O,Ca Fe O,Ca Fe^3+ O,valid,,,
Šreinite,Pb^2+^(U^6+^O_2_)_4_(Bi^3+^O)_3_(PO_4_)_2_(OH)_7_·4H_2_O,Pb^2+ U^6+ O Bi^3+ P H,Pb^2+ U^6+ O Bi^3+ P H,Pb U O Bi P H,Pb^2+ U^6+ O Bi^3+ P H,valid,,,
Srilankite,Ti^4+^O_2_,Ti^4+ O,Ti^4+ O,Ti O,Ti^4+ O,valid,,,
Stalderite,"Tl^1+^Cu^1+^(Zn^2+^,Fe^2+^,Hg^2+^)_2_As^3+^_2_S^2-^_6_",Tl^1+ Cu^1+ Zn^2+ Fe^2+ Hg^2+ As^3+ S^2-,Tl^1+ Cu^1+ Zn^2+ Fe^2+ Hg^2+ As^3+ S^2-,Tl Cu Zn Fe Hg As S,Tl^1+ Cu^1+ Zn^2+ Fe^2+ Hg^2+ As^3+ S^2-,valid,,,
Staněkite,Fe^3+^Mn^2+^O(PO_4_),Fe^3+ Mn^2+ O P,Fe^3+ Mn^2+ O P,Fe Mn O P,Fe^3+ Mn^2+ O P,valid,,,
Stanevansite,Mg(C_2_H_3_O_3_)^1-^_2_(H_2_O)_2_,Mg C H O,Mg C H O,Mg C H O,Mg C H O,valid,,,
Stanfieldite,Ca_4_Mg_5_(PO_4_)_6_,Ca Mg P O,Ca Mg P O,Ca Mg P O,Ca Mg P O,valid,,,
Stangersite,Sn^2+^Ge^4+^S^2-^_3_,Sn^2+ Ge^4+ S^2-,Sn^2+ Ge^4+ S^2-,Sn Ge S,Sn^2+ Ge^4+ S^2-,valid,,,
Stankeithite,Mn^2+^Mn^2+^Te^4+^_4_O_10_,Mn^2+ Te^4+ O,Mn^2+ Te^4+ O,Mn Te O,Mn^2+ Te^4+ O,valid,,,
Stanleyite,V^4+^O(S^6+^O_4_)·6H_2_O,V^4+ O S^6+ H,V^4+ O S^6+ H,V O S H,V^4+ O S^6+ H,valid,,,
Stannite,Cu^1+^_2_Fe^2+^Sn^4+^S^2-^_4_,Cu^1+ Fe^2+ Sn^4+ S^2-,Cu^1+ Fe^2+ Sn^4+ S^2-,Cu Fe Sn S,Cu^1+ Fe^2+ Sn^4+ S^2-,valid,,,
Stannoidite,"Cu^1+^_8_Fe^3+^_2_(Fe^2+^,Zn^2+^)Sn^4+^_2_S^2-^_12_",Cu^1+ Fe^3+ Fe^2+ Zn^2+ Sn^4+ S^2-,Cu^1+ Fe^3+ Fe^2+ Zn^2+ Sn^4+ S^2-,Cu Fe Zn Sn S,Cu^1+ Fe^3+ Fe^2+ Zn^2+ Sn^4+ S^2-,valid,,,
Stannopalladinite,"(Pd,Cu)_3_Sn",Pd Cu Sn,Pd Cu Sn,Pd Cu Sn,Pd Cu Sn,valid,,,
Starkeyite,MgS^6+^O_4_·4H_2_O,Mg S^6+ O H,Mg S^6+ O H,Mg S O H,Mg S^6+ O H,valid,,,
Staročeskéite,Ag^1+^_0.70_Pb^2+^_1.60_(Bi^3+^_1.35_Sb^3+^_1.35_)S^2-^_6_,Ag^1+ Pb^2+ Bi^3+ Sb^3+ S^2-,Ag^1+ Pb^2+ Bi^3+ Sb^3+ S^2-,Ag Pb Bi Sb S,Ag^1+ Pb^2+ Bi^3+ Sb^3+ S^2-,valid,,,
Starovaite,KCu^2+^_5_O(V^5+^O_4_)_3_,K Cu^2+ O V^5+,K Cu^2+ O V^5+,K Cu O V,K Cu^2+ O V^5+,valid,,,
Staurolite,Fe^2+^_2_Al_9_Si_4_O_23_(OH),Fe^2+ Al Si O H,Fe^2+ Al Si O H,Fe Al Si O H,Fe^2+ Al Si O H,valid,,,
Stavelotite-(La),"La_3_Mn^2+^_3_Cu^2+^(Mn^3+^,Fe^3+^,Mn^4+^)_26_(Si_2_O_7_)_6_O_30_",La Mn^2+ Cu^2+ Mn^3+ Fe^3+ Mn^4+ Si O,La Mn^2+ Cu^2+ Mn^3+ Fe^3+ Mn^4+ Si O,La Mn Cu Fe Si O,La Mn^2+ Cu^2+ Mn^3+ Fe^3+ Mn^4+ Si O,valid,,,
Steacyite,"K_0.3_(Na,Ca)_2_Th^4+^Si_8_O_20_",K Na Ca Th^4+ Si O,K Na Ca Th^4+ Si O,K Na Ca Th Si O,K Na Ca Th^4+ Si O,valid,,,
Steedeite,NaMn^2+^_2_[Si_3_BO_9_](OH)_2_,Na Mn^2+ Si B O H,Na Mn^2+ Si B O H,Na Mn Si B O H,Na Mn^2+ Si B O H,valid,,,
Steenstrupine-(Ce),Na_14_Ce^3+^_6_Mn^2+^Mn^3+^Fe^3+^_2_Zr^4+^(PO_4_)_7_Si_12_O_36_(OH)_2_·3H_2_O,Na Ce^3+ Mn^2+ Mn^3+ Fe^3+ Zr^4+ P O Si H,Na Ce^3+ Mn^2+ Mn^3+ Fe^3+ Zr^4+ P O Si H,Na Ce Mn Fe Zr P O Si H,Na Ce^3+ Mn^2+ Mn^3+ Fe^3+ Zr^4+ P O Si H,valid,,,
Stefanweissite,"(Ca,REE)_2_Zr^4+^_2_(Nb^5+^,Ti^4+^)(Ti^4+^,Nb^5+^)_2_Fe^2+^O_14_",Ca REE Zr^4+ Nb^5+ Ti^4+ Fe^2+ O,Ca REE Zr^4+ Nb^5+ Ti^4+ Fe^2+ O,Ca REE Zr Nb Ti Fe O,Ca REE Zr^4+ Nb^5+ Ti^4+ Fe^2+ O,valid,,,
Steigerite,AlV^5+^O_4_·3H_2_O,Al V^5+ O H,Al V^5+ O H,Al V O H,Al V^5+ O H,valid,,,
Steinhardtite,Al,Al,Al,Al,Al,valid,,,
Steiningerite,Ba_2_Zr^4+^_2_(Si_4_O_12_)O_2_,Ba Zr^4+ Si O,Ba Zr^4+ Si O,Ba Zr Si O,Ba Zr^4+ Si O,valid,,,
Steinmetzite,Zn^2+^_2_Fe^3+^(PO_4_)_2_(OH)·3H_2_O,Zn^2+ Fe^3+ P O H,Zn^2+ Fe^3+ P O H,Zn Fe P O H,Zn^2+ Fe^3+ P O H,valid,,,
Steklite,KAl(S^6+^O_4_)_2_,K Al S^6+ O,K Al S^6+ O,K Al S O,K Al S^6+ O,valid,,,
Stellerite,Ca_4_(Si_28_Al_8_)O_72_·28H_2_O,Ca Si Al O H,Ca Si Al O H,Ca Si Al O H,Ca Si Al O H,valid,,,
Stenhuggarite,CaFe^3+^Sb^3+^As^3+^_2_O_7_,Ca Fe^3+ Sb^3+ As^3+ O,Ca Fe^3+ Sb^3+ As^3+ O,Ca Fe Sb As O,Ca Fe^3+ Sb^3+ As^3+ O,valid,,,
Stenonite,Sr_2_Al(CO_3_)F_5_,Sr Al C O F,Sr Al C O F,Sr Al C O F,Sr Al C O F,valid,,,
Stepanovite,NaMgFe^3+^((C_2_)^6+^O_4_)_3_·9H_2_O,Na Mg Fe^3+ C O H,Na Mg Fe^3+ C O H,Na Mg Fe C O H,Na Mg Fe^3+ C O H,valid,,,
Stephanite,Ag^1+^_5_Sb^3+^S^2-^_4_,Ag^1+ Sb^3+ S^2-,Ag^1+ Sb^3+ S^2-,Ag Sb S,Ag^1+ Sb^3+ S^2-,valid,,,
Štěpite,U^4+^(As^5+^O_3_OH)_2_·4H_2_O,U^4+ As^5+ O H,U^4+ As^5+ O H,U As O H,U^4+ As^5+ O H,valid,,,
Stercorite,(N^3-^H_4_)Na(PO_3_OH)·4H_2_O,N^3- H Na P O,N^3- H Na P O,N H Na P O,N^3- H Na P O,valid,,,
Stergiouite,CaZn^2+^_2_(As^5+^O_4_)_2_·4H_2_O,Ca Zn^2+ As^5+ O H,Ca Zn^2+ As^5+ O H,Ca Zn As O H,Ca Zn^2+ As^5+ O H,valid,,,
Sterlinghillite,Mn^2+^_3_(As^5+^O_4_)_2_·3H_2_O,Mn^2+ As^5+ O H,Mn^2+ As^5+ O H,Mn As O H,Mn^2+ As^5+ O H,valid,,,
Sternbergite,Ag^1+^Fe^2+^Fe^3+^S^2-^_3_,Ag^1+ Fe^2+ Fe^3+ S^2-,Ag^1+ Fe^2+ Fe^3+ S^2-,Ag Fe S,Ag^1+ Fe^2+ Fe^3+ S^2-,valid,,,
Steropesite,Tl^1+^_3_Bi^3+^Cl_6_,Tl^1+ Bi^3+ Cl,Tl^1+ Bi^3+ Cl,Tl Bi Cl,Tl^1+ Bi^3+ Cl,valid,,,
Sterryite,"Cu^1+^(Ag^1+^,Cu^1+^)_3_Pb^2+^_19_(Sb^3+^,As^3+^)_22_(As_2_)^4+^S^2-^_56_",Cu^1+ Ag^1+ Pb^2+ Sb^3+ As^3+ As S^2-,Cu^1+ Ag^1+ Pb^2+ Sb^3+ As^3+ As S^2-,Cu Ag Pb Sb As S,Cu^1+ Ag^1+ Pb^2+ Sb^3+ As^3+ As S^2-,valid,,,
Stetefeldtite,"Ag^2+^_2_Sb^5+^_2_(O,OH)_7_",Ag^2+ Sb^5+ O H,Ag^2+ Sb^5+ O H,Ag Sb O H,Ag^2+ Sb^5+ O H,valid,,,
Stetindite-(Ce),Ce^4+^SiO_4_,Ce^4+ Si O,Ce^4+ Si O,Ce Si O,Ce^4+ Si O,valid,,,
Steudelite,Na_3_[box](K_17_Ca_7_)Ca_4_(Al_24_Si_24_O_96_)(S^4+^O_3_)_6_F_6_·4H_2_O_,Na K Ca Al Si O S^4+ F H,Na K Ca Al Si O S^4+ F H,Na K Ca Al Si O S F H,Na K Ca Al Si O S^4+ F H,valid,,,
Stevensite,"(Ca,Na)_x_Mg_3-y_Si_4_O_10_(OH)_2_",Ca Na Mg Si O H,Ca Na Mg Si O H,Ca Na Mg Si O H,Ca Na Mg Si O H,valid,,,
Steverustite,Pb^2+^_5_Cu^1+^(S^6+^O_3_S^2-^)_3_(OH)_5_·2H_2_O,Pb^2+ Cu^1+ S^6+ O S^2- H,Pb^2+ Cu^1+ S^6+ O S^2- H,Pb Cu S O H,Pb^2+ Cu^1+ S^6+ O S^2- H,valid,,,
Stewartite,Mn^2+^Fe^3+^_2_(PO_4_)_2_(OH)_2_·8H_2_O,Mn^2+ Fe^3+ P O H,Mn^2+ Fe^3+ P O H,Mn Fe P O H,Mn^2+ Fe^3+ P O H,valid,,,
Stibarsen,SbAs,Sb As,Sb As,Sb As,Sb As,valid,,,
Stibiconite,Sb^3+^Sb^5+^_2_O_6_(OH),Sb^3+ Sb^5+ O H,Sb^3+ Sb^5+ O H,Sb O H,Sb^3+ Sb^5+ O H,valid,,,
Stibioclaudetite,As^3+^Sb^3+^O_3_,As^3+ Sb^3+ O,As^3+ Sb^3+ O,As Sb O,As^3+ Sb^3+ O,valid,,,
Stibiocolumbite,Sb^3+^Nb^5+^O_4_,Sb^3+ Nb^5+ O,Sb^3+ Nb^5+ O,Sb Nb O,Sb^3+ Nb^5+ O,valid,,,
Stibiocolusite,"Cu^1+^_12_Cu^2+^V^3+^(Sb^5+^,Sn^4+^,As^5+^)_3_S^2-^_16_",Cu^1+ Cu^2+ V^3+ Sb^5+ Sn^4+ As^5+ S^2-,Cu^1+ Cu^2+ V^3+ Sb^5+ Sn^4+ As^5+ S^2-,Cu V Sb Sn As S,Cu^1+ Cu^2+ V^3+ Sb^5+ Sn^4+ As^5+ S^2-,valid,,,
Stibiogoldfieldite,Cu^1+^_6_Cu^1+^_6_(Sb^3+^_2_Te^4+^_2_)S^2-^_13_,Cu^1+ Sb^3+ Te^4+ S^2-,Cu^1+ Sb^3+ Te^4+ S^2-,Cu Sb Te S,Cu^1+ Sb^3+ Te^4+ S^2-,valid,,,
Stibiopalladinite,Pd_5_Sb_2_,Pd Sb,Pd Sb,Pd Sb,Pd Sb,valid,,,
Stibiosegnitite,Pb^2+^(Fe^3+^_2.5_Sb^5+^_0.5_)(As^5+^O_4_)_2_(OH)_6_,Pb^2+ Fe^3+ Sb^5+ As^5+ O H,Pb^2+ Fe^3+ Sb^5+ As^5+ O H,Pb Fe Sb As O H,Pb^2+ Fe^3+ Sb^5+ As^5+ O H,valid,,,
Stibiotantalite,Sb^3+^Ta^5+^O_4_,Sb^3+ Ta^5+ O,Sb^3+ Ta^5+ O,Sb Ta O,Sb^3+ Ta^5+ O,valid,,,
Stibioústalečite,Cu^1+^_6_Cu^1+^_6_(Sb^3+^_2_Te^4+^_2_)Se^2-^_13_,Cu^1+ Sb^3+ Te^4+ Se^2-,Cu^1+ Sb^3+ Te^4+ Se^2-,Cu Sb Te Se,Cu^1+ Sb^3+ Te^4+ Se^2-,valid,,,
Stibivanite,Sb^3+^_2_V^4+^O_5_,Sb^3+ V^4+ O,Sb^3+ V^4+ O,Sb V O,Sb^3+ V^4+ O,valid,,,
Stibnite,Sb^3+^_2_S^2-^_3_,Sb^3+ S^2-,Sb^3+ S^2-,Sb S,Sb^3+ S^2-,valid,,,
Stichtite,Mg_6_Cr^3+^_2_(OH)_16_(CO_3_)·4H_2_O,Mg Cr^3+ O H C,Mg Cr^3+ O H C,Mg Cr O H C,Mg Cr^3+ O H C,valid,,,
Stilbite-Ca,NaCa_4_(Si_27_Al_9_)O_72_·28H_2_O,Na Ca Si Al O H,Na Ca Si Al O H,Na Ca Si Al O H,Na Ca Si Al O H,valid,,,
Stilbite-Na,Na_9_(Si_27_Al_9_)O_72_·28H_2_O,Na Si Al O H,Na Si Al O H,Na Si Al O H,Na Si Al O H,valid,,,
Stilleite,Zn^2+^Se^2-^,Zn^2+ Se^2-,Zn^2+ Se^2-,Zn Se,Zn^2+ Se^2-,valid,,,
Stillwaterite,Pd_8_As_3_,Pd As,Pd As,Pd As,Pd As,valid,,,
Stillwellite-(Ce),Ce^3+^BSiO_5_,Ce^3+ B Si O,Ce^3+ B Si O,Ce B Si O,Ce^3+ B Si O,valid,,,
Stillwellite-(La),LaBSiO_5_,La B Si O,La B Si O,La B Si O,La B Si O,valid,,,
Stilpnomelane,K_4_Fe^2+^_48_[Si_64_Al_8_]O_164_(OH)_52_·nH_2_O,K Fe^2+ Si Al O H,K Fe^2+ Si Al O H,K Fe Si Al O H,K Fe^2+ Si Al O H,valid,,,
Stishovite,SiO_2_,Si O,Si O,Si O,Si O,valid,,,
Stistaite,Sn^2+^_2_(Sb_2_)^4-^,Sn^2+ Sb,Sn^2+ Sb,Sn Sb,Sn^2+ Sb,valid,,,
Stöfflerite,CaAl_2_Si_2_O_8_,Ca Al Si O,Ca Al Si O,Ca Al Si O,Ca Al Si O,valid,,,
Stoiberite,Cu^2+^_5_O_2_(V^5+^O_4_)_2_,Cu^2+ O V^5+,Cu^2+ O V^5+,Cu O V,Cu^2+ O V^5+,valid,,,
Stokesite,CaSn^4+^Si_3_O_9_·2H_2_O,Ca Sn^4+ Si O H,Ca Sn^4+ Si O H,Ca Sn Si O H,Ca Sn^4+ Si O H,valid,,,
Stolperite,AlCu,Al Cu,Al Cu,Al Cu,Al Cu,valid,,,
Stolzite,Pb^2+^W^6+^O_4_,Pb^2+ W^6+ O,Pb^2+ W^6+ O,Pb W O,Pb^2+ W^6+ O,valid,,,
Stoppaniite,Fe^3+^_2_Be_3_Si_6_O_18_·H_2_O,Fe^3+ Be Si O H,Fe^3+ Be Si O H,Fe Be Si O H,Fe^3+ Be Si O H,valid,,,
Stottite,Fe^2+^Ge(OH)_6_,Fe^2+ Ge O H,Fe^2+ Ge O H,Fe Ge O H,Fe^2+ Ge O H,valid,,,
Stracherite,BaCa_6_(SiO_4_)_2_[(PO_4_)(CO_3_)]F,Ba Ca Si O P C F,Ba Ca Si O P C F,Ba Ca Si O P C F,Ba Ca Si O P C F,valid,,,
Straczekite,"(Ca,K,Ba)V^4+^_2_V^5+^_6_O_20_·3H_2_O",Ca K Ba V^4+ V^5+ O H,Ca K Ba V^4+ V^5+ O H,Ca K Ba V O H,Ca K Ba V^4+ V^5+ O H,valid,,,
Strakhovite,"NaBa_3_(Mn^2+^,Mn^3+^)_4_[Si_4_O_10_(OH)_2_][Si_2_O_7_]O_2_·(F,OH)·H_2_O",Na Ba Mn^2+ Mn^3+ Si O H F,Na Ba Mn^2+ Mn^3+ Si O H F,Na Ba Mn Si O H F,Na Ba Mn^2+ Mn^3+ Si O H F,valid,,,
Strandite,Pb^2+^_3_Mn^3+^_4_Mn^4+^_3_O_15_,Pb^2+ Mn^3+ Mn^4+ O,Pb^2+ Mn^3+ Mn^4+ O,Pb Mn O,Pb^2+ Mn^3+ Mn^4+ O,valid,,,
Stranskiite,Cu^2+^Zn^2+^_2_(As^5+^O_4_)_2_,Cu^2+ Zn^2+ As^5+ O,Cu^2+ Zn^2+ As^5+ O,Cu Zn As O,Cu^2+ Zn^2+ As^5+ O,valid,,,
Strashimirite,Cu^2+^_4_(As^5+^O_4_)_2_(OH)_2_·2.5H_2_O,Cu^2+ As^5+ O H,Cu^2+ As^5+ O H,Cu As O H,Cu^2+ As^5+ O H,valid,,,
Strassmannite,Al(U^6+^O_2_)(S^6+^O_4_)_2_F(H_2_O)_10_·6H_2_O,Al U^6+ O S^6+ F H,Al U^6+ O S^6+ F H,Al U O S F H,Al U^6+ O S^6+ F H,valid,,,
Strätlingite,"Ca_2_Al(Si,Al)_2_O_2_(OH)_10_·2.25H_2_O",Ca Al Si O H,Ca Al Si O H,Ca Al Si O H,Ca Al Si O H,valid,,,
Strelkinite,Na_2_(U^6+^O_2_)_2_(V^5+^O_4_)_2_·6H_2_O,Na U^6+ O V^5+ H,Na U^6+ O V^5+ H,Na U O V H,Na U^6+ O V^5+ H,valid,,,
Strengite,Fe^3+^PO_4_·2H_2_O,Fe^3+ P O H,Fe^3+ P O H,Fe P O H,Fe^3+ P O H,valid,,,
Stringhamite,CaCu^2+^SiO_4_·H_2_O,Ca Cu^2+ Si O H,Ca Cu^2+ Si O H,Ca Cu Si O H,Ca Cu^2+ Si O H,valid,,,
Stromeyerite,Cu^1+^Ag^1+^S^2-^,Cu^1+ Ag^1+ S^2-,Cu^1+ Ag^1+ S^2-,Cu Ag S,Cu^1+ Ag^1+ S^2-,valid,,,
Stronadelphite,Sr_5_(PO_4_)_3_F,Sr P O F,Sr P O F,Sr P O F,Sr P O F,valid,,,
Stronalsite,Na_2_SrAl_4_Si_4_O_16_,Na Sr Al Si O,Na Sr Al Si O,Na Sr Al Si O,Na Sr Al Si O,valid,,,
Strontianite,SrCO_3_,Sr C O,Sr C O,Sr C O,Sr C O,valid,,,
Strontioborite,Sr[B_8_O_11_(OH)_4_],Sr B O H,Sr B O H,Sr B O H,Sr B O H,valid,,,
Strontiochevkinite,"(Sr,Ce^3+^,La^3+^)_4_Fe^2+^(Ti^4+^,Zr^4+^)_4_O_8_(Si_2_O_7_)_2_",Sr Ce^3+ La^3+ Fe^2+ Ti^4+ Zr^4+ O Si,Sr Ce^3+ La^3+ Fe^2+ Ti^4+ Zr^4+ O Si,Sr Ce La Fe Ti Zr O Si,Sr Ce^3+ La^3+ Fe^2+ Ti^4+ Zr^4+ O Si,valid,,,
Strontiodresserite,SrAl_2_(CO_3_)_2_(OH)_4_·H_2_O,Sr Al C O H,Sr Al C O H,Sr Al C O H,Sr Al C O H,valid,,,
Strontiofluorite,SrF_2_,Sr F,Sr F,Sr F,Sr F,valid,,,
Strontioginorite,SrCaB_14_O_20_(OH)_6_·5H_2_O,Sr Ca B O H,Sr Ca B O H,Sr Ca B O H,Sr Ca B O H,valid,,,
Strontiohurlbutite,SrBe_2_(PO_4_)_2_,Sr Be P O,Sr Be P O,Sr Be P O,Sr Be P O,valid,,,
Strontiojoaquinite,"(Na,Fe^2+^)_2_Ba_2_Sr_2_Ti^4+^_2_(SiO_3_)_8_(O,OH)_2_·H_2_O",Na Fe^2+ Ba Sr Ti^4+ Si O H,Na Fe^2+ Ba Sr Ti^4+ Si O H,Na Fe Ba Sr Ti Si O H,Na Fe^2+ Ba Sr Ti^4+ Si O H,valid,,,
Strontiomelane,Sr(Mn^4+^_6_Mn^3+^_2_)O_16_,Sr Mn^4+ Mn^3+ O,Sr Mn^4+ Mn^3+ O,Sr Mn O,Sr Mn^4+ Mn^3+ O,valid,,,
Strontio-orthojoaquinite,NaSr_4_Fe^3+^Ti^4+^_2_Si_8_O_24_(OH)_4_,Na Sr Fe^3+ Ti^4+ Si O H,Na Sr Fe^3+ Ti^4+ Si O H,Na Sr Fe Ti Si O H,Na Sr Fe^3+ Ti^4+ Si O H,valid,,,
Strontioperloffite,SrMn^2+^_2_Fe^3+^_2_(PO_4_)_3_(OH)_3_,Sr Mn^2+ Fe^3+ P O H,Sr Mn^2+ Fe^3+ P O H,Sr Mn Fe P O H,Sr Mn^2+ Fe^3+ P O H,valid,,,
Strontiopharmacosiderite,Sr_0.5_Fe^3+^_4_[(As^5+^O_4_)_3_(OH)_4_]·4H_2_O,Sr Fe^3+ As^5+ O H,Sr Fe^3+ As^5+ O H,Sr Fe As O H,Sr Fe^3+ As^5+ O H,valid,,,
Strontioruizite,Sr_2_Mn^3+^_2_Si_4_O_11_(OH)_4_·2H_2_O,Sr Mn^3+ Si O H,Sr Mn^3+ Si O H,Sr Mn Si O H,Sr Mn^3+ Si O H,valid,,,
Strontiowhitlockite,Sr_9_[box]Mg(PO_4_)_6_(PO_3_OH),Sr Mg P O H,Sr Mg P O H,Sr Mg P O H,Sr Mg P O H,valid,,,
Strunzite,Mn^2+^Fe^3+^_2_(PO_4_)_2_(OH)_2_·6H_2_O,Mn^2+ Fe^3+ P O H,Mn^2+ Fe^3+ P O H,Mn Fe P O H,Mn^2+ Fe^3+ P O H,valid,,,
Struvite,(N^3-^H_4_)MgPO_4_·6H_2_O,N^3- H Mg P O,N^3- H Mg P O,N H Mg P O,N^3- H Mg P O,valid,,,
Struvite-(K),KMgPO_4_·6H_2_O,K Mg P O H,K Mg P O H,K Mg P O H,K Mg P O H,valid,,,
Studenitsite,NaCa_2_B_9_O_14_(OH)_4_·2H_2_O,Na Ca B O H,Na Ca B O H,Na Ca B O H,Na Ca B O H,valid,,,
Studtite,(U^6+^O_2_)(O_2_)^2-^(H_2_O)_2_·2H_2_O,U^6+ O H,U^6+ O H,U O H,U^6+ O H,valid,,,
Stumpflite,PtSb,Pt Sb,Pt Sb,Pt Sb,Pt Sb,valid,,,
Stunorthropite,(N^3-^H_4_)_4_[Mo^6+^_2_O_6_(Mo^6+^O_4_)_2_],N^3- H Mo^6+ O,N^3- H Mo^6+ O,N H Mo O,N^3- H Mo^6+ O,valid,,,
Sturmanite,Ca_6_Fe^3+^_2_(S^6+^O_4_)_2.5_[B(OH)_4_](OH)_12_·25H_2_O,Ca Fe^3+ S^6+ O B H,Ca Fe^3+ S^6+ O B H,Ca Fe S O B H,Ca Fe^3+ S^6+ O B H,valid,,,
Stützite,Ag_4.64-4.76_Te_3_,Ag Te,Ag Te,Ag Te,Ag Te,valid,,,
Suanite,Mg_2_B_2_O_5_,Mg B O,Mg B O,Mg B O,Mg B O,valid,,,
Sudburyite,PdSb,Pd Sb,Pd Sb,Pd Sb,Pd Sb,valid,,,
Sudoite,Mg_2_Al_3_(Si_3_Al)O_10_(OH)_8_,Mg Al Si O H,Mg Al Si O H,Mg Al Si O H,Mg Al Si O H,valid,,,
Sudovikovite,PtSe_2_,Pt Se,Pt Se,Pt Se,Pt Se,valid,,,
Suenoite,[box]Mn^2+^_2_Mg_5_Si_8_O_22_(OH)_2_,Mn^2+ Mg Si O H,Mn^2+ Mg Si O H,Mn Mg Si O H,Mn^2+ Mg Si O H,valid,,,
Suessite,Fe_3_Si,Fe Si,Fe Si,Fe Si,Fe Si,valid,,,
Sugakiite,"Cu(Fe,Ni)_8_S_8_",Cu Fe Ni S,Cu Fe Ni S,Cu Fe Ni S,Cu Fe Ni S,valid,,,
Sugarwhiteite,Pb^2+^_2_Te^4+^_5_O_12_,Pb^2+ Te^4+ O,Pb^2+ Te^4+ O,Pb Te O,Pb^2+ Te^4+ O,valid,,,
Sugilite,KNa_2_Fe^3+^_2_(Li_3_Si_12_)O_30_,K Na Fe^3+ Li Si O,K Na Fe^3+ Li Si O,K Na Fe Li Si O,K Na Fe^3+ Li Si O,valid,,,
Suhailite,(N^3-^H_4_)Fe^2+^_3_(Si_3_Al)O_10_(OH)_2_,N^3- H Fe^2+ Si Al O,N^3- H Fe^2+ Si Al O,N H Fe Si Al O,N^3- H Fe^2+ Si Al O,valid,,,
Sulfatoredmondite,[Pb^2+^_8_O_2_Zn^2+^(OH)_6_](S^6+^O_4_)_4_·6H_2_O,Pb^2+ O Zn^2+ H S^6+,Pb^2+ O Zn^2+ H S^6+,Pb O Zn H S,Pb^2+ O Zn^2+ H S^6+,valid,,,
Sulfhydrylbystrite,Na_5_K_2_Ca[Al_6_Si_6_O_24_](S_5_)^2-^(SH)^1-^,Na K Ca Al Si O S H,Na K Ca Al Si O S H,Na K Ca Al Si O S H,Na K Ca Al Si O S H,valid,,,
Sulfoborite,"Mg_3_[B(OH)_4_]_2_(S^6+^O_4_)(OH,F)_2_",Mg B O H S^6+ F,Mg B O H S^6+ F,Mg B O H S F,Mg B O H S^6+ F,valid,,,
Sulfopadmaite,PdBiS,Pd Bi S,Pd Bi S,Pd Bi S,Pd Bi S,valid,,,
Sulphohalite,Na_6_(S^6+^O_4_)_2_ClF,Na S^6+ O Cl F,Na S^6+ O Cl F,Na S O Cl F,Na S^6+ O Cl F,valid,,,
Sulphotsumoite,Bi_3_Te_2_S,Bi Te S,Bi Te S,Bi Te S,Bi Te S,valid,,,
Sulphur,S,S,S,S,S,valid,,,
Sulvanite,Cu^2+^_3_V^3+^S^2-^_4_,Cu^2+ V^3+ S^2-,Cu^2+ V^3+ S^2-,Cu V S,Cu^2+ V^3+ S^2-,valid,,,
Sundiusite,Pb^2+^_10_(S^6+^O_4_)O_8_Cl_2_,Pb^2+ S^6+ O Cl,Pb^2+ S^6+ O Cl,Pb S O Cl,Pb^2+ S^6+ O Cl,valid,,,
Sunshuite,Fe^2+^Bi^3+^_2_S^2-^_4_,Fe^2+ Bi^3+ S^2-,Fe^2+ Bi^3+ S^2-,Fe Bi S,Fe^2+ Bi^3+ S^2-,valid,,,
Suolunite,Ca_2_Si_2_O_5_(OH)_2_·H_2_O,Ca Si O H,Ca Si O H,Ca Si O H,Ca Si O H,valid,,,
Suredaite,Pb^2+^Sn^4+^S^2-^_3_,Pb^2+ Sn^4+ S^2-,Pb^2+ Sn^4+ S^2-,Pb Sn S,Pb^2+ Sn^4+ S^2-,valid,,,
Surinamite,Mg_3_Al_3_O[Si_3_BeAlO_15_],Mg Al O Si Be,Mg Al O Si Be,Mg Al O Si Be,Mg Al O Si Be,valid,,,
Surite,"(Pb^2+^,Ca)_3_Al_2_(Si,Al)_4_O_10_(CO_3_)_2_(OH)_3_·0.3H_2_O",Pb^2+ Ca Al Si O C H,Pb^2+ Ca Al Si O C H,Pb Ca Al Si O C H,Pb^2+ Ca Al Si O C H,valid,,,
Sursassite,Mn^2+^_2_Al_3_(SiO_4_)(Si_2_O_7_)(OH)_3_,Mn^2+ Al Si O H,Mn^2+ Al Si O H,Mn Al Si O H,Mn^2+ Al Si O H,valid,,,
Susannite,Pb^2+^_4_(S^6+^O_4_)(CO_3_)_2_(OH)_2_,Pb^2+ S^6+ O C H,Pb^2+ S^6+ O C H,Pb S O C H,Pb^2+ S^6+ O C H,valid,,,
Suseinargiuite,(Na_0.5_Bi^3+^_0.5_)Mo^6+^O_4_,Na Bi^3+ Mo^6+ O,Na Bi^3+ Mo^6+ O,Na Bi Mo O,Na Bi^3+ Mo^6+ O,valid,,,
Sussexite,Mn^2+^BO_2_(OH),Mn^2+ B O H,Mn^2+ B O H,Mn B O H,Mn^2+ B O H,valid,,,
Suzukiite,BaV^4+^Si_2_O_7_,Ba V^4+ Si O,Ba V^4+ Si O,Ba V Si O,Ba V^4+ Si O,valid,,,
Svabite,Ca_5_(As^5+^O_4_)_3_F,Ca As^5+ O F,Ca As^5+ O F,Ca As O F,Ca As^5+ O F,valid,,,
Svanbergite,SrAl_3_(S^6+^O_4_)(PO_4_)(OH)_6_,Sr Al S^6+ O P H,Sr Al S^6+ O P H,Sr Al S O P H,Sr Al S^6+ O P H,valid,,,
Sveinbergeite,(H_2_O)_2_[Ca(H_2_O)](Fe^2+^_6_Fe^3+^)Ti^4+^_2_(Si_4_O_12_)_2_O_2_(OH)_4_[OH(H_2_O)],H O Ca Fe^2+ Fe^3+ Ti^4+ Si,H O Ca Fe^2+ Fe^3+ Ti^4+ Si,H O Ca Fe Ti Si,H O Ca Fe^2+ Fe^3+ Ti^4+ Si,valid,,,
Sveite,KAl_7_(N^5+^O_3_)_4_(OH)_16_Cl_2_·8H_2_O,K Al N^5+ O H Cl,K Al N^5+ O H Cl,K Al N O H Cl,K Al N^5+ O H Cl,valid,,,
Švenekite,Ca(As^5+^O_2_(OH)_2_)_2_,Ca As^5+ O H,Ca As^5+ O H,Ca As O H,Ca As^5+ O H,valid,,,
Sverigeite,NaBe_2_Mn^2+^_2_Sn^4+^Si_3_O_12_(OH),Na Be Mn^2+ Sn^4+ Si O H,Na Be Mn^2+ Sn^4+ Si O H,Na Be Mn Sn Si O H,Na Be Mn^2+ Sn^4+ Si O H,valid,,,
Svetlanaite,SnSe,Sn Se,Sn Se,Sn Se,Sn Se,valid,,,
Svornostite-(K),K_2_Mg(U^6+^O_2_)_2_(S^6+^O_4_)_4_·8H_2_O,K Mg U^6+ O S^6+ H,K Mg U^6+ O S^6+ H,K Mg U O S H,K Mg U^6+ O S^6+ H,valid,,,
Svornostite-(NH4),(N^3-^H_4_)_2_Mg(U^6+^O_2_)_2_(S^6+^O_4_)_4_(H_2_O)_8_,N^3- H Mg U^6+ O S^6+,N^3- H Mg U^6+ O S^6+,N H Mg U O S,N^3- H Mg U^6+ O S^6+,valid,,,
Svyatoslavite,CaAl_2_Si_2_O_8_,Ca Al Si O,Ca Al Si O,Ca Al Si O,Ca Al Si O,valid,,,
Svyazhinite,MgAl(S^6+^O_4_)_2_F·14H_2_O,Mg Al S^6+ O F H,Mg Al S^6+ O F H,Mg Al S O F H,Mg Al S^6+ O F H,valid,,,
Swaknoite,(N^3-^H_4_)_2_Ca(PO_3_OH)_2_·H_2_O,N^3- H Ca P O,N^3- H Ca P O,N H Ca P O,N^3- H Ca P O,valid,,,
Swamboite-(Nd),Nd_0.333_[(U^6+^O_2_)(SiO_3_OH)](H_2_O)_~2.5_,Nd U^6+ O Si H,Nd U^6+ O Si H,Nd U O Si H,Nd U^6+ O Si H,valid,,,
Swartzite,CaMg(U^6+^O_2_)(CO_3_)_3_·12H_2_O,Ca Mg U^6+ O C H,Ca Mg U^6+ O C H,Ca Mg U O C H,Ca Mg U^6+ O C H,valid,,,
Swedenborgite,NaBe_4_Sb^5+^O_7_,Na Be Sb^5+ O,Na Be Sb^5+ O,Na Be Sb O,Na Be Sb^5+ O,valid,,,
Sweetite,Zn^2+^(OH)_2_,Zn^2+ O H,Zn^2+ O H,Zn O H,Zn^2+ O H,valid,,,
Swinefordite,"Ca_0.2_(Li,Al,Mg,Fe^3+^,Fe^2+^)_3_(Si,Al)_4_O_10_(OH,F)_2_·nH_2_O",Ca Li Al Mg Fe^3+ Fe^2+ Si O H F,Ca Li Al Mg Fe^3+ Fe^2+ Si O H F,Ca Li Al Mg Fe Si O H F,Ca Li Al Mg Fe^3+ Fe^2+ Si O H F,valid,,,
Switzerite,Mn^2+^_3_(PO_4_)_2_·7H_2_O,Mn^2+ P O H,Mn^2+ P O H,Mn P O H,Mn^2+ P O H,valid,,,
Sylvanite,AgAuTe_4_,Ag Au Te,Ag Au Te,Ag Au Te,Ag Au Te,valid,,,
Sylvite,KCl,K Cl,K Cl,K Cl,K Cl,valid,,,
Symesite,Pb^2+^_10_S^6+^O_4_O_7_Cl_4_·H_2_O,Pb^2+ S^6+ O Cl H,Pb^2+ S^6+ O Cl H,Pb S O Cl H,Pb^2+ S^6+ O Cl H,valid,,,
Symplesite,Fe^2+^_3_(As^5+^O_4_)_2_·8H_2_O,Fe^2+ As^5+ O H,Fe^2+ As^5+ O H,Fe As O H,Fe^2+ As^5+ O H,valid,,,
Synadelphite,Mn^2+^_9_(As^3+^O_3_)(As^5+^O_4_)_2_(OH)_9_·2H_2_O,Mn^2+ As^3+ O As^5+ H,Mn^2+ As^3+ O As^5+ H,Mn As O H,Mn^2+ As^3+ O As^5+ H,valid,,,
Synchysite-(Ce),CaCe^3+^(CO_3_)_2_F,Ca Ce^3+ C O F,Ca Ce^3+ C O F,Ca Ce C O F,Ca Ce^3+ C O F,valid,,,
Synchysite-(Nd),CaNd(CO_3_)_2_F,Ca Nd C O F,Ca Nd C O F,Ca Nd C O F,Ca Nd C O F,valid,,,
Synchysite-(Y),CaY(CO_3_)_2_F,Ca Y C O F,Ca Y C O F,Ca Y C O F,Ca Y C O F,valid,,,
Syngenite,K_2_Ca(S^6+^O_4_)_2_·H_2_O,K Ca S^6+ O H,K Ca S^6+ O H,K Ca S O H,K Ca S^6+ O H,valid,,,
Szaibélyite,MgBO_2_(OH),Mg B O H,Mg B O H,Mg B O H,Mg B O H,valid,,,
Szenicsite,Cu^2+^_3_Mo^6+^O_4_(OH)_4_,Cu^2+ Mo^6+ O H,Cu^2+ Mo^6+ O H,Cu Mo O H,Cu^2+ Mo^6+ O H,valid,,,
Szilagyiite,NaCa_3_(U^6+^O_2_)(CO_3_)_3_(Se^4+^O_3_)F(H_2_O)_6_,Na Ca U^6+ O C Se^4+ F H,Na Ca U^6+ O C Se^4+ F H,Na Ca U O C Se F H,Na Ca U^6+ O C Se^4+ F H,valid,,,
Szklaryite,[box]Al_6_BAs^3+^_3_O_15_,Al B As^3+ O,Al B As^3+ O,Al B As O,Al B As^3+ O,valid,,,
Szmikite,Mn^2+^S^6+^O_4_·H_2_O,Mn^2+ S^6+ O H,Mn^2+ S^6+ O H,Mn S O H,Mn^2+ S^6+ O H,valid,,,
Szomolnokite,Fe^2+^S^6+^O_4_·H_2_O,Fe^2+ S^6+ O H,Fe^2+ S^6+ O H,Fe S O H,Fe^2+ S^6+ O H,valid,,,
Szymańskiite,Hg^1+^_16_Ni^2+^_6_(CO_3_)_12_(OH)_12_(H_3_O)_8_·3H_2_O,Hg^1+ Ni^2+ C O H,Hg^1+ Ni^2+ C O H,Hg Ni C O H,Hg^1+ Ni^2+ C O H,valid,,,
Tacharanite,Ca_12_Al_2_Si_18_O_33_(OH)_36_,Ca Al Si O H,Ca Al Si O H,Ca Al Si O H,Ca Al Si O H,valid,,,
Tachyhydrite,CaMg_2_Cl_6_·12H_2_O,Ca Mg Cl H O,Ca Mg Cl H O,Ca Mg Cl H O,Ca Mg Cl H O,valid,,,
Tadzhikite-(Ce),Ca_4_Ce^3+^_2_Ti^4+^[box](B_4_Si_4_O_22_)(OH)_2_,Ca Ce^3+ Ti^4+ B Si O H,Ca Ce^3+ Ti^4+ B Si O H,Ca Ce Ti B Si O H,Ca Ce^3+ Ti^4+ B Si O H,valid,,,
Taenite,"(Fe,Ni)",Fe Ni,Fe Ni,Fe Ni,Fe Ni,valid,,,
Taikanite,BaSr_2_Mn^3+^_2_O_2_(Si_4_O_12_),Ba Sr Mn^3+ O Si,Ba Sr Mn^3+ O Si,Ba Sr Mn O Si,Ba Sr Mn^3+ O Si,valid,,,
Taimyrite,"(Pd,Pt)_9_Cu_3_Sn_4_",Pd Pt Cu Sn,Pd Pt Cu Sn,Pd Pt Cu Sn,Pd Pt Cu Sn,valid,,,
Tainiolite,KLiMg_2_Si_4_O_10_F_2_,K Li Mg Si O F,K Li Mg Si O F,K Li Mg Si O F,K Li Mg Si O F,valid,,,
Taipingite-(CeCa),(Ce^3+^_7_Ca_2_)[box]Mg(SiO_4_)_3_[SiO_3_(OH)]_4_F_3_,Ce^3+ Ca Mg Si O H F,Ce^3+ Ca Mg Si O H F,Ce Ca Mg Si O H F,Ce^3+ Ca Mg Si O H F,valid,,,
Takanawaite-(Y),YTa^5+^O_4_,Y Ta^5+ O,Y Ta^5+ O,Y Ta O,Y Ta^5+ O,valid,,,
Takanelite,"(Mn^2+^,Ca)_2x_Mn^4+^_1-x_O_2_·0.7H_2_O",Mn^2+ Ca Mn^4+ O H,Mn^2+ Ca Mn^4+ O H,Mn Ca O H,Mn^2+ Ca Mn^4+ O H,valid,,,
Takedaite,Ca_3_B_2_O_6_,Ca B O,Ca B O,Ca B O,Ca B O,valid,,,
Takéuchiite,Mg_2_Mn^3+^O_2_BO_3_,Mg Mn^3+ O B,Mg Mn^3+ O B,Mg Mn O B,Mg Mn^3+ O B,valid,,,
Takovite,Ni^2+^_6_Al_2_(OH)_16_(CO_3_)·4H_2_O,Ni^2+ Al O H C,Ni^2+ Al O H C,Ni Al O H C,Ni^2+ Al O H C,valid,,,
Talc,Mg_3_Si_4_O_10_(OH)_2_,Mg Si O H,Mg Si O H,Mg Si O H,Mg Si O H,valid,,,
Talmessite,Ca_2_Mg(As^5+^O_4_)_2_·2H_2_O,Ca Mg As^5+ O H,Ca Mg As^5+ O H,Ca Mg As O H,Ca Mg As^5+ O H,valid,,,
Talnakhite,Cu_9_Fe_8_S_16_,Cu Fe S,Cu Fe S,Cu Fe S,Cu Fe S,valid,,,
Tamaite,"(Ca,K,Na)_x_Mn^2+^_6_(Si,Al)_10_O_24_(OH)_4_·nH_2_O (x = 1-2; n = 7-11)",Ca K Na Mn^2+ Si Al O H,Ca K Na Mn^2+ Si Al O H,Ca K Na Mn Si Al O H,Ca K Na Mn^2+ Si Al O H,valid,,,
Tamarugite,NaAl(S^6+^O_4_)_2_·6H_2_O,Na Al S^6+ O H,Na Al S^6+ O H,Na Al S O H,Na Al S^6+ O H,valid,,,
Tamboite,Fe^3+^_3_(OH)(H_2_O)_2_(S^6+^O_4_)(Te^4+^O_3_)_3_(Te^4+^O(OH)_2_)(H_2_O)_3_,Fe^3+ O H S^6+ Te^4+,Fe^3+ O H S^6+ Te^4+,Fe O H S Te,Fe^3+ O H S^6+ Te^4+,valid,,,
Tamuraite,Ir_5_Fe_10_S_16_,Ir Fe S,Ir Fe S,Ir Fe S,Ir Fe S,valid,,,
Tancaite-(Ce),Fe^3+^Ce^3+^(Mo^6+^O_4_)_3_·3H_2_O,Fe^3+ Ce^3+ Mo^6+ O H,Fe^3+ Ce^3+ Mo^6+ O H,Fe Ce Mo O H,Fe^3+ Ce^3+ Mo^6+ O H,valid,,,
Tancoite,LiNa_2_Al(PO_4_)(PO_3_OH)(OH),Li Na Al P O H,Li Na Al P O H,Li Na Al P O H,Li Na Al P O H,valid,,,
Taneyamalite,"(Na,Ca)Mn^2+^_12_(Si,Al)_12_(O,OH)_44_",Na Ca Mn^2+ Si Al O H,Na Ca Mn^2+ Si Al O H,Na Ca Mn Si Al O H,Na Ca Mn^2+ Si Al O H,valid,,,
Tangdanite,Ca_2_Cu^2+^_9_(As^5+^O_4_)_4_(S^6+^O_4_)_0.5_(OH)_9_·9H_2_O,Ca Cu^2+ As^5+ O S^6+ H,Ca Cu^2+ As^5+ O S^6+ H,Ca Cu As O S H,Ca Cu^2+ As^5+ O S^6+ H,valid,,,
Tangeite,CaCu^2+^V^5+^O_4_(OH),Ca Cu^2+ V^5+ O H,Ca Cu^2+ V^5+ O H,Ca Cu V O H,Ca Cu^2+ V^5+ O H,valid,,,
Taniajacoite,SrCaMn^3+^_2_Si_4_O_11_(OH)_4_·2H_2_O,Sr Ca Mn^3+ Si O H,Sr Ca Mn^3+ Si O H,Sr Ca Mn Si O H,Sr Ca Mn^3+ Si O H,valid,,,
Tanohataite,LiMn^2+^_2_Si_3_O_8_(OH),Li Mn^2+ Si O H,Li Mn^2+ Si O H,Li Mn Si O H,Li Mn^2+ Si O H,valid,,,
Tantalaeschynite-(Ce),Ce^3+^(Ti^4+^Ta^5+^)O_6_,Ce^3+ Ti^4+ Ta^5+ O,Ce^3+ Ti^4+ Ta^5+ O,Ce Ti Ta O,Ce^3+ Ti^4+ Ta^5+ O,valid,,,
Tantalaeschynite-(Y),Y(Ti^4+^Ta^5+^)O_6_,Y Ti^4+ Ta^5+ O,Y Ti^4+ Ta^5+ O,Y Ti Ta O,Y Ti^4+ Ta^5+ O,valid,,,
Tantalcarbide,Ta^4+^C^4-^,Ta^4+ C^4-,Ta^4+ C^4-,Ta C,Ta^4+ C^4-,valid,,,
Tantalite-(Fe),Fe^2+^Ta^5+^_2_O_6_,Fe^2+ Ta^5+ O,Fe^2+ Ta^5+ O,Fe Ta O,Fe^2+ Ta^5+ O,valid,,,
Tantalite-(Mg),MgTa^5+^_2_O_6_,Mg Ta^5+ O,Mg Ta^5+ O,Mg Ta O,Mg Ta^5+ O,valid,,,
Tantalite-(Mn),Mn^2+^Ta^5+^_2_O_6_,Mn^2+ Ta^5+ O,Mn^2+ Ta^5+ O,Mn Ta O,Mn^2+ Ta^5+ O,valid,,,
Tantalowodginite,"(Mn^2+^,[box])Ta^5+^Ta^5+^_2_O_8_",Mn^2+ Ta^5+ O,Mn^2+ Ta^5+ O,Mn Ta O,Mn^2+ Ta^5+ O,valid,,,
Tanteuxenite-(Y),Y(Ta^5+^Ti^4+^)O_6_,Y Ta^5+ Ti^4+ O,Y Ta^5+ Ti^4+ O,Y Ta Ti O,Y Ta^5+ Ti^4+ O,valid,,,
Tantite,Ta^5+^_2_O_5_,Ta^5+ O,Ta^5+ O,Ta O,Ta^5+ O,valid,,,
Tapiaite,Ca_5_Al_2_(As^5+^O_4_)_4_(OH)_4_·12H_2_O,Ca Al As^5+ O H,Ca Al As^5+ O H,Ca Al As O H,Ca Al As^5+ O H,valid,,,
Tapiolite-(Fe),Fe^2+^Ta^5+^_2_O_6_,Fe^2+ Ta^5+ O,Fe^2+ Ta^5+ O,Fe Ta O,Fe^2+ Ta^5+ O,valid,,,
Tapiolite-(Mn),Mn^2+^Ta^5+^_2_O_6_,Mn^2+ Ta^5+ O,Mn^2+ Ta^5+ O,Mn Ta O,Mn^2+ Ta^5+ O,valid,,,
Taramellite,"Ba_4_(Fe^3+^,Ti^4+^)_4_O_2_[B_2_Si_8_O_27_]Cl_0-1_",Ba Fe^3+ Ti^4+ O B Si Cl,Ba Fe^3+ Ti^4+ O B Si Cl,Ba Fe Ti O B Si Cl,Ba Fe^3+ Ti^4+ O B Si Cl,valid,,,
Taramite,Na(NaCa)(Mg_3_Al_2_)(Si_6_Al_2_)O_22_(OH)_2_,Na Ca Mg Al Si O H,Na Ca Mg Al Si O H,Na Ca Mg Al Si O H,Na Ca Mg Al Si O H,valid,,,
Taranakite,K_3_Al_5_(PO_3_OH)_6_(PO_4_)_2_·18H_2_O,K Al P O H,K Al P O H,K Al P O H,K Al P O H,valid,,,
Tarapacáite,K_2_Cr^6+^O_4_,K Cr^6+ O,K Cr^6+ O,K Cr O,K Cr^6+ O,valid,,,
Tarbagataite,(K[box])CaFe^2+^_7_Ti^4+^_2_(Si_4_O_12_)_2_O_2_(OH)_5_,K Ca Fe^2+ Ti^4+ Si O H,K Ca Fe^2+ Ti^4+ Si O H,K Ca Fe Ti Si O H,K Ca Fe^2+ Ti^4+ Si O H,valid,,,
Tarbuttite,Zn^2+^_2_(PO_4_)(OH),Zn^2+ P O H,Zn^2+ P O H,Zn P O H,Zn^2+ P O H,valid,,,
Tarkianite,"(Cu,Fe)(Re,Mo)_4_S_8_",Cu Fe Re Mo S,Cu Fe Re Mo S,Cu Fe Re Mo S,Cu Fe Re Mo S,valid,,,
Tartarosite,C,C,C,C,C,valid,,,
Tarutinoite,Ag^1+^_3_Pb^2+^_7_Bi^3+^_7_S^2-^_19_,Ag^1+ Pb^2+ Bi^3+ S^2-,Ag^1+ Pb^2+ Bi^3+ S^2-,Ag Pb Bi S,Ag^1+ Pb^2+ Bi^3+ S^2-,valid,,,
Taseqite,"Na_12_Sr_3_Ca_6_Fe^2+^_3_Zr^4+^_3_Nb^5+^Si_25_O_73_(O,OH,H_2_O)_3_Cl_2_",Na Sr Ca Fe^2+ Zr^4+ Nb^5+ Si O H Cl,Na Sr Ca Fe^2+ Zr^4+ Nb^5+ Si O H Cl,Na Sr Ca Fe Zr Nb Si O H Cl,Na Sr Ca Fe^2+ Zr^4+ Nb^5+ Si O H Cl,valid,,,
Tashelgite,CaMgFe^2+^Al_9_O_16_(OH),Ca Mg Fe^2+ Al O H,Ca Mg Fe^2+ Al O H,Ca Mg Fe Al O H,Ca Mg Fe^2+ Al O H,valid,,,
Tassieite,NaCa_2_Mg_3_Fe^2+^_2_Fe^3+^(PO_4_)_6_·2H_2_O,Na Ca Mg Fe^2+ Fe^3+ P O H,Na Ca Mg Fe^2+ Fe^3+ P O H,Na Ca Mg Fe P O H,Na Ca Mg Fe^2+ Fe^3+ P O H,valid,,,
Tatarinovite,Ca_3_Al(S^6+^O_4_)[B(OH)_4_](OH)_6_·12H_2_O,Ca Al S^6+ O B H,Ca Al S^6+ O B H,Ca Al S O B H,Ca Al S^6+ O B H,valid,,,
Tatarskite,Ca_6_Mg_2_(S^6+^O_4_)_2_(CO_3_)_2_(OH)_4_Cl_4_·7H_2_O,Ca Mg S^6+ O C H Cl,Ca Mg S^6+ O C H Cl,Ca Mg S O C H Cl,Ca Mg S^6+ O C H Cl,valid,,,
Tatyanaite,"(Pt,Pd,Cu)_9_Cu_3_Sn_4_",Pt Pd Cu Sn,Pt Pd Cu Sn,Pt Pd Cu Sn,Pt Pd Cu Sn,valid,,,
Tausonite,SrTi^4+^O_3_,Sr Ti^4+ O,Sr Ti^4+ O,Sr Ti O,Sr Ti^4+ O,valid,,,
Tavagnascoite,Bi^3+^_4_O_4_(S^6+^O_4_)(OH)_2_,Bi^3+ O S^6+ H,Bi^3+ O S^6+ H,Bi O S H,Bi^3+ O S^6+ H,valid,,,
Tavorite,LiFe^3+^PO_4_(OH),Li Fe^3+ P O H,Li Fe^3+ P O H,Li Fe P O H,Li Fe^3+ P O H,valid,,,
Tazheranite,"(Zr^4+^,Ti^4+^,Ca)(O,[box])_2_",Zr^4+ Ti^4+ Ca O,Zr^4+ Ti^4+ Ca O,Zr Ti Ca O,Zr^4+ Ti^4+ Ca O,valid,,,
Tazieffite,"Pb^2+^_20_Cd^2+^_2_(As^3+^,Bi^3+^)_22_S^2-^_50_Cl_10_",Pb^2+ Cd^2+ As^3+ Bi^3+ S^2- Cl,Pb^2+ Cd^2+ As^3+ Bi^3+ S^2- Cl,Pb Cd As Bi S Cl,Pb^2+ Cd^2+ As^3+ Bi^3+ S^2- Cl,valid,,,
Tazzoliite,Ba_2_CaSr_0.5_Na_0.5_Ti^4+^_2_Nb^5+^_3_SiO_17_[PO_2_(OH)_2_]_0.5_,Ba Ca Sr Na Ti^4+ Nb^5+ Si O P H,Ba Ca Sr Na Ti^4+ Nb^5+ Si O P H,Ba Ca Sr Na Ti Nb Si O P H,Ba Ca Sr Na Ti^4+ Nb^5+ Si O P H,valid,,,
Teallite,PbSnS_2_,Pb Sn S,Pb Sn S,Pb Sn S,Pb Sn S,valid,,,
Tedhadleyite,"Hg^2+^Hg^1+^_10_O_4_I^1-^_2_(Cl,Br)_2_",Hg^2+ Hg^1+ O I^1- Cl Br,Hg^2+ Hg^1+ O I^1- Cl Br,Hg O I Cl Br,Hg^2+ Hg^1+ O I^1- Cl Br,valid,,,
Teepleite,Na_2_B(OH)_4_Cl,Na B O H Cl,Na B O H Cl,Na B O H Cl,Na B O H Cl,valid,,,
Tegengrenite,(Mn^3+^_0.5_Sb^5+^_0.5_)Mg_2_O_4_,Mn^3+ Sb^5+ Mg O,Mn^3+ Sb^5+ Mg O,Mn Sb Mg O,Mn^3+ Sb^5+ Mg O,valid,,,
Teineite,Cu^2+^Te^4+^O_3_·2H_2_O,Cu^2+ Te^4+ O H,Cu^2+ Te^4+ O H,Cu Te O H,Cu^2+ Te^4+ O H,valid,,,
Telargpalite,"(Pd,Ag)_3_Te",Pd Ag Te,Pd Ag Te,Pd Ag Te,Pd Ag Te,valid,,,
Tellurantimony,Sb^3+^_2_Te^2-^_3_,Sb^3+ Te^2-,Sb^3+ Te^2-,Sb Te,Sb^3+ Te^2-,valid,,,
Tellurite,Te^4+^O_2_,Te^4+ O,Te^4+ O,Te O,Te^4+ O,valid,,,
Tellurium,Te,Te,Te,Te,Te,valid,,,
Tellurobismuthite,Bi^3+^_2_Te^2-^_3_,Bi^3+ Te^2-,Bi^3+ Te^2-,Bi Te,Bi^3+ Te^2-,valid,,,
Tellurohauchecornite,Ni_9_BiTeS_8_,Ni Bi Te S,Ni Bi Te S,Ni Bi Te S,Ni Bi Te S,valid,,,
Telluromandarinoite,Fe^3+^_2_(Te^4+^O_3_)_3_·6H_2_O,Fe^3+ Te^4+ O H,Fe^3+ Te^4+ O H,Fe Te O H,Fe^3+ Te^4+ O H,valid,,,
Telluronevskite,Bi_3_TeSe_2_,Bi Te Se,Bi Te Se,Bi Te Se,Bi Te Se,valid,,,
Telluropalladinite,Pd_9_Te_4_,Pd Te,Pd Te,Pd Te,Pd Te,valid,,,
Telluroperite,Pb^2+^_3_Te^4+^O_4_Cl_2_,Pb^2+ Te^4+ O Cl,Pb^2+ Te^4+ O Cl,Pb Te O Cl,Pb^2+ Te^4+ O Cl,valid,,,
Telyushenkoite,CsNa_6_Be_2_Al_3_Si_15_O_39_F_2_,Cs Na Be Al Si O F,Cs Na Be Al Si O F,Cs Na Be Al Si O F,Cs Na Be Al Si O F,valid,,,
Temagamite,Pd_3_HgTe_3_,Pd Hg Te,Pd Hg Te,Pd Hg Te,Pd Hg Te,valid,,,
Tengchongite,Ca(U^6+^O_2_)_6_(Mo^6+^O_4_OH)_2_O_2_(OH)_4_·9H_2_O,Ca U^6+ O Mo^6+ H,Ca U^6+ O Mo^6+ H,Ca U O Mo H,Ca U^6+ O Mo^6+ H,valid,,,
Tengerite-(Y),Y_2_(CO_3_)_3_·2-3H_2_O,Y C O H,Y C O H,Y C O H,Y C O H,valid,,,
Tennantite-(Cd),Cu^1+^_6_(Cu^1+^_4_Cd^2+^_2_)As^3+^_4_S^2-^_13_,Cu^1+ Cd^2+ As^3+ S^2-,Cu^1+ Cd^2+ As^3+ S^2-,Cu Cd As S,Cu^1+ Cd^2+ As^3+ S^2-,valid,,,
Tennantite-(Cu),Cu^1+^_6_(Cu^1+^_4_Cu^2+^_2_)As^3+^_4_S^2-^_13_,Cu^1+ Cu^2+ As^3+ S^2-,Cu^1+ Cu^2+ As^3+ S^2-,Cu As S,Cu^1+ Cu^2+ As^3+ S^2-,valid,,,
Tennantite-(Fe),Cu^1+^_6_(Cu^1+^_4_Fe^2+^_2_)As^3+^_4_S^2-^_13_,Cu^1+ Fe^2+ As^3+ S^2-,Cu^1+ Fe^2+ As^3+ S^2-,Cu Fe As S,Cu^1+ Fe^2+ As^3+ S^2-,valid,,,
Tennantite-(Hg),Cu^1+^_6_(Cu^1+^_4_Hg^2+^_2_)As^3+^_4_S^2-^_13_,Cu^1+ Hg^2+ As^3+ S^2-,Cu^1+ Hg^2+ As^3+ S^2-,Cu Hg As S,Cu^1+ Hg^2+ As^3+ S^2-,valid,,,
Tennantite-(In),Cu^1+^_6_(Cu^1+^_5_In^3+^)As^3+^_4_S^2-^_13_,Cu^1+ In^3+ As^3+ S^2-,Cu^1+ In^3+ As^3+ S^2-,Cu In As S,Cu^1+ In^3+ As^3+ S^2-,valid,,,
Tennantite-(Mn),Cu^1+^_6_(Cu^1+^_4_Mn^2+^_2_)As^3+^_4_S^2-^_13_,Cu^1+ Mn^2+ As^3+ S^2-,Cu^1+ Mn^2+ As^3+ S^2-,Cu Mn As S,Cu^1+ Mn^2+ As^3+ S^2-,valid,,,
Tennantite-(Ni),Cu^1+^_6_(Cu^1+^_4_Ni^2+^_2_)As^3+^_4_S^2-^_13_,Cu^1+ Ni^2+ As^3+ S^2-,Cu^1+ Ni^2+ As^3+ S^2-,Cu Ni As S,Cu^1+ Ni^2+ As^3+ S^2-,valid,,,
Tennantite-(Zn),Cu^1+^_6_(Cu^1+^_4_Zn^2+^_2_)As^3+^_4_S^2-^_13_,Cu^1+ Zn^2+ As^3+ S^2-,Cu^1+ Zn^2+ As^3+ S^2-,Cu Zn As S,Cu^1+ Zn^2+ As^3+ S^2-,valid,,,
Tenorite,Cu^2+^O,Cu^2+ O,Cu^2+ O,Cu O,Cu^2+ O,valid,,,
Tephroite,Mn^2+^_2_SiO_4_,Mn^2+ Si O,Mn^2+ Si O,Mn Si O,Mn^2+ Si O,valid,,,
Terlinguacreekite,Hg^2+^_3_O_2_Cl_2_,Hg^2+ O Cl,Hg^2+ O Cl,Hg O Cl,Hg^2+ O Cl,valid,,,
Terlinguaite,Hg_2_OCl,Hg O Cl,Hg O Cl,Hg O Cl,Hg O Cl,valid,,,
Ternesite,Ca_5_(SiO_4_)_2_(S^6+^O_4_),Ca Si O S^6+,Ca Si O S^6+,Ca Si O S,Ca Si O S^6+,valid,,,
Ternovite,MgNb^5+^_4_O_11_·8-12H_2_O,Mg Nb^5+ O H,Mg Nb^5+ O H,Mg Nb O H,Mg Nb^5+ O H,valid,,,
Terranovaite,NaCaAl_3_Si_17_O_40_·~8H_2_O,Na Ca Al Si O H,Na Ca Al Si O H,Na Ca Al Si O H,Na Ca Al Si O H,valid,,,
Terrywallaceite,"Ag^1+^Pb^2+^(Sb^3+^,Bi^3+^)_3_S^2-^_6_",Ag^1+ Pb^2+ Sb^3+ Bi^3+ S^2-,Ag^1+ Pb^2+ Sb^3+ Bi^3+ S^2-,Ag Pb Sb Bi S,Ag^1+ Pb^2+ Sb^3+ Bi^3+ S^2-,valid,,,
Terskite,Na_4_Zr^4+^Si_6_O_14_(OH)_4_,Na Zr^4+ Si O H,Na Zr^4+ Si O H,Na Zr Si O H,Na Zr^4+ Si O H,valid,,,
Tertschite,Ca_4_B_10_O_19_·20H_2_O,Ca B O H,Ca B O H,Ca B O H,Ca B O H,valid,,,
Teruggite,Ca_4_Mg[As^5+^B_6_O_11_(OH)_6_]_2_·14H_2_O,Ca Mg As^5+ B O H,Ca Mg As^5+ B O H,Ca Mg As B O H,Ca Mg As^5+ B O H,valid,,,
Teschemacherite,(N^3-^H_4_)HCO_3_,N^3- H C O,N^3- H C O,N H C O,N^3- H C O,valid,,,
Testibiopalladite,PdSbTe,Pd Sb Te,Pd Sb Te,Pd Sb Te,Pd Sb Te,valid,,,
Tetra-auricupride,CuAu,Cu Au,Cu Au,Cu Au,Cu Au,valid,,,
Tetradymite,Bi^3+^_2_Te^2-^_2_S^2-^,Bi^3+ Te^2- S^2-,Bi^3+ Te^2- S^2-,Bi Te S,Bi^3+ Te^2- S^2-,valid,,,
Tetraferriannite,KFe^2+^_3_(Si_3_Fe^3+^)O_10_(OH)_2_,K Fe^2+ Si Fe^3+ O H,K Fe^2+ Si Fe^3+ O H,K Fe Si O H,K Fe^2+ Si Fe^3+ O H,valid,,,
Tetraferriphlogopite,KMg_3_(Si_3_Fe^3+^)O_10_(OH)_2_,K Mg Si Fe^3+ O H,K Mg Si Fe^3+ O H,K Mg Si Fe O H,K Mg Si Fe^3+ O H,valid,,,
Tetraferroplatinum,PtFe,Pt Fe,Pt Fe,Pt Fe,Pt Fe,valid,,,
Tetrahedrite-(Cd),Cu^1+^_6_(Cu^1+^_4_Cd^2+^_2_)Sb^3+^_4_S^2-^_13_,Cu^1+ Cd^2+ Sb^3+ S^2-,Cu^1+ Cd^2+ Sb^3+ S^2-,Cu Cd Sb S,Cu^1+ Cd^2+ Sb^3+ S^2-,valid,,,
Tetrahedrite-(Cu),Cu^1+^_6_(Cu^1+^_4_Cu^2+^_2_)Sb^3+^_4_S^2-^_13_,Cu^1+ Cu^2+ Sb^3+ S^2-,Cu^1+ Cu^2+ Sb^3+ S^2-,Cu Sb S,Cu^1+ Cu^2+ Sb^3+ S^2-,valid,,,
Tetrahedrite-(Fe),Cu^1+^_6_(Cu^1+^_4_Fe^2+^_2_)Sb^3+^_4_S^2-^_13_,Cu^1+ Fe^2+ Sb^3+ S^2-,Cu^1+ Fe^2+ Sb^3+ S^2-,Cu Fe Sb S,Cu^1+ Fe^2+ Sb^3+ S^2-,valid,,,
Tetrahedrite-(Hg),Cu^1+^_6_(Cu^1+^_4_Hg^2+^_2_)Sb^3+^_4_S^2-^_13_,Cu^1+ Hg^2+ Sb^3+ S^2-,Cu^1+ Hg^2+ Sb^3+ S^2-,Cu Hg Sb S,Cu^1+ Hg^2+ Sb^3+ S^2-,valid,,,
Tetrahedrite-(Mn),Cu^1+^_6_(Cu^1+^_4_Mn^2+^_2_)Sb^3+^_4_S^2-^_13_,Cu^1+ Mn^2+ Sb^3+ S^2-,Cu^1+ Mn^2+ Sb^3+ S^2-,Cu Mn Sb S,Cu^1+ Mn^2+ Sb^3+ S^2-,valid,,,
Tetrahedrite-(Ni),Cu^1+^_6_(Cu^1+^_4_Ni^2+^_2_)Sb^3+^_4_S^2-^_13_,Cu^1+ Ni^2+ Sb^3+ S^2-,Cu^1+ Ni^2+ Sb^3+ S^2-,Cu Ni Sb S,Cu^1+ Ni^2+ Sb^3+ S^2-,valid,,,
Tetrahedrite-(Zn),Cu^1+^_6_(Cu^1+^_4_Zn^2+^_2_)Sb^3+^_4_S^2-^_13_,Cu^1+ Zn^2+ Sb^3+ S^2-,Cu^1+ Zn^2+ Sb^3+ S^2-,Cu Zn Sb S,Cu^1+ Zn^2+ Sb^3+ S^2-,valid,,,
Tetrarooseveltite,Bi^3+^As^5+^O_4_,Bi^3+ As^5+ O,Bi^3+ As^5+ O,Bi As O,Bi^3+ As^5+ O,valid,,,
Tetrataenite,FeNi,Fe Ni,Fe Ni,Fe Ni,Fe Ni,valid,,,
Tetrawickmanite,Mn^2+^Sn^4+^(OH)_6_,Mn^2+ Sn^4+ O H,Mn^2+ Sn^4+ O H,Mn Sn O H,Mn^2+ Sn^4+ O H,valid,,,
Tewite,(K_1.5_[box]_0.5_)(Te^4+^_1.25_W^6+^_0.25_[box]_0.5_)_2_W^6+^_5_O_19_,K Te^4+ W^6+ O,K Te^4+ W^6+ O,K Te W O,K Te^4+ W^6+ O,valid,,,
Thadeuite,"CaMg_3_(PO_4_)_2_(OH,F)_2_",Ca Mg P O H F,Ca Mg P O H F,Ca Mg P O H F,Ca Mg P O H F,valid,,,
Thalcusite,Tl^1+^_2_(Cu^1+^_3_Fe^3+^)S^2-^_4_,Tl^1+ Cu^1+ Fe^3+ S^2-,Tl^1+ Cu^1+ Fe^3+ S^2-,Tl Cu Fe S,Tl^1+ Cu^1+ Fe^3+ S^2-,valid,,,
Thalénite-(Y),Y_3_Si_3_O_10_F,Y Si O F,Y Si O F,Y Si O F,Y Si O F,valid,,,
Thalfenisite,"Tl_6_(Fe,Ni)_25_S_26_Cl",Tl Fe Ni S Cl,Tl Fe Ni S Cl,Tl Fe Ni S Cl,Tl Fe Ni S Cl,valid,,,
Thalhammerite,Pd_9_Ag_2_Bi_2_S_4_,Pd Ag Bi S,Pd Ag Bi S,Pd Ag Bi S,Pd Ag Bi S,valid,,,
Thalliomelane,Tl^1+^Mn^4+^_7.5_Cu^2+^_0.5_O_16_,Tl^1+ Mn^4+ Cu^2+ O,Tl^1+ Mn^4+ Cu^2+ O,Tl Mn Cu O,Tl^1+ Mn^4+ Cu^2+ O,valid,,,
Thalliumpharmacosiderite,Tl^1+^Fe^3+^_4_[(As^5+^O_4_)_3_(OH)_4_]·4H_2_O,Tl^1+ Fe^3+ As^5+ O H,Tl^1+ Fe^3+ As^5+ O H,Tl Fe As O H,Tl^1+ Fe^3+ As^5+ O H,valid,,,
Thaumasite,Ca_3_Si(OH)_6_(S^6+^O_4_)(CO_3_)·12H_2_O,Ca Si O H S^6+ C,Ca Si O H S^6+ C,Ca Si O H S C,Ca Si O H S^6+ C,valid,,,
Thebaite-(NH4),(N^3-^H_4_)_3_Al((C_2_)^6+^O_4_)(PO_3_OH)_2_(H_2_O),N^3- H Al C O P,N^3- H Al C O P,N H Al C O P,N^3- H Al C O P,valid,,,
Theisite,Cu^2+^_5_Zn^2+^_5_As^5+^_2_O_8_(OH)_14_,Cu^2+ Zn^2+ As^5+ O H,Cu^2+ Zn^2+ As^5+ O H,Cu Zn As O H,Cu^2+ Zn^2+ As^5+ O H,valid,,,
Thénardite,Na_2_S^6+^O_4_,Na S^6+ O,Na S^6+ O,Na S O,Na S^6+ O,valid,,,
Theoparacelsite,Cu^2+^_3_(OH)_2_As^5+^_2_O_7_(OH)_2_,Cu^2+ O H As^5+,Cu^2+ O H As^5+,Cu O H As,Cu^2+ O H As^5+,valid,,,
Theophrastite,Ni^2+^(OH)_2_,Ni^2+ O H,Ni^2+ O H,Ni O H,Ni^2+ O H,valid,,,
Therasiaite,(N^3-^H_4_)_3_KNa_2_Fe^2+^Fe^3+^(S^6+^O_4_)_3_Cl_5_,N^3- H K Na Fe^2+ Fe^3+ S^6+ O Cl,N^3- H K Na Fe^2+ Fe^3+ S^6+ O Cl,N H K Na Fe S O Cl,N^3- H K Na Fe^2+ Fe^3+ S^6+ O Cl,valid,,,
Thérèsemagnanite,NaCo^2+^_4_(S^6+^O_4_)(OH)_6_Cl·6H_2_O,Na Co^2+ S^6+ O H Cl,Na Co^2+ S^6+ O H Cl,Na Co S O H Cl,Na Co^2+ S^6+ O H Cl,valid,,,
Thermaerogenite,Cu^2+^Al_2_O_4_,Cu^2+ Al O,Cu^2+ Al O,Cu Al O,Cu^2+ Al O,valid,,,
Thermessaite,K_2_AlF_3_(S^6+^O_4_),K Al F S^6+ O,K Al F S^6+ O,K Al F S O,K Al F S^6+ O,valid,,,
Thermessaite-(NH4),(N^3-^H_4_)_2_AlF_3_(S^6+^O_4_),N^3- H Al F S^6+ O,N^3- H Al F S^6+ O,N H Al F S O,N^3- H Al F S^6+ O,valid,,,
Thermonatrite,Na_2_CO_3_·H_2_O,Na C O H,Na C O H,Na C O H,Na C O H,valid,,,
Theuerdankite,Ag^1+^_3_(As^5+^O_4_),Ag^1+ As^5+ O,Ag^1+ As^5+ O,Ag As O,Ag^1+ As^5+ O,valid,,,
Thionasilite,Na_2_Si_2_S^2-^_2_O_3_,Na Si S^2- O,Na Si S^2- O,Na Si S O,Na Si S^2- O,valid,,,
Thomasclarkite-(Y),NaY(HCO_3_)(OH)_3_·4H_2_O,Na Y H C O,Na Y H C O,Na Y H C O,Na Y H C O,valid,,,
Thometzekite,Pb^2+^Cu^2+^_2_(As^5+^O_4_)_2_·2H_2_O,Pb^2+ Cu^2+ As^5+ O H,Pb^2+ Cu^2+ As^5+ O H,Pb Cu As O H,Pb^2+ Cu^2+ As^5+ O H,valid,,,
Thomsenolite,NaCaAlF_6_·H_2_O,Na Ca Al F H O,Na Ca Al F H O,Na Ca Al F H O,Na Ca Al F H O,valid,,,
Thomsonite-Ca,NaCa_2_(Al_5_Si_5_)O_20_·6H_2_O,Na Ca Al Si O H,Na Ca Al Si O H,Na Ca Al Si O H,Na Ca Al Si O H,valid,,,
Thomsonite-Sr,NaSr_2_Al_5_Si_5_O_20_·6-7H_2_O,Na Sr Al Si O H,Na Sr Al Si O H,Na Sr Al Si O H,Na Sr Al Si O H,valid,,,
Thorasphite,Th^4+^_2_H(As^5+^O_4_)_2_(PO_4_)·6H_2_O,Th^4+ H As^5+ O P,Th^4+ H As^5+ O P,Th H As O P,Th^4+ H As^5+ O P,valid,,,
Thorbastnäsite,Th^4+^Ca(CO_3_)_2_F_2_·3H_2_O,Th^4+ Ca C O F H,Th^4+ Ca C O F H,Th Ca C O F H,Th^4+ Ca C O F H,valid,,,
Thoreaulite,Sn^2+^Ta^5+^_2_O_6_,Sn^2+ Ta^5+ O,Sn^2+ Ta^5+ O,Sn Ta O,Sn^2+ Ta^5+ O,valid,,,
Thorianite,Th^4+^O_2_,Th^4+ O,Th^4+ O,Th O,Th^4+ O,valid,,,
Thorikosite,Pb^2+^_3_O_3_Sb^3+^(OH)Cl_2_,Pb^2+ O Sb^3+ H Cl,Pb^2+ O Sb^3+ H Cl,Pb O Sb H Cl,Pb^2+ O Sb^3+ H Cl,valid,,,
Thorite,Th^4+^SiO_4_,Th^4+ Si O,Th^4+ Si O,Th Si O,Th^4+ Si O,valid,,,
Thornasite,Na_12_Th^4+^_3_(Si_8_O_19_)_4_·18H_2_O,Na Th^4+ Si O H,Na Th^4+ Si O H,Na Th Si O H,Na Th^4+ Si O H,valid,,,
Thorneite,Pb^2+^_6_(Te^6+^_2_O_10_)(CO_3_)Cl_2_(H_2_O),Pb^2+ Te^6+ O C Cl H,Pb^2+ Te^6+ O C Cl H,Pb Te O C Cl H,Pb^2+ Te^6+ O C Cl H,valid,,,
Thorosteenstrupine,"(Ca,Th^4+^,Mn^2+^,Mn^3+^)_3_Si_4_O_11_F·6H_2_O",Ca Th^4+ Mn^2+ Mn^3+ Si O F H,Ca Th^4+ Mn^2+ Mn^3+ Si O F H,Ca Th Mn Si O F H,Ca Th^4+ Mn^2+ Mn^3+ Si O F H,valid,,,
Thortveitite,Sc_2_Si_2_O_7_,Sc Si O,Sc Si O,Sc Si O,Sc Si O,valid,,,
Thorutite,Th^4+^Ti^4+^_2_O_6_,Th^4+ Ti^4+ O,Th^4+ Ti^4+ O,Th Ti O,Th^4+ Ti^4+ O,valid,,,
Threadgoldite,Al(U^6+^O_2_)_2_(PO_4_)_2_(OH)·8H_2_O,Al U^6+ O P H,Al U^6+ O P H,Al U O P H,Al U^6+ O P H,valid,,,
Thunderbayite,TlAg_3_Au_3_Sb_7_S_6_,Tl Ag Au Sb S,Tl Ag Au Sb S,Tl Ag Au Sb S,Tl Ag Au Sb S,valid,,,
Tianhongqiite,Cr^3+^Ti^4+^O_3_(OH),Cr^3+ Ti^4+ O H,Cr^3+ Ti^4+ O H,Cr Ti O H,Cr^3+ Ti^4+ O H,valid,,,
Tianhuixinite,(Mo^6+^O_3_)_3_·H_2_O,Mo^6+ O H,Mo^6+ O H,Mo O H,Mo^6+ O H,valid,,,
Tiberiobardiite,{Cu^2+^_9_Al[SiO_3_(OH)]_2_(OH)_12_(H_2_O)_6_}(S^6+^O_4_)_1.5_·10H_2_O,Cu^2+ Al Si O H S^6+,Cu^2+ Al Si O H S^6+,Cu Al Si O H S,Cu^2+ Al Si O H S^6+,valid,,,
Tiemannite,Hg^2+^Se^2-^,Hg^2+ Se^2-,Hg^2+ Se^2-,Hg Se,Hg^2+ Se^2-,valid,,,
Tienshanite,"K(Na,K,[box])_9_Ca_2_Ba_6_Mn^2+^_6_Ti^4+^_6_B_12_Si_36_O_114_(O,OH,F)_11_",K Na Ca Ba Mn^2+ Ti^4+ B Si O H F,K Na Ca Ba Mn^2+ Ti^4+ B Si O H F,K Na Ca Ba Mn Ti B Si O H F,K Na Ca Ba Mn^2+ Ti^4+ B Si O H F,valid,,,
Tiettaite,K_4_Na_12_Fe^3+^_2_Si_16_O_41_(OH)_4_·2H_2_O,K Na Fe^3+ Si O H,K Na Fe^3+ Si O H,K Na Fe Si O H,K Na Fe^3+ Si O H,valid,,,
Tikhonenkovite,SrAlF_4_(OH)·H_2_O,Sr Al F O H,Sr Al F O H,Sr Al F O H,Sr Al F O H,valid,,,
Tilasite,CaMgAs^5+^O_4_F,Ca Mg As^5+ O F,Ca Mg As^5+ O F,Ca Mg As O F,Ca Mg As^5+ O F,valid,,,
Tilkerodeite,Pd_2_HgSe_3_,Pd Hg Se,Pd Hg Se,Pd Hg Se,Pd Hg Se,valid,,,
Tilleyite,Ca_5_Si_2_O_7_(CO_3_)_2_,Ca Si O C,Ca Si O C,Ca Si O C,Ca Si O C,valid,,,
Tillmannsite,(HgAg_3_)^3+^V^5+^O_4_,Hg Ag V^5+ O,Hg Ag V^5+ O,Hg Ag V O,Hg Ag V^5+ O,valid,,,
Timroseite,Pb^2+^_2_Cu^2+^_5_(Te^6+^O_6_)_2_(OH)_2_,Pb^2+ Cu^2+ Te^6+ O H,Pb^2+ Cu^2+ Te^6+ O H,Pb Cu Te O H,Pb^2+ Cu^2+ Te^6+ O H,valid,,,
Tin,Sn,Sn,Sn,Sn,Sn,valid,,,
Tinaksite,K_2_NaCa_2_Ti^4+^Si_7_O_18_(OH)O,K Na Ca Ti^4+ Si O H,K Na Ca Ti^4+ Si O H,K Na Ca Ti Si O H,K Na Ca Ti^4+ Si O H,valid,,,
Tincalconite,Na_2_B_4_O_5_(OH)_4_·3H_2_O,Na B O H,Na B O H,Na B O H,Na B O H,valid,,,
Tinnunculite,C_5_H_4_N_4_O_3_·2H_2_O,C H N O,C H N O,C H N O,C H N O,valid,,,
Tinsleyite,KAl_2_(PO_4_)_2_(OH)·2H_2_O,K Al P O H,K Al P O H,K Al P O H,K Al P O H,valid,,,
Tinticite,Fe^3+^_3_(PO_4_)_2_(OH)_3_·3H_2_O,Fe^3+ P O H,Fe^3+ P O H,Fe P O H,Fe^3+ P O H,valid,,,
Tintinaite,Pb^2+^_10_Cu^1+^_2_Sb^3+^_16_S^2-^_35_,Pb^2+ Cu^1+ Sb^3+ S^2-,Pb^2+ Cu^1+ Sb^3+ S^2-,Pb Cu Sb S,Pb^2+ Cu^1+ Sb^3+ S^2-,valid,,,
Tinzenite,Ca_2_Mn^2+^_4_Al_4_[B_2_Si_8_O_30_](OH)_2_,Ca Mn^2+ Al B Si O H,Ca Mn^2+ Al B Si O H,Ca Mn Al B Si O H,Ca Mn^2+ Al B Si O H,valid,,,
Tiptopite,"K_2_(Li,Na,Ca)_6_(Be_6_P_6_)O_24_(OH)_2_·1.3H_2_O",K Li Na Ca Be P O H,K Li Na Ca Be P O H,K Li Na Ca Be P O H,K Li Na Ca Be P O H,valid,,,
Tiragalloite,Mn^2+^_4_As^5+^Si_3_O_12_(OH),Mn^2+ As^5+ Si O H,Mn^2+ As^5+ Si O H,Mn As Si O H,Mn^2+ As^5+ Si O H,valid,,,
Tischendorfite,Pd_8_Hg_3_Se_9_,Pd Hg Se,Pd Hg Se,Pd Hg Se,Pd Hg Se,valid,,,
Tisinalite,Na_3_Mn^2+^Ti^4+^Si_6_O_15_(OH)_3_,Na Mn^2+ Ti^4+ Si O H,Na Mn^2+ Ti^4+ Si O H,Na Mn Ti Si O H,Na Mn^2+ Ti^4+ Si O H,valid,,,
Tissintite,"(Ca,Na,[box])AlSi_2_O_6_",Ca Na Al Si O,Ca Na Al Si O,Ca Na Al Si O,Ca Na Al Si O,valid,,,
Tistarite,Ti^3+^_2_O_3_,Ti^3+ O,Ti^3+ O,Ti O,Ti^3+ O,valid,,,
Titanite,CaTi^4+^SiO_5_,Ca Ti^4+ Si O,Ca Ti^4+ Si O,Ca Ti Si O,Ca Ti^4+ Si O,valid,,,
Titanium,Ti,Ti,Ti,Ti,Ti,valid,,,
Titanoholtite,(Ti^4+^_0.75_[box]_0.25_)Al_6_BSi_3_O_18_,Ti^4+ Al B Si O,Ti^4+ Al B Si O,Ti Al B Si O,Ti^4+ Al B Si O,valid,,,
Titanomaghemite,(Ti^4+^_0.5_[box]_0.5_)Fe^3+^_2_O_4_,Ti^4+ Fe^3+ O,Ti^4+ Fe^3+ O,Ti Fe O,Ti^4+ Fe^3+ O,valid,,,
Titanowodginite,Mn^2+^Ti^4+^Ta^5+^_2_O_8_,Mn^2+ Ti^4+ Ta^5+ O,Mn^2+ Ti^4+ Ta^5+ O,Mn Ti Ta O,Mn^2+ Ti^4+ Ta^5+ O,valid,,,
Titantaramellite,"Ba_4_(Ti^4+^,Fe^3+^,Mg)_4_(O,OH)_2_[B_2_Si_8_O_27_]Cl_x_",Ba Ti^4+ Fe^3+ Mg O H B Si Cl,Ba Ti^4+ Fe^3+ Mg O H B Si Cl,Ba Ti Fe Mg O H B Si Cl,Ba Ti^4+ Fe^3+ Mg O H B Si Cl,valid,,,
Tivanite,Ti^4+^V^3+^O_3_(OH),Ti^4+ V^3+ O H,Ti^4+ V^3+ O H,Ti V O H,Ti^4+ V^3+ O H,valid,,,
Tlalocite,Cu^2+^_10_Zn^2+^_6_(Te^4+^O_3_)(Te^6+^O_4_)_2_Cl(OH)_25_·27H_2_O,Cu^2+ Zn^2+ Te^4+ O Te^6+ Cl H,Cu^2+ Zn^2+ Te^4+ O Te^6+ Cl H,Cu Zn Te O Cl H,Cu^2+ Zn^2+ Te^4+ O Te^6+ Cl H,valid,,,
Tlapallite,"(Ca,Pb^2+^)_3_CaCu^2+^_6_[Te^4+^_3_Te^6+^O_12_]_2_(Te^4+^O_3_)_2_(S^6+^O_4_)_2_·3H_2_O",Ca Pb^2+ Cu^2+ Te^4+ Te^6+ O S^6+ H,Ca Pb^2+ Cu^2+ Te^4+ Te^6+ O S^6+ H,Ca Pb Cu Te O S H,Ca Pb^2+ Cu^2+ Te^4+ Te^6+ O S^6+ H,valid,,,
Tobelite,(N^3-^H_4_)Al_2_(Si_3_Al)O_10_(OH)_2_,N^3- H Al Si O,N^3- H Al Si O,N H Al Si O,N^3- H Al Si O,valid,,,
Tobermorite,Ca_5_Si_6_O_16_(OH)_2_·nH_2_O,Ca Si O H,Ca Si O H,Ca Si O H,Ca Si O H,valid,,,
Tochilinite,"6(Fe^2+^_0.9_S^2-^)·5[(Mg,Fe^2+^)(OH)_2_]",Fe^2+ S^2- Mg O H,Fe^2+ S^2- Mg O H,Fe S Mg O H,Fe^2+ S^2- Mg O H,valid,,,
Tocornalite,"(Ag^1+^,Hg^1+^)I^1-^",Ag^1+ Hg^1+ I^1-,Ag^1+ Hg^1+ I^1-,Ag Hg I,Ag^1+ Hg^1+ I^1-,valid,,,
Todorokite,"(Na,Ca,K,Ba,Sr)_1-x_(Mn^4+^,Mn^3+^,Mg,Al)_6_O_12_·3-4H_2_O",Na Ca K Ba Sr Mn^4+ Mn^3+ Mg Al O H,Na Ca K Ba Sr Mn^4+ Mn^3+ Mg Al O H,Na Ca K Ba Sr Mn Mg Al O H,Na Ca K Ba Sr Mn^4+ Mn^3+ Mg Al O H,valid,,,
Tokkoite,K_2_Ca_4_Si_7_O_18_(OH)F,K Ca Si O H F,K Ca Si O H F,K Ca Si O H F,K Ca Si O H F,valid,,,
Tokyoite,Ba_2_Mn^3+^(V^5+^O_4_)_2_(OH),Ba Mn^3+ V^5+ O H,Ba Mn^3+ V^5+ O H,Ba Mn V O H,Ba Mn^3+ V^5+ O H,valid,,,
Tolbachite,Cu^2+^Cl_2_,Cu^2+ Cl,Cu^2+ Cl,Cu Cl,Cu^2+ Cl,valid,,,
Toledoite,TiFeSi,Ti Fe Si,Ti Fe Si,Ti Fe Si,Ti Fe Si,valid,,,
Tolovkite,IrSbS,Ir Sb S,Ir Sb S,Ir Sb S,Ir Sb S,valid,,,
Tolstykhite,Au_3_S_4_Te_6_,Au S Te,Au S Te,Au S Te,Au S Te,valid,,,
Tomamaeite,Cu_3_Pt,Cu Pt,Cu Pt,Cu Pt,Cu Pt,valid,,,
Tombstoneite,(Ca_0.5_Pb^2+^_0.5_)Pb^2+^_3_Cu^2+^_6_Te^6+^_2_O_6_(Te^4+^O_3_)_6_(Se^4+^O_3_)_2_(S^6+^O_4_)_2_·3H_2_O,Ca Pb^2+ Cu^2+ Te^6+ O Te^4+ Se^4+ S^6+ H,Ca Pb^2+ Cu^2+ Te^6+ O Te^4+ Se^4+ S^6+ H,Ca Pb Cu Te O Se S H,Ca Pb^2+ Cu^2+ Te^6+ O Te^4+ Se^4+ S^6+ H,valid,,,
Tomcampbellite,[KCl][Fe^2+^_14_(OH)_6_(PO_4_)_6_(PO_3_OH)_2_],K Cl Fe^2+ O H P,K Cl Fe^2+ O H P,K Cl Fe O H P,K Cl Fe^2+ O H P,valid,,,
Tomichite,V^3+^_4_Ti^4+^_3_As^3+^O_13_(OH),V^3+ Ti^4+ As^3+ O H,V^3+ Ti^4+ As^3+ O H,V Ti As O H,V^3+ Ti^4+ As^3+ O H,valid,,,
Tomiolloite,Al_12_(Te^4+^O_3_)_5_[(S^4+^O_3_)_0.5_(S^6+^O_4_)_0.5_](OH)_24_,Al Te^4+ O S^4+ S^6+ H,Al Te^4+ O S^4+ S^6+ H,Al Te O S H,Al Te^4+ O S^4+ S^6+ H,valid,,,
Tomsquarryite,NaMgAl_3_(PO_4_)_2_(OH)_6_·8H_2_O,Na Mg Al P O H,Na Mg Al P O H,Na Mg Al P O H,Na Mg Al P O H,valid,,,
Tondiite,Cu^2+^_3_MgCl_2_(OH)_6_,Cu^2+ Mg Cl O H,Cu^2+ Mg Cl O H,Cu Mg Cl O H,Cu^2+ Mg Cl O H,valid,,,
Tongbaite,Cr_3_C_2_,Cr C,Cr C,Cr C,Cr C,valid,,,
Tooeleite,Fe^3+^_6_(As^3+^O_3_)_4_S^6+^O_4_(OH)_4_·4H_2_O,Fe^3+ As^3+ O S^6+ H,Fe^3+ As^3+ O S^6+ H,Fe As O S H,Fe^3+ As^3+ O S^6+ H,valid,,,
Topaz,Al_2_SiO_4_F_2_,Al Si O F,Al Si O F,Al Si O F,Al Si O F,valid,,,
Topsøeite,Fe^3+^F_3_(H_2_O)_3_,Fe^3+ F H O,Fe^3+ F H O,Fe F H O,Fe^3+ F H O,valid,,,
Torbernite,Cu^2+^(U^6+^O_2_)_2_(PO_4_)_2_·12H_2_O,Cu^2+ U^6+ O P H,Cu^2+ U^6+ O P H,Cu U O P H,Cu^2+ U^6+ O P H,valid,,,
Törnebohmite-(Ce),Ce^3+^_2_Al(SiO_4_)_2_(OH),Ce^3+ Al Si O H,Ce^3+ Al Si O H,Ce Al Si O H,Ce^3+ Al Si O H,valid,,,
Törnebohmite-(La),La_2_Al(SiO_4_)_2_(OH),La Al Si O H,La Al Si O H,La Al Si O H,La Al Si O H,valid,,,
Törnroosite,Pd_11_As_2_Te_2_,Pd As Te,Pd As Te,Pd As Te,Pd As Te,valid,,,
Torrecillasite,"Na(As^3+^,Sb^3+^)_4_O_6_Cl",Na As^3+ Sb^3+ O Cl,Na As^3+ Sb^3+ O Cl,Na As Sb O Cl,Na As^3+ Sb^3+ O Cl,valid,,,
Torreyite,Mg_9_Zn^2+^_4_(S^6+^O_4_)_2_(OH)_22_·8H_2_O,Mg Zn^2+ S^6+ O H,Mg Zn^2+ S^6+ O H,Mg Zn S O H,Mg Zn^2+ S^6+ O H,valid,,,
Torryweiserite,Rh_5_Ni_10_S_16_,Rh Ni S,Rh Ni S,Rh Ni S,Rh Ni S,valid,,,
Tosudite,"Na_0.5_(Al,Mg)_6_(Si,Al)_8_O_18_(OH)_12_·5H_2_O",Na Al Mg Si O H,Na Al Mg Si O H,Na Al Mg Si O H,Na Al Mg Si O H,valid,,,
Toturite,Ca_3_Sn^4+^_2_(Fe^3+^_2_Si)O_12_,Ca Sn^4+ Fe^3+ Si O,Ca Sn^4+ Fe^3+ Si O,Ca Sn Fe Si O,Ca Sn^4+ Fe^3+ Si O,valid,,,
Tounkite,"(Na,Ca,K)_8_(Si_6_Al_6_)O_24_(S^6+^O_4_)_2_Cl·0.5H_2_O",Na Ca K Si Al O S^6+ Cl H,Na Ca K Si Al O S^6+ Cl H,Na Ca K Si Al O S Cl H,Na Ca K Si Al O S^6+ Cl H,valid,,,
Touretite,LiAl_4_Be_4_(B_11_Be)O_28_,Li Al Be B O,Li Al Be B O,Li Al Be B O,Li Al Be B O,valid,,,
Townendite,Na_8_Zr^4+^Si_6_O_18_,Na Zr^4+ Si O,Na Zr^4+ Si O,Na Zr Si O,Na Zr^4+ Si O,valid,,,
Toyohaite,Ag^1+^(Fe^2+^_0.5_Sn^4+^_1.5_)S^2-^_4_,Ag^1+ Fe^2+ Sn^4+ S^2-,Ag^1+ Fe^2+ Sn^4+ S^2-,Ag Fe Sn S,Ag^1+ Fe^2+ Sn^4+ S^2-,valid,,,
Trabzonite,Ca_4_Si_3_O_9_(OH)_2_,Ca Si O H,Ca Si O H,Ca Si O H,Ca Si O H,valid,,,
Tranquillityite,Fe^2+^_8_Ti^4+^_3_Zr^4+^_2_Si_3_O_24_,Fe^2+ Ti^4+ Zr^4+ Si O,Fe^2+ Ti^4+ Zr^4+ Si O,Fe Ti Zr Si O,Fe^2+ Ti^4+ Zr^4+ Si O,valid,,,
Transjordanite,Ni_2_P,Ni P,Ni P,Ni P,Ni P,valid,,,
Traskite,"Ba_21_Ca(Fe^2+^,Mn^2+^,Ti^4+^)_4_(Ti^4+^,Fe^2+^,Mg)_12_(Si_12_O_36_)(Si_2_O_7_)_6_(O,OH)_30_Cl_6_·14H_2_O",Ba Ca Fe^2+ Mn^2+ Ti^4+ Mg Si O H Cl,Ba Ca Fe^2+ Mn^2+ Ti^4+ Mg Si O H Cl,Ba Ca Fe Mn Ti Mg Si O H Cl,Ba Ca Fe^2+ Mn^2+ Ti^4+ Mg Si O H Cl,valid,,,
Trattnerite,Fe^3+^_2_(Mg_3_Si_12_)O_30_,Fe^3+ Mg Si O,Fe^3+ Mg Si O,Fe Mg Si O,Fe^3+ Mg Si O,valid,,,
Treasurite,Ag_7_Pb_6_Bi_15_S_30_,Ag Pb Bi S,Ag Pb Bi S,Ag Pb Bi S,Ag Pb Bi S,valid,,,
Trébeurdenite,Fe^2+^_2_Fe^3+^_4_O_2_(OH)_10_(CO_3_)·3H_2_O,Fe^2+ Fe^3+ O H C,Fe^2+ Fe^3+ O H C,Fe O H C,Fe^2+ Fe^3+ O H C,valid,,,
Trebiskyite,Na_3_Mg_2_[(Ti^4+^V^5+^_9_)O_28_]·22H_2_O,Na Mg Ti^4+ V^5+ O H,Na Mg Ti^4+ V^5+ O H,Na Mg Ti V O H,Na Mg Ti^4+ V^5+ O H,valid,,,
Trechmannite,Ag^1+^As^3+^S^2-^_2_,Ag^1+ As^3+ S^2-,Ag^1+ As^3+ S^2-,Ag As S,Ag^1+ As^3+ S^2-,valid,,,
Tredouxite,Ni^2+^Sb^5+^_2_O_6_,Ni^2+ Sb^5+ O,Ni^2+ Sb^5+ O,Ni Sb O,Ni^2+ Sb^5+ O,valid,,,
Trembathite,Mg_3_B_7_O_13_Cl,Mg B O Cl,Mg B O Cl,Mg B O Cl,Mg B O Cl,valid,,,
Tremolite,[box]Ca_2_(Mg_5.0-4.5_Fe^2+^_0.0-0.5_)Si_8_O_22_(OH)_2_,Ca Mg Fe^2+ Si O H,Ca Mg Fe^2+ Si O H,Ca Mg Fe Si O H,Ca Mg Fe^2+ Si O H,valid,,,
Trevorite,Ni^2+^Fe^3+^_2_O_4_,Ni^2+ Fe^3+ O,Ni^2+ Fe^3+ O,Ni Fe O,Ni^2+ Fe^3+ O,valid,,,
Triangulite,Al_3_(U^6+^O_2_)_4_(PO_4_)_4_(OH)_5_·5H_2_O,Al U^6+ O P H,Al U^6+ O P H,Al U O P H,Al U^6+ O P H,valid,,,
Triazolite,NaCu^2+^_2_(N_3_C_2_H_2_)^1-^_2_(N^3-^H_3_)_2_Cl_3_·4H_2_O,Na Cu^2+ N C H N^3- Cl O,Na Cu^2+ N C H N^3- Cl O,Na Cu N C H Cl O,Na Cu^2+ N C H N^3- Cl O,valid,,,
Tridymite,SiO_2_,Si O,Si O,Si O,Si O,valid,,,
Trigodomeykite,Cu_3_As,Cu As,Cu As,Cu As,Cu As,valid,,,
Trigonite,Pb^2+^_3_Mn^2+^(As^3+^O_3_)_2_(As^3+^O_2_OH),Pb^2+ Mn^2+ As^3+ O H,Pb^2+ Mn^2+ As^3+ O H,Pb Mn As O H,Pb^2+ Mn^2+ As^3+ O H,valid,,,
Trikalsilite,K_2_Na(AlSiO_4_)_3_,K Na Al Si O,K Na Al Si O,K Na Al Si O,K Na Al Si O,valid,,,
Trilithionite,KLi_1.5_Al_1.5_(Si_3_Al)O_10_F_2_,K Li Al Si O F,K Li Al Si O F,K Li Al Si O F,K Li Al Si O F,valid,,,
Trimerite,CaMn^2+^_2_(BeSiO_4_)_3_,Ca Mn^2+ Be Si O,Ca Mn^2+ Be Si O,Ca Mn Be Si O,Ca Mn^2+ Be Si O,valid,,,
Trimounsite-(Y),Y_2_Ti^4+^_2_SiO_9_,Y Ti^4+ Si O,Y Ti^4+ Si O,Y Ti Si O,Y Ti^4+ Si O,valid,,,
Trinepheline,NaAlSiO_4_,Na Al Si O,Na Al Si O,Na Al Si O,Na Al Si O,valid,,,
Triphylite,LiFe^2+^PO_4_,Li Fe^2+ P O,Li Fe^2+ P O,Li Fe P O,Li Fe^2+ P O,valid,,,
Triplite,Mn^2+^_2_(PO_4_)F,Mn^2+ P O F,Mn^2+ P O F,Mn P O F,Mn^2+ P O F,valid,,,
Triploidite,Mn^2+^_2_(PO_4_)(OH),Mn^2+ P O H,Mn^2+ P O H,Mn P O H,Mn^2+ P O H,valid,,,
Trippkeite,Cu^2+^As^3+^_2_O_4_,Cu^2+ As^3+ O,Cu^2+ As^3+ O,Cu As O,Cu^2+ As^3+ O,valid,,,
Tripuhyite,Fe^3+^Sb^5+^O_4_,Fe^3+ Sb^5+ O,Fe^3+ Sb^5+ O,Fe Sb O,Fe^3+ Sb^5+ O,valid,,,
Tristramite,"(Ca,U^4+^,Fe^3+^)(PO_4_,S^6+^O_4_)·2H_2_O",Ca U^4+ Fe^3+ P O S^6+ H,Ca U^4+ Fe^3+ P O S^6+ H,Ca U Fe P O S H,Ca U^4+ Fe^3+ P O S^6+ H,valid,,,
Tritomite-(Ce),"Ce^3+^_5_(SiO_4_,BO_4_)_3_(OH,O)",Ce^3+ Si O B H,Ce^3+ Si O B H,Ce Si O B H,Ce^3+ Si O B H,valid,,,
Tritomite-(Y),"Y_5_(SiO_4_,BO_4_)_3_(O,OH,F)",Y Si O B H F,Y Si O B H F,Y Si O B H F,Y Si O B H F,valid,,,
Trögerite,(H_3_O)(U^6+^O_2_)(As^5+^O_4_)·3H_2_O,H O U^6+ As^5+,H O U^6+ As^5+,H O U As,H O U^6+ As^5+,valid,,,
Trogtalite,Co^2+^(Se_2_)^2-^,Co^2+ Se,Co^2+ Se,Co Se,Co^2+ Se,valid,,,
Troilite,Fe^2+^S^2-^,Fe^2+ S^2-,Fe^2+ S^2-,Fe S,Fe^2+ S^2-,valid,,,
Trolleite,Al_4_(PO_4_)_3_(OH)_3_,Al P O H,Al P O H,Al P O H,Al P O H,valid,,,
Trona,Na_3_(HCO_3_)(CO_3_)·2H_2_O,Na H C O,Na H C O,Na H C O,Na H C O,valid,,,
Truscottite,Ca_14_Si_24_O_58_(OH)_8_·2H_2_O,Ca Si O H,Ca Si O H,Ca Si O H,Ca Si O H,valid,,,
Trüstedtite,Ni^2+^Ni^3+^_2_Se^2-^_4_,Ni^2+ Ni^3+ Se^2-,Ni^2+ Ni^3+ Se^2-,Ni Se,Ni^2+ Ni^3+ Se^2-,valid,,,
Tsangpoite,Ca_5_(PO_4_)_2_(SiO_4_),Ca P O Si,Ca P O Si,Ca P O Si,Ca P O Si,valid,,,
Tsaregorodtsevite,(N(CH_3_)_4_)^1+^Si_4_(SiAl)O_12_,N C H Si Al O,N C H Si Al O,N C H Si Al O,N C H Si Al O,valid,,,
Tschaunerite,(Fe^2+^)(Fe^2+^Ti^4+^)O_4_,Fe^2+ Ti^4+ O,Fe^2+ Ti^4+ O,Fe Ti O,Fe^2+ Ti^4+ O,valid,,,
Tschermakite,[box]Ca_2_(Mg_3_Al_2_)Si_6_Al_2_O_22_(OH)_2_,Ca Mg Al Si O H,Ca Mg Al Si O H,Ca Mg Al Si O H,Ca Mg Al Si O H,valid,,,
Tschermigite,N^3-^H_4_Al(S^6+^O_4_)_2_·12H_2_O,N^3- H Al S^6+ O,N^3- H Al S^6+ O,N H Al S O,N^3- H Al S^6+ O,valid,,,
Tschernichite,CaAl_2_Si_6_O_16_·8H_2_O,Ca Al Si O H,Ca Al Si O H,Ca Al Si O H,Ca Al Si O H,valid,,,
Tschörtnerite,"Ca_4_(K,Ca,Sr,Ba)_3_Cu^2+^_3_Al_12_Si_12_O_48_(OH)_8_·20H_2_O",Ca K Sr Ba Cu^2+ Al Si O H,Ca K Sr Ba Cu^2+ Al Si O H,Ca K Sr Ba Cu Al Si O H,Ca K Sr Ba Cu^2+ Al Si O H,valid,,,
Tsepinite-Ca,"(Ca,K,Na)_2-x_(Ti^4+^,Nb^5+^)_2_Si_4_O_12_(OH,O)_2_·4H_2_O",Ca K Na Ti^4+ Nb^5+ Si O H,Ca K Na Ti^4+ Nb^5+ Si O H,Ca K Na Ti Nb Si O H,Ca K Na Ti^4+ Nb^5+ Si O H,valid,,,
Tsepinite-K,"(K,Ba,Na)_2_(Ti^4+^,Nb^5+^)_2_Si_4_O_12_(OH,O)_2_·3H_2_O",K Ba Na Ti^4+ Nb^5+ Si O H,K Ba Na Ti^4+ Nb^5+ Si O H,K Ba Na Ti Nb Si O H,K Ba Na Ti^4+ Nb^5+ Si O H,valid,,,
Tsepinite-Na,"(Na,H_3_O,K,Sr,Ba,[box])_2_(Ti^4+^,Nb^5+^)_2_(Si_4_O_12_)(OH,O)_2_·3H_2_O",Na H O K Sr Ba Ti^4+ Nb^5+ Si,Na H O K Sr Ba Ti^4+ Nb^5+ Si,Na H O K Sr Ba Ti Nb Si,Na H O K Sr Ba Ti^4+ Nb^5+ Si,valid,,,
Tsepinite-Sr,"(Sr,Ba,K)(Ti^4+^,Nb^5+^)_2_Si_4_O_12_(OH,O)_2_·3H_2_O",Sr Ba K Ti^4+ Nb^5+ Si O H,Sr Ba K Ti^4+ Nb^5+ Si O H,Sr Ba K Ti Nb Si O H,Sr Ba K Ti^4+ Nb^5+ Si O H,valid,,,
Tsikourasite,Mo_3_Ni_2_P_1+x_ (x < 0.25),Mo Ni P,Mo Ni P,Mo Ni P,Mo Ni P,valid,,,
Tsilaisite,NaMn^2+^_3_Al_6_(Si_6_O_18_)(BO_3_)_3_(OH)_3_OH,Na Mn^2+ Al Si O B H,Na Mn^2+ Al Si O B H,Na Mn Al Si O B H,Na Mn^2+ Al Si O B H,valid,,,
Tsnigriite,Ag_9_SbTe_3_S_3_,Ag Sb Te S,Ag Sb Te S,Ag Sb Te S,Ag Sb Te S,valid,,,
Tsugaruite,Pb^2+^_28_As^3+^_15_S^2-^_50_Cl,Pb^2+ As^3+ S^2- Cl,Pb^2+ As^3+ S^2- Cl,Pb As S Cl,Pb^2+ As^3+ S^2- Cl,valid,,,
Tsumcorite,Pb^2+^Zn^2+^_2_(As^5+^O_4_)_2_·2H_2_O,Pb^2+ Zn^2+ As^5+ O H,Pb^2+ Zn^2+ As^5+ O H,Pb Zn As O H,Pb^2+ Zn^2+ As^5+ O H,valid,,,
Tsumebite,Pb^2+^_2_Cu^2+^(PO_4_)(S^6+^O_4_)(OH),Pb^2+ Cu^2+ P O S^6+ H,Pb^2+ Cu^2+ P O S^6+ H,Pb Cu P O S H,Pb^2+ Cu^2+ P O S^6+ H,valid,,,
Tsumgallite,GaOOH,Ga O H,Ga O H,Ga O H,Ga O H,valid,,,
Tsumoite,BiTe,Bi Te,Bi Te,Bi Te,Bi Te,valid,,,
Tsygankoite,Mn^2+^_8_Tl^1+^_8_Hg^2+^_2_(Sb^3+^_21_Pb^2+^_2_Tl^1+^)S^2-^_48_,Mn^2+ Tl^1+ Hg^2+ Sb^3+ Pb^2+ S^2-,Mn^2+ Tl^1+ Hg^2+ Sb^3+ Pb^2+ S^2-,Mn Tl Hg Sb Pb S,Mn^2+ Tl^1+ Hg^2+ Sb^3+ Pb^2+ S^2-,valid,,,
Tubulite,Ag^1+^_2_Pb^2+^_22_Sb^3+^_20_S^2-^_53_,Ag^1+ Pb^2+ Sb^3+ S^2-,Ag^1+ Pb^2+ Sb^3+ S^2-,Ag Pb Sb S,Ag^1+ Pb^2+ Sb^3+ S^2-,valid,,,
Tučekite,Ni_9_Sb_2_S_8_,Ni Sb S,Ni Sb S,Ni Sb S,Ni Sb S,valid,,,
Tugarinovite,Mo^4+^O_2_,Mo^4+ O,Mo^4+ O,Mo O,Mo^4+ O,valid,,,
Tugtupite,Na_4_BeAlSi_4_O_12_Cl,Na Be Al Si O Cl,Na Be Al Si O Cl,Na Be Al Si O Cl,Na Be Al Si O Cl,valid,,,
Tuhualite,NaFe^2+^Fe^3+^Si_6_O_15_,Na Fe^2+ Fe^3+ Si O,Na Fe^2+ Fe^3+ Si O,Na Fe Si O,Na Fe^2+ Fe^3+ Si O,valid,,,
Tuite,Ca_3_(PO_4_)_2_,Ca P O,Ca P O,Ca P O,Ca P O,valid,,,
Tulameenite,Pt_2_CuFe,Pt Cu Fe,Pt Cu Fe,Pt Cu Fe,Pt Cu Fe,valid,,,
Tuliokite,Na_6_BaTh^4+^(CO_3_)_6_·6H_2_O,Na Ba Th^4+ C O H,Na Ba Th^4+ C O H,Na Ba Th C O H,Na Ba Th^4+ C O H,valid,,,
Tululite,"Ca_14_(Fe^3+^,Al)(Al,Zn^2+^,Fe^3+^,Si,P,Mn^3+^,Mg)_15_O_36_",Ca Fe^3+ Al Zn^2+ Si P Mn^3+ Mg O,Ca Fe^3+ Al Zn^2+ Si P Mn^3+ Mg O,Ca Fe Al Zn Si P Mn Mg O,Ca Fe^3+ Al Zn^2+ Si P Mn^3+ Mg O,valid,,,
Tumchaite,Na_2_Zr^4+^Si_4_O_11_·2H_2_O,Na Zr^4+ Si O H,Na Zr^4+ Si O H,Na Zr Si O H,Na Zr^4+ Si O H,valid,,,
Tundrite-(Ce),Na_2_Ce^3+^_2_Ti^4+^O_2_SiO_4_(CO_3_)_2_,Na Ce^3+ Ti^4+ O Si C,Na Ce^3+ Ti^4+ O Si C,Na Ce Ti O Si C,Na Ce^3+ Ti^4+ O Si C,valid,,,
Tundrite-(Nd),Na_2_Nd_2_Ti^4+^O_2_(SiO_4_)(CO_3_)_2_,Na Nd Ti^4+ O Si C,Na Nd Ti^4+ O Si C,Na Nd Ti O Si C,Na Nd Ti^4+ O Si C,valid,,,
Tunellite,SrB_6_O_9_(OH)_2_·3H_2_O,Sr B O H,Sr B O H,Sr B O H,Sr B O H,valid,,,
Tungsten,W,W,W,W,W,valid,,,
Tungstenite,W^4+^S^2-^_2_,W^4+ S^2-,W^4+ S^2-,W S,W^4+ S^2-,valid,,,
Tungstibite,Sb^3+^_2_W^6+^O_6_,Sb^3+ W^6+ O,Sb^3+ W^6+ O,Sb W O,Sb^3+ W^6+ O,valid,,,
Tungstite,W^6+^O_3_·H_2_O,W^6+ O H,W^6+ O H,W O H,W^6+ O H,valid,,,
Tungusite,Ca_14_Fe^2+^_9_Si_24_O_60_(OH)_22_,Ca Fe^2+ Si O H,Ca Fe^2+ Si O H,Ca Fe Si O H,Ca Fe^2+ Si O H,valid,,,
Tunisite,NaCa_2_Al_4_(CO_3_)_4_(OH)_8_Cl,Na Ca Al C O H Cl,Na Ca Al C O H Cl,Na Ca Al C O H Cl,Na Ca Al C O H Cl,valid,,,
Tuperssuatsiaite,"Na_2_(Fe^3+^,Mn^2+^)_3_Si_8_O_20_(OH)_2_·4H_2_O",Na Fe^3+ Mn^2+ Si O H,Na Fe^3+ Mn^2+ Si O H,Na Fe Mn Si O H,Na Fe^3+ Mn^2+ Si O H,valid,,,
Turanite,Cu^2+^_5_(V^5+^O_4_)_2_(OH)_4_,Cu^2+ V^5+ O H,Cu^2+ V^5+ O H,Cu V O H,Cu^2+ V^5+ O H,valid,,,
Turkestanite,"(K,[box])(Ca,Na)_2_Th^4+^Si_8_O_20_·nH_2_O",K Ca Na Th^4+ Si O H,K Ca Na Th^4+ Si O H,K Ca Na Th Si O H,K Ca Na Th^4+ Si O H,valid,,,
Turneaureite,Ca_5_(As^5+^O_4_)_3_Cl,Ca As^5+ O Cl,Ca As^5+ O Cl,Ca As O Cl,Ca As^5+ O Cl,valid,,,
Turquoise,Cu^2+^Al_6_(PO_4_)_4_(OH)_8_·4H_2_O,Cu^2+ Al P O H,Cu^2+ Al P O H,Cu Al P O H,Cu^2+ Al P O H,valid,,,
Turtmannite,Mn^2+^_25_O_5_(V^5+^O_4_)_3_(SiO_4_)_3_(OH)_20_,Mn^2+ O V^5+ Si H,Mn^2+ O V^5+ Si H,Mn O V Si H,Mn^2+ O V^5+ Si H,valid,,,
Tuscanite,"KCa_6_(Si,Al)_10_O_22_(S^6+^O_4_,CO_3_)_2_(OH)·H_2_O",K Ca Si Al O S^6+ C H,K Ca Si Al O S^6+ C H,K Ca Si Al O S C H,K Ca Si Al O S^6+ C H,valid,,,
Tusionite,Mn^2+^Sn^4+^(BO_3_)_2_,Mn^2+ Sn^4+ B O,Mn^2+ Sn^4+ B O,Mn Sn B O,Mn^2+ Sn^4+ B O,valid,,,
Tuzlaite,NaCaB_5_O_8_(OH)_2_·3H_2_O,Na Ca B O H,Na Ca B O H,Na Ca B O H,Na Ca B O H,valid,,,
Tvalchrelidzeite,Hg^2+^_3_Sb^3+^As^3-^S^2-^_3_,Hg^2+ Sb^3+ As^3- S^2-,Hg^2+ Sb^3+ As^3- S^2-,Hg Sb As S,Hg^2+ Sb^3+ As^3- S^2-,valid,,,
Tvedalite,Ca_4_Be_3_Si_6_O_17_(OH)_4_·3H_2_O,Ca Be Si O H,Ca Be Si O H,Ca Be Si O H,Ca Be Si O H,valid,,,
Tveitite-(Y),"(Y,Na)_6_(Ca,Na,Y,REE)_12_(Ca,Na)F_42_",Y Na Ca REE F,Y Na Ca REE F,Y Na Ca REE F,Y Na Ca REE F,valid,,,
Tvrdýite,Fe^2+^Fe^3+^_2_Al_3_(PO_4_)_4_(OH)_5_(H_2_O)_4_·2H_2_O,Fe^2+ Fe^3+ Al P O H,Fe^2+ Fe^3+ Al P O H,Fe Al P O H,Fe^2+ Fe^3+ Al P O H,valid,,,
Tweddillite,CaSrMn^3+^_2_Al(Si_2_O_7_)(SiO_4_)O(OH),Ca Sr Mn^3+ Al Si O H,Ca Sr Mn^3+ Al Si O H,Ca Sr Mn Al Si O H,Ca Sr Mn^3+ Al Si O H,valid,,,
Twinnite,Pb^2+^Sb^3+^As^3+^S^2-^_4_,Pb^2+ Sb^3+ As^3+ S^2-,Pb^2+ Sb^3+ As^3+ S^2-,Pb Sb As S,Pb^2+ Sb^3+ As^3+ S^2-,valid,,,
Tychite,Na_6_Mg_2_(CO_3_)_4_(S^6+^O_4_),Na Mg C O S^6+,Na Mg C O S^6+,Na Mg C O S,Na Mg C O S^6+,valid,,,
Tyretskite,Ca_2_B_5_O_9_(OH)·H_2_O,Ca B O H,Ca B O H,Ca B O H,Ca B O H,valid,,,
Tyrolite,Ca_2_Cu^2+^_9_(As^5+^O_4_)_4_(CO_3_)(OH)_8_·11H_2_O,Ca Cu^2+ As^5+ O C H,Ca Cu^2+ As^5+ O C H,Ca Cu As O C H,Ca Cu^2+ As^5+ O C H,valid,,,
Tyrrellite,"Cu^2+^(Co^3+^,Ni^3+^)_2_Se^2-^_4_",Cu^2+ Co^3+ Ni^3+ Se^2-,Cu^2+ Co^3+ Ni^3+ Se^2-,Cu Co Ni Se,Cu^2+ Co^3+ Ni^3+ Se^2-,valid,,,
Tyuyamunite,Ca(U^6+^O_2_)_2_(V^5+^O_4_)_2_·5-8H_2_O,Ca U^6+ O V^5+ H,Ca U^6+ O V^5+ H,Ca U O V H,Ca U^6+ O V^5+ H,valid,,,
Tzeferisite,CaZn^2+^_8_(S^6+^O_4_)_2_(OH)_12_Cl_2_(H_2_O)_9_,Ca Zn^2+ S^6+ O H Cl,Ca Zn^2+ S^6+ O H Cl,Ca Zn S O H Cl,Ca Zn^2+ S^6+ O H Cl,valid,,,
Uakitite,V^3+^N^3-^,V^3+ N^3-,V^3+ N^3-,V N,V^3+ N^3-,valid,,,
Uchucchacuaite,Ag^1+^Mn^2+^Pb^2+^_3_Sb^3+^_5_S^2-^_12_,Ag^1+ Mn^2+ Pb^2+ Sb^3+ S^2-,Ag^1+ Mn^2+ Pb^2+ Sb^3+ S^2-,Ag Mn Pb Sb S,Ag^1+ Mn^2+ Pb^2+ Sb^3+ S^2-,valid,,,
Udinaite,NaMg_4_(V^5+^O_4_)_3_,Na Mg V^5+ O,Na Mg V^5+ O,Na Mg V O,Na Mg V^5+ O,valid,,,
Uduminelite,Ca_3_Al_8_(PO_4_)_2_O_12_·2H_2_O,Ca Al P O H,Ca Al P O H,Ca Al P O H,Ca Al P O H,valid,,,
Uedaite-(Ce),Mn^2+^Ce^3+^Al_2_Fe^2+^(Si_2_O_7_)(SiO_4_)O(OH),Mn^2+ Ce^3+ Al Fe^2+ Si O H,Mn^2+ Ce^3+ Al Fe^2+ Si O H,Mn Ce Al Fe Si O H,Mn^2+ Ce^3+ Al Fe^2+ Si O H,valid,,,
Uklonskovite,NaMg(S^6+^O_4_)F·2H_2_O,Na Mg S^6+ O F H,Na Mg S^6+ O F H,Na Mg S O F H,Na Mg S^6+ O F H,valid,,,
Ulexite,NaCaB_5_O_6_(OH)_6_·5H_2_O,Na Ca B O H,Na Ca B O H,Na Ca B O H,Na Ca B O H,valid,,,
Ulfanderssonite-(Ce),"(Ce^3+^_15_Ca)Mg_2_(SiO_4_)_10_(SiO_3_OH)(OH,F)_5_Cl_3_",Ce^3+ Ca Mg Si O H F Cl,Ce^3+ Ca Mg Si O H F Cl,Ce Ca Mg Si O H F Cl,Ce^3+ Ca Mg Si O H F Cl,valid,,,
Ullmannite,Ni^3+^(SbS)^3-^,Ni^3+ Sb S,Ni^3+ Sb S,Ni Sb S,Ni^3+ Sb S,valid,,,
Ulrichite,CaCu^2+^(U^6+^O_2_)(PO_4_)_2_·4H_2_O,Ca Cu^2+ U^6+ O P H,Ca Cu^2+ U^6+ O P H,Ca Cu U O P H,Ca Cu^2+ U^6+ O P H,valid,,,
Ulvöspinel,Fe^2+^_2_Ti^4+^O_4_,Fe^2+ Ti^4+ O,Fe^2+ Ti^4+ O,Fe Ti O,Fe^2+ Ti^4+ O,valid,,,
Umangite,Cu_3_Se_2_,Cu Se,Cu Se,Cu Se,Cu Se,valid,,,
Umbite,K_2_Zr^4+^Si_3_O_9_·H_2_O,K Zr^4+ Si O H,K Zr^4+ Si O H,K Zr Si O H,K Zr^4+ Si O H,valid,,,
Umbozerite,Na_3_Sr_4_Th^4+^Si_8_O_23_(OH),Na Sr Th^4+ Si O H,Na Sr Th^4+ Si O H,Na Sr Th Si O H,Na Sr Th^4+ Si O H,valid,,,
Umbrianite,K_7_Na_2_Ca_2_[Al_3_Si_10_O_29_]F_2_Cl_2_,K Na Ca Al Si O F Cl,K Na Ca Al Si O F Cl,K Na Ca Al Si O F Cl,K Na Ca Al Si O F Cl,valid,,,
Umohoite,(U^6+^O_2_)Mo^6+^O_4_·2H_2_O,U^6+ O Mo^6+ H,U^6+ O Mo^6+ H,U O Mo H,U^6+ O Mo^6+ H,valid,,,
Ungavaite,Pd_4_Sb_3_,Pd Sb,Pd Sb,Pd Sb,Pd Sb,valid,,,
Ungemachite,K_3_Na_8_Fe^3+^(S^6+^O_4_)_6_(N^5+^O_3_)_2_·6H_2_O,K Na Fe^3+ S^6+ O N^5+ H,K Na Fe^3+ S^6+ O N^5+ H,K Na Fe S O N H,K Na Fe^3+ S^6+ O N^5+ H,valid,,,
Upalite,Al(U^6+^O_2_)_3_(PO_4_)_2_O(OH)·7H_2_O,Al U^6+ O P H,Al U^6+ O P H,Al U O P H,Al U^6+ O P H,valid,,,
Uralborite,CaB_2_O_2_(OH)_4_,Ca B O H,Ca B O H,Ca B O H,Ca B O H,valid,,,
Uralolite,Ca_2_Be_4_(PO_4_)_3_(OH)_3_·5H_2_O,Ca Be P O H,Ca Be P O H,Ca Be P O H,Ca Be P O H,valid,,,
Uramarsite,N^3-^H_4_(U^6+^O_2_)As^5+^O_4_·3H_2_O,N^3- H U^6+ O As^5+,N^3- H U^6+ O As^5+,N H U O As,N^3- H U^6+ O As^5+,valid,,,
Uramphite,N^3-^H_4_(U^6+^O_2_)PO_4_·3H_2_O,N^3- H U^6+ O P,N^3- H U^6+ O P,N H U O P,N^3- H U^6+ O P,valid,,,
Urancalcarite,Ca(U^6+^O_2_)_3_CO_3_(OH)_6_·3H_2_O,Ca U^6+ O C H,Ca U^6+ O C H,Ca U O C H,Ca U^6+ O C H,valid,,,
Uraninite,U^4+^O_2_,U^4+ O,U^4+ O,U O,U^4+ O,valid,,,
Uranocircite,Ba(U^6+^O_2_)_2_(PO_4_)_2_·10H_2_O,Ba U^6+ O P H,Ba U^6+ O P H,Ba U O P H,Ba U^6+ O P H,valid,,,
Uranoclite,(U^6+^O_2_)_2_(OH)_2_Cl_2_(H_2_O)_4_,U^6+ O H Cl,U^6+ O H Cl,U O H Cl,U^6+ O H Cl,valid,,,
Uranophane,Ca(U^6+^O_2_)_2_(SiO_3_OH)_2_·5H_2_O,Ca U^6+ O Si H,Ca U^6+ O Si H,Ca U O Si H,Ca U^6+ O Si H,valid,,,
Uranopilite,(U^6+^O_2_)_6_S^6+^O_4_O_2_(OH)_6_·14H_2_O,U^6+ O S^6+ H,U^6+ O S^6+ H,U O S H,U^6+ O S^6+ H,valid,,,
Uranopolycrase,U^4+^Ti^4+^_2_O_6_,U^4+ Ti^4+ O,U^4+ Ti^4+ O,U Ti O,U^4+ Ti^4+ O,valid,,,
Uranosilite,(U^6+^O_2_)Si_7_O_15_,U^6+ O Si,U^6+ O Si,U O Si,U^6+ O Si,valid,,,
Uranospathite,"(Al,[box])(U^6+^O_2_)_2_F(PO_4_)_2_·20(H_2_O,F)",Al U^6+ O F P H,Al U^6+ O F P H,Al U O F P H,Al U^6+ O F P H,valid,,,
Uranosphaerite,Bi^3+^(U^6+^O_2_)O_2_(OH),Bi^3+ U^6+ O H,Bi^3+ U^6+ O H,Bi U O H,Bi^3+ U^6+ O H,valid,,,
Uranospinite,Ca(U^6+^O_2_)_2_(As^5+^O_4_)_2_·10H_2_O,Ca U^6+ O As^5+ H,Ca U^6+ O As^5+ H,Ca U O As H,Ca U^6+ O As^5+ H,valid,,,
Uranotungstite,Ba(U^6+^O_2_)_2_W^6+^_2_O_8_(OH)_2_·H_2_O,Ba U^6+ O W^6+ H,Ba U^6+ O W^6+ H,Ba U O W H,Ba U^6+ O W^6+ H,valid,,,
Urea,CO(N^3-^H_2_)_2_,C O N^3- H,C O N^3- H,C O N H,C O N^3- H,valid,,,
Uricite,C_5_H_4_N_4_O_3_,C H N O,C H N O,C H N O,C H N O,valid,,,
Uroxite,[(U^6+^O_2_)_2_((C_2_)^6+^O_4_)(OH)_2_(H_2_O)_2_]·H_2_O,U^6+ O C H,U^6+ O C H,U O C H,U^6+ O C H,valid,,,
Urusovite,Cu^2+^AlO(As^5+^O_4_),Cu^2+ Al O As^5+,Cu^2+ Al O As^5+,Cu Al O As,Cu^2+ Al O As^5+,valid,,,
Urvantsevite,"Pd(Bi,Pb)_2_",Pd Bi Pb,Pd Bi Pb,Pd Bi Pb,Pd Bi Pb,valid,,,
Ushkovite,MgFe^3+^_2_(PO_4_)_2_(OH)_2_·8H_2_O,Mg Fe^3+ P O H,Mg Fe^3+ P O H,Mg Fe P O H,Mg Fe^3+ P O H,valid,,,
Usovite,Ba_2_CaMgAl_2_F_14_,Ba Ca Mg Al F,Ba Ca Mg Al F,Ba Ca Mg Al F,Ba Ca Mg Al F,valid,,,
Ussingite,Na_2_AlSi_3_O_8_(OH),Na Al Si O H,Na Al Si O H,Na Al Si O H,Na Al Si O H,valid,,,
Ustarasite,"Pb^2+^(Bi^3+^,Sb^3+^)_6_S^2-^_10_",Pb^2+ Bi^3+ Sb^3+ S^2-,Pb^2+ Bi^3+ Sb^3+ S^2-,Pb Bi Sb S,Pb^2+ Bi^3+ Sb^3+ S^2-,valid,,,
Usturite,Ca_3_Zr^4+^Sb^5+^Fe^3+^_3_O_12_,Ca Zr^4+ Sb^5+ Fe^3+ O,Ca Zr^4+ Sb^5+ Fe^3+ O,Ca Zr Sb Fe O,Ca Zr^4+ Sb^5+ Fe^3+ O,valid,,,
Utahite,MgCu^2+^_4_Zn^2+^_2_Te^6+^_3_O_14_(OH)_4_·6H_2_O,Mg Cu^2+ Zn^2+ Te^6+ O H,Mg Cu^2+ Zn^2+ Te^6+ O H,Mg Cu Zn Te O H,Mg Cu^2+ Zn^2+ Te^6+ O H,valid,,,
Uvanite,U^6+^_2_V^5+^_6_O_21_·15H_2_O,U^6+ V^5+ O H,U^6+ V^5+ O H,U V O H,U^6+ V^5+ O H,valid,,,
Uvarovite,Ca_3_Cr^3+^_2_(SiO_4_)_3_,Ca Cr^3+ Si O,Ca Cr^3+ Si O,Ca Cr Si O,Ca Cr^3+ Si O,valid,,,
Uvite,CaMg_3_(Al_5_Mg)(Si_6_O_18_)(BO_3_)_3_(OH)_3_OH,Ca Mg Al Si O B H,Ca Mg Al Si O B H,Ca Mg Al Si O B H,Ca Mg Al Si O B H,valid,,,
Uytenbogaardtite,Ag_3_AuS_2_,Ag Au S,Ag Au S,Ag Au S,Ag Au S,valid,,,
Uzonite,As_4_S_5_,As S,As S,As S,As S,valid,,,
Vadlazarenkovite,Pd_8_Bi_1.5_Te_1.25_As_0.25_,Pd Bi Te As,Pd Bi Te As,Pd Bi Te As,Pd Bi Te As,valid,,,
Vaesite,Ni^2+^(S_2_)^2-^,Ni^2+ S,Ni^2+ S,Ni S,Ni^2+ S,valid,,,
Vajdakite,(Mo^6+^O_2_)_2_As^3+^_2_O_5_·3H_2_O,Mo^6+ O As^3+ H,Mo^6+ O As^3+ H,Mo O As H,Mo^6+ O As^3+ H,valid,,,
Vakhrushevaite,Mg_5_Cr^3+^(AlSi_3_O_10_)(OH)_8_,Mg Cr^3+ Al Si O H,Mg Cr^3+ Al Si O H,Mg Cr Al Si O H,Mg Cr^3+ Al Si O H,valid,,,
Valentinite,Sb^3+^_2_O_3_,Sb^3+ O,Sb^3+ O,Sb O,Sb^3+ O,valid,,,
Valleriite,"2[(Fe^3+^,Cu^1+^)S^2-^]·1.53[(Mg,Al)(OH)_2_]",Fe^3+ Cu^1+ S^2- Mg Al O H,Fe^3+ Cu^1+ S^2- Mg Al O H,Fe Cu S Mg Al O H,Fe^3+ Cu^1+ S^2- Mg Al O H,valid,,,
Valleyite,Ca_4_Fe^3+^_6_O_13_,Ca Fe^3+ O,Ca Fe^3+ O,Ca Fe O,Ca Fe^3+ O,valid,,,
Vallouiseite,Ag^1+^_3_Tl^1+^_21.5_Pb^2+^Sb^3+^_63_As^3+^_41.5_S^2-^_170_,Ag^1+ Tl^1+ Pb^2+ Sb^3+ As^3+ S^2-,Ag^1+ Tl^1+ Pb^2+ Sb^3+ As^3+ S^2-,Ag Tl Pb Sb As S,Ag^1+ Tl^1+ Pb^2+ Sb^3+ As^3+ S^2-,valid,,,
Vanackerite,Pb^2+^_4_Cd^2+^(As^5+^O_4_)_3_Cl,Pb^2+ Cd^2+ As^5+ O Cl,Pb^2+ Cd^2+ As^5+ O Cl,Pb Cd As O Cl,Pb^2+ Cd^2+ As^5+ O Cl,valid,,,
Vanadinite,Pb^2+^_5_(V^5+^O_4_)_3_Cl,Pb^2+ V^5+ O Cl,Pb^2+ V^5+ O Cl,Pb V O Cl,Pb^2+ V^5+ O Cl,valid,,,
Vanadiocarpholite,Mn^2+^V^3+^AlSi_2_O_6_(OH)_4_,Mn^2+ V^3+ Al Si O H,Mn^2+ V^3+ Al Si O H,Mn V Al Si O H,Mn^2+ V^3+ Al Si O H,valid,,,
Vanadio-oxy-chromium-dravite,NaV^3+^_3_(Cr^3+^_4_Mg_2_)(Si_6_O_18_)(BO_3_)_3_(OH)_3_O,Na V^3+ Cr^3+ Mg Si O B H,Na V^3+ Cr^3+ Mg Si O B H,Na V Cr Mg Si O B H,Na V^3+ Cr^3+ Mg Si O B H,valid,,,
Vanadio-oxy-dravite,NaV^3+^_3_(Al_4_Mg_2_)(Si_6_O_18_)(BO_3_)_3_(OH)_3_O,Na V^3+ Al Mg Si O B H,Na V^3+ Al Mg Si O B H,Na V Al Mg Si O B H,Na V^3+ Al Mg Si O B H,valid,,,
Vanadio-pargasite,NaCa_2_(Mg_4_V^3+^)[Si_6_Al_2_]O_22_(OH)_2_,Na Ca Mg V^3+ Si Al O H,Na Ca Mg V^3+ Si Al O H,Na Ca Mg V Si Al O H,Na Ca Mg V^3+ Si Al O H,valid,,,
Vanadium,V,V,V,V,V,valid,,,
Vanadoakasakaite-(Ce),CaCe^3+^(V^3+^AlMn^2+^)(Si_2_O_7_)(SiO_4_)O(OH),Ca Ce^3+ V^3+ Al Mn^2+ Si O H,Ca Ce^3+ V^3+ Al Mn^2+ Si O H,Ca Ce V Al Mn Si O H,Ca Ce^3+ V^3+ Al Mn^2+ Si O H,valid,,,
Vanadoakasakaite-(La),CaLa(V^3+^AlMn^2+^)(Si_2_O_7_)(SiO_4_)O(OH),Ca La V^3+ Al Mn^2+ Si O H,Ca La V^3+ Al Mn^2+ Si O H,Ca La V Al Mn Si O H,Ca La V^3+ Al Mn^2+ Si O H,valid,,,
Vanadoallanite-(La),CaLa^3+^V^3+^AlFe^2+^(Si_2_O_7_)(SiO_4_)O(OH),Ca La^3+ V^3+ Al Fe^2+ Si O H,Ca La^3+ V^3+ Al Fe^2+ Si O H,Ca La V Al Fe Si O H,Ca La^3+ V^3+ Al Fe^2+ Si O H,valid,,,
Vanadoandrosite-(Ce),Mn^2+^Ce^3+^V^3+^AlMn^2+^O(Si_2_O_7_)(SiO_4_)(OH),Mn^2+ Ce^3+ V^3+ Al O Si H,Mn^2+ Ce^3+ V^3+ Al O Si H,Mn Ce V Al O Si H,Mn^2+ Ce^3+ V^3+ Al O Si H,valid,,,
Vanadomalayaite,CaV^4+^OSiO_4_,Ca V^4+ O Si,Ca V^4+ O Si,Ca V O Si,Ca V^4+ O Si,valid,,,
Vanalite,NaAl_8_V^5+^_10_O_38_·30H_2_O,Na Al V^5+ O H,Na Al V^5+ O H,Na Al V O H,Na Al V^5+ O H,valid,,,
Vanarsite,NaCa_12_(As^3+^V^5+^_8.5_V^4+^_3.5_As^5+^_6_O_51_)_2_·78H_2_O,Na Ca As^3+ V^5+ V^4+ As^5+ O H,Na Ca As^3+ V^5+ V^4+ As^5+ O H,Na Ca As V O H,Na Ca As^3+ V^5+ V^4+ As^5+ O H,valid,,,
Vandenbrandeite,Cu^2+^U^6+^O_2_(OH)_4_,Cu^2+ U^6+ O H,Cu^2+ U^6+ O H,Cu U O H,Cu^2+ U^6+ O H,valid,,,
Vandendriesscheite,Pb^2+^_1.6_(U^6+^O_2_)_10_O_6_(OH)_11_·11H_2_O,Pb^2+ U^6+ O H,Pb^2+ U^6+ O H,Pb U O H,Pb^2+ U^6+ O H,valid,,,
Vanderheydenite,Zn^2+^_6_(PO_4_)_2_(S^6+^O_4_)(OH)_4_·7H_2_O,Zn^2+ P O S^6+ H,Zn^2+ P O S^6+ H,Zn P O S H,Zn^2+ P O S^6+ H,valid,,,
Vandermeerscheite,K_2_[(U^6+^O_2_)_2_V^5+^_2_O_8_]·2H_2_O,K U^6+ O V^5+ H,K U^6+ O V^5+ H,K U O V H,K U^6+ O V^5+ H,valid,,,
Vaniniite,Ca_2_Mn^2+^_3_Mn^3+^_2_O_2_(As^5+^O_4_)_4_·2H_2_O,Ca Mn^2+ Mn^3+ O As^5+ H,Ca Mn^2+ Mn^3+ O As^5+ H,Ca Mn O As H,Ca Mn^2+ Mn^3+ O As^5+ H,valid,,,
Vanmeersscheite,U^6+^(U^6+^O_2_)_3_(PO_4_)_2_(OH)_6_·4H_2_O,U^6+ O P H,U^6+ O P H,U O P H,U^6+ O P H,valid,,,
Vanoxite,V^4+^_4_V^5+^_2_O_13_·8H_2_O,V^4+ V^5+ O H,V^4+ V^5+ O H,V O H,V^4+ V^5+ O H,valid,,,
Vanpeltite,(Mo^6+^_2_O_5_)(S^4+^O_3_)·4H_2_O,Mo^6+ O S^4+ H,Mo^6+ O S^4+ H,Mo O S H,Mo^6+ O S^4+ H,valid,,,
Vantasselite,Al_4_(PO_4_)_3_(OH)_3_·9H_2_O,Al P O H,Al P O H,Al P O H,Al P O H,valid,,,
Vanthoffite,Na_6_Mg(S^6+^O_4_)_4_,Na Mg S^6+ O,Na Mg S^6+ O,Na Mg S O,Na Mg S^6+ O,valid,,,
Vanuralite,Al(U^6+^O_2_)_2_(V^5+^O_4_)_2_(OH)·8.5H_2_O,Al U^6+ O V^5+ H,Al U^6+ O V^5+ H,Al U O V H,Al U^6+ O V^5+ H,valid,,,
Vapnikite,Ca_3_U^6+^O_6_,Ca U^6+ O,Ca U^6+ O,Ca U O,Ca U^6+ O,valid,,,
Varennesite,"Na_8_Mn^2+^_2_Si_10_O_25_(OH,Cl)_2_·12H_2_O",Na Mn^2+ Si O H Cl,Na Mn^2+ Si O H Cl,Na Mn Si O H Cl,Na Mn^2+ Si O H Cl,valid,,,
Vargite,Mn^2+^Cu^2+^_2_Mn^2+^_2_(As^5+^O_4_)_2_(OH)_4_(H_2_O)_4_,Mn^2+ Cu^2+ As^5+ O H,Mn^2+ Cu^2+ As^5+ O H,Mn Cu As O H,Mn^2+ Cu^2+ As^5+ O H,valid,,,
Variscite,AlPO_4_·2H_2_O,Al P O H,Al P O H,Al P O H,Al P O H,valid,,,
Varlamoffite,"(Sn^4+^,Fe^3+^)(O,OH)_2_",Sn^4+ Fe^3+ O H,Sn^4+ Fe^3+ O H,Sn Fe O H,Sn^4+ Fe^3+ O H,valid,,,
Varulite,Na_2_Mn^2+^(Mn^2+^Fe^3+^)(PO_4_)_3_,Na Mn^2+ Fe^3+ P O,Na Mn^2+ Fe^3+ P O,Na Mn Fe P O,Na Mn^2+ Fe^3+ P O,valid,,,
Vashegyite,Al_11_(PO_4_)_9_(OH)_6_·38H_2_O,Al P O H,Al P O H,Al P O H,Al P O H,valid,,,
Vasilite,"(Pd,Cu)_16_(S,Te)_7_",Pd Cu S Te,Pd Cu S Te,Pd Cu S Te,Pd Cu S Te,valid,,,
Vasilseverginite,Cu^2+^_9_O_4_(As^5+^O_4_)_2_(S^6+^O_4_)_2_,Cu^2+ O As^5+ S^6+,Cu^2+ O As^5+ S^6+,Cu O As S,Cu^2+ O As^5+ S^6+,valid,,,
Vasilyevite,(Hg_2_)^2+^_10_O_6_I^1-^_3_Br_2_Cl(CO_3_),Hg O I^1- Br Cl C,Hg O I^1- Br Cl C,Hg O I Br Cl C,Hg O I^1- Br Cl C,valid,,,
Västmanlandite-(Ce),Ce^3+^_3_CaMg_2_Al_2_Si_5_O_19_(OH)_2_F,Ce^3+ Ca Mg Al Si O H F,Ce^3+ Ca Mg Al Si O H F,Ce Ca Mg Al Si O H F,Ce^3+ Ca Mg Al Si O H F,valid,,,
Vaterite,CaCO_3_,Ca C O,Ca C O,Ca C O,Ca C O,valid,,,
Vaughanite,Tl^1+^Hg^1+^Sb^3+^_4_S^2-^_7_,Tl^1+ Hg^1+ Sb^3+ S^2-,Tl^1+ Hg^1+ Sb^3+ S^2-,Tl Hg Sb S,Tl^1+ Hg^1+ Sb^3+ S^2-,valid,,,
Vauquelinite,Cu^2+^Pb^2+^_2_(Cr^6+^O_4_)(PO_4_)(OH),Cu^2+ Pb^2+ Cr^6+ O P H,Cu^2+ Pb^2+ Cr^6+ O P H,Cu Pb Cr O P H,Cu^2+ Pb^2+ Cr^6+ O P H,valid,,,
Vauxite,Fe^2+^Al_2_(PO_4_)_2_(OH)_2_·6H_2_O,Fe^2+ Al P O H,Fe^2+ Al P O H,Fe Al P O H,Fe^2+ Al P O H,valid,,,
Vavřínite,Ni_2_SbTe_2_,Ni Sb Te,Ni Sb Te,Ni Sb Te,Ni Sb Te,valid,,,
Väyrynenite,Mn^2+^Be(PO_4_)OH,Mn^2+ Be P O H,Mn^2+ Be P O H,Mn Be P O H,Mn^2+ Be P O H,valid,,,
Veatchite,Sr_2_B_11_O_16_(OH)_5_·H_2_O,Sr B O H,Sr B O H,Sr B O H,Sr B O H,valid,,,
Veblenite,K_2_[box]_2_Na(Fe^2+^_5_Fe^3+^_4_Mn^2+^_7_[box])Nb^5+^_3_Ti^4+^(Si_2_O_7_)_2_(Si_8_O_22_)_2_O_6_(OH)_10_·3H_2_O,K Na Fe^2+ Fe^3+ Mn^2+ Nb^5+ Ti^4+ Si O H,K Na Fe^2+ Fe^3+ Mn^2+ Nb^5+ Ti^4+ Si O H,K Na Fe Mn Nb Ti Si O H,K Na Fe^2+ Fe^3+ Mn^2+ Nb^5+ Ti^4+ Si O H,valid,,,
Veenite,"Pb^2+^_2_(Sb^3+^,As^3+^)_2_S^2-^_5_",Pb^2+ Sb^3+ As^3+ S^2-,Pb^2+ Sb^3+ As^3+ S^2-,Pb Sb As S,Pb^2+ Sb^3+ As^3+ S^2-,valid,,,
Vegrandisite,BaCl_2_,Ba Cl,Ba Cl,Ba Cl,Ba Cl,valid,,,
Velikite,Cu^1+^_2_Hg^2+^Sn^4+^S^2-^_4_,Cu^1+ Hg^2+ Sn^4+ S^2-,Cu^1+ Hg^2+ Sn^4+ S^2-,Cu Hg Sn S,Cu^1+ Hg^2+ Sn^4+ S^2-,valid,,,
Vendidaite,Al_2_(S^6+^O_4_)(OH)_3_ Cl·6H_2_O,Al S^6+ O H Cl,Al S^6+ O H Cl,Al S O H Cl,Al S^6+ O H Cl,valid,,,
Verbeekite,PdSe_2_,Pd Se,Pd Se,Pd Se,Pd Se,valid,,,
Verbierite,BeCr^3+^_2_Ti^4+^O_6_,Be Cr^3+ Ti^4+ O,Be Cr^3+ Ti^4+ O,Be Cr Ti O,Be Cr^3+ Ti^4+ O,valid,,,
Vergasovaite,Cu^2+^_3_O(Mo^6+^O_4_)(S^6+^O_4_),Cu^2+ O Mo^6+ S^6+,Cu^2+ O Mo^6+ S^6+,Cu O Mo S,Cu^2+ O Mo^6+ S^6+,valid,,,
Vermiculite,"Mg_0.7_(Mg,Fe^3+^,Al)_6_(Si,Al)_8_O_20_(OH)_4_·8H_2_O",Mg Fe^3+ Al Si O H,Mg Fe^3+ Al Si O H,Mg Fe Al Si O H,Mg Fe^3+ Al Si O H,valid,,,
Vernadite,"(Mn^4+^,Fe^3+^,Ca,Na)(O,OH)_2_·nH_2_O",Mn^4+ Fe^3+ Ca Na O H,Mn^4+ Fe^3+ Ca Na O H,Mn Fe Ca Na O H,Mn^4+ Fe^3+ Ca Na O H,valid,,,
Verneite,Na_2_Ca_3_Al_2_F_14_,Na Ca Al F,Na Ca Al F,Na Ca Al F,Na Ca Al F,valid,,,
Verplanckite,"Ba_4_Mn^2+^_2_Si_4_O_12_(OH,H_2_O)_3_Cl_3_",Ba Mn^2+ Si O H Cl,Ba Mn^2+ Si O H Cl,Ba Mn Si O H Cl,Ba Mn^2+ Si O H Cl,valid,,,
Versiliaite,(Fe^2+^_2_Fe^3+^_2_)(Fe^3+^_2_Sb^3+^_6_)O_16_S^2-^,Fe^2+ Fe^3+ Sb^3+ O S^2-,Fe^2+ Fe^3+ Sb^3+ O S^2-,Fe Sb O S,Fe^2+ Fe^3+ Sb^3+ O S^2-,valid,,,
Vertumnite,Ca_4_Al_4_Si_4_O_6_(OH)_24_·3H_2_O,Ca Al Si O H,Ca Al Si O H,Ca Al Si O H,Ca Al Si O H,valid,,,
Veselovskýite,Zn^2+^Cu^2+^_4_(As^5+^O_4_)_2_(As^5+^O_3_OH)_2_·9H_2_O,Zn^2+ Cu^2+ As^5+ O H,Zn^2+ Cu^2+ As^5+ O H,Zn Cu As O H,Zn^2+ Cu^2+ As^5+ O H,valid,,,
Vésigniéite,Cu^2+^_3_Ba(V^5+^O_4_)_2_(OH)_2_,Cu^2+ Ba V^5+ O H,Cu^2+ Ba V^5+ O H,Cu Ba V O H,Cu^2+ Ba V^5+ O H,valid,,,
Vestaite,(Ti^4+^Fe^2+^)Ti^4+^_3_O_9_,Ti^4+ Fe^2+ O,Ti^4+ Fe^2+ O,Ti Fe O,Ti^4+ Fe^2+ O,valid,,,
Vesuvianite,"(Ca,Na)_19_(Al,Mg,Fe^3+^)_13_(SiO_4_)_10_(Si_2_O_7_)_4_(OH,F,O)_10_",Ca Na Al Mg Fe^3+ Si O H F,Ca Na Al Mg Fe^3+ Si O H F,Ca Na Al Mg Fe Si O H F,Ca Na Al Mg Fe^3+ Si O H F,valid,,,
Veszelyite,"(Cu^2+^,Zn^2+^)_2_Zn^2+^(PO_4_)(OH)_3_·2H_2_O",Cu^2+ Zn^2+ P O H,Cu^2+ Zn^2+ P O H,Cu Zn P O H,Cu^2+ Zn^2+ P O H,valid,,,
Viaeneite,"(Fe^2+^,Pb^2+^)_4_((S_2_)^2-^,S^6+^)_8_O",Fe^2+ Pb^2+ S S^6+ O,Fe^2+ Pb^2+ S S^6+ O,Fe Pb S O,Fe^2+ Pb^2+ S S^6+ O,valid,,,
Vicanite-(Ce),"(Ca,Ce^3+^,La^3+^,Th^4+^)_15_As^5+^(As^3+^,Na)_0.5_Fe^3+^_0.7_Si_6_B_4_(O,F)_47_",Ca Ce^3+ La^3+ Th^4+ As^5+ As^3+ Na Fe^3+ Si B O F,Ca Ce^3+ La^3+ Th^4+ As^5+ As^3+ Na Fe^3+ Si B O F,Ca Ce La Th As Na Fe Si B O F,Ca Ce^3+ La^3+ Th^4+ As^5+ As^3+ Na Fe^3+ Si B O F,valid,,,
Vielleaureite-(Ce),Mn^2+^Ce^3+^(MgAlMn^2+^)(Si_2_O_7_)(SiO_4_)F(OH),Mn^2+ Ce^3+ Mg Al Si O F H,Mn^2+ Ce^3+ Mg Al Si O F H,Mn Ce Mg Al Si O F H,Mn^2+ Ce^3+ Mg Al Si O F H,valid,,,
Vigezzite,CaNb^5+^_2_O_6_,Ca Nb^5+ O,Ca Nb^5+ O,Ca Nb O,Ca Nb^5+ O,valid,,,
Vigrishinite,Zn^2+^[box]Ti^4+^_2_Na[box]Ti^4+^_2_(Si_2_O_7_)_2_O_2_O(OH)(H_2_O)_4_,Zn^2+ Ti^4+ Na Si O H,Zn^2+ Ti^4+ Na Si O H,Zn Ti Na Si O H,Zn^2+ Ti^4+ Na Si O H,valid,,,
Vihorlatite,Bi_24_Se_17_Te_4_,Bi Se Te,Bi Se Te,Bi Se Te,Bi Se Te,valid,,,
Viitaniemiite,NaCaAlPO_4_F_3_,Na Ca Al P O F,Na Ca Al P O F,Na Ca Al P O F,Na Ca Al P O F,valid,,,
Vikingite,Ag^1+^_5_Pb^2+^_8_Bi^3+^_13_S^2-^_30_,Ag^1+ Pb^2+ Bi^3+ S^2-,Ag^1+ Pb^2+ Bi^3+ S^2-,Ag Pb Bi S,Ag^1+ Pb^2+ Bi^3+ S^2-,valid,,,
Villamanínite,Cu^2+^(S_2_)^2-^,Cu^2+ S,Cu^2+ S,Cu S,Cu^2+ S,valid,,,
Villiaumite,NaF,Na F,Na F,Na F,Na F,valid,,,
Villyaellenite,"(Mn^2+^,Ca)Mn^2+^_2_Ca_2_(As^5+^O_4_)_2_(As^5+^O_3_OH)_2_·4H_2_O",Mn^2+ Ca As^5+ O H,Mn^2+ Ca As^5+ O H,Mn Ca As O H,Mn^2+ Ca As^5+ O H,valid,,,
Vimsite,CaB_2_O_2_(OH)_4_,Ca B O H,Ca B O H,Ca B O H,Ca B O H,valid,,,
Vincentite,Pd_3_As,Pd As,Pd As,Pd As,Pd As,valid,,,
Vinciennite,Cu_10_Fe_4_SnAsS_16_,Cu Fe Sn As S,Cu Fe Sn As S,Cu Fe Sn As S,Cu Fe Sn As S,valid,,,
Vinogradovite,"Na_4_Ti^4+^_4_(Si_2_O_6_)_2_[(Si,Al)_4_O_10_]O_4_·(H_2_O,Na,K)_3_",Na Ti^4+ Si O Al H K,Na Ti^4+ Si O Al H K,Na Ti Si O Al H K,Na Ti^4+ Si O Al H K,valid,,,
Violarite,Fe^2+^Ni^3+^_2_S^2-^_4_,Fe^2+ Ni^3+ S^2-,Fe^2+ Ni^3+ S^2-,Fe Ni S,Fe^2+ Ni^3+ S^2-,valid,,,
Virgilite,LiAlSi_2_O_6_,Li Al Si O,Li Al Si O,Li Al Si O,Li Al Si O,valid,,,
Virgilluethite,Mo^6+^O_3_·H_2_O,Mo^6+ O H,Mo^6+ O H,Mo O H,Mo^6+ O H,valid,,,
Vishnevite,Na_8_(Al_6_Si_6_)O_24_(S^6+^O_4_)·2H_2_O,Na Al Si O S^6+ H,Na Al Si O S^6+ H,Na Al Si O S H,Na Al Si O S^6+ H,valid,,,
Viskontite,Pb^2+^_5_Cu^2+^_2_(S^6+^O_4_)_3_(Se^4+^O_3_)(OH)_6_,Pb^2+ Cu^2+ S^6+ O Se^4+ H,Pb^2+ Cu^2+ S^6+ O Se^4+ H,Pb Cu S O Se H,Pb^2+ Cu^2+ S^6+ O Se^4+ H,valid,,,
Vismirnovite,Zn^2+^Sn^4+^(OH)_6_,Zn^2+ Sn^4+ O H,Zn^2+ Sn^4+ O H,Zn Sn O H,Zn^2+ Sn^4+ O H,valid,,,
Vistepite,Mn^2+^_4_Sn^4+^B_2_O_2_(Si_2_O_7_)_2_(OH)_2_,Mn^2+ Sn^4+ B O Si H,Mn^2+ Sn^4+ B O Si H,Mn Sn B O Si H,Mn^2+ Sn^4+ B O Si H,valid,,,
Viteite,Pd_5_InAs,Pd In As,Pd In As,Pd In As,Pd In As,valid,,,
Vitimite,Ca_6_B_14_O_19_(S^6+^O_4_)(OH)_14_·5H_2_O,Ca B O S^6+ H,Ca B O S^6+ H,Ca B O S H,Ca B O S^6+ H,valid,,,
Vittinkiite,Mn^2+^Mn^2+^_3_Mn^2+^Si_5_O_15_,Mn^2+ Si O,Mn^2+ Si O,Mn Si O,Mn^2+ Si O,valid,,,
Vitusite-(Ce),Na_3_Ce^3+^(PO_4_)_2_,Na Ce^3+ P O,Na Ce^3+ P O,Na Ce P O,Na Ce^3+ P O,valid,,,
Vivianite,Fe^2+^_3_(PO_4_)_2_·8H_2_O,Fe^2+ P O H,Fe^2+ P O H,Fe P O H,Fe^2+ P O H,valid,,,
Vladimirite,Ca_4_(As^5+^O_4_)_2_(As^5+^O_3_OH)·4H_2_O,Ca As^5+ O H,Ca As^5+ O H,Ca As O H,Ca As^5+ O H,valid,,,
Vladimirivanovite,"Na_6_Ca_2_[Al_6_Si_6_O_24_](S^6+^O_4_,(S_3_)^2-^,(S_2_)^2-^,Cl)_2_·H_2_O",Na Ca Al Si O S^6+ S Cl H,Na Ca Al Si O S^6+ S Cl H,Na Ca Al Si O S Cl H,Na Ca Al Si O S^6+ S Cl H,valid,,,
Vladkrivovichevite,[Pb^2+^_32_O_18_][Pb^2+^_4_Mn^2+^_2_O]Cl_14_(BO_3_)_8_·2H_2_O,Pb^2+ O Mn^2+ Cl B H,Pb^2+ O Mn^2+ Cl B H,Pb O Mn Cl B H,Pb^2+ O Mn^2+ Cl B H,valid,,,
Vladkuzminite,K_4_Cu^2+^Zn^2+^_3_(As^5+^O_4_)_4_,K Cu^2+ Zn^2+ As^5+ O,K Cu^2+ Zn^2+ As^5+ O,K Cu Zn As O,K Cu^2+ Zn^2+ As^5+ O,valid,,,
Vladykinite,Na_3_Sr_4_(Fe^2+^Fe^3+^)Si_8_O_24_,Na Sr Fe^2+ Fe^3+ Si O,Na Sr Fe^2+ Fe^3+ Si O,Na Sr Fe Si O,Na Sr Fe^2+ Fe^3+ Si O,valid,,,
Vlasovite,Na_2_Zr^4+^Si_4_O_11_,Na Zr^4+ Si O,Na Zr^4+ Si O,Na Zr Si O,Na Zr^4+ Si O,valid,,,
Vlodavetsite,Ca_2_Al(S^6+^O_4_)_2_F_2_Cl·4H_2_O,Ca Al S^6+ O F Cl H,Ca Al S^6+ O F Cl H,Ca Al S O F Cl H,Ca Al S^6+ O F Cl H,valid,,,
Vochtenite,Fe^2+^Fe^3+^(U^6+^O_2_)_4_(PO_4_)_4_(OH)·12-13H_2_O,Fe^2+ Fe^3+ U^6+ O P H,Fe^2+ Fe^3+ U^6+ O P H,Fe U O P H,Fe^2+ Fe^3+ U^6+ O P H,valid,,,
Voggite,Na_2_Zr^4+^(PO_4_)(CO_3_)(OH)·2H_2_O,Na Zr^4+ P O C H,Na Zr^4+ P O C H,Na Zr P O C H,Na Zr^4+ P O C H,valid,,,
Voglite,Ca_2_Cu^2+^(U^6+^O_2_)(CO_3_)_4_·6H_2_O,Ca Cu^2+ U^6+ O C H,Ca Cu^2+ U^6+ O C H,Ca Cu U O C H,Ca Cu^2+ U^6+ O C H,valid,,,
Volaschioite,Fe^3+^_4_(S^6+^O_4_)O_2_(OH)_6_·2H_2_O,Fe^3+ S^6+ O H,Fe^3+ S^6+ O H,Fe S O H,Fe^3+ S^6+ O H,valid,,,
Volborthite,Cu^2+^_3_V^5+^_2_O_7_(OH)_2_·2H_2_O,Cu^2+ V^5+ O H,Cu^2+ V^5+ O H,Cu V O H,Cu^2+ V^5+ O H,valid,,,
Volkonskoite,"Ca_0.3_(Cr^3+^,Mg)_2_(Si,Al)_4_O_10_(OH)_2_·4H_2_O",Ca Cr^3+ Mg Si Al O H,Ca Cr^3+ Mg Si Al O H,Ca Cr Mg Si Al O H,Ca Cr^3+ Mg Si Al O H,valid,,,
Volkovskite,KCa_4_[B_5_O_8_(OH)]_4_[B(OH)_3_]_2_Cl·4H_2_O,K Ca B O H Cl,K Ca B O H Cl,K Ca B O H Cl,K Ca B O H Cl,valid,,,
Voloshinite,Rb(LiAl_1.5_[box]_0.5_)(Al_0.5_Si_3.5_)O_10_F_2_,Rb Li Al Si O F,Rb Li Al Si O F,Rb Li Al Si O F,Rb Li Al Si O F,valid,,,
Voltaite,K_2_Fe^2+^_5_Fe^3+^_3_Al(S^6+^O_4_)_12_·18H_2_O,K Fe^2+ Fe^3+ Al S^6+ O H,K Fe^2+ Fe^3+ Al S^6+ O H,K Fe Al S O H,K Fe^2+ Fe^3+ Al S^6+ O H,valid,,,
Volynskite,AgBiTe_2_,Ag Bi Te,Ag Bi Te,Ag Bi Te,Ag Bi Te,valid,,,
Vonbezingite,Ca_6_Cu^2+^_3_(S^6+^O_4_)_3_(OH)_12_·2H_2_O,Ca Cu^2+ S^6+ O H,Ca Cu^2+ S^6+ O H,Ca Cu S O H,Ca Cu^2+ S^6+ O H,valid,,,
Vonsenite,Fe^2+^_2_Fe^3+^O_2_(BO_3_),Fe^2+ Fe^3+ O B,Fe^2+ Fe^3+ O B,Fe O B,Fe^2+ Fe^3+ O B,valid,,,
Vorlanite,CaU^6+^O_4_,Ca U^6+ O,Ca U^6+ O,Ca U O,Ca U^6+ O,valid,,,
Voronkovite,"Na_15_(Na,Ca,Ce^3+^)_3_(Mn^2+^,Ca)_3_Fe^2+^_3_Zr^4+^_3_Si_26_O_72_(OH,O)_4_Cl·H_2_O",Na Ca Ce^3+ Mn^2+ Fe^2+ Zr^4+ Si O H Cl,Na Ca Ce^3+ Mn^2+ Fe^2+ Zr^4+ Si O H Cl,Na Ca Ce Mn Fe Zr Si O H Cl,Na Ca Ce^3+ Mn^2+ Fe^2+ Zr^4+ Si O H Cl,valid,,,
Vorontsovite,(Hg^2+^_5_Cu^1+^)Tl^1+^As^3+^_4_S^2-^_12_,Hg^2+ Cu^1+ Tl^1+ As^3+ S^2-,Hg^2+ Cu^1+ Tl^1+ As^3+ S^2-,Hg Cu Tl As S,Hg^2+ Cu^1+ Tl^1+ As^3+ S^2-,valid,,,
Voudourisite,Cd^2+^S^6+^O_4_·H_2_O,Cd^2+ S^6+ O H,Cd^2+ S^6+ O H,Cd S O H,Cd^2+ S^6+ O H,valid,,,
Vozhminite,Ni_4_AsS_2_,Ni As S,Ni As S,Ni As S,Ni As S,valid,,,
Vránaite,Al_16_B_4_Si_4_O_38_,Al B Si O,Al B Si O,Al B Si O,Al B Si O,valid,,,
Vrančiceite,Cu^1+^_10_Hg^2+^_3_S^2-^_8_,Cu^1+ Hg^2+ S^2-,Cu^1+ Hg^2+ S^2-,Cu Hg S,Cu^1+ Hg^2+ S^2-,valid,,,
Vrbaite,Hg^2+^_3_Tl^1+^_4_As^3+^_8_Sb^3+^_2_S^2-^_20_,Hg^2+ Tl^1+ As^3+ Sb^3+ S^2-,Hg^2+ Tl^1+ As^3+ Sb^3+ S^2-,Hg Tl As Sb S,Hg^2+ Tl^1+ As^3+ Sb^3+ S^2-,valid,,,
Vuagnatite,CaAlSiO_4_(OH),Ca Al Si O H,Ca Al Si O H,Ca Al Si O H,Ca Al Si O H,valid,,,
Vulcanite,CuTe,Cu Te,Cu Te,Cu Te,Cu Te,valid,,,
Vuonnemite,Na_6_Na_2_Nb^5+^_2_Na_3_Ti^4+^(Si_2_O_7_)_2_(PO_4_)_2_O_2_(OF),Na Nb^5+ Ti^4+ Si O P F,Na Nb^5+ Ti^4+ Si O P F,Na Nb Ti Si O P F,Na Nb^5+ Ti^4+ Si O P F,valid,,,
Vuorelainenite,Mn^2+^V^3+^_2_O_4_,Mn^2+ V^3+ O,Mn^2+ V^3+ O,Mn V O,Mn^2+ V^3+ O,valid,,,
Vuoriyarvite-K,"(K,Na,[box])_12_Nb^5+^_8_(Si_4_O_12_)_4_O_8_·12-16H_2_O",K Na Nb^5+ Si O H,K Na Nb^5+ Si O H,K Na Nb Si O H,K Na Nb^5+ Si O H,valid,,,
Vurroite,"Pb^2+^_20_Sn^4+^_2_(Bi^3+^,As^3+^)_22_S^2-^_54_Cl_6_",Pb^2+ Sn^4+ Bi^3+ As^3+ S^2- Cl,Pb^2+ Sn^4+ Bi^3+ As^3+ S^2- Cl,Pb Sn Bi As S Cl,Pb^2+ Sn^4+ Bi^3+ As^3+ S^2- Cl,valid,,,
Vyacheslavite,U^4+^(PO_4_)(OH),U^4+ P O H,U^4+ P O H,U P O H,U^4+ P O H,valid,,,
Vyalsovite,CaFe^2+^AlS^2-^(OH)_5_,Ca Fe^2+ Al S^2- O H,Ca Fe^2+ Al S^2- O H,Ca Fe Al S O H,Ca Fe^2+ Al S^2- O H,valid,,,
Vymazalováite,Pd_3_Bi_2_S_2_,Pd Bi S,Pd Bi S,Pd Bi S,Pd Bi S,valid,,,
Vysokýite,U^4+^[As^5+^O_2_(OH)_2_]_4_·4H_2_O,U^4+ As^5+ O H,U^4+ As^5+ O H,U As O H,U^4+ As^5+ O H,valid,,,
Vysotskite,Pd^2+^S^2-^,Pd^2+ S^2-,Pd^2+ S^2-,Pd S,Pd^2+ S^2-,valid,,,
Vyuntspakhkite-(Y),"Y(Al,Si)(SiO_4_)(OH,O)_2_",Y Al Si O H,Y Al Si O H,Y Al Si O H,Y Al Si O H,valid,,,
Wadalite,Ca_6_Al_5_Si_2_O_16_Cl_3_,Ca Al Si O Cl,Ca Al Si O Cl,Ca Al Si O Cl,Ca Al Si O Cl,valid,,,
Wadeite,K_2_Zr^4+^Si_3_O_9_,K Zr^4+ Si O,K Zr^4+ Si O,K Zr Si O,K Zr^4+ Si O,valid,,,
Wadsleyite,Mg_2_SiO_4_,Mg Si O,Mg Si O,Mg Si O,Mg Si O,valid,,,
Wagnerite,Mg_2_PO_4_F,Mg P O F,Mg P O F,Mg P O F,Mg P O F,valid,,,
Waimirite-(Y),YF_3_,Y F,Y F,Y F,Y F,valid,,,
Waipouaite,Ca_3_(V^4+^_4.5_V^5+^_0.5_)O_9_[(Si_2_O_5_(OH)_2_][Si_3_O_7.5_(OH)_1.5_]·11H_2_O,Ca V^4+ V^5+ O Si H,Ca V^4+ V^5+ O Si H,Ca V O Si H,Ca V^4+ V^5+ O Si H,valid,,,
Wairakite,Ca(Si_4_Al_2_)O_12_·2H_2_O,Ca Si Al O H,Ca Si Al O H,Ca Si Al O H,Ca Si Al O H,valid,,,
Wairauite,CoFe,Co Fe,Co Fe,Co Fe,Co Fe,valid,,,
Wakabayashilite,"(As,Sb)_6_As_4_S_14_",As Sb S,As Sb S,As Sb S,As Sb S,valid,,,
Wakefieldite-(Ce),Ce^3+^V^5+^O_4_,Ce^3+ V^5+ O,Ce^3+ V^5+ O,Ce V O,Ce^3+ V^5+ O,valid,,,
Wakefieldite-(La),La^3+^V^5+^O_4_,La^3+ V^5+ O,La^3+ V^5+ O,La V O,La^3+ V^5+ O,valid,,,
Wakefieldite-(Nd),NdV^5+^O_4_,Nd V^5+ O,Nd V^5+ O,Nd V O,Nd V^5+ O,valid,,,
Wakefieldite-(Y),YV^5+^O_4_,Y V^5+ O,Y V^5+ O,Y V O,Y V^5+ O,valid,,,
Walentaite,[Mn^2+^(H_2_O)_6_][[box]As^3+^_3_Fe^3+^_3_(PO_4_)_2_O_7_],Mn^2+ H O As^3+ Fe^3+ P,Mn^2+ H O As^3+ Fe^3+ P,Mn H O As Fe P,Mn^2+ H O As^3+ Fe^3+ P,valid,,,
Walfordite,"(Fe^3+^,Te^6+^,Ti^4+^,Mg)Te^4+^_3_O_8_",Fe^3+ Te^6+ Ti^4+ Mg Te^4+ O,Fe^3+ Te^6+ Ti^4+ Mg Te^4+ O,Fe Te Ti Mg O,Fe^3+ Te^6+ Ti^4+ Mg Te^4+ O,valid,,,
Walkerite,"Ca_16_(Mg,Li)_2_[B_13_O_17_(OH)_12_]_4_Cl_6_·28H_2_O",Ca Mg Li B O H Cl,Ca Mg Li B O H Cl,Ca Mg Li B O H Cl,Ca Mg Li B O H Cl,valid,,,
Wallisite,Cu^1+^Pb^2+^Tl^1+^As^3+^_2_S^2-^_5_,Cu^1+ Pb^2+ Tl^1+ As^3+ S^2-,Cu^1+ Pb^2+ Tl^1+ As^3+ S^2-,Cu Pb Tl As S,Cu^1+ Pb^2+ Tl^1+ As^3+ S^2-,valid,,,
Wallkilldellite,Ca_4_Mn^2+^_6_(As^5+^O_4_)_4_(OH)_8_·18H_2_O,Ca Mn^2+ As^5+ O H,Ca Mn^2+ As^5+ O H,Ca Mn As O H,Ca Mn^2+ As^5+ O H,valid,,,
Wallkilldellite-(Fe),Ca_2_Fe^2+^_3_(As^5+^O_4_)_2_(OH)_4_·9H_2_O,Ca Fe^2+ As^5+ O H,Ca Fe^2+ As^5+ O H,Ca Fe As O H,Ca Fe^2+ As^5+ O H,valid,,,
Walpurgite,Bi^3+^_4_O_4_(U^6+^O_2_)(As^5+^O_4_)_2_·2H_2_O,Bi^3+ O U^6+ As^5+ H,Bi^3+ O U^6+ As^5+ H,Bi O U As H,Bi^3+ O U^6+ As^5+ H,valid,,,
Walstromite,BaCa_2_Si_3_O_9_,Ba Ca Si O,Ba Ca Si O,Ba Ca Si O,Ba Ca Si O,valid,,,
Walthierite,Ba_0.5_Al_3_(S^6+^O_4_)_2_(OH)_6_,Ba Al S^6+ O H,Ba Al S^6+ O H,Ba Al S O H,Ba Al S^6+ O H,valid,,,
Wampenite,C_18_H_16_,C H,C H,C H,C H,valid,,,
Wangdaodeite,Fe^2+^Ti^4+^O_3_,Fe^2+ Ti^4+ O,Fe^2+ Ti^4+ O,Fe Ti O,Fe^2+ Ti^4+ O,valid,,,
Wangkuirenite,Pb^2+^_3_Cl_2_(Se^4+^O_3_)_2_,Pb^2+ Cl Se^4+ O,Pb^2+ Cl Se^4+ O,Pb Cl Se O,Pb^2+ Cl Se^4+ O,valid,,,
Wangpuite,K_3_(PO_4_)(Mo^6+^_12_O_36_),K P O Mo^6+,K P O Mo^6+,K P O Mo,K P O Mo^6+,valid,,,
Wangxibinite,TiFe,Ti Fe,Ti Fe,Ti Fe,Ti Fe,valid,,,
Wangyanite,PdNi_8_S_8_,Pd Ni S,Pd Ni S,Pd Ni S,Pd Ni S,valid,,,
Wardite,NaAl_3_(PO_4_)_2_(OH)_4_·2H_2_O,Na Al P O H,Na Al P O H,Na Al P O H,Na Al P O H,valid,,,
Wardsmithite,Ca_5_Mg(B_4_O_7_)_6_·30H_2_O,Ca Mg B O H,Ca Mg B O H,Ca Mg B O H,Ca Mg B O H,valid,,,
Warikahnite,Zn^2+^_3_(As^5+^O_4_)_2_·2H_2_O,Zn^2+ As^5+ O H,Zn^2+ As^5+ O H,Zn As O H,Zn^2+ As^5+ O H,valid,,,
Warkite,Ca_2_Sc_6_Al_6_O_20_,Ca Sc Al O,Ca Sc Al O,Ca Sc Al O,Ca Sc Al O,valid,,,
Warwickite,"(Mg,Ti^4+^,Fe^3+^,Cr^3+^,Al)_2_O(BO_3_)",Mg Ti^4+ Fe^3+ Cr^3+ Al O B,Mg Ti^4+ Fe^3+ Cr^3+ Al O B,Mg Ti Fe Cr Al O B,Mg Ti^4+ Fe^3+ Cr^3+ Al O B,valid,,,
Wassonite,Ti^2+^S^2-^,Ti^2+ S^2-,Ti^2+ S^2-,Ti S,Ti^2+ S^2-,valid,,,
Watanabeite,"Cu^1+^_4_(As^3+^,Sb^3+^)_2_S^2-^_5_",Cu^1+ As^3+ Sb^3+ S^2-,Cu^1+ As^3+ Sb^3+ S^2-,Cu As Sb S,Cu^1+ As^3+ Sb^3+ S^2-,valid,,,
Watatsumiite,KNa_2_LiMn^2+^_2_V^4+^_2_Si_8_O_24_,K Na Li Mn^2+ V^4+ Si O,K Na Li Mn^2+ V^4+ Si O,K Na Li Mn V Si O,K Na Li Mn^2+ V^4+ Si O,valid,,,
Waterhouseite,Mn^2+^_7_(PO_4_)_2_(OH)_8_,Mn^2+ P O H,Mn^2+ P O H,Mn P O H,Mn^2+ P O H,valid,,,
Watkinsonite,"Pb^2+^Cu^1+^_2_Bi^3+^_4_(Se^2-^,S^2-^)_8_",Pb^2+ Cu^1+ Bi^3+ Se^2- S^2-,Pb^2+ Cu^1+ Bi^3+ Se^2- S^2-,Pb Cu Bi Se S,Pb^2+ Cu^1+ Bi^3+ Se^2- S^2-,valid,,,
Wattersite,Hg^1+^_4_Hg^2+^O_2_(Cr^6+^O_4_),Hg^1+ Hg^2+ O Cr^6+,Hg^1+ Hg^2+ O Cr^6+,Hg O Cr,Hg^1+ Hg^2+ O Cr^6+,valid,,,
Wattevilleite,Na_2_Ca(S^6+^O_4_)_2_·4H_2_O,Na Ca S^6+ O H,Na Ca S^6+ O H,Na Ca S O H,Na Ca S^6+ O H,valid,,,
Wavellite,Al_3_(PO_4_)_2_(OH)_3_·5H_2_O,Al P O H,Al P O H,Al P O H,Al P O H,valid,,,
Wawayandaite,"Ca_6_Be_9_Mn^2+^_2_BSi_6_O_23_(OH,Cl)_15_",Ca Be Mn^2+ B Si O H Cl,Ca Be Mn^2+ B Si O H Cl,Ca Be Mn B Si O H Cl,Ca Be Mn^2+ B Si O H Cl,valid,,,
Waylandite,Bi^3+^Al_3_(PO_4_)_2_(OH)_6_,Bi^3+ Al P O H,Bi^3+ Al P O H,Bi Al P O H,Bi^3+ Al P O H,valid,,,
Wayneburnhamite,Pb^2+^_9_Ca_6_(Si_2_O_7_)_3_(SiO_4_)_3_,Pb^2+ Ca Si O,Pb^2+ Ca Si O,Pb Ca Si O,Pb^2+ Ca Si O,valid,,,
Weberite,Na_2_MgAlF_7_,Na Mg Al F,Na Mg Al F,Na Mg Al F,Na Mg Al F,valid,,,
Weddellite,Ca(C_2_)^6+^O_4_·2H_2_O,Ca C O H,Ca C O H,Ca C O H,Ca C O H,valid,,,
Weeksite,K_2_(U^6+^O_2_)_2_(Si_5_O_13_)·4H_2_O,K U^6+ O Si H,K U^6+ O Si H,K U O Si H,K U^6+ O Si H,valid,,,
Wegscheiderite,Na_5_H_3_(CO_3_)_4_,Na H C O,Na H C O,Na H C O,Na H C O,valid,,,
Weibullite,"Ag^1+^_0.3_Pb^2+^_5.3_Bi^3+^_8.3_(S^2-^,Se^2-^)_18_",Ag^1+ Pb^2+ Bi^3+ S^2- Se^2-,Ag^1+ Pb^2+ Bi^3+ S^2- Se^2-,Ag Pb Bi S Se,Ag^1+ Pb^2+ Bi^3+ S^2- Se^2-,valid,,,
Weilerite,BaAl_3_(S^6+^O_4_)(As^5+^O_4_)(OH)_6_,Ba Al S^6+ O As^5+ H,Ba Al S^6+ O As^5+ H,Ba Al S O As H,Ba Al S^6+ O As^5+ H,valid,,,
Weilite,Ca(As^5+^O_3_OH),Ca As^5+ O H,Ca As^5+ O H,Ca As O H,Ca As^5+ O H,valid,,,
Weinebeneite,CaBe_3_(PO_4_)_2_(OH)_2_·4H_2_O,Ca Be P O H,Ca Be P O H,Ca Be P O H,Ca Be P O H,valid,,,
Weishanite,"(Au,Ag,Hg)",Au Ag Hg,Au Ag Hg,Au Ag Hg,Au Ag Hg,valid,,,
Weissbergite,Tl^1+^Sb^3+^S^2-^_2_,Tl^1+ Sb^3+ S^2-,Tl^1+ Sb^3+ S^2-,Tl Sb S,Tl^1+ Sb^3+ S^2-,valid,,,
Weissite,Cu_2-x_Te,Cu Te,Cu Te,Cu Te,Cu Te,valid,,,
Welinite,Mn^2+^_6_(W^6+^[box])(SiO_4_)_2_O_4_(OH)_2_,Mn^2+ W^6+ Si O H,Mn^2+ W^6+ Si O H,Mn W Si O H,Mn^2+ W^6+ Si O H,valid,,,
Weloganite,Na_2_Sr_3_Zr^4+^(CO_3_)_6_·3H_2_O,Na Sr Zr^4+ C O H,Na Sr Zr^4+ C O H,Na Sr Zr C O H,Na Sr Zr^4+ C O H,valid,,,
Welshite,Ca_4_(Mg_9_Sb^5+^_3_)O_4_[Si_6_Be_3_AlFe^3+^_2_O_36_],Ca Mg Sb^5+ O Si Be Al Fe^3+,Ca Mg Sb^5+ O Si Be Al Fe^3+,Ca Mg Sb O Si Be Al Fe,Ca Mg Sb^5+ O Si Be Al Fe^3+,valid,,,
Wendwilsonite,Ca_2_Mg(As^5+^O_4_)_2_·2H_2_O,Ca Mg As^5+ O H,Ca Mg As^5+ O H,Ca Mg As O H,Ca Mg As^5+ O H,valid,,,
Wenjiite,"Ti_10_Si_x_P_y_; x>y, 6≤(x+y)≤7",Ti Si P,Ti Si P,Ti Si P,Ti Si P,valid,,,
Wenkite,"Ba_4_Ca_6_(Si,Al)_20_O_41_(OH)_2_(S^6+^O_4_)_3_·H_2_O",Ba Ca Si Al O H S^6+,Ba Ca Si Al O H S^6+,Ba Ca Si Al O H S,Ba Ca Si Al O H S^6+,valid,,,
Wenlanzhangite-(Y),Y_2_V^3+^_2_V^4+^_2_(SiO_4_)_2_O_4_(OH)_4_,Y V^3+ V^4+ Si O H,Y V^3+ V^4+ Si O H,Y V Si O H,Y V^3+ V^4+ Si O H,valid,,,
Wenqingite,Pb^2+^_5_(As^3+^S^2-^_3_)_2_(Ge^4+^_2_S^2-^_6_),Pb^2+ As^3+ S^2- Ge^4+,Pb^2+ As^3+ S^2- Ge^4+,Pb As S Ge,Pb^2+ As^3+ S^2- Ge^4+,valid,,,
Werdingite,Mg_2_Al_14_Si_4_B_4_O_37_,Mg Al Si B O,Mg Al Si B O,Mg Al Si B O,Mg Al Si B O,valid,,,
Wermlandite,Mg_7_Al_2_(OH)_18_[Ca(H_2_O)_6_](S^6+^O_4_)_2_·6H_2_O,Mg Al O H Ca S^6+,Mg Al O H Ca S^6+,Mg Al O H Ca S,Mg Al O H Ca S^6+,valid,,,
Wernerbaurite,(N^3-^H_4_)_2_Ca_2_[V^5+^_10_O_28_]·16H_2_O,N^3- H Ca V^5+ O,N^3- H Ca V^5+ O,N H Ca V O,N^3- H Ca V^5+ O,valid,,,
Wernerkrauseite,CaFe^3+^_2_Mn^4+^O_6_,Ca Fe^3+ Mn^4+ O,Ca Fe^3+ Mn^4+ O,Ca Fe Mn O,Ca Fe^3+ Mn^4+ O,valid,,,
Wesselsite,SrCu^2+^Si_4_O_10_,Sr Cu^2+ Si O,Sr Cu^2+ Si O,Sr Cu Si O,Sr Cu^2+ Si O,valid,,,
Westerveldite,FeAs,Fe As,Fe As,Fe As,Fe As,valid,,,
Wetherillite,Na_2_Mg(U^6+^O_2_)_2_(S^6+^O_4_)_4_·18H_2_O,Na Mg U^6+ O S^6+ H,Na Mg U^6+ O S^6+ H,Na Mg U O S H,Na Mg U^6+ O S^6+ H,valid,,,
Wheatleyite,Na_2_Cu^2+^((C_2_)^6+^O_4_)_2_·2H_2_O,Na Cu^2+ C O H,Na Cu^2+ C O H,Na Cu C O H,Na Cu^2+ C O H,valid,,,
Whelanite,Cu^2+^_2_Ca_6_[Si_6_O_17_(OH)](CO_3_)(OH)_3_·2H_2_O,Cu^2+ Ca Si O H C,Cu^2+ Ca Si O H C,Cu Ca Si O H C,Cu^2+ Ca Si O H C,valid,,,
Wherryite,Pb^2+^_7_Cu^2+^_2_(S^6+^O_4_)_4_(SiO_4_)_2_(OH)_2_,Pb^2+ Cu^2+ S^6+ O Si H,Pb^2+ Cu^2+ S^6+ O Si H,Pb Cu S O Si H,Pb^2+ Cu^2+ S^6+ O Si H,valid,,,
Whewellite,Ca(C_2_)^6+^O_4_·H_2_O,Ca C O H,Ca C O H,Ca C O H,Ca C O H,valid,,,
Whitecapsite,H_16_Fe^2+^_5_Fe^3+^_14_Sb^3+^_6_(As^5+^O_4_)_18_O_16_·120H_2_O,H Fe^2+ Fe^3+ Sb^3+ As^5+ O,H Fe^2+ Fe^3+ Sb^3+ As^5+ O,H Fe Sb As O,H Fe^2+ Fe^3+ Sb^3+ As^5+ O,valid,,,
Whiteite-(CaFeMg),CaFe^2+^Mg_2_Al_2_(PO_4_)_4_(OH)_2_·8H_2_O,Ca Fe^2+ Mg Al P O H,Ca Fe^2+ Mg Al P O H,Ca Fe Mg Al P O H,Ca Fe^2+ Mg Al P O H,valid,,,
Whiteite-(CaMgMg),CaMg_3_Al_2_(PO_4_)_4_(OH)_2_·8H_2_O,Ca Mg Al P O H,Ca Mg Al P O H,Ca Mg Al P O H,Ca Mg Al P O H,valid,,,
Whiteite-(CaMnFe),CaMn^2+^Fe^2+^_2_Al_2_(PO_4_)_4_(OH)_2_·8H_2_O,Ca Mn^2+ Fe^2+ Al P O H,Ca Mn^2+ Fe^2+ Al P O H,Ca Mn Fe Al P O H,Ca Mn^2+ Fe^2+ Al P O H,valid,,,
Whiteite-(CaMnMg),CaMn^2+^Mg_2_Al_2_(PO_4_)_4_(OH)_2_·8H_2_O,Ca Mn^2+ Mg Al P O H,Ca Mn^2+ Mg Al P O H,Ca Mn Mg Al P O H,Ca Mn^2+ Mg Al P O H,valid,,,
Whiteite-(CaMnMn),CaMn^2+^Mn^2+^_2_Al_2_[PO_4_]_4_(OH)_2_·8H_2_O,Ca Mn^2+ Al P O H,Ca Mn^2+ Al P O H,Ca Mn Al P O H,Ca Mn^2+ Al P O H,valid,,,
Whiteite-(MnFeMg),Mn^2+^Fe^2+^Mg_2_Al_2_(PO_4_)_4_(OH)_2_·8H_2_O,Mn^2+ Fe^2+ Mg Al P O H,Mn^2+ Fe^2+ Mg Al P O H,Mn Fe Mg Al P O H,Mn^2+ Fe^2+ Mg Al P O H,valid,,,
Whiteite-(MnMnMg),Mn^2+^Mn^2+^Mg_2_Al_2_(PO_4_)_4_(OH)_2_·8H_2_O,Mn^2+ Mg Al P O H,Mn^2+ Mg Al P O H,Mn Mg Al P O H,Mn^2+ Mg Al P O H,valid,,,
Whiteite-(MnMnMn),Mn^2+^Mn^2+^Mn^2+^_2_Al_2_(PO_4_)_4_(OH)_2_·8H_2_O,Mn^2+ Al P O H,Mn^2+ Al P O H,Mn Al P O H,Mn^2+ Al P O H,valid,,,
Whiterockite,CaMgMn^3+^_3_O_2_(PO_4_)_2_(CO_3_)F(H_2_O)_5_,Ca Mg Mn^3+ O P C F H,Ca Mg Mn^3+ O P C F H,Ca Mg Mn O P C F H,Ca Mg Mn^3+ O P C F H,valid,,,
Whitlockite,Ca_9_Mg(PO_4_)_6_(PO_3_OH),Ca Mg P O H,Ca Mg P O H,Ca Mg P O H,Ca Mg P O H,valid,,,
Whitmoreite,Fe^2+^Fe^3+^_2_(PO_4_)_2_(OH)_2_·4H_2_O,Fe^2+ Fe^3+ P O H,Fe^2+ Fe^3+ P O H,Fe P O H,Fe^2+ Fe^3+ P O H,valid,,,
Wickenburgite,Pb^2+^_3_CaAl_2_Si_10_O_27_·4H_2_O,Pb^2+ Ca Al Si O H,Pb^2+ Ca Al Si O H,Pb Ca Al Si O H,Pb^2+ Ca Al Si O H,valid,,,
Wickmanite,Mn^2+^Sn^4+^(OH)_6_,Mn^2+ Sn^4+ O H,Mn^2+ Sn^4+ O H,Mn Sn O H,Mn^2+ Sn^4+ O H,valid,,,
Wicksite,"NaCa_2_Fe^2+^_2_(Fe^3+^,Mn^2+^,Fe^2+^)_4_(PO_4_)_6_·2H_2_O",Na Ca Fe^2+ Fe^3+ Mn^2+ P O H,Na Ca Fe^2+ Fe^3+ Mn^2+ P O H,Na Ca Fe Mn P O H,Na Ca Fe^2+ Fe^3+ Mn^2+ P O H,valid,,,
Widenmannite,Pb^2+^_2_U^6+^O_2_(CO_3_)_2_(OH)_2_,Pb^2+ U^6+ O C H,Pb^2+ U^6+ O C H,Pb U O C H,Pb^2+ U^6+ O C H,valid,,,
Widgiemoolthalite,Ni^2+^_5_(CO_3_)_4_(OH)_2_·4-5H_2_O,Ni^2+ C O H,Ni^2+ C O H,Ni C O H,Ni^2+ C O H,valid,,,
Wightmanite,Mg_5_O(BO_3_)(OH)_5_·2H_2_O,Mg O B H,Mg O B H,Mg O B H,Mg O B H,valid,,,
Wiklundite,"Pb^2+^_2_(Mn^2+^,Zn^2+^)_3_(Fe^3+^,Mn^2+^)_2_(Mn^2+^,Mg)_19_(As^3+^O_3_)_2_(Si,As^5+^O_4_)_6_(OH)_18_Cl_6_",Pb^2+ Mn^2+ Zn^2+ Fe^3+ Mg As^3+ O Si As^5+ H Cl,Pb^2+ Mn^2+ Zn^2+ Fe^3+ Mg As^3+ O Si As^5+ H Cl,Pb Mn Zn Fe Mg As O Si H Cl,Pb^2+ Mn^2+ Zn^2+ Fe^3+ Mg As^3+ O Si As^5+ H Cl,valid,,,
Wilancookite,(Ba_5_Li_2_[box])Ba_6_Be_24_P_24_O_96_·26H_2_O,Ba Li Be P O H,Ba Li Be P O H,Ba Li Be P O H,Ba Li Be P O H,valid,,,
Wilcoxite,MgAl(S^6+^O_4_)_2_F·18H_2_O,Mg Al S^6+ O F H,Mg Al S^6+ O F H,Mg Al S O F H,Mg Al S^6+ O F H,valid,,,
Wildcatite,CaFe^3+^Te^6+^O_5_(OH),Ca Fe^3+ Te^6+ O H,Ca Fe^3+ Te^6+ O H,Ca Fe Te O H,Ca Fe^3+ Te^6+ O H,valid,,,
Wildenauerite,Zn^2+^(Fe^3+^_0.5_Mn^2+^_0.5_)_2_Mn^2+^Fe^3+^(PO_4_)_3_(OH)_3_(H_2_O)_8_,Zn^2+ Fe^3+ Mn^2+ P O H,Zn^2+ Fe^3+ Mn^2+ P O H,Zn Fe Mn P O H,Zn^2+ Fe^3+ Mn^2+ P O H,valid,,,
Wilhelmgümbelite,Zn^2+^Fe^2+^Fe^3+^_3_(PO_4_)_3_(OH)_4_(H_2_O)_5_·2H_2_O,Zn^2+ Fe^2+ Fe^3+ P O H,Zn^2+ Fe^2+ Fe^3+ P O H,Zn Fe P O H,Zn^2+ Fe^2+ Fe^3+ P O H,valid,,,
Wilhelmkleinite,Zn^2+^Fe^3+^_2_(As^5+^O_4_)_2_(OH)_2_,Zn^2+ Fe^3+ As^5+ O H,Zn^2+ Fe^3+ As^5+ O H,Zn Fe As O H,Zn^2+ Fe^3+ As^5+ O H,valid,,,
Wilhelmramsayite,Cu_3_FeS_3_·2H_2_O,Cu Fe S H O,Cu Fe S H O,Cu Fe S H O,Cu Fe S H O,valid,,,
Wilhelmvierlingite,CaMn^2+^Fe^3+^(PO_4_)_2_(OH)·2H_2_O,Ca Mn^2+ Fe^3+ P O H,Ca Mn^2+ Fe^3+ P O H,Ca Mn Fe P O H,Ca Mn^2+ Fe^3+ P O H,valid,,,
Wilkinsonite,Na_4_(Fe^2+^_8_Fe^3+^_4_)O_4_[Si_12_O_36_],Na Fe^2+ Fe^3+ O Si,Na Fe^2+ Fe^3+ O Si,Na Fe O Si,Na Fe^2+ Fe^3+ O Si,valid,,,
Wilkmanite,Ni_3_Se_4_,Ni Se,Ni Se,Ni Se,Ni Se,valid,,,
Willemite,Zn^2+^_2_SiO_4_,Zn^2+ Si O,Zn^2+ Si O,Zn Si O,Zn^2+ Si O,valid,,,
Willemseite,Ni^2+^_3_Si_4_O_10_(OH)_2_,Ni^2+ Si O H,Ni^2+ Si O H,Ni Si O H,Ni^2+ Si O H,valid,,,
Willhendersonite,KCa(Si_3_Al_3_)O_12_·5H_2_O,K Ca Si Al O H,K Ca Si Al O H,K Ca Si Al O H,K Ca Si Al O H,valid,,,
Willyamite,Co^3+^(SbS)^3-^,Co^3+ Sb S,Co^3+ Sb S,Co Sb S,Co^3+ Sb S,valid,,,
Wiluite,"Ca_19_(Al,Mg)_13_(B,[box],Al)_5_(SiO_4_)_10_(Si_2_O_7_)_4_(O,OH)_10_",Ca Al Mg B Si O H,Ca Al Mg B Si O H,Ca Al Mg B Si O H,Ca Al Mg B Si O H,valid,,,
Winchite,[box]NaCa(Mg_4_Al)Si_8_O_22_(OH)_2_,Na Ca Mg Al Si O H,Na Ca Mg Al Si O H,Na Ca Mg Al Si O H,Na Ca Mg Al Si O H,valid,,,
Windhoekite,Ca_2_Fe^3+^_2.67_(Si_8_O_20_)(OH)_4_·10H_2_O,Ca Fe^3+ Si O H,Ca Fe^3+ Si O H,Ca Fe Si O H,Ca Fe^3+ Si O H,valid,,,
Windmountainite,[box]Fe^3+^_2_Mg_2_Si_8_O_20_(OH)_2_·8H_2_O,Fe^3+ Mg Si O H,Fe^3+ Mg Si O H,Fe Mg Si O H,Fe^3+ Mg Si O H,valid,,,
Winstanleyite,Ti^4+^Te^4+^_3_O_8_,Ti^4+ Te^4+ O,Ti^4+ Te^4+ O,Ti Te O,Ti^4+ Te^4+ O,valid,,,
Wiperamingaite,NaCaFe^3+^Al(PO_4_)F_5_(OH)·H_2_O,Na Ca Fe^3+ Al P O F H,Na Ca Fe^3+ Al P O F H,Na Ca Fe Al P O F H,Na Ca Fe^3+ Al P O F H,valid,,,
Wiserite,"Mn^2+^_14_(B_2_O_5_)_4_(OH)_8_·(Si,Mg)(O,OH)_4_Cl",Mn^2+ B O H Si Mg Cl,Mn^2+ B O H Si Mg Cl,Mn B O H Si Mg Cl,Mn^2+ B O H Si Mg Cl,valid,,,
Witherite,BaCO_3_,Ba C O,Ba C O,Ba C O,Ba C O,valid,,,
Wittichenite,Cu^1+^_3_Bi^3+^S^2-^_3_,Cu^1+ Bi^3+ S^2-,Cu^1+ Bi^3+ S^2-,Cu Bi S,Cu^1+ Bi^3+ S^2-,valid,,,
Wittite,"Pb^2+^_8_Bi^3+^_10_(S^2-^,Se^2-^)_23_",Pb^2+ Bi^3+ S^2- Se^2-,Pb^2+ Bi^3+ S^2- Se^2-,Pb Bi S Se,Pb^2+ Bi^3+ S^2- Se^2-,valid,,,
Witzkeite,Na_4_K_4_Ca(N^5+^O_3_)_2_(S^6+^O_4_)_4_·2H_2_O,Na K Ca N^5+ O S^6+ H,Na K Ca N^5+ O S^6+ H,Na K Ca N O S H,Na K Ca N^5+ O S^6+ H,valid,,,
Wodegongjieite,KCa_3_(Al_7_Si_9_)O_32_,K Ca Al Si O,K Ca Al Si O,K Ca Al Si O,K Ca Al Si O,valid,,,
Wodginite,Mn^2+^Sn^4+^Ta^5+^_2_O_8_,Mn^2+ Sn^4+ Ta^5+ O,Mn^2+ Sn^4+ Ta^5+ O,Mn Sn Ta O,Mn^2+ Sn^4+ Ta^5+ O,valid,,,
Wöhlerite,"Na_2_Ca_4_Zr^4+^(Nb^5+^,Ti^4+^)(Si_2_O_7_)_2_(O,F)_4_",Na Ca Zr^4+ Nb^5+ Ti^4+ Si O F,Na Ca Zr^4+ Nb^5+ Ti^4+ Si O F,Na Ca Zr Nb Ti Si O F,Na Ca Zr^4+ Nb^5+ Ti^4+ Si O F,valid,,,
Wolfeite,Fe^2+^_2_PO_4_(OH),Fe^2+ P O H,Fe^2+ P O H,Fe P O H,Fe^2+ P O H,valid,,,
Wolfsriedite,Pb^2+^[(U^6+^O_2_)_2_(W^6+^Fe^3+^)O_7_(OH)](H_2_O)_3_,Pb^2+ U^6+ O W^6+ Fe^3+ H,Pb^2+ U^6+ O W^6+ Fe^3+ H,Pb U O W Fe H,Pb^2+ U^6+ O W^6+ Fe^3+ H,valid,,,
Wollastonite,CaSiO_3_,Ca Si O,Ca Si O,Ca Si O,Ca Si O,valid,,,
Wölsendorfite,Pb^2+^_7_(U^6+^O_2_)_14_O_19_(OH)_4_·12H_2_O,Pb^2+ U^6+ O H,Pb^2+ U^6+ O H,Pb U O H,Pb^2+ U^6+ O H,valid,,,
Wonesite,"(Na,K,[box])(Mg,Fe^2+^,Al,Fe^3+^)_6_(Si,Al)_8_O_20_(OH,F)_4_",Na K Mg Fe^2+ Al Fe^3+ Si O H F,Na K Mg Fe^2+ Al Fe^3+ Si O H F,Na K Mg Fe Al Si O H F,Na K Mg Fe^2+ Al Fe^3+ Si O H F,valid,,,
Woodallite,Mg_6_Cr^3+^_2_(OH)_16_Cl_2_·4H_2_O,Mg Cr^3+ O H Cl,Mg Cr^3+ O H Cl,Mg Cr O H Cl,Mg Cr^3+ O H Cl,valid,,,
Woodhouseite,CaAl_3_(S^6+^O_4_)(PO_4_)(OH)_6_,Ca Al S^6+ O P H,Ca Al S^6+ O P H,Ca Al S O P H,Ca Al S^6+ O P H,valid,,,
Woodruffite,Zn^2+^_2_Mn^4+^_5_O_12_·4H_2_O,Zn^2+ Mn^4+ O H,Zn^2+ Mn^4+ O H,Zn Mn O H,Zn^2+ Mn^4+ O H,valid,,,
Woodwardite,"(Cu^2+^,Al)_9_(S^6+^O_4_)_2_(OH)_18_·nH_2_O",Cu^2+ Al S^6+ O H,Cu^2+ Al S^6+ O H,Cu Al S O H,Cu^2+ Al S^6+ O H,valid,,,
Wooldridgeite,Na_2_CaCu^2+^_2_(P_2_O_7_)_2_·10H_2_O,Na Ca Cu^2+ P O H,Na Ca Cu^2+ P O H,Na Ca Cu P O H,Na Ca Cu^2+ P O H,valid,,,
Wopmayite,Ca_6_Na_3_[box]Mn^2+^(PO_4_)_3_(PO_3_OH)_4_,Ca Na Mn^2+ P O H,Ca Na Mn^2+ P O H,Ca Na Mn P O H,Ca Na Mn^2+ P O H,valid,,,
Wortupaite,MgNi^2+^_2_(Te^4+^O_3_)_3_·3H_2_O,Mg Ni^2+ Te^4+ O H,Mg Ni^2+ Te^4+ O H,Mg Ni Te O H,Mg Ni^2+ Te^4+ O H,valid,,,
Wrightite,K_2_Al_2_O(As^5+^O_4_)_2_,K Al O As^5+,K Al O As^5+,K Al O As,K Al O As^5+,valid,,,
Wroewolfeite,Cu^2+^_4_S^6+^O_4_(OH)_6_·2H_2_O,Cu^2+ S^6+ O H,Cu^2+ S^6+ O H,Cu S O H,Cu^2+ S^6+ O H,valid,,,
Wulfenite,Pb^2+^Mo^6+^O_4_,Pb^2+ Mo^6+ O,Pb^2+ Mo^6+ O,Pb Mo O,Pb^2+ Mo^6+ O,valid,,,
Wulffite,K_3_NaCu^2+^_4_(S^6+^O_4_)_4_O_2_,K Na Cu^2+ S^6+ O,K Na Cu^2+ S^6+ O,K Na Cu S O,K Na Cu^2+ S^6+ O,valid,,,
Wülfingite,Zn^2+^(OH)_2_,Zn^2+ O H,Zn^2+ O H,Zn O H,Zn^2+ O H,valid,,,
Wumuite,KAl_0.33_W^6+^_2.67_O_9_,K Al W^6+ O,K Al W^6+ O,K Al W O,K Al W^6+ O,valid,,,
Wupatkiite,Co^2+^Al_2_(S^6+^O_4_)_4_·22H_2_O,Co^2+ Al S^6+ O H,Co^2+ Al S^6+ O H,Co Al S O H,Co^2+ Al S^6+ O H,valid,,,
Wurtzite,Zn^2+^S^2+^,Zn^2+ S^2+,Zn^2+ S^2+,Zn S,Zn^2+ S^2+,valid,,,
Wüstite,Fe^2+^O,Fe^2+ O,Fe^2+ O,Fe O,Fe^2+ O,valid,,,
Wuyanzhiite,Cu^1+^_2_S^2-^,Cu^1+ S^2-,Cu^1+ S^2-,Cu S,Cu^1+ S^2-,valid,,,
Wyartite,CaU^5+^(U^6+^O_2_)_2_(CO_3_)O_4_(OH)·7H_2_O,Ca U^5+ U^6+ O C H,Ca U^5+ U^6+ O C H,Ca U O C H,Ca U^5+ U^6+ O C H,valid,,,
Wycheproofite,NaAlZr^4+^(PO_4_)_2_(OH)_2_·H_2_O,Na Al Zr^4+ P O H,Na Al Zr^4+ P O H,Na Al Zr P O H,Na Al Zr^4+ P O H,valid,,,
Wyllieite,NaNaMn^2+^(Fe^2+^Al)(PO_4_)_3_,Na Mn^2+ Fe^2+ Al P O,Na Mn^2+ Fe^2+ Al P O,Na Mn Fe Al P O,Na Mn^2+ Fe^2+ Al P O,valid,,,
Xanthiosite,Ni^2+^_3_[box](As^5+^O_4_)_2_,Ni^2+ As^5+ O,Ni^2+ As^5+ O,Ni As O,Ni^2+ As^5+ O,valid,,,
Xanthoconite,Ag^1+^_3_As^3+^S^2-^_3_,Ag^1+ As^3+ S^2-,Ag^1+ As^3+ S^2-,Ag As S,Ag^1+ As^3+ S^2-,valid,,,
Xanthoxenite,Ca_4_Fe^3+^_2_(PO_4_)_4_(OH)_2_·3H_2_O,Ca Fe^3+ P O H,Ca Fe^3+ P O H,Ca Fe P O H,Ca Fe^3+ P O H,valid,,,
Xenophyllite,Na_4_Fe^2+^_7_(PO_4_)_6_,Na Fe^2+ P O,Na Fe^2+ P O,Na Fe P O,Na Fe^2+ P O,valid,,,
Xenotime-(Gd),Gd(PO_4_),Gd P O,Gd P O,Gd P O,Gd P O,valid,,,
Xenotime-(Y),YPO_4_,Y P O,Y P O,Y P O,Y P O,valid,,,
Xenotime-(Yb),Yb^3+^PO_4_,Yb^3+ P O,Yb^3+ P O,Yb P O,Yb^3+ P O,valid,,,
Xiangjiangite,Fe^3+^(U^6+^O_2_)_4_(PO_4_)_2_(S^6+^O_4_)_2_(OH)·22H_2_O,Fe^3+ U^6+ O P S^6+ H,Fe^3+ U^6+ O P S^6+ H,Fe U O P S H,Fe^3+ U^6+ O P S^6+ H,valid,,,
Xianhuaite-(Ce),K_2_Ce^3+^Nb^5+^_5_O_15_,K Ce^3+ Nb^5+ O,K Ce^3+ Nb^5+ O,K Ce Nb O,K Ce^3+ Nb^5+ O,valid,,,
Xianhuaite-(La),K_2_LaNb^5+^_5_O_15_,K La Nb^5+ O,K La Nb^5+ O,K La Nb O,K La Nb^5+ O,valid,,,
Xieite,Fe^2+^Cr^3+^_2_O_4_,Fe^2+ Cr^3+ O,Fe^2+ Cr^3+ O,Fe Cr O,Fe^2+ Cr^3+ O,valid,,,
Xiexiandeite,SiO_2_,Si O,Si O,Si O,Si O,valid,,,
Xifengite,Fe_5_Si_3_,Fe Si,Fe Si,Fe Si,Fe Si,valid,,,
Xilingolite,Pb^2+^_3_Bi^3+^_2_S^2-^_6_,Pb^2+ Bi^3+ S^2-,Pb^2+ Bi^3+ S^2-,Pb Bi S,Pb^2+ Bi^3+ S^2-,valid,,,
Ximengite,Bi^3+^PO_4_,Bi^3+ P O,Bi^3+ P O,Bi P O,Bi^3+ P O,valid,,,
Xingzhongite,Pb^2+^Ir^3+^_2_S^2-^_4_,Pb^2+ Ir^3+ S^2-,Pb^2+ Ir^3+ S^2-,Pb Ir S,Pb^2+ Ir^3+ S^2-,valid,,,
Xitieshanite,Fe^3+^S^6+^O_4_Cl·6H_2_O,Fe^3+ S^6+ O Cl H,Fe^3+ S^6+ O Cl H,Fe S O Cl H,Fe^3+ S^6+ O Cl H,valid,,,
Xocolatlite,Ca_2_Mn^4+^_2_Te^6+^_2_O_12_·H_2_O,Ca Mn^4+ Te^6+ O H,Ca Mn^4+ Te^6+ O H,Ca Mn Te O H,Ca Mn^4+ Te^6+ O H,valid,,,
Xocomecatlite,Cu^2+^_3_Te^6+^O_4_(OH)_4_,Cu^2+ Te^6+ O H,Cu^2+ Te^6+ O H,Cu Te O H,Cu^2+ Te^6+ O H,valid,,,
Xonotlite,Ca_6_Si_6_O_17_(OH)_2_,Ca Si O H,Ca Si O H,Ca Si O H,Ca Si O H,valid,,,
Xuite,Ca_3_Fe^3+^_2_[AlO_3_(OH)]_3_,Ca Fe^3+ Al O H,Ca Fe^3+ Al O H,Ca Fe Al O H,Ca Fe^3+ Al O H,valid,,,
Xuwenyuanite,Ag^1+^_9_Fe^3+^Te^2-^_2_S^2-^_4_,Ag^1+ Fe^3+ Te^2- S^2-,Ag^1+ Fe^3+ Te^2- S^2-,Ag Fe Te S,Ag^1+ Fe^3+ Te^2- S^2-,valid,,,
Yafsoanite,Ca_3_Te^6+^_2_Zn^2+^_3_O_12_,Ca Te^6+ Zn^2+ O,Ca Te^6+ Zn^2+ O,Ca Te Zn O,Ca Te^6+ Zn^2+ O,valid,,,
Yagiite,NaMg_2_(AlMg_2_Si_12_)O_30_,Na Mg Al Si O,Na Mg Al Si O,Na Mg Al Si O,Na Mg Al Si O,valid,,,
Yakhontovite,"(Ca,Na,K)_0.2_(Cu^2+^,Fe^3+^,Mg)_2_Si_4_O_10_(OH)_2_·3H_2_O",Ca Na K Cu^2+ Fe^3+ Mg Si O H,Ca Na K Cu^2+ Fe^3+ Mg Si O H,Ca Na K Cu Fe Mg Si O H,Ca Na K Cu^2+ Fe^3+ Mg Si O H,valid,,,
Yakovenchukite-(Y),K_3_NaCaY_2_Si_12_O_30_·4H_2_O,K Na Ca Y Si O H,K Na Ca Y Si O H,K Na Ca Y Si O H,K Na Ca Y Si O H,valid,,,
Yakubovichite,CaNi^2+^_2_Fe^3+^(PO_4_)_3_,Ca Ni^2+ Fe^3+ P O,Ca Ni^2+ Fe^3+ P O,Ca Ni Fe P O,Ca Ni^2+ Fe^3+ P O,valid,,,
Yamhamelachite,KCr^3+^P_2_O_7_,K Cr^3+ P O,K Cr^3+ P O,K Cr P O,K Cr^3+ P O,valid,,,
Yancowinnaite,Pb^2+^Cu^2+^Al(As^5+^O_4_)_2_OH·H_2_O,Pb^2+ Cu^2+ Al As^5+ O H,Pb^2+ Cu^2+ Al As^5+ O H,Pb Cu Al As O H,Pb^2+ Cu^2+ Al As^5+ O H,valid,,,
Yangite,Pb^2+^Mn^2+^Si_3_O_8_·H_2_O,Pb^2+ Mn^2+ Si O H,Pb^2+ Mn^2+ Si O H,Pb Mn Si O H,Pb^2+ Mn^2+ Si O H,valid,,,
Yangzhumingite,KMg_2.5_Si_4_O_10_F_2_,K Mg Si O F,K Mg Si O F,K Mg Si O F,K Mg Si O F,valid,,,
Yanomamite,In^3+^As^5+^O_4_·2H_2_O,In^3+ As^5+ O H,In^3+ As^5+ O H,In As O H,In^3+ As^5+ O H,valid,,,
Yarlongite,Cr_4_Fe_4_NiC_4_,Cr Fe Ni C,Cr Fe Ni C,Cr Fe Ni C,Cr Fe Ni C,valid,,,
Yaroshevskite,Cu^2+^_9_O_2_(V^5+^O_4_)_4_Cl_2_,Cu^2+ O V^5+ Cl,Cu^2+ O V^5+ Cl,Cu O V Cl,Cu^2+ O V^5+ Cl,valid,,,
Yaroslavite,Ca_3_Al_2_F_10_(OH)_2_·H_2_O,Ca Al F O H,Ca Al F O H,Ca Al F O H,Ca Al F O H,valid,,,
Yarrowite,Cu_9_S_8_,Cu S,Cu S,Cu S,Cu S,valid,,,
Yarzhemskiite,K[B_5_O_7_(OH)_2_]·H_2_O,K B O H,K B O H,K B O H,K B O H,valid,,,
Yavapaiite,KFe^3+^(S^6+^O_4_)_2_,K Fe^3+ S^6+ O,K Fe^3+ S^6+ O,K Fe S O,K Fe^3+ S^6+ O,valid,,,
Yazganite,[box]NaMgFe^3+^_2_(As^5+^O_4_)_3_·H_2_O,Na Mg Fe^3+ As^5+ O H,Na Mg Fe^3+ As^5+ O H,Na Mg Fe As O H,Na Mg Fe^3+ As^5+ O H,valid,,,
Yeatmanite,Zn^2+^_6_Mn^2+^_9_Sb^5+^_2_O_12_(SiO_4_)_4_,Zn^2+ Mn^2+ Sb^5+ O Si,Zn^2+ Mn^2+ Sb^5+ O Si,Zn Mn Sb O Si,Zn^2+ Mn^2+ Sb^5+ O Si,valid,,,
Yecoraite,Fe^3+^_3_Bi^3+^_5_O_9_(Te^4+^O_3_)(Te^6+^O_4_)_2_·9H_2_O,Fe^3+ Bi^3+ O Te^4+ Te^6+ H,Fe^3+ Bi^3+ O Te^4+ Te^6+ H,Fe Bi O Te H,Fe^3+ Bi^3+ O Te^4+ Te^6+ H,valid,,,
Yedlinite,Pb^2+^_6_Cr^3+^Cl_6_O(OH)_7_,Pb^2+ Cr^3+ Cl O H,Pb^2+ Cr^3+ Cl O H,Pb Cr Cl O H,Pb^2+ Cr^3+ Cl O H,valid,,,
Ye'elimite,Ca_4_Al_6_O_12_S^6+^O_4_,Ca Al O S^6+,Ca Al O S^6+,Ca Al O S,Ca Al O S^6+,valid,,,
Yegorovite,Na_4_[Si_4_O_8_(OH)_4_]·7H_2_O,Na Si O H,Na Si O H,Na Si O H,Na Si O H,valid,,,
Yeite,TiSi,Ti Si,Ti Si,Ti Si,Ti Si,valid,,,
Yellowcatite,KNaFe^3+^_2_(Se^4+^O_3_)_2_(V^5+^_2_O_7_)·7H_2_O,K Na Fe^3+ Se^4+ O V^5+ H,K Na Fe^3+ Se^4+ O V^5+ H,K Na Fe Se O V H,K Na Fe^3+ Se^4+ O V^5+ H,valid,,,
Yeomanite,Pb^2+^_2_O(OH)Cl,Pb^2+ O H Cl,Pb^2+ O H Cl,Pb O H Cl,Pb^2+ O H Cl,valid,,,
Yimengite,K[Ti^4+^_3_Cr^3+^_5_Fe^3+^_2_Mg_2_]O_19_,K Ti^4+ Cr^3+ Fe^3+ Mg O,K Ti^4+ Cr^3+ Fe^3+ Mg O,K Ti Cr Fe Mg O,K Ti^4+ Cr^3+ Fe^3+ Mg O,valid,,,
Yingjiangite,K_2_Ca(U^6+^O_2_)_7_(PO_4_)_4_(OH)_6_·6H_2_O,K Ca U^6+ O P H,K Ca U^6+ O P H,K Ca U O P H,K Ca U^6+ O P H,valid,,,
Yixunite,Pt_3_In,Pt In,Pt In,Pt In,Pt In,valid,,,
Yoderite,(MgAl_3_)(MgAl)Al_2_O_2_(SiO_4_)_4_(OH)_2_,Mg Al O Si H,Mg Al O Si H,Mg Al O Si H,Mg Al O Si H,valid,,,
Yofortierite,Mn^2+^_5_Si_8_O_20_(OH)_2_·7H_2_O,Mn^2+ Si O H,Mn^2+ Si O H,Mn Si O H,Mn^2+ Si O H,valid,,,
Yoshimuraite,Ba_4_Mn^2+^_4_Ti^4+^_2_(Si_2_O_7_)_2_(PO_4_)_2_O_2_(OH)_2_,Ba Mn^2+ Ti^4+ Si O P H,Ba Mn^2+ Ti^4+ Si O P H,Ba Mn Ti Si O P H,Ba Mn^2+ Ti^4+ Si O P H,valid,,,
Yoshiokaite,"Ca_1-x_(Al,Si)_2_O_4_",Ca Al Si O,Ca Al Si O,Ca Al Si O,Ca Al Si O,valid,,,
Yttriaite-(Y),Y_2_O_3_,Y O,Y O,Y O,Y O,valid,,,
Yttrialite-(Y),Y_2_Si_2_O_7_,Y Si O,Y Si O,Y Si O,Y Si O,valid,,,
Yttrocolumbite-(Y),"(Y,U^6+^,Fe^2+^)(Nb^5+^,Ta^5+^)O_4_",Y U^6+ Fe^2+ Nb^5+ Ta^5+ O,Y U^6+ Fe^2+ Nb^5+ Ta^5+ O,Y U Fe Nb Ta O,Y U^6+ Fe^2+ Nb^5+ Ta^5+ O,valid,,,
Yttrocrasite-(Y),"(Y,Th^4+^,Ca,U^6+^,U^4+^)(Ti^4+^,Fe^3+^)_2_(O,OH)_6_",Y Th^4+ Ca U^6+ U^4+ Ti^4+ Fe^3+ O H,Y Th^4+ Ca U^6+ U^4+ Ti^4+ Fe^3+ O H,Y Th Ca U Ti Fe O H,Y Th^4+ Ca U^6+ U^4+ Ti^4+ Fe^3+ O H,valid,,,
Yttrotantalite-(Y),"(Y,U^6+^,Fe^2+^)(Ta^5+^,Nb^5+^)_2_(O,OH)_4_",Y U^6+ Fe^2+ Ta^5+ Nb^5+ O H,Y U^6+ Fe^2+ Ta^5+ Nb^5+ O H,Y U Fe Ta Nb O H,Y U^6+ Fe^2+ Ta^5+ Nb^5+ O H,valid,,,
Yttrotungstite-(Ce),Ce^3+^W^6+^_2_O_7_(OH)(H_2_O),Ce^3+ W^6+ O H,Ce^3+ W^6+ O H,Ce W O H,Ce^3+ W^6+ O H,valid,,,
Yttrotungstite-(Nd),NdW^6+^_2_O_7_(OH)·H_2_O,Nd W^6+ O H,Nd W^6+ O H,Nd W O H,Nd W^6+ O H,valid,,,
Yttrotungstite-(Y),YW^6+^_2_O_7_(OH)(H_2_O),Y W^6+ O H,Y W^6+ O H,Y W O H,Y W^6+ O H,valid,,,
Yuanfuliite,"Mg(Fe^3+^,Al)O(BO_3_)",Mg Fe^3+ Al O B,Mg Fe^3+ Al O B,Mg Fe Al O B,Mg Fe^3+ Al O B,valid,,,
Yuanjiangite,AuSn,Au Sn,Au Sn,Au Sn,Au Sn,valid,,,
Yuchuanite-(Y),Y_2_(CO_3_)_3_·H_2_O,Y C O H,Y C O H,Y C O H,Y C O H,valid,,,
Yugawaralite,Ca(Si_6_Al_2_)O_16_·4H_2_O,Ca Si Al O H,Ca Si Al O H,Ca Si Al O H,Ca Si Al O H,valid,,,
Yukonite,Ca_7_Fe^3+^_15_(As^5+^O_4_)_9_O_16_·25H_2_O,Ca Fe^3+ As^5+ O H,Ca Fe^3+ As^5+ O H,Ca Fe As O H,Ca Fe^3+ As^5+ O H,valid,,,
Yuksporite,"K_4_(Ca,Na)_14_(Sr,Ba)_2_([box],Mn^2+^,Fe^3+^)(Ti^4+^,Nb^5+^)_4_(O,OH)_4_(Si_6_O_17_)_2_(Si_2_O_7_)_3_(H_2_O,OH)_3_",K Ca Na Sr Ba Mn^2+ Fe^3+ Ti^4+ Nb^5+ O H Si,K Ca Na Sr Ba Mn^2+ Fe^3+ Ti^4+ Nb^5+ O H Si,K Ca Na Sr Ba Mn Fe Ti Nb O H Si,K Ca Na Sr Ba Mn^2+ Fe^3+ Ti^4+ Nb^5+ O H Si,valid,,,
Yulinite,SrNb^5+^_2_O_6_,Sr Nb^5+ O,Sr Nb^5+ O,Sr Nb O,Sr Nb^5+ O,valid,,,
Yunhaoite,K_2_(Mo^6+^O_4_),K Mo^6+ O,K Mo^6+ O,K Mo O,K Mo^6+ O,valid,,,
Yurgensonite,K_2_Sn^4+^Ti^4+^O_2_(As^5+^O_4_)_2_,K Sn^4+ Ti^4+ O As^5+,K Sn^4+ Ti^4+ O As^5+,K Sn Ti O As,K Sn^4+ Ti^4+ O As^5+,valid,,,
Yurmarinite,"Na_7_(Fe^3+^,Mg,Cu^2+^)_4_(As^5+^O_4_)_6_",Na Fe^3+ Mg Cu^2+ As^5+ O,Na Fe^3+ Mg Cu^2+ As^5+ O,Na Fe Mg Cu As O,Na Fe^3+ Mg Cu^2+ As^5+ O,valid,,,
Yushkinite,"(Mg,Al)(OH)_2_V^3.6+^S^2-^_2_",Mg Al O H V S^2-,Mg Al O H V S^2-,Mg Al O H V S,Mg Al O H V S^2-,valid,,,
Yusupovite,Na_2_Zr^4+^(Si_6_O_15_)·3H_2_O,Na Zr^4+ Si O H,Na Zr^4+ Si O H,Na Zr Si O H,Na Zr^4+ Si O H,valid,,,
Yuzuxiangite,Sr_3_Fe^3+^(Si_2_O_6_)_2_(OH)·3H_2_O,Sr Fe^3+ Si O H,Sr Fe^3+ Si O H,Sr Fe Si O H,Sr Fe^3+ Si O H,valid,,,
Yvonite,Cu^2+^(As^5+^O_3_OH)·2H_2_O,Cu^2+ As^5+ O H,Cu^2+ As^5+ O H,Cu As O H,Cu^2+ As^5+ O H,valid,,,
Żabińskiite,"Ca[Al_0.5_(Ta^5+^,Nb^5+^)_0.5_](SiO_4_)O",Ca Al Ta^5+ Nb^5+ Si O,Ca Al Ta^5+ Nb^5+ Si O,Ca Al Ta Nb Si O,Ca Al Ta^5+ Nb^5+ Si O,valid,,,
Zabuyelite,Li_2_CO_3_,Li C O,Li C O,Li C O,Li C O,valid,,,
Zaccagnaite,Zn^2+^_4_Al_2_(CO_3_)(OH)_12_·3H_2_O,Zn^2+ Al C O H,Zn^2+ Al C O H,Zn Al C O H,Zn^2+ Al C O H,valid,,,
Zaccariniite,RhNiAs,Rh Ni As,Rh Ni As,Rh Ni As,Rh Ni As,valid,,,
Zadovite,BaCa_6_[(SiO_4_)(PO_4_)](PO_4_)_2_F,Ba Ca Si O P F,Ba Ca Si O P F,Ba Ca Si O P F,Ba Ca Si O P F,valid,,,
Zagamiite,CaAl_2_Si_3.5_O_11_,Ca Al Si O,Ca Al Si O,Ca Al Si O,Ca Al Si O,valid,,,
Zaherite,Al_12_(S^6+^O_4_)_5_(OH)_26_·20H_2_O,Al S^6+ O H,Al S^6+ O H,Al S O H,Al S^6+ O H,valid,,,
Zaïrite,Bi^3+^Fe^3+^_3_(PO_4_)_2_(OH)_6_,Bi^3+ Fe^3+ P O H,Bi^3+ Fe^3+ P O H,Bi Fe P O H,Bi^3+ Fe^3+ P O H,valid,,,
Zakharovite,Na_4_Mn^2+^_5_Si_10_O_24_(OH)_6_·6H_2_O,Na Mn^2+ Si O H,Na Mn^2+ Si O H,Na Mn Si O H,Na Mn^2+ Si O H,valid,,,
Zálesíite,Cu^2+^_6_Ca(As^5+^O_4_)_2_(As^5+^O_3_OH)(OH)_6_·3H_2_O,Cu^2+ Ca As^5+ O H,Cu^2+ Ca As^5+ O H,Cu Ca As O H,Cu^2+ Ca As^5+ O H,valid,,,
Zanazziite,Ca_2_Mg_5_Be_4_(PO_4_)_6_(OH)_4_·6H_2_O,Ca Mg Be P O H,Ca Mg Be P O H,Ca Mg Be P O H,Ca Mg Be P O H,valid,,,
Zanelliite,Pb^2+^Cu^2+^_9_[As^5+^O_3.5_(OH)_0.5_]_2_(As^5+^O_4_)_2_(OH)_9_(H_2_O)_3_,Pb^2+ Cu^2+ As^5+ O H,Pb^2+ Cu^2+ As^5+ O H,Pb Cu As O H,Pb^2+ Cu^2+ As^5+ O H,valid,,,
Zangboite,TiFeSi_2_,Ti Fe Si,Ti Fe Si,Ti Fe Si,Ti Fe Si,valid,,,
Zapatalite,Cu^2+^_3_Al_4_(PO_4_)_3_(OH)_9_·4H_2_O,Cu^2+ Al P O H,Cu^2+ Al P O H,Cu Al P O H,Cu^2+ Al P O H,valid,,,
Zaratite,Ni^2+^_3_CO_3_(OH)_4_·4H_2_O,Ni^2+ C O H,Ni^2+ C O H,Ni C O H,Ni^2+ C O H,valid,,,
Zavalíaite,Mn^2+^_3_[box](PO_4_)_2_,Mn^2+ P O,Mn^2+ P O,Mn P O,Mn^2+ P O,valid,,,
Zavaritskite,Bi^3+^OF,Bi^3+ O F,Bi^3+ O F,Bi O F,Bi^3+ O F,valid,,,
Zavyalovite,Ag^1+^_2_Te^4+^S^2-^_3_,Ag^1+ Te^4+ S^2-,Ag^1+ Te^4+ S^2-,Ag Te S,Ag^1+ Te^4+ S^2-,valid,,,
Zaykovite,Rh_3_Se_4_,Rh Se,Rh Se,Rh Se,Rh Se,valid,,,
Zdenĕkite,NaPb^2+^Cu^2+^_5_(As^5+^O_4_)_4_Cl·5H_2_O,Na Pb^2+ Cu^2+ As^5+ O Cl H,Na Pb^2+ Cu^2+ As^5+ O Cl H,Na Pb Cu As O Cl H,Na Pb^2+ Cu^2+ As^5+ O Cl H,valid,,,
Zektzerite,NaLiZr^4+^Si_6_O_15_,Na Li Zr^4+ Si O,Na Li Zr^4+ Si O,Na Li Zr Si O,Na Li Zr^4+ Si O,valid,,,
Zellerite,Ca(U^6+^O_2_)(CO_3_)_2_·5H_2_O,Ca U^6+ O C H,Ca U^6+ O C H,Ca U O C H,Ca U^6+ O C H,valid,,,
Zemannite,Mg_0.5_Zn^2+^Fe^3+^(Te^4+^O_3_)_3_·nH_2_O (3≤n≤4.5),Mg Zn^2+ Fe^3+ Te^4+ O H,Mg Zn^2+ Fe^3+ Te^4+ O H,Mg Zn Fe Te O H,Mg Zn^2+ Fe^3+ Te^4+ O H,valid,,,
Zemkorite,Na_2_Ca(CO_3_)_2_,Na Ca C O,Na Ca C O,Na Ca C O,Na Ca C O,valid,,,
Zenzénite,Pb^2+^_3_Fe^3+^_4_Mn^4+^_3_O_15_,Pb^2+ Fe^3+ Mn^4+ O,Pb^2+ Fe^3+ Mn^4+ O,Pb Fe Mn O,Pb^2+ Fe^3+ Mn^4+ O,valid,,,
Zeophyllite,Ca_13_Si_10_O_28_(OH)_2_F_8_·6H_2_O,Ca Si O H F,Ca Si O H F,Ca Si O H F,Ca Si O H F,valid,,,
Zeravshanite,Na_2_Cs_4_Zr^4+^_3_Si_18_O_45_·2H_2_O,Na Cs Zr^4+ Si O H,Na Cs Zr^4+ Si O H,Na Cs Zr Si O H,Na Cs Zr^4+ Si O H,valid,,,
Zeunerite,Cu^2+^(U^6+^O_2_)_2_(As^5+^O_4_)_2_·12H_2_O,Cu^2+ U^6+ O As^5+ H,Cu^2+ U^6+ O As^5+ H,Cu U O As H,Cu^2+ U^6+ O As^5+ H,valid,,,
Zhanghengite,CuZn,Cu Zn,Cu Zn,Cu Zn,Cu Zn,valid,,,
Zhanghuifenite,Na_3_Mn^2+^_4_Mg_2_Al(PO_4_)_6_,Na Mn^2+ Mg Al P O,Na Mn^2+ Mg Al P O,Na Mn Mg Al P O,Na Mn^2+ Mg Al P O,valid,,,
Zhangpeishanite,BaFCl,Ba F Cl,Ba F Cl,Ba F Cl,Ba F Cl,valid,,,
Zhaoyuanite,Mn^2+^Zn^2+^Te^4+^_4_O_10_,Mn^2+ Zn^2+ Te^4+ O,Mn^2+ Zn^2+ Te^4+ O,Mn Zn Te O,Mn^2+ Zn^2+ Te^4+ O,valid,,,
Zharchikhite,Al(OH)_2_F,Al O H F,Al O H F,Al O H F,Al O H F,valid,,,
Zhemchuzhnikovite,NaMgAl((C_2_)^6+^O_4_)_3_·9H_2_O,Na Mg Al C O H,Na Mg Al C O H,Na Mg Al C O H,Na Mg Al C O H,valid,,,
Zhengminghuaite,Cu^1+^_6_Fe^2+^_3_As^3+^_4_S^2-^_12_,Cu^1+ Fe^2+ As^3+ S^2-,Cu^1+ Fe^2+ As^3+ S^2-,Cu Fe As S,Cu^1+ Fe^2+ As^3+ S^2-,valid,,,
Zhenruite,(Mo^6+^O_3_)_2_·H_2_O,Mo^6+ O H,Mo^6+ O H,Mo O H,Mo^6+ O H,valid,,,
Zheshengite,Pb^2+^_4_Zn^2+^Zn^2+^_2_(As^5+^O_4_)_2_(PO_4_)_2_(OH)_2_,Pb^2+ Zn^2+ As^5+ O P H,Pb^2+ Zn^2+ As^5+ O P H,Pb Zn As O P H,Pb^2+ Zn^2+ As^5+ O P H,valid,,,
Zhiqinite,TiSi_2_,Ti Si,Ti Si,Ti Si,Ti Si,valid,,,
Zhonghongite,"Cu^1+^_28_Cu^2+^(As^3+^,Sb^3+^)_12_S^2-^_33_",Cu^1+ Cu^2+ As^3+ Sb^3+ S^2-,Cu^1+ Cu^2+ As^3+ Sb^3+ S^2-,Cu As Sb S,Cu^1+ Cu^2+ As^3+ Sb^3+ S^2-,valid,,,
Ziesite,Cu^2+^_2_V^5+^_2_O_7_,Cu^2+ V^5+ O,Cu^2+ V^5+ O,Cu V O,Cu^2+ V^5+ O,valid,,,
Zigrasite,MgZr^4+^(PO_4_)_2_·4H_2_O,Mg Zr^4+ P O H,Mg Zr^4+ P O H,Mg Zr P O H,Mg Zr^4+ P O H,valid,,,
Zilbermintsite-(La),(CaLa_5_)(Fe^3+^Al_3_Fe^2+^)[Si_2_O_7_][SiO_4_]_5_O(OH)_3_,Ca La Fe^3+ Al Fe^2+ Si O H,Ca La Fe^3+ Al Fe^2+ Si O H,Ca La Fe Al Si O H,Ca La Fe^3+ Al Fe^2+ Si O H,valid,,,
Zimbabweite,"Na(Pb^2+^,Na,K)_2_(Ta^5+^,Nb^5+^,Ti^4+^)_4_As^3+^_4_O_18_",Na Pb^2+ K Ta^5+ Nb^5+ Ti^4+ As^3+ O,Na Pb^2+ K Ta^5+ Nb^5+ Ti^4+ As^3+ O,Na Pb K Ta Nb Ti As O,Na Pb^2+ K Ta^5+ Nb^5+ Ti^4+ As^3+ O,valid,,,
Ziminaite,Fe^3+^V^5+^O_4_,Fe^3+ V^5+ O,Fe^3+ V^5+ O,Fe V O,Fe^3+ V^5+ O,valid,,,
Zinc,Zn,Zn,Zn,Zn,Zn,valid,,,
Zincalstibite,Zn^2+^_2_AlSb^5+^(OH)_12_,Zn^2+ Al Sb^5+ O H,Zn^2+ Al Sb^5+ O H,Zn Al Sb O H,Zn^2+ Al Sb^5+ O H,valid,,,
Zincaluminite,"(Zn^2+^,Al)_9_(S^6+^O_4_)_2_(OH)_18_·nH_2_O",Zn^2+ Al S^6+ O H,Zn^2+ Al S^6+ O H,Zn Al S O H,Zn^2+ Al S^6+ O H,valid,,,
Zincgartrellite,"Pb^2+^Zn^2+^_2_(As^5+^O_4_)_2_(H_2_O,OH)_2_",Pb^2+ Zn^2+ As^5+ O H,Pb^2+ Zn^2+ As^5+ O H,Pb Zn As O H,Pb^2+ Zn^2+ As^5+ O H,valid,,,
Zincite,Zn^2+^O,Zn^2+ O,Zn^2+ O,Zn O,Zn^2+ O,valid,,,
Zinclipscombite,Zn^2+^Fe^3+^_2_(PO_4_)_2_(OH)_2_,Zn^2+ Fe^3+ P O H,Zn^2+ Fe^3+ P O H,Zn Fe P O H,Zn^2+ Fe^3+ P O H,valid,,,
Zincmelanterite,Zn^2+^S^6+^O_4_·7H_2_O,Zn^2+ S^6+ O H,Zn^2+ S^6+ O H,Zn S O H,Zn^2+ S^6+ O H,valid,,,
Zincoberaunite,Zn^2+^Fe^3+^_5_(PO_4_)_4_(OH)_5_·6H_2_O,Zn^2+ Fe^3+ P O H,Zn^2+ Fe^3+ P O H,Zn Fe P O H,Zn^2+ Fe^3+ P O H,valid,,,
Zincobotryogen,Zn^2+^Fe^3+^(S^6+^O_4_)_2_(OH)·7H_2_O,Zn^2+ Fe^3+ S^6+ O H,Zn^2+ Fe^3+ S^6+ O H,Zn Fe S O H,Zn^2+ Fe^3+ S^6+ O H,valid,,,
Zincobradaczekite,NaCu^2+^Cu^2+^Zn^2+^_2_(AsO_4_)_3_,Na Cu^2+ Zn^2+ As O,Na Cu^2+ Zn^2+ As O,Na Cu Zn As O,Na Cu^2+ Zn^2+ As O,valid,,,
Zincobriartite,Cu^1+^_2_Zn^2+^Ge^4+^S^2-^_4_,Cu^1+ Zn^2+ Ge^4+ S^2-,Cu^1+ Zn^2+ Ge^4+ S^2-,Cu Zn Ge S,Cu^1+ Zn^2+ Ge^4+ S^2-,valid,,,
Zincochenite,Pb^2+^_4_Zn^2+^(OH)_6_(S^6+^O_4_)_2_,Pb^2+ Zn^2+ O H S^6+,Pb^2+ Zn^2+ O H S^6+,Pb Zn O H S,Pb^2+ Zn^2+ O H S^6+,valid,,,
Zincochromite,Zn^2+^Cr^3+^_2_O_4_,Zn^2+ Cr^3+ O,Zn^2+ Cr^3+ O,Zn Cr O,Zn^2+ Cr^3+ O,valid,,,
Zincocopiapite,Zn^2+^Fe^3+^_4_(S^6+^O_4_)_6_(OH)_2_·20H_2_O,Zn^2+ Fe^3+ S^6+ O H,Zn^2+ Fe^3+ S^6+ O H,Zn Fe S O H,Zn^2+ Fe^3+ S^6+ O H,valid,,,
Zincohögbomite-2N2S,"(Zn^2+^,Al,Fe^2+^)_3_(Al,Fe^3+^,Ti^4+^)_8_O_15_(OH)",Zn^2+ Al Fe^2+ Fe^3+ Ti^4+ O H,Zn^2+ Al Fe^2+ Fe^3+ Ti^4+ O H,Zn Al Fe Ti O H,Zn^2+ Al Fe^2+ Fe^3+ Ti^4+ O H,valid,,,
Zincohögbomite-2N6S,"(Zn^2+^,Al)_7_(Al,Fe^3+^,Ti^4+^,Mg)_16_O_31_(OH)",Zn^2+ Al Fe^3+ Ti^4+ Mg O H,Zn^2+ Al Fe^3+ Ti^4+ Mg O H,Zn Al Fe Ti Mg O H,Zn^2+ Al Fe^3+ Ti^4+ Mg O H,valid,,,
Zincolibethenite,Cu^2+^Zn^2+^PO_4_(OH),Cu^2+ Zn^2+ P O H,Cu^2+ Zn^2+ P O H,Cu Zn P O H,Cu^2+ Zn^2+ P O H,valid,,,
Zincolivenite,Cu^2+^Zn^2+^As^5+^O_4_(OH),Cu^2+ Zn^2+ As^5+ O H,Cu^2+ Zn^2+ As^5+ O H,Cu Zn As O H,Cu^2+ Zn^2+ As^5+ O H,valid,,,
Zincomenite,Zn^2+^Se^4+^O_3_,Zn^2+ Se^4+ O,Zn^2+ Se^4+ O,Zn Se O,Zn^2+ Se^4+ O,valid,,,
Zinconigerite-2N1S,Zn^2+^Sn^4+^_2_Al_12_O_22_(OH)_2_,Zn^2+ Sn^4+ Al O H,Zn^2+ Sn^4+ Al O H,Zn Sn Al O H,Zn^2+ Sn^4+ Al O H,valid,,,
Zinconigerite-6N6S,Zn^2+^_3_Sn^4+^_2_Al_16_O_30_(OH)_2_,Zn^2+ Sn^4+ Al O H,Zn^2+ Sn^4+ Al O H,Zn Sn Al O H,Zn^2+ Sn^4+ Al O H,valid,,,
Zincorietveldite,Zn^2+^(U^6+^O_2_)(S^6+^O_4_)_2_(H_2_O)_5_,Zn^2+ U^6+ O S^6+ H,Zn^2+ U^6+ O S^6+ H,Zn U O S H,Zn^2+ U^6+ O S^6+ H,valid,,,
Zincorinmanite-(Zn),Zn^2+^Sb^5+^(Fe^3+^_2_Zn^2+^)O_7_(OH),Zn^2+ Sb^5+ Fe^3+ O H,Zn^2+ Sb^5+ Fe^3+ O H,Zn Sb Fe O H,Zn^2+ Sb^5+ Fe^3+ O H,valid,,,
Zincospiroffite,Zn^2+^_2_Te^4+^_3_O_8_,Zn^2+ Te^4+ O,Zn^2+ Te^4+ O,Zn Te O,Zn^2+ Te^4+ O,valid,,,
Zincostaurolite,Zn^2+^_2_Al_9_Si_4_O_23_(OH),Zn^2+ Al Si O H,Zn^2+ Al Si O H,Zn Al Si O H,Zn^2+ Al Si O H,valid,,,
Zincostottite,Zn^2+^Ge(OH)_6_,Zn^2+ Ge O H,Zn^2+ Ge O H,Zn Ge O H,Zn^2+ Ge O H,valid,,,
Zincostrunzite,Zn^2+^Fe^3+^_2_(PO_4_)_2_(OH)_2_·6.5H_2_O,Zn^2+ Fe^3+ P O H,Zn^2+ Fe^3+ P O H,Zn Fe P O H,Zn^2+ Fe^3+ P O H,valid,,,
Zincovelesite-6N6S,"Zn^2+^_3_(Fe^3+^,Mn^3+^,Al,Ti^4+^)_8_O_15_(OH)",Zn^2+ Fe^3+ Mn^3+ Al Ti^4+ O H,Zn^2+ Fe^3+ Mn^3+ Al Ti^4+ O H,Zn Fe Mn Al Ti O H,Zn^2+ Fe^3+ Mn^3+ Al Ti^4+ O H,valid,,,
Zincovoltaite,K_2_Zn^2+^_5_Fe^3+^_3_Al(S^6+^O_4_)_12_·18H_2_O,K Zn^2+ Fe^3+ Al S^6+ O H,K Zn^2+ Fe^3+ Al S^6+ O H,K Zn Fe Al S O H,K Zn^2+ Fe^3+ Al S^6+ O H,valid,,,
Zincowoodwardite,Zn^2+^_1-x_Al_x_(OH)_2_(S^6+^O_4_)_x/2_·nH_2_O (x=0.32-0.50),Zn^2+ Al O H S^6+,Zn^2+ Al O H S^6+,Zn Al O H S,Zn^2+ Al O H S^6+,valid,,,
Zincrosasite,"(Zn^2+^,Cu^2+^)_2_(CO_3_)(OH)_2_",Zn^2+ Cu^2+ C O H,Zn^2+ Cu^2+ C O H,Zn Cu C O H,Zn^2+ Cu^2+ C O H,valid,,,
Zincroselite,Ca_2_Zn^2+^(As^5+^O_4_)_2_·2H_2_O,Ca Zn^2+ As^5+ O H,Ca Zn^2+ As^5+ O H,Ca Zn As O H,Ca Zn^2+ As^5+ O H,valid,,,
Zincsilite,Zn^2+^_3_Si_4_O_10_(OH)_2_·4H_2_O,Zn^2+ Si O H,Zn^2+ Si O H,Zn Si O H,Zn^2+ Si O H,valid,,,
Zinczippeite,Zn^2+^(U^6+^O_2_)_2_(S^6+^O_4_)O_2_·3.5H_2_O,Zn^2+ U^6+ O S^6+ H,Zn^2+ U^6+ O S^6+ H,Zn U O S H,Zn^2+ U^6+ O S^6+ H,valid,,,
Zinkenite,Pb^2+^_9_Sb^3+^_22_S^2-^_42_,Pb^2+ Sb^3+ S^2-,Pb^2+ Sb^3+ S^2-,Pb Sb S,Pb^2+ Sb^3+ S^2-,valid,,,
Zinkgruvanite,Ba_4_Mn^2+^_4_Fe^3+^_2_(Si_2_O_7_)_2_(S^6+^O_4_)_2_O_2_(OH)_2_,Ba Mn^2+ Fe^3+ Si O S^6+ H,Ba Mn^2+ Fe^3+ Si O S^6+ H,Ba Mn Fe Si O S H,Ba Mn^2+ Fe^3+ Si O S^6+ H,valid,,,
Zinkosite,Zn^2+^S^6+^O_4_,Zn^2+ S^6+ O,Zn^2+ S^6+ O,Zn S O,Zn^2+ S^6+ O,valid,,,
Zippeite,K_2_[(U^6+^O_2_)_4_(S^6+^O_4_)_2_O_2_(OH)_2_](H_2_O)_4_,K U^6+ O S^6+ H,K U^6+ O S^6+ H,K U O S H,K U^6+ O S^6+ H,valid,,,
Zipserite,Bi_5_S_4_,Bi S,Bi S,Bi S,Bi S,valid,,,
Zircarsite,Na_18_Cu^2+^_12_Zr^4+^O_8_(As^5+^O_4_)_8_Cl_6_,Na Cu^2+ Zr^4+ O As^5+ Cl,Na Cu^2+ Zr^4+ O As^5+ Cl,Na Cu Zr O As Cl,Na Cu^2+ Zr^4+ O As^5+ Cl,valid,,,
Zircon,Zr^4+^SiO_4_,Zr^4+ Si O,Zr^4+ Si O,Zr Si O,Zr^4+ Si O,valid,,,
Zirconolite,"(Ca,Y)Zr^4+^(Ti^4+^,Mg,Al)_2_O_7_",Ca Y Zr^4+ Ti^4+ Mg Al O,Ca Y Zr^4+ Ti^4+ Mg Al O,Ca Y Zr Ti Mg Al O,Ca Y Zr^4+ Ti^4+ Mg Al O,valid,,,
Zircophyllite,K_2_NaFe^2+^_7_Zr^4+^_2_(Si_4_O_12_)_2_O_2_(OH)_4_F,K Na Fe^2+ Zr^4+ Si O H F,K Na Fe^2+ Zr^4+ Si O H F,K Na Fe Zr Si O H F,K Na Fe^2+ Zr^4+ Si O H F,valid,,,
Zircosulfate,Zr^4+^(S^6+^O_4_)_2_·4H_2_O,Zr^4+ S^6+ O H,Zr^4+ S^6+ O H,Zr S O H,Zr^4+ S^6+ O H,valid,,,
Zirkelite,"(Ti^4+^,Ca,Zr^4+^)O_2-x_",Ti^4+ Ca Zr^4+ O,Ti^4+ Ca Zr^4+ O,Ti Ca Zr O,Ti^4+ Ca Zr^4+ O,valid,,,
Zirklerite,"(Fe^2+^,Mg)_9_Al_4_Cl_18_(OH)_12_·14H_2_O",Fe^2+ Mg Al Cl O H,Fe^2+ Mg Al Cl O H,Fe Mg Al Cl O H,Fe^2+ Mg Al Cl O H,valid,,,
Ziroite,Zr^4+^O_2_,Zr^4+ O,Zr^4+ O,Zr O,Zr^4+ O,valid,,,
Zirsilite-(Ce),"(Na,[box])_12_(Ce^3+^,Na)_3_Ca_6_Mn^2+^_3_Zr^4+^_3_Nb^5+^Si_25_O_73_(OH)_3_(CO_3_)·H_2_O",Na Ce^3+ Ca Mn^2+ Zr^4+ Nb^5+ Si O H C,Na Ce^3+ Ca Mn^2+ Zr^4+ Nb^5+ Si O H C,Na Ce Ca Mn Zr Nb Si O H C,Na Ce^3+ Ca Mn^2+ Zr^4+ Nb^5+ Si O H C,valid,,,
Zirsinalite,Na_6_CaZr^4+^Si_6_O_18_,Na Ca Zr^4+ Si O,Na Ca Zr^4+ Si O,Na Ca Zr Si O,Na Ca Zr^4+ Si O,valid,,,
Zlatogorite,CuNiSb_2_,Cu Ni Sb,Cu Ni Sb,Cu Ni Sb,Cu Ni Sb,valid,,,
Znamenskyite,Pb^2+^_4_In^3+^_2_Bi^3+^_4_S^2-^_13_,Pb^2+ In^3+ Bi^3+ S^2-,Pb^2+ In^3+ Bi^3+ S^2-,Pb In Bi S,Pb^2+ In^3+ Bi^3+ S^2-,valid,,,
Znucalite,Zn^2+^_10_Ca(U^6+^O_2_)(CO_3_)_4_(OH)_16_(H_2_O)_5_,Zn^2+ Ca U^6+ O C H,Zn^2+ Ca U^6+ O C H,Zn Ca U O C H,Zn^2+ Ca U^6+ O C H,valid,,,
Zodacite,Ca_4_Mn^2+^Fe^3+^_4_(PO_4_)_6_(OH)_4_·12H_2_O,Ca Mn^2+ Fe^3+ P O H,Ca Mn^2+ Fe^3+ P O H,Ca Mn Fe P O H,Ca Mn^2+ Fe^3+ P O H,valid,,,
Zoharite,"(Ba,K)_6_(Fe,Cu,Ni)_25_S_27_",Ba K Fe Cu Ni S,Ba K Fe Cu Ni S,Ba K Fe Cu Ni S,Ba K Fe Cu Ni S,valid,,,
Zoisite,Ca_2_Al_3_(Si_2_O_7_)(SiO_4_)O(OH),Ca Al Si O H,Ca Al Si O H,Ca Al Si O H,Ca Al Si O H,valid,,,
Zoisite-(Pb),CaPb^2+^Al_3_[Si_2_O_7_][SiO_4_]O(OH),Ca Pb^2+ Al Si O H,Ca Pb^2+ Al Si O H,Ca Pb Al Si O H,Ca Pb^2+ Al Si O H,valid,,,
Zolenskyite,Fe^2+^Cr^3+^_2_S^2-^_4_,Fe^2+ Cr^3+ S^2-,Fe^2+ Cr^3+ S^2-,Fe Cr S,Fe^2+ Cr^3+ S^2-,valid,,,
Zolotarevite,Na_5_Zr^4+^[Si_6_O_15_(OH)_3_]·3H_2_O,Na Zr^4+ Si O H,Na Zr^4+ Si O H,Na Zr Si O H,Na Zr^4+ Si O H,valid,,,
Zoltaiite,BaV^4+^_2_V^3+^_12_Si_2_O_27_,Ba V^4+ V^3+ Si O,Ba V^4+ V^3+ Si O,Ba V Si O,Ba V^4+ V^3+ Si O,valid,,,
Zorite,"Na_6_Ti^4+^_5_Si_12_O_34_(O,OH)_5_·11H_2_O",Na Ti^4+ Si O H,Na Ti^4+ Si O H,Na Ti Si O H,Na Ti^4+ Si O H,valid,,,
Zoubekite,AgPb_4_Sb_4_S_10_,Ag Pb Sb S,Ag Pb Sb S,Ag Pb Sb S,Ag Pb Sb S,valid,,,
Zoyashlyukovaite,Mo^4+^C^4-^,Mo^4+ C^4-,Mo^4+ C^4-,Mo C,Mo^4+ C^4-,valid,,,
Zubkovaite,Ca_3_Cu^2+^_3_(As^5+^O_4_)_4_,Ca Cu^2+ As^5+ O,Ca Cu^2+ As^5+ O,Ca Cu As O,Ca Cu^2+ As^5+ O,valid,,,
Zugshunstite-(Ce),Ce^3+^Al(S^6+^O_4_)_2_((C_2_)^6+^O_4_)·12H_2_O,Ce^3+ Al S^6+ O C H,Ce^3+ Al S^6+ O C H,Ce Al S O C H,Ce^3+ Al S^6+ O C H,valid,,,
Zuktamrurite,FeP_2_,Fe P,Fe P,Fe P,Fe P,valid,,,
Zunyite,"Al_13_Si_5_O_20_(OH,F)_18_Cl",Al Si O H F Cl,Al Si O H F Cl,Al Si O H F Cl,Al Si O H F Cl,valid,,,
Zuolinite,Ba_2_Sr(Nb^5+^_4.5_Fe^3+^_0.5_)O_15_,Ba Sr Nb^5+ Fe^3+ O,Ba Sr Nb^5+ Fe^3+ O,Ba Sr Nb Fe O,Ba Sr Nb^5+ Fe^3+ O,valid,,,
Zussmanite,"K(Fe^2+^,Mg,Mn^2+^,Fe^3+^)_13_(Si,Al)_18_O_42_(OH)_14_",K Fe^2+ Mg Mn^2+ Fe^3+ Si Al O H,K Fe^2+ Mg Mn^2+ Fe^3+ Si Al O H,K Fe Mg Mn Si Al O H,K Fe^2+ Mg Mn^2+ Fe^3+ Si Al O H,valid,,,
Zvĕstovite-(Fe),Ag^1+^_6_(Ag^1+^_4_Fe^2+^_2_)As^3+^_4_S^2-^_13_,Ag^1+ Fe^2+ As^3+ S^2-,Ag^1+ Fe^2+ As^3+ S^2-,Ag Fe As S,Ag^1+ Fe^2+ As^3+ S^2-,valid,,,
Zvĕstovite-(Zn),Ag^1+^_6_(Ag^1+^_4_Zn^2+^_2_)As^3+^_4_S^2-^_13_,Ag^1+ Zn^2+ As^3+ S^2-,Ag^1+ Zn^2+ As^3+ S^2-,Ag Zn As S,Ag^1+ Zn^2+ As^3+ S^2-,valid,,,
Zvyaginite,Na[box]Nb^5+^_2_NaZn^2+^[box]Ti^4+^(Si_2_O_7_)_2_O_2_(OH)_2_(H_2_O)_4_,Na Nb^5+ Zn^2+ Ti^4+ Si O H,Na Nb^5+ Zn^2+ Ti^4+ Si O H,Na Nb Zn Ti Si O H,Na Nb^5+ Zn^2+ Ti^4+ Si O H,valid,,,
Zvyagintsevite,Pd_3_Pb,Pd Pb,Pd Pb,Pd Pb,Pd Pb,valid,,,
Zwieselite,Fe^2+^_2_PO_4_F,Fe^2+ P O F,Fe^2+ P O F,Fe P O F,Fe^2+ P O F,valid,,,
Zýkaite,Fe^3+^_4_(As^5+^O_4_)_3_S^6+^O_4_(OH)·15H_2_O,Fe^3+ As^5+ O S^6+ H,Fe^3+ As^5+ O S^6+ H,Fe As O S H,Fe^3+ As^5+ O S^6+ H,valid,,,
