mineral_index,Mineral Name,Derived Strunz Top-Level,Structural Groupname,Crystal Systems,MDS 1,MDS 2,MDS 3
0,Abellaite,05,Not in a structural group,hexagonal,-0.17020653899125654,-0.2409683002679343,-0.06133539168001413
1,Abelloemringerite,04,Not in a structural group,orthorhombic,0.6191179333938143,-0.11551066456699727,0.015375057500484662
2,Abelsonite,10,Not in a structural group,triclinic,0.6323774218131257,-0.026506765896933307,0.017097980128834622
3,Abenakiite-(Ce),09,Not in a structural group,hexagonal,-0.1956446981323302,-0.16745874314624865,0.09766092358749062
4,Abernathyite,08,Trögerite,tetragonal,-0.24437732576563032,-0.19656185200688386,0.3455692751229142
5,Abhurite,03,Not in a structural group,hexagonal,0.6254260236910161,-0.1060513623074931,0.011420265937887164
6,Abramovite,02,Not in a structural group,triclinic,0.6471365224781425,-0.03803721599576478,-0.013022588171442544
7,Abswurmbachite,09,Braunite,tetragonal,-0.1737213311910726,-0.10410694289742912,0.03922133736334741
8,Abuite,08,Not in a structural group,orthorhombic,-0.25422775634815875,0.0022090256846538404,0.32453917215147476
9,Acanthite,02,Acanthite,monoclinic,0.6944191096694468,-0.049184976473974434,0.00832684412111598
10,Acetamide,10,Not in a structural group,hexagonal,0.6270372461975946,-0.0726042802564707,0.017190842702585953
11,Achalaite,04,Columbite,monoclinic,0.6539284857815034,-0.09457933781483188,0.051681101877281595
12,Achávalite,02,Nickeline,hexagonal,0.6106436799364408,0.0011729157521659424,0.01947493825019217
13,Achyrophanite,08,Not in a structural group,orthorhombic,-0.21969891132958622,-0.1209480079124759,0.3410350602384735
14,Acmonidesite,07,Not in a structural group,orthorhombic,-0.25218524403285103,-0.15973462044057263,-0.2797215922949951
15,Actinolite,09,Amphibole,monoclinic,0.5720699106582314,-0.06364625550981981,0.05069013443107319
16,Acuminite,03,Tikhonenkovite,monoclinic,0.5958221365654184,-0.0531707231913341,0.021752415670444756
17,Adachiite,09,Tourmaline,hexagonal,-0.1504068825139128,-0.19919013851297787,-0.007252841073397652
18,Adamite,08,Andalusite,orthorhombic,-0.23532093868280968,-0.14730300356992726,0.33030994276092623
19,Adamsite-(Y),05,Not in a structural group,triclinic,-0.2880426470987117,0.2670024357667494,-0.09937194391496107
20,Adanite,07,,monoclinic,-0.32828194626176666,0.27906709902983723,-0.42998840130864746
21,Addibischoffite,04,Sapphirine,triclinic,0.6089413789041058,-0.0721645112506972,0.0048348374053054505
22,Adelite,08,Conichalcite,orthorhombic,-0.2301272750690379,-0.152729870305687,0.32518501541523237
23,Admontite,06,Not in a structural group,monoclinic,0.5945588856435806,0.014894876084520907,0.030137444824635217
24,Adolfpateraite,07,Not in a structural group,monoclinic,-0.22340739796859774,-0.2953917241482338,-0.25637887232740175
25,Adranosite,07,Adranosite,tetragonal,-0.23884004590184896,-0.19837235092335803,-0.277363032900491
26,Adranosite-(Fe),07,Adranosite,tetragonal,-0.2401580726319127,-0.1960630596609873,-0.2716389419013848
27,Adrianite,09,,cubic,0.5936311902342577,-0.022651506311667173,0.01813694151395081
28,Aegirine,09,Pyroxene,monoclinic,0.5974437379678839,-0.03915008542393997,0.04590356675805915
29,Aegirine-augite,09,Pyroxene,monoclinic,0.5781010095595086,-0.03429477074184423,0.04922253161298232
30,Aenigmatite,09,Sapphirine,triclinic,0.5987486372803339,-0.04486987999974115,0.04077941464454753
31,Aerinite,09,Not in a structural group,hexagonal,-0.1982372094850931,-0.24857245293693556,-0.020814073057071572
32,Aerugite,08,Not in a structural group,hexagonal,-0.29695318104865925,0.41672600953519984,0.31866487153077583
33,Aeschynite-(Ce),04,Aeschynite,orthorhombic,0.6677322695817131,-0.08615616515946736,0.054283690714588516
34,Aeschynite-(Nd),04,Aeschynite,orthorhombic,0.6623319804898642,-0.0876395377327224,0.04509565766709149
35,Aeschynite-(Y),04,Aeschynite,orthorhombic,0.661811775345411,-0.08726969947217607,0.045162728019531445
36,Afghanite,09,Cancrinite-sodalite,hexagonal,-0.21394084261268992,-0.18461182813940924,-0.25950177674468244
37,Afmite,08,,triclinic,-0.23559595098120573,-0.2269834312810512,0.3179258055395697
38,Afwillite,09,Spurrite-Afwillite,"monoclinic, triclinic",-0.16349516594182611,-0.23295767021895541,0.017491277263556666
39,Agaite,05,Not in a structural group,orthorhombic,-0.19130350188726078,-0.253967451866123,-0.21966561928171074
40,Agakhanovite-(Y),09,Milarite,hexagonal,0.6066076768521268,-0.028989009737706142,0.02636762296881541
41,Agardite-(Ce),08,Mixite,hexagonal,-0.24077796562056597,-0.2111017332109004,0.3135539685051677
42,Agardite-(La),08,Mixite,hexagonal,-0.2407051802696213,-0.21112868910077198,0.3134175879978535
43,Agardite-(Nd),08,Mixite,hexagonal,-0.2397746863907264,-0.21151491438768222,0.31185820747460724
44,Agardite-(Y),08,Mixite,hexagonal,-0.2398008035031273,-0.21149810724875487,0.31191170962410114
45,Agmantinite,02,Wurtzite,"monoclinic, orthorhombic",0.6683771518849365,-0.03745872780364836,0.03503965739570804
46,Agrellite,09,Not in a structural group,triclinic,0.5979575059536003,-0.02334461454735197,0.02681495930620293
47,Agricolaite,05,Not in a structural group,monoclinic,-0.16588550160435345,-0.22080619841438656,-0.04432350595782238
48,Agrinierite,04,Compreignacite,orthorhombic,0.6226481626495572,-0.23181464118380962,0.03287488287018677
49,Aguilarite,02,Acanthite,"orthorhombic, monoclinic",0.6947336077560979,-0.049645724425721474,0.006592247997233888
50,Aheylite,08,Turquoise,triclinic,-0.24073214069976126,-0.21216935284670105,0.3242158508755604
51,Ahlfeldite,04,Cobaltomenite,monoclinic,-0.3387891297768516,0.28843306632492266,-0.3728231294216081
52,Ahrensite,09,Spinel,cubic,0.6073490586770118,-0.020675987856316323,0.008788020025793451
53,Aikinite,02,Meneghinite,orthorhombic,0.6595043781549513,-0.035571056021585605,-0.023807443297058008
54,Aiolosite,07,Apatite,hexagonal,-0.23814918083057146,-0.07206868967120791,-0.2977482876736445
55,Airdite,08,,monoclinic,-0.254024844757408,-0.07214965153881585,0.34064581973164043
56,Ajoite,09,Ajoite,triclinic,0.6103417906382383,-0.18360036358468174,0.0018400898263865664
57,Akaganeite,03,Coronadite,"monoclinic, tetragonal",0.5855395885582395,-0.15084755529928082,0.04717057048139664
58,Akaogiite,04,Baddeleyite,monoclinic,0.6775155668042364,-0.08134418622872966,0.044383340321407366
59,Akasakaite-(Ce),09,Epidote,monoclinic,-0.17545069671900004,-0.1630948984677345,0.03792582543354054
60,Akasakaite-(La),09,Epidote,monoclinic,-0.17527367063374716,-0.16318797285369901,0.03749231166336045
61,Akatoreite,09,Not in a structural group,triclinic,0.5889080752111918,-0.12273955640785437,0.04434674230530594
62,Akdalaite,04,Nolanite,"hexagonal, orthorhombic",0.6075508242891017,-0.11432674321216371,0.009239730508442217
63,Åkermanite,09,Melilite,tetragonal,0.5943082443827714,-0.010420335189787893,0.0277022598169857
64,Akhtenskite,04,Feroxyhyte,hexagonal,0.6413499078749232,-0.035821044296616034,0.057496201483945075
65,Akimotoite,09,Corundum,hexagonal,-0.25544896748851426,0.364780562398094,-0.055134885191254424
66,Aklimaite,09,Not in a structural group,monoclinic,0.588557445693062,-0.18090368178603108,0.028400942259327343
67,Akopovaite,05,Hydrotalcite,monoclinic,-0.17792600800193722,-0.29186205315928904,-0.03246099870033579
68,Akrochordite,08,Akrochordite,monoclinic,-0.24250086370495944,-0.1774288560549298,0.34306027929047
69,Aksaite,06,Not in a structural group,orthorhombic,0.6004415019952971,-0.1547926883528647,0.032818986697552996
70,Aktashite,02,Nowackiite,hexagonal,0.6785586395605124,-0.03193709620470857,-0.012885046882119612
71,Alabandite,02,Rocksalt,cubic,0.6281633600292196,0.016196730699567435,0.018778992568015927
72,Alacránite,02,Not in a structural group,monoclinic,0.7910496816935351,0.0393503487943759,-0.026727977665760662
73,Alamosite,09,Not in a structural group,monoclinic,-0.2584803382885108,0.35569047602828285,-0.14618085188409996
74,Alarsite,08,Quartz,hexagonal,-0.3245090115647478,0.33945681957115525,0.2828994124568599
75,Albertiniite,04,Albertiniite,monoclinic,-0.3455334037990699,0.27319587020183955,-0.37657681079344596
76,Albite,09,Feldspar,triclinic,0.6070783164661818,-0.05455487742880513,0.016014679814835456
77,Albrechtschraufite,05,Not in a structural group,triclinic,-0.202001994334935,-0.2252663831999715,-0.0476538250665295
78,Alburnite,02,Argyrodite,cubic,0.6903968121638052,-0.05051331810480038,0.00813743355202725
79,Alcantarillaite,08,Walentaite,orthorhombic,-0.24781950916647613,-0.08538018136324155,0.3551550810422798
80,Alcaparrosaite,07,Alcaparrosaite,monoclinic,-0.21713389446376646,-0.21840179098439266,-0.2474278736843622
81,Aldermanite,08,Aldermanite,"orthorhombic, monoclinic",-0.24682464963511863,-0.22422044387211854,0.3441189225847074
82,Aldomarinoite,08,Brackebuschite,monoclinic,-0.22832551324812728,-0.14861124171561202,0.33655482716045065
83,Aldridgeite,07,Devilline,monoclinic,-0.22340879613166176,-0.281790856944178,-0.26436892665241263
84,Aleksandrovite,09,Baratovite,monoclinic,0.6078861110178375,-0.04006546749400493,0.030954707989237815
85,Aleksite,02,Tetradymite,hexagonal,0.6562981322350762,-0.013445475476077029,-0.01396617787147275
86,Aleutite,08,Not in a structural group,monoclinic,-0.23638955903736522,-0.09061860111872268,0.29648319424707076
87,Alexearlite,07,Not in a structural group,orthorhombic,-0.1646216796414009,-0.06412545918053664,-0.038715333828503444
88,Alexkhomyakovite,05,Not in a structural group,hexagonal,-0.2142787224467307,-0.09811079447571709,-0.05899177076035714
89,Alexkuznetsovite-(Ce),09,Biraite,monoclinic,-0.17174400374804652,-0.14928698665596302,-0.030777694358484896
90,Alexkuznetsovite-(La),09,Biraite,monoclinic,-0.17148794109605242,-0.14962146878753152,-0.031612331465136576
91,Alexshubnikovite,08,Tyrolite,monoclinic,-0.25491270974564645,-0.2239237743008497,0.3264872966378526
92,Alflarsenite,09,,monoclinic,0.5945498780493731,-0.09157209175588395,0.032000408590155405
93,Alforsite,08,Apatite,hexagonal,-0.25644377584554046,0.016987461515339544,0.33258182691462396
94,Alfredcasparite,09,Melilite,tetragonal,0.6264034440140641,-0.04849284697773811,0.036383882356018866
95,Alfredopetrovite,04,Not in a structural group,hexagonal,-0.3149847339278629,0.2449208550829413,-0.388431642526515
96,Alfredstelznerite,06,Not in a structural group,orthorhombic,0.6166802946216164,-0.18479345066491737,0.025994790407591416
97,Algodonite,02,Not in a structural group,hexagonal,0.6741652607137015,0.09517110593964273,-0.020796467305159907
98,Alicewilsonite-(YCe),05,Mckelveyite,triclinic,-0.29448237490206386,0.26040834798759493,-0.08800513652155273
99,Alicewilsonite-(YLa),05,Mckelveyite,triclinic,-0.2943314994555479,0.2604516723538766,-0.0884699278401315
100,Aliettite,09,"Corrensite, Clay",,0.5825378382144252,-0.11688363546526839,0.02777940323419775
101,Allabogdanite,01,Barringerite,orthorhombic,0.6325830102949915,0.12612047999796355,0.017200661432629525
102,Allactite,08,Allactite,monoclinic,-0.23013855953347068,-0.17062018282066005,0.3309190475377106
103,Allanite-(Ce),09,"Allanite, Epidote",monoclinic,-0.17622932260274982,-0.16359589903093574,0.03499316766551779
104,Allanite-(La),09,"Allanite, Epidote",monoclinic,-0.17605206067644244,-0.16369040320562786,0.03455873202963987
105,Allanite-(Nd),09,"Allanite, Epidote",monoclinic,-0.17410869924102945,-0.16263152784747886,0.0317843106668097
106,Allanite-(Sm),09,"Allanite, Epidote",monoclinic,-0.17404534920787978,-0.1626783621744069,0.03179878053213969
107,Allanite-(Y),09,"Allanite, Epidote",monoclinic,-0.17409355164982135,-0.16253168809599594,0.03189591787011062
108,Allanpringite,08,Wavellite,monoclinic,-0.24632532132881885,-0.19277833122386978,0.3418855583833255
109,Allantoin,10,,monoclinic,0.6262508318338023,-0.0768263825433976,0.016969421111151323
110,Allargentum,02,Allargentum,hexagonal,0.6324233671846641,0.5286406367338025,-0.0509508972898554
111,Alleghanyite,09,Humite,monoclinic,-0.18450055250319136,-0.16443624126092737,0.041806865231811124
112,Allendeite,04,,hexagonal,0.6346564848076927,-0.08229593123723539,0.02954748287533821
113,Allochalcoselite,03,Not in a structural group,monoclinic,-0.2154284633910385,-0.1315956350928555,-0.36520222654341483
114,Alloclasite,02,Marcasite,monoclinic,0.6474142292141314,0.07612171949293632,0.04576455598771767
115,Allophane,09,Allophane,,-0.08256144146696923,-0.1541962235674398,-0.026881573782206757
116,Alloriite,09,"Cancrinite-sodalite, Cancrinite",hexagonal,-0.22126579733178547,-0.20599424619945572,-0.23771074349822502
117,Alluaivite,09,Eudialyte,hexagonal,0.6090488542912541,-0.06872600232936553,0.045727598471786174
118,Alluaudite,08,Alluaudite,monoclinic,-0.3415370372579305,0.3374234651650719,0.31510525977977477
119,Almagreraite,04,Nolanite,orthorhombic,0.6246099389669816,-0.05197021591220643,0.035928545283997054
120,Almandine,09,Garnet,cubic,-0.2837685028534402,0.34711223931229146,-0.034424135179965995
121,Almarudite,09,Milarite,hexagonal,0.5866289169425281,-0.03798342912453378,0.03943200546297167
122,Almeidaite,04,Crichtonite,hexagonal,0.6196837905496712,-0.0783231834490804,0.0606069044425963
123,Alnaperbøeite-(Ce),09,Gatelite,monoclinic,-0.17256833885907075,-0.1762949356806231,0.03484544717681759
124,Alpeite,09,Ardennite,orthorhombic,-0.2075046500357316,-0.17921889312008427,0.16275807818645713
125,Alpersite,07,Melanterite,monoclinic,-0.3446447462675969,0.27549068129808474,-0.3232771660007339
126,Alsakharovite-Zn,09,Labuntsovite,monoclinic,0.6351899922724229,-0.1601329653225676,0.0590318643561145
127,Alstonite,05,Alstonite,"triclinic, orthorhombic, hexagonal",-0.27910954586752856,0.2960584983720111,-0.11142575189821548
128,Altaite,02,Rocksalt,cubic,0.6492492272735552,-0.02384994935879131,-0.058048120534444164
129,Alterite,10,"Alterite, Oxalate",monoclinic,-0.24826258413686103,-0.2520115355811967,-0.24919535422853922
130,Althausite,08,Not in a structural group,orthorhombic,-0.23563611399277923,-0.08988281306574418,0.33174769731942455
131,Althupite,08,Not in a structural group,triclinic,-0.25579570354608877,-0.25927138216573287,0.3673594130527458
132,Altisite,09,Lemoynite,monoclinic,0.6196217640364193,-0.05613198445646997,0.03310279296733917
133,Aluminite,07,Aluminite,monoclinic,-0.22756727036297508,-0.2978398404536486,-0.261892949578282
134,Aluminium,01,Copper,cubic,0.5957119325185212,0.5026636989689,-0.06020424662010137
135,Aluminoceladonite,09,Mica,"monoclinic, hexagonal",0.5755650147748737,-0.1245905956961181,0.04700382354322405
136,Aluminocerite-(CeCa),09,Cerite,hexagonal,-0.1783475437777344,-0.20450952767444042,0.030754371969563172
137,Aluminocopiapite,07,Copiapite,triclinic,-0.25117155428989035,-0.2548160489201497,-0.25488212727272996
138,Aluminocoquimbite,07,Coquimbite,hexagonal,-0.36295053879363004,0.24578621571222864,-0.3495822784734144
139,Aluminomagnesiohulsite,06,Hulsite,monoclinic,-0.14857780802628162,-0.13304773821531038,-0.0029499094230538907
140,Alumino-oxy-rossmanite,09,Tourmaline,hexagonal,-0.14224483025555987,-0.1946103438652917,-0.01996306005707226
141,Aluminopyracmonite,07,Pyracmonite,hexagonal,-0.25586925624518975,-0.15800391299595576,-0.29479866508226504
142,Aluminosugilite,09,Milarite,hexagonal,0.6142259528523364,-0.051881551058032646,0.01955863708103891
143,Aluminotaipingite-(CeCa),09,Cerite,hexagonal,-0.18067060066495416,-0.1740325091016391,0.028085504640233336
144,Alum-(K),07,Alum,cubic,-0.3412563776432439,0.23166916155186987,-0.3503181175894984
145,Alum-(Na),07,Alum,cubic,-0.34148761462140653,0.23001209342350315,-0.3470866335721728
146,Alumoåkermanite,09,Melilite,tetragonal,0.5811127712477584,-0.045814624505873536,0.04089337009710545
147,Alumoedtollite,08,Edtollite,triclinic,-0.2245731457710797,-0.1372934912072309,0.30559808318153114
148,Alumohydrocalcite,05,Alumohydrocalcite,triclinic,-0.1861071355781424,-0.29290636360818983,-0.03951843011570702
149,Alumoklyuchevskite,07,Klyuchevskite,monoclinic,-0.20975194541273237,-0.20754503389623624,-0.27526995165998974
150,Alumolukrahnite,08,Natrochalcite-Helmutwinklerite,triclinic,-0.23204040078824112,-0.18098326851639937,0.3140461365053253
151,Alumotantite,04,Not in a structural group,orthorhombic,0.644012253243657,-0.09877133054313698,0.017282274707880206
152,Alumovesuvianite,09,Vesuvianite,tetragonal,-0.1780183447276705,-0.1692301725139945,0.027545492544229725
153,Alunite,07,Alunite-Alunite,hexagonal,-0.21235397408006573,-0.2690075730630722,-0.2500593951727461
154,Alunogen,07,Not in a structural group,triclinic,-0.3463481759839494,0.24275733094556257,-0.37406240494312365
155,Alvanite,04,Chalcoalumite,monoclinic,-0.22218755284301955,-0.22581600077412411,0.3042455542580708
156,Alvesite,09,Elpidite,orthorhombic,0.6341053973806083,-0.07170846499768319,0.03879245724488933
157,Alwilkinsite-(Y),07,Not in a structural group,orthorhombic,-0.2484071960772393,-0.35422839066613,-0.27505544063806925
158,Amableite-(Ce),09,Eudialyte,hexagonal,0.6033810180671058,-0.10259207141280927,0.052835499066036365
159,Amakinite,04,Brucite,hexagonal,0.5848604931747755,-0.16999225596996687,0.03472951602171111
160,Amamoorite,09,Ilvaite,monoclinic,0.5898360182884541,-0.07750151436444185,0.053682895885440736
161,Amarantite,07,Amarantite,triclinic,-0.24022936984200388,-0.18330922496773394,-0.26387713056622397
162,Amarillite,07,Tamarugite,monoclinic,-0.34584430044901204,0.24246293265397265,-0.31682399247912224
163,Amaterasuite,09,Not in a structural group,orthorhombic,0.6315873034429387,-0.08681669992926459,0.0496500785319296
164,Amblygonite,08,Titanite-Amblygonite,triclinic,-0.2523207520821356,-0.004082257219608226,0.3301182288260891
165,Ambrinoite,02,Not in a structural group,triclinic,0.6343720663490484,-0.08791908090452344,0.0382097812892963
166,Ameghinite,06,Not in a structural group,monoclinic,0.6034638568206441,-0.14862670392459643,0.03685814218303347
167,Amesite,09,"Clay, Serpentine","triclinic, hexagonal",-0.11923272426343404,-0.20574150206261477,0.02196259767651649
168,Amgaite,07,Malladrite,hexagonal,-0.22787826557771265,0.3589501328290175,-0.4179154466654434
169,Amicite,09,Gismondine,monoclinic,0.6092165607698701,-0.08903818937332725,0.015440213776741539
170,Aminoffite,09,Not in a structural group,tetragonal,0.5904841016839363,-0.10438125829689249,0.029923486352782393
171,Ammineite,03,Not in a structural group,orthorhombic,0.6240319337780339,-0.03908935963938487,0.00484146985871697
172,Ammonioalunite,07,Alunite-Alunite,hexagonal,-0.21498880751507526,-0.2601377659335159,-0.2592033478094729
173,Ammonioborite,06,Not in a structural group,monoclinic,0.6203844740744751,-0.15647351083791647,0.018074728143096415
174,Ammoniojarosite,07,Alunite-Alunite,hexagonal,-0.21821113013633775,-0.2531411696288646,-0.24675667416329988
175,Ammoniolasalite,04,Pascoite,monoclinic,0.6084032635681326,-0.17540604944256344,0.040207705047252074
176,Ammonioleucite,09,Analcime,tetragonal,0.60591992256483,-0.14967023688314834,0.022420278684789557
177,Ammoniomagnesiovoltaite,07,Voltaite,cubic,-0.2869654369196021,-0.16764015801226906,-0.2717244520415204
178,Ammoniomathesiusite,07,Mathesiusite,tetragonal,-0.2482690276428308,-0.26410070199216346,-0.159888135122817
179,Ammoniotinsleyite,08,Leucophosphite,monoclinic,-0.25348793175507833,-0.16253684162537863,0.3324914761014377
180,Ammoniovoltaite,07,Voltaite,cubic,-0.2817779788720692,-0.1580958858228348,-0.28020349290778906
181,Ammoniozippeite,07,Zippeite,orthorhombic,-0.22912461089717714,-0.28082825735551986,-0.26908137827960454
182,Amoraite,05,Hydrotalcite,triclinic,-0.21901947011202716,-0.32410439276599873,-0.1411848272136558
183,Amstallite,09,Not in a structural group,monoclinic,0.59058883824697,-0.15022277832460085,0.02113139813229018
184,Amurselite,04,Not in a structural group,triclinic,-0.2274568171310212,-0.34685985614621345,-0.29443947426520095
185,Analcime,09,Analcime,"tetragonal, cubic, orthorhombic, monoclinic, hexagonal",0.6073672728469764,-0.06724286756420102,0.01628285460282622
186,Anandite,09,"Mica, Clay","monoclinic, orthorhombic",0.5856722177501369,-0.07767952503960261,0.03906110848647029
187,Anapaite,08,Not in a structural group,triclinic,-0.3566771269976634,0.31165147744452776,0.2951151279353633
188,Anastasenkoite,08,Anastasenkoite,triclinic,0.5868655480315215,-0.031026443588982745,0.02513179365255109
189,Anatase,04,Not in a structural group,tetragonal,0.6769091344060401,-0.08093546788903264,0.04332256785215604
190,Anatolygurbanovite,09,Margarosanite,triclinic,0.6126436938213565,-0.02273236195018643,0.00853740793551515
191,Anatolyite,08,Yurmarinite,hexagonal,-0.33429562457412165,0.3154509050496491,0.3028933318178547
192,Ancylite-(Ce),05,Ancylite,orthorhombic,-0.1817663088302335,-0.25347770728800545,-0.0256191888775151
193,Ancylite-(La),05,Ancylite,orthorhombic,-0.18153707650874937,-0.2537529565893153,-0.026350833996888423
194,Andalusite,09,Andalusite,orthorhombic,-0.20316381420610127,0.38808443826622796,-0.0728245126248286
195,Andersonite,05,Not in a structural group,hexagonal,-0.17304375054427257,-0.2826360460051253,-0.027402710247259175
196,Andradite,09,Garnet,"cubic, triclinic",-0.28471473785302226,0.3375241034749777,-0.01969338161706176
197,Andreadiniite,02,Lillianite,monoclinic,0.6731604016949492,-0.025736370196342555,0.002788904796660111
198,Andrémeyerite,09,Not in a structural group,"orthorhombic, monoclinic",0.591617757112901,-0.0329263400812054,0.025842283444132516
199,Andreybulakhite,10,"Oxalate, Humboldtine",monoclinic,0.6233807849216279,6.0146202247756374e-05,0.01625262284611921
200,Andreyivanovite,01,Barringerite,orthorhombic,0.6305102549052626,0.12399710819035957,0.01461520410625381
201,Andrianovite,09,Eudialyte,hexagonal,0.5904948778070725,-0.13050320008807878,0.05726235120126989
202,Andrieslombaardite,02,Ullmannite,cubic,0.6692843156264175,-0.031676489882892636,0.010749662723073853
203,Anduoite,02,,orthorhombic,0.6823995759535765,0.09982431038613213,-0.0032727749187088494
204,Andychristyite,07,Not in a structural group,triclinic,-0.28879767224991476,0.30324137393250017,-0.4299207170377035
205,Andymcdonaldite,07,Tapiolite,tetragonal,-0.24972288870653014,0.36727464411821126,-0.36778780514139336
206,Andyrobertsite,08,Andyrobertsite,monoclinic,-0.24198332200599393,-0.1656192517785844,0.31648106792384434
207,Angarfite,08,Not in a structural group,orthorhombic,-0.2435453553453657,-0.18546910170399963,0.3421478658918558
208,Angastonite,08,,triclinic,-0.24522908684842787,-0.21281133153219375,0.33063152289446107
209,Ángelaite,02,Kobellite,orthorhombic,0.6703980031507806,-0.04715099442140383,-0.016423489248509976
210,Angelellite,08,Not in a structural group,triclinic,-0.23289482206969664,-0.07827623457322712,0.3441348920620044
211,Anglesite,07,Baryte,orthorhombic,-0.3336599844070585,0.2864975408655989,-0.41908920362968105
212,Anhydrite,07,Not in a structural group,orthorhombic,-0.32482176063155516,0.27469498585974533,-0.3541132404610168
213,Anhydrokainite,07,Chlorothionite,hexagonal,-0.24717513120814621,-0.05442653740791775,-0.26335123055631193
214,Anilite,02,Digenite,orthorhombic,0.6550584975653975,-0.03162788186680793,-0.016706831184817188
215,Ankerite,05,Calcite-Dolomite,hexagonal,-0.2910045601421447,0.28509653162709836,-0.09957877005902971
216,Ankinovichite,04,Chalcoalumite,monoclinic,-0.2221936085865901,-0.22577117970125432,0.30432870739465046
217,Annabergite,08,Vivianite,monoclinic,-0.37471638027255955,0.3547176117792525,0.30135719005618633
218,Anningite-(Ce),08,Zircon,tetragonal,-0.3389109534261638,0.33800119865134903,0.3088706139054353
219,Annite,09,"Mica, Clay",monoclinic,0.5817308804019422,-0.1173131320689281,0.04100969679534146
220,Annivite-(Zn),02,Tetrahedrite,cubic,0.6672845242595938,-0.04041121693288356,0.0055091903878207605
221,Anorpiment,02,Not in a structural group,triclinic,0.7897428271310597,0.03190147498837319,-0.021713797204859706
222,Anorthite,09,Feldspar,triclinic,0.6010425933590422,-0.05503294215113786,0.007806538315141497
223,Anorthominasragrite,07,Minasragrite,triclinic,-0.2950799459172363,-0.19665488682914853,-0.399258630537687
224,Anorthoroselite,08,Fairfieldite,triclinic,-0.3494574624624691,0.3250017076935624,0.2945481871937852
225,Anorthoyttrialite-(Y),09,,triclinic,-0.15123002707066455,-0.11189751837183277,0.014326797048348713
226,Ansermetite,04,Not in a structural group,monoclinic,0.622162477664866,-0.018854894503577177,0.02156722781268559
227,Antarcticite,03,Not in a structural group,hexagonal,0.6301246361524545,0.08289025557025573,-0.013331902535696669
228,Anthoinite,07,Anthoinite,triclinic,-0.1565008303863526,-0.20935234346484263,-0.026622625410998163
229,Anthonyite,04,Anthonyite,,0.6048773749030587,-0.20772659485491526,0.009818449892276298
230,Anthophyllite,09,Amphibole,orthorhombic,0.5729297128844779,-0.05001359773977642,0.04957330271302904
231,Antigorite,09,"Serpentine, Clay",monoclinic,0.5720685705956741,-0.13217262158614762,0.04960021563758174
232,Antimonselite,02,Stibnite,orthorhombic,0.6808220274944181,-0.008740681391146447,0.016765501062806745
233,Antimony,01,Arsenic,"hexagonal, cubic, tetragonal",0.6301226254778446,0.5283836630697991,-0.05471616546385191
234,Antipinite,10,"Not in a structural group, Oxalate",triclinic,0.61875020970362,-0.04894472454760196,0.007256963196288289
235,Antipovite,08,,triclinic,-0.23235519856575992,-0.12052195062841806,0.3082105537298766
236,Antlerite,07,Not in a structural group,orthorhombic,-0.213841518347742,-0.2681663449915572,-0.2695698290556037
237,Antofagastaite,07,Syngenite,monoclinic,-0.3365908490031686,0.24206600068627632,-0.3308374025353875
238,Anyuiite,01,Khatyrkite,tetragonal,0.6199415345602142,0.519133434965541,-0.07778285087135485
239,Anzaite-(Ce),04,Not in a structural group,monoclinic,0.6339112816369665,-0.11220821354592994,0.06263242748388319
240,Apachite,09,Not in a structural group,monoclinic,0.6531557179818286,-0.08767231569048294,-0.041663335505462404
241,Apexite,08,Struvite,triclinic,-0.3579514013028662,0.30892731485468106,0.3129652176631319
242,Aphthitalite,07,Aphthitalite,hexagonal,-0.3191292810219047,0.26288793943486743,-0.3446264359024507
243,Apjohnite,07,Halotrichite,monoclinic,-0.3481531163061226,0.24517022151989712,-0.3538971834975243
244,Aplowite,07,Starkeyite,monoclinic,-0.35894902190761446,0.2884744062313155,-0.35702598082862863
245,Apuanite,02,Minium,tetragonal,0.6257164446522203,-0.04011961138590332,0.0369316663827582
246,Aqualite,09,Eudialyte,hexagonal,0.5910578438165324,-0.1569763303568877,0.045364448431330764
247,Aradite,09,Zadovite,hexagonal,-0.25222264681506396,0.009702971397337848,0.26291565759761326
248,Aragonite,05,Aragonite,orthorhombic,-0.2796223266827049,0.2971119447261117,-0.11420775070709015
249,Arakiite,08,Hematolite,monoclinic,-0.22719721688215877,-0.18484059854707358,0.3239628883255077
250,Aramayoite,02,Aramayoite,triclinic,0.6861636992917187,-0.02403136275330601,0.021340852181685074
251,Arangasite,08,Not in a structural group,monoclinic,-0.2780261367105756,-0.06724406349833127,0.009345905413227629
252,Arapovite,09,Steacyite,tetragonal,0.6065333349734117,-0.05202433416831807,0.032885505166803455
253,Aravaipaite,03,Aravaipaite,"triclinic, monoclinic",0.6392400997603435,0.062183384987492984,-0.057391864868745354
254,Aravaite,09,Arctite,hexagonal,-0.22384467408356357,-0.04531869439538154,0.11848320015457395
255,Arcanite,07,Arcanite,orthorhombic,-0.3184618582109797,0.26615569123350424,-0.34797525226406767
256,Archerite,08,Biphosphammite,tetragonal,-0.34329423267416415,0.23961129732653996,0.3073029022657088
257,Arctite,08,Arctite,hexagonal,-0.2626510939562736,0.0023415150673477443,0.3366056370364019
258,Arcubisite,02,Not in a structural group,,0.6614232320913499,-0.022338166214110732,0.003388845872521449
259,Ardaite,02,Madocite,monoclinic,0.6553826678027677,-0.009799947404864971,-0.028630219763331
260,Ardealite,08,Gypsum,monoclinic,-0.2561744750017721,-0.24023479552966534,0.015605445769045087
261,Ardennite-(As),09,Ardennite,orthorhombic,-0.20623716849964335,-0.18099387136543932,0.1589078745481317
262,Ardennite-(V),09,Ardennite,orthorhombic,0.584984953030848,-0.13353570378439417,0.03850760610474635
263,Arfvedsonite,09,Amphibole,monoclinic,0.5817361648066451,-0.09215114238594,0.04778988538815111
264,Argandite,08,Allactite,monoclinic,-0.22907394361570277,-0.17006574023869198,0.326523423906512
265,Argentobaumhauerite,02,Sartorite,"monoclinic, triclinic",0.6596250251877431,0.0046451064572411195,-0.02441400536665081
266,Argentodufrénoysite,02,Sartorite,triclinic,0.6556408298988002,-0.0019248478704419923,-0.05149043465974112
267,Argentojarosite,07,Alunite-Alunite,hexagonal,-0.2135411736725682,-0.2583691597888361,-0.24160175705379297
268,Argentoliveingite,02,Sartorite,triclinic,0.653251068989257,0.0007352836614659599,-0.054433183255063605
269,Argentopearceite,02,Polybasite,hexagonal,0.6932747011381687,-0.03697036628522088,0.010067052325464523
270,Argentopentlandite,02,Pentlandite,cubic,0.6159223771848867,0.000493063029923595,0.020485951847319078
271,Argentopolybasite,02,Polybasite,"hexagonal, monoclinic",0.6931231130033837,-0.045362695704549996,0.012280099216417312
272,Argentopyrite,02,Cubanite,monoclinic,0.6303353969987865,-0.019554667824856223,0.03340607241387926
273,Argentotennantite-(Fe),02,Tetrahedrite,cubic,0.6733414312494208,-0.0356615562735036,0.007995161604822556
274,Argentotennantite-(Zn),02,Tetrahedrite,cubic,0.676995976836701,-0.02935363150609746,0.011157577822722278
275,Argentotetrahedrite-(Cd),02,Tetrahedrite,cubic,0.6749644136829476,-0.040285927951558206,0.01660797205318913
276,Argentotetrahedrite-(Fe),02,Tetrahedrite,cubic,0.6719146556709326,-0.04508683255273509,0.0147450200084469
277,Argentotetrahedrite-(Hg),02,Tetrahedrite,cubic,0.6830936331071142,-0.04464884266512548,0.006668771109697092
278,Argentotetrahedrite-(Zn),02,Tetrahedrite,cubic,0.674775144855177,-0.040239538106323455,0.01667901063581846
279,Argesite,02,Not in a structural group,hexagonal,0.6281002315482124,-0.030578957092096896,0.01431520269544605
280,Argutite,04,Rutile,tetragonal,0.6530507641516291,-0.0645379303049097,0.0053209452223379
281,Argyrodite,02,Argyrodite,orthorhombic,0.6938654733595624,-0.04984921564089427,0.012223200170298045
282,Arhbarite,08,Gilmarite,triclinic,-0.22822900850101902,-0.19076182720950158,0.31214303562846857
283,Ariegilatite,09,Arctite,hexagonal,-0.21915089186551312,-0.048773243820101723,0.14048600856296045
284,Arisite-(Ce),05,Arisite,hexagonal,-0.19616540803547394,-0.060237964569110396,-0.04745271059741926
285,Arisite-(La),05,Arisite,hexagonal,-0.195895720413742,-0.06052997400145028,-0.04825672729705033
286,Aristarainite,06,Not in a structural group,monoclinic,0.5975530767338828,-0.16476323264658452,0.03824017950222368
287,Armalcolite,04,Pseudobrookite,orthorhombic,0.6278073537987574,-0.06774648807866643,0.06088099242388053
288,Armangite,05,Not in a structural group,hexagonal,-0.18736635434514803,-0.15822520292588108,-0.034163328276826374
289,Armbrusterite,09,Not in a structural group,monoclinic,0.5910464209581481,-0.12206555487668831,0.052723526902663215
290,Armellinoite-(Ce),08,Pottsite,tetragonal,-0.34493386037413915,0.3310756061677305,0.30140230846043486
291,Armenite,09,Milarite,orthorhombic,0.6039287131041782,-0.06666542753578235,0.006709996828498776
292,Armstrongite,09,Not in a structural group,monoclinic,0.6317893408609079,-0.060784094993803495,0.03547666722623383
293,Arrheniusite-(Ce),09,Okanoganite,hexagonal,-0.19890845380978547,-0.08919543184228888,0.09946676899155987
294,Arrojadite-(BaNa),08,Arrojadite,monoclinic,-0.2349217541951321,-0.1363958682061011,0.32755709876660855
295,Arrojadite-(KFe),08,Arrojadite,monoclinic,-0.23585433404685746,-0.1344114869721418,0.32710810448874905
296,Arrojadite-(KNa),08,Arrojadite,monoclinic,-0.23375406164384588,-0.13674425145933788,0.3277861682332059
297,Arrojadite-(PbFe),08,Arrojadite,monoclinic,-0.23708777159025823,-0.13336103446957215,0.32286519045854184
298,Arrojadite-(SrFe),08,Arrojadite,monoclinic,-0.2372593516637023,-0.13317047293022516,0.32630374440553955
299,Arsenatrotitanite,08,Titanite,monoclinic,-0.21650943648506701,-0.1323138779597689,0.3608303633414305
300,Arsenbrackebuschite,08,Brackebuschite,monoclinic,-0.21383871254653397,-0.1566730065047394,0.31623670781464513
301,Arsendescloizite,08,Conichalcite,orthorhombic,-0.2293582305235747,-0.16163660231757068,0.3085061799431361
302,Arsenic,01,Arsenic,hexagonal,0.79995188991734,0.13111271635213387,-0.03423046661291842
303,Arseniopleite,08,Alluaudite,monoclinic,-0.34110844930219375,0.33582725651998135,0.3029085359620168
304,Arseniosiderite,08,Arseniosiderite,monoclinic,-0.2443608224270821,-0.12014472880174283,0.3419430481204958
305,Arsenmarcobaldiite,02,Geocronite,triclinic,0.651687897779162,-0.015733023422611996,-0.04327689893702936
306,Arsenmedaite,09,Medaite,monoclinic,0.6071191225903828,-0.043542401485283905,0.035345161311812937
307,Arsenobenauite,08,Alunite,hexagonal,-0.2256045852792942,-0.19480327905706976,0.31789267732994675
308,Arsenoclasite,08,Arsenoclasite,orthorhombic,-0.23243574680666115,-0.1608816080807305,0.33059791935276706
309,Arsenocrandallite,08,Alunite-Crandallite,hexagonal,-0.22358195097461786,-0.20409591391760443,0.3078752506564443
310,Arsenoflorencite-(Ce),08,Alunite-Crandallite,hexagonal,-0.224704046247093,-0.19272004839914184,0.3216025787526116
311,Arsenoflorencite-(La),08,Alunite-Crandallite,hexagonal,-0.22461417889680846,-0.19275012714148296,0.3214422278078425
312,Arsenogoldfieldite,02,Tetrahedrite,cubic,0.6871151351188379,-0.050721076881107566,-0.017249475107616465
313,Arsenogorceixite,08,Alunite-Crandallite,hexagonal,-0.22292480874309645,-0.20423976396543042,0.3084879159754158
314,Arsenogoyazite,08,Alunite-Crandallite,hexagonal,-0.22313356805977558,-0.204103240275661,0.30821761488731064
315,Arsenohauchecornite,02,Hauchecornite,tetragonal,0.6272877529805585,0.019690317975930096,0.03045020933758967
316,Arsenohopeite,08,Hopeite,orthorhombic,-0.3692979028966964,0.3574224198235734,0.29683932837442056
317,Arsenolamprite,01,Arsenolamprite,orthorhombic,0.8002561154494401,0.13234619650539622,-0.03413049792306897
318,Arsenolite,04,Arsenolite,cubic,0.7827458221025254,0.0009795702909401946,-0.021276159408581293
319,Arsenopalladinite,02,Stillwaterite,triclinic,0.6853634154531254,0.10012376826406656,-0.004609379176383372
320,Arsenopyrite,02,Arsenopyrite,"triclinic, monoclinic",0.6332235168357749,0.05996815475050551,0.035031828357439496
321,Arsenosabugalite,08,Meta-autunite,triclinic,-0.2543821308711877,-0.24268456284963372,0.35904033159427723
322,Arsenotučekite,02,Hauchecornite,tetragonal,0.6287053660015377,0.019094314023814393,0.03104768704211771
323,Arsenoústalečite,02,Tetrahedrite,cubic,0.686446019818755,-0.05059607241911532,-0.017208002109399743
324,Arsenovanmeersscheite,08,,orthorhombic,-0.2453893891915096,-0.2513628328193799,0.34516712905242547
325,Arsenoveszelyite,08,Veszelyite,monoclinic,-0.2369041464861949,-0.20435501655858473,0.3175064541569109
326,Arsenowagnerite,08,Wagnerite,monoclinic,-0.2572377564804046,0.04502102516735037,0.33172673092112576
327,Arsenquatrandorite,02,Lillianite,monoclinic,0.6757591744186796,-0.01915638975677402,0.005483672767378562
328,Arsentsumebite,08,Brackebuschite,monoclinic,-0.24145758983075882,-0.20905055867490427,-0.0028255321387148378
329,Arsenudinaite,08,Jeffbenite,tetragonal,-0.33217157625461224,0.34320971306222753,0.2999805049293963
330,Arsenuranospathite,08,,"orthorhombic, tetragonal",-0.25781972866210323,-0.2088411015207547,0.35866087471957836
331,Arsenuranylite,08,Phosphuranylite,orthorhombic,-0.25276617206498364,-0.2525845733717749,0.34899805062814715
332,Arsiccioite,02,Routhierite,tetragonal,0.6797241373376163,-0.021213775657016206,-0.004387639130792242
333,Arsmirandite,08,Arsmirandite,monoclinic,-0.22990202235696766,-0.0993681511472989,0.31359437978875404
334,Arthurite,08,Arthurite,monoclinic,-0.2424479738459897,-0.1953467078780558,0.3239319866344553
335,Artinite,05,Artinite,monoclinic,-0.19053592065145655,-0.25692286706389506,-0.017367607124467506
336,Artroeite,03,,triclinic,0.6016243863824148,-0.10368575544448216,-0.0007944188963306589
337,Artsmithite,08,,monoclinic,-0.22381320064703397,-0.1754972311869893,0.3449184402163622
338,Arupite,08,Vivianite,monoclinic,-0.37665628804819357,0.35425335519539436,0.30922511530822383
339,Arzamastsevite,09,Edingtonite,tetragonal,0.5930735459488734,-0.12682915783884047,0.031204948901165146
340,Arzrunite,07,,,-0.23883493905737518,-0.21562481324383428,-0.3029057574059202
341,Asagiite,07,Ktenasite,monoclinic,-0.2312332287584557,-0.2936015579071273,-0.2687067989458377
342,Asbecasite,09,Not in a structural group,hexagonal,0.6175782292492796,-0.02500263990958194,0.0275650491498416
343,Asbolane,04,Not in a structural group,hexagonal,0.5825626004470545,-0.15324599045213044,0.052962698191748855
344,Aschamalmite,02,Lillianite,"monoclinic, orthorhombic",0.6481777780074149,-0.022098152044886375,-0.04259326714909836
345,Åsgruvanite-(Ce),09,Not in a structural group,hexagonal,-0.23376700574898643,-0.0714330346189288,0.1905048922978401
346,Ashburtonite,09,Cerchiaraite,tetragonal,-0.1749397093417201,-0.25389455917540654,-0.0667273822871611
347,Ashcroftine-(Y),09,Not in a structural group,tetragonal,-0.18229901952312305,-0.2142948687918273,-0.03774992559658629
348,Ashoverite,04,,tetragonal,0.5908653070452048,-0.15919287916268327,0.043119294700084944
349,Asimowite,09,Wadsleyite,orthorhombic,-0.30081638472027816,0.3704464773336053,-0.04146332945639969
350,Asisite,09,Asisite,tetragonal,0.028605834445944826,0.06539393208146502,-0.09399748503136614
351,Åskagenite-(Nd),09,Epidote,monoclinic,-0.16831556671763204,-0.12091784677969733,0.031176426067173812
352,Aspedamite,04,Menezesite,cubic,0.6115353278609702,-0.1729585786593685,0.04979871725447303
353,Aspidolite,09,"Mica, Clay","monoclinic, triclinic",0.5685165148503057,-0.10546232351027002,0.05501493500759426
354,Asselbornite,08,,cubic,-0.24127283718284132,-0.23118304659116495,0.3380875246063315
355,Astrocyanite-(Ce),05,,hexagonal,-0.18007955715549523,-0.2788529319526105,-0.0442450666146659
356,Astrophyllite,09,Astrophyllite-Astrophyllite,triclinic,0.5880171863367913,-0.11178434617519548,0.05019452040923611
357,Atacamite,03,Atacamite,orthorhombic,0.6046270171399377,-0.16046726286493415,0.005770334690450168
358,Atelestite,08,Atelestite,monoclinic,-0.22317561727821672,-0.15139141569831058,0.34413837985666496
359,Atelisite-(Y),09,Zircon,tetragonal,0.6071549285461505,-0.15707287203702436,0.030698643333756423
360,Atencioite,08,Roscherite,triclinic,-0.2507903055087345,-0.18028999249576425,0.3353030196180281
361,Athabascaite,02,,orthorhombic,0.6535625332862378,-0.03174267782490185,-0.01575777737308003
362,Atheneite,02,Barringerite,hexagonal,0.6848720225155681,0.10091055806718,-0.0046158404810471634
363,Atlasovite,07,,tetragonal,-0.2157076603593352,-0.183361997790062,-0.2942497324911734
364,Atokite,01,"Auricupride, Perovskite",cubic,0.6315616458486099,0.5232528654466293,-0.054542413081247874
365,Attakolite,09,,monoclinic,-0.22329669852990044,-0.19173765222028227,0.2740807874137905
366,Attikaite,08,,orthorhombic,-0.23709989070485632,-0.19930593570505825,0.3152458798151875
367,Aubertite,07,Aubertite,triclinic,-0.26028230922491186,-0.12013569988715593,-0.33792134282383
368,Auerbakhite,02,,orthorhombic,0.6627403303480003,-0.008535537886731257,0.01737731086128196
369,Augelite,08,,monoclinic,-0.22414391441474024,-0.19148436862357537,0.32004647605353276
370,Augite,09,Pyroxene,monoclinic,0.5806695681342403,-0.01801703923147664,0.03457858290341979
371,Auriacusite,08,Andalusite,orthorhombic,-0.22935497396476615,-0.11056725780860858,0.3086637711181551
372,Aurichalcite,05,,monoclinic,-0.1761463405919216,-0.24421695527223014,-0.04093871024425079
373,Auricupride,01,"Auricupride, Perovskite",cubic,0.6217572619991949,0.5112875958216633,-0.06954940638329019
374,Aurihydrargyrumite,01,,hexagonal,0.6253595136930218,0.5211039468398472,-0.05487421329322415
375,Aurivilliusite,03,,monoclinic,0.6676279996444446,-0.014997714147453689,-0.007821397882541228
376,Auropearceite,02,Polybasite,hexagonal,0.6962907891847294,-0.03808600703584326,0.00911911041968041
377,Auropolybasite,02,Polybasite,hexagonal,0.6924627733561618,-0.045935430877709016,0.012005461684100549
378,Aurorite,04,,hexagonal,0.6318363913355248,-0.05785867975863017,0.050786737871546826
379,Auroselenide,02,,monoclinic,0.6616142606571725,-0.028295648209369237,0.0009148513103636562
380,Aurostibite,02,Pyrite,cubic,0.6319125486892484,0.5272310735866791,-0.0552269957239132
381,Austinite,08,Conichalcite,orthorhombic,-0.23247834692192992,-0.1607690696310123,0.3274398454112647
382,Autunite,08,Autunite,orthorhombic,-0.22808970556220803,-0.20409493148478447,0.336381065842473
383,Avdoninite,03,,monoclinic,0.6084224097975842,-0.09723989801852742,0.0013512394021501072
384,Averievite,08,,hexagonal,-0.24069279516733594,-0.06810209819950792,0.2924108340733541
385,Avicennite,04,Bixbyite,cubic,0.6688369991979694,-0.06030217858734892,0.008720690018173551
386,Avogadrite,03,Baryte,orthorhombic,0.6424025048019923,0.08738136210073438,0.005578026269750531
387,Awaruite,01,"Auricupride, Perovskite",cubic,0.5855687671872326,0.533364385011787,-0.0255821045965857
388,Axelite,08,Not in a structural group,tetragonal,-0.25132288125321534,-0.011882786836359242,0.3192707856351654
389,Axinite-(Fe),09,Axinite,triclinic,0.5833497323930638,-0.0915928228439295,0.02570207932291953
390,Axinite-(Mg),09,Axinite,triclinic,0.5810227408172184,-0.0833211752381964,0.029117218698730706
391,Axinite-(Mn),09,Axinite,triclinic,0.5854135905013913,-0.09013762740719128,0.029667379367961266
392,Azoproite,06,Ludwigite,orthorhombic,-0.1466560510604185,-0.12396482092385297,0.01411322871169577
393,Azurite,05,Not in a structural group,monoclinic,-0.17409088890141156,-0.26123659444712677,-0.0637914279081279
394,Babánekite,08,Vivianite,monoclinic,-0.36871026413332136,0.3280748319069104,0.26776881265634106
395,Babefphite,08,,"tetragonal, orthorhombic, triclinic",-0.255005367963892,0.01746219524004073,0.3360559462183943
396,Babingtonite,09,Rhodonite,triclinic,0.5783009010653364,-0.08857406394724851,0.04019754021059399
397,Babkinite,02,Tetradymite,hexagonal,0.6537131734927888,-0.020369020831942863,-0.018805928979901777
398,Babunaite-(Nd),08,Scheelite,tetragonal,-0.3198401183685937,0.355673794741287,0.3012559104361333
399,Bacaferrite,04,Not in a structural group,hexagonal,0.5921406540729395,-0.048004552859955,0.046218400453899286
400,Backite,07,Backite,hexagonal,-0.15271240705576264,-0.046469658683960434,-0.3870154879448892
401,Badakhshanite-(Y),09,Perettiite,orthorhombic,0.6063918180155763,-0.021037165151078265,0.03559451956920904
402,Badalovite,08,Alluaudite,monoclinic,-0.334853027962318,0.32186450483906553,0.304897051120678
403,Baddeleyite,04,Baddeleyite,"monoclinic, orthorhombic",0.6783652783410187,-0.08102415530758098,0.040302275940013996
404,Badengzhuite,01,,hexagonal,0.6778775213697632,0.10371726088375326,0.010077269400347274
405,Bafertisite,09,Seidozerite-Bafertisite,"orthorhombic, monoclinic",0.593258718408401,-0.09785453719299514,0.04933344236660857
406,Baghdadite,09,Wöhlerite,monoclinic,0.6168270178707674,-0.045745451034964316,0.03019344013892712
407,Bahariyaite,04,Baryte,orthorhombic,0.6001753915825285,-0.04366036175629872,0.04507087987305045
408,Bahianite,04,,monoclinic,0.6194415107272426,-0.13898432957729562,0.025162012788154643
409,Baiamareite,02,Lillianite,monoclinic,0.6552858669279573,-0.026811397938937533,-0.004096039329900091
410,Baileychlore,09,"Chlorite, Clay","monoclinic, triclinic",0.5799872042151836,-0.10092635415871784,0.036716164703373064
411,Bainbridgeite-(NdCe),05,Mckelveyite,triclinic,-0.29398636810144685,0.2602249926912873,-0.08701580987249491
412,Bainbridgeite-(YCe),05,Mckelveyite,triclinic,-0.2939859494527649,0.2601309922695206,-0.0867903889672728
413,Bairdite,07,Not in a structural group,monoclinic,-0.2217415483894713,-0.247142197864771,-0.2991171555021226
414,Bakakinite,04,Anastasenkoite,triclinic,0.6121849135699617,-0.021254584075678314,0.011075739631397878
415,Bakhchisaraitsevite,08,,monoclinic,-0.35383442117294506,0.31895617202288634,0.31184709699004654
416,Baksanite,02,Tetradymite,hexagonal,0.6595096830696501,-0.012639587125345247,-0.0005346219166408386
417,Balangeroite,09,,"orthorhombic, monoclinic, triclinic",0.5671155513998776,-0.1214713644441021,0.051702409295649204
418,Balestraite,09,Mica,monoclinic,0.628229929316738,-0.03747757468589627,0.01928614707319211
419,Balićžunićite,07,,triclinic,-0.20749391982996182,-0.1649246801007078,-0.294173986391558
420,Balipholite,09,Carpholite,orthorhombic,0.5815766037099488,-0.15951290624096215,0.03966951901773007
421,Balkanite,02,,"orthorhombic, monoclinic",0.6565272582774361,-0.030947805925992743,-0.009357981093752516
422,Balliranoite,09,"Cancrinite, Cancrinite-sodalite",hexagonal,-0.17041496216730856,-0.18142987413347086,-0.04152165664420136
423,Balyakinite,04,,orthorhombic,-0.3175776191923229,0.27173701032383213,-0.4209003870532547
424,Bambollaite,02,,tetragonal,0.6536269623524564,-0.03174052968099608,-0.01576686090407089
425,Bamfordite,07,,triclinic,0.595629043831594,-0.1641615013912619,0.039877821239028874
426,Banalsite,09,,orthorhombic,0.5999602380581346,-0.0633603069031944,0.022769315373692055
427,Bandylite,06,,tetragonal,0.6087987723189225,-0.14943245122739643,0.015127438842803887
428,Bannermanite,04,,monoclinic,0.6248987311058313,-0.029996375967875834,0.02412084132204028
429,Bannisterite,09,"Stilpnomelane, Clay",monoclinic,0.5880138884973001,-0.12310961797596273,0.04578841685376549
430,Baotite,09,Baotite,tetragonal,-0.13559322598599644,-0.14150920274294213,0.002145066698476724
431,Barahonaite-(Al),08,,monoclinic,-0.22974363580042906,-0.11074933312494702,0.3162336720850861
432,Barahonaite-(Fe),08,,monoclinic,-0.23014246035970282,-0.1097824370646065,0.31703023184212403
433,Bararite,03,,hexagonal,0.6273152138859597,-0.036776207705592576,0.017097576035268826
434,Baratovite,09,Baratovite,monoclinic,-0.1759788223185585,-0.03010105482393239,-0.014364154329069085
435,Barberiite,03,Baryte,orthorhombic,0.628584286947426,-0.03365541222127606,0.016095112833005066
436,Barbosalite,08,Lazulite,monoclinic,-0.2328345213658516,-0.16017788575329125,0.3351055688850975
437,Barentsite,05,,triclinic,-0.18371018223946475,-0.16916535662057441,-0.0370962572300895
438,Bariandite,04,Straczekite,monoclinic,0.6394638332317232,-0.038992295962574974,-0.007091284630888888
439,Barićite,08,Vivianite,monoclinic,-0.3504248831686394,0.3554573225741439,0.3180712830166589
440,Barikaite,02,Sartorite,monoclinic,0.662047536513654,-0.011327343333019504,-0.01978648271205321
441,Barioferrite,04,Magnetoplumbite,hexagonal,0.6086930303946969,-0.035129993653851194,0.042118907799179095
442,Bariolakargiite,04,Perovskite,cubic,0.6322394189022185,-0.0736636588351029,0.04099098663046083
443,Bario-olgite,08,Aphthitalite,"hexagonal, tetragonal",-0.33991828315256545,0.32255303562375043,0.3155661535157217
444,Bario-orthojoaquinite,09,Joaquinite,orthorhombic,-0.15088393539452663,-0.16743380304921177,0.0026706602336358676
445,Barioperovskite,04,Perovskite,orthorhombic,0.6311716383835788,-0.07337143851658035,0.04330548540425508
446,Bariopharmacoalumite,08,Pharmacosiderite,"cubic, tetragonal",-0.2387809385695855,-0.20981497853331724,0.3185202482704185
447,Bariopharmacosiderite,08,Pharmacosiderite,"cubic, tetragonal",-0.2455951954524327,-0.19400347883943406,0.3355062922237519
448,Bariosincosite,08,Meta-autunite,"tetragonal, monoclinic",-0.25485811485728455,-0.07313384792075389,0.34163007686896885
449,Barkovite,01,Nickeline,hexagonal,0.5990589264896868,0.5351380039617467,-0.022937620926063426
450,Barlowite,03,Claringbullite,hexagonal,0.6043968858530027,-0.16166317226654847,0.006931934853747223
451,Barnesite,04,Hewettite,monoclinic,0.627191529362944,-0.057323801071405646,0.023738979979049432
452,Barquillite,02,"Stannite, Diamond-Sphalerite",tetragonal,0.6619658081229645,-0.044086870726790864,0.01699949402045258
453,Barrerite,09,Stilbite,orthorhombic,0.612392800361371,-0.079362004715489,0.012369401812482897
454,Barringerite,01,Barringerite,hexagonal,0.6321774643086111,0.12486399801006853,0.017156936044065638
455,Barroisite,09,Amphibole,monoclinic,0.5743503946999304,-0.09285588791504876,0.04468359948397127
456,Barronite,09,,monoclinic,0.6342717284583447,-0.20427504634581,0.031160795672752584
457,Barrotite,09,Chalcophyllite,hexagonal,-0.2444756583885756,-0.26898413108924946,0.021655028612468596
458,Barrydawsonite-(Y),09,Pectolite,monoclinic,0.5871523738060409,-0.11138986688243832,0.05055443478238057
459,Barstowite,05,,monoclinic,-0.20847054070582105,-0.06530121757802106,-0.1317783657702718
460,Bartelkeite,04,Lawsonite,monoclinic,0.6093541198723544,-0.15399320683236806,0.01844269041457544
461,Bartonite,02,Djerfisherite,tetragonal,0.6025099090522246,-0.011764462653764024,0.033220281725494724
462,Barwoodite,09,Welinite,hexagonal,-0.1746650237405562,-0.19807120141107318,0.047104213545020715
463,Barylite,09,,"orthorhombic, monoclinic",0.6171779859914193,-0.026299642323975303,0.012802043085682526
464,Barysilite,09,,hexagonal,0.6330241322697057,-0.04117154627838336,-0.04224485180218777
465,Baryte,07,Baryte,orthorhombic,-0.3230721287893759,0.27695769945765036,-0.354524180968791
466,Barytocalcite,05,,monoclinic,-0.2773138663991884,0.2960477806983062,-0.11044565408224026
467,Barytolamprophyllite,09,Seidozerite-Lamprophyllite,monoclinic,0.6101389731423151,-0.11992415717264904,0.06136567275405421
468,Bassanite,07,Rhabdophane,"hexagonal, monoclinic",-0.330947121669564,0.2705542442245665,-0.35621530267029045
469,Bassetite,08,,"monoclinic, tetragonal",-0.25385600290603155,-0.20108361030697516,0.37411727891115626
470,Bassoite,04,Not in a structural group,monoclinic,0.6221453946371411,-0.03303265584809602,0.008847567824668823
471,Bastnäsite-(Ce),05,Bastnäsite,hexagonal,-0.19531796059929368,-0.041732931075730645,-0.06247992905174956
472,Bastnäsite-(La),05,Bastnäsite,hexagonal,-0.17973099188369868,-0.051077463458657636,-0.07250118178570927
473,Bastnäsite-(Nd),05,Bastnäsite,hexagonal,-0.17975292251639885,-0.05082966520585947,-0.07251744902144443
474,Bastnäsite-(Y),05,Bastnäsite,hexagonal,-0.17983897402379884,-0.0502871198675829,-0.07239683436212457
475,Batagayite,08,Not in a structural group,monoclinic,-0.2548343105274511,-0.1627385716351527,0.32961252137250413
476,Batievaite-(Y),09,Seidozerite-Rinkite,triclinic,0.6123269869723938,-0.13644075826731394,0.05026665560959681
477,Batiferrite,04,Magnetoplumbite,hexagonal,0.6066503212953887,-0.05126690173009518,0.05268201592035403
478,Batisite,09,Batisite,orthorhombic,0.6246220002052061,-0.06755952658161177,0.052523800247773776
479,Batisivite,09,,"triclinic, monoclinic",0.6693351960882044,-0.03379744422801488,0.04776176240391344
480,Batoniite,07,Not in a structural group,triclinic,-0.2423053626369493,-0.32627841027456017,-0.2689485182908555
481,Baumhauerite,02,Sartorite,triclinic,0.6526177015680327,0.0026922700366465175,-0.05539168009913614
482,Baumhauerite II,02,Sartorite,triclinic,0.6526177015680327,0.0026922700366465175,-0.05539168009913614
483,Baumoite,07,Not in a structural group,monoclinic,0.6325076020946945,-0.2220816873777732,0.036896131772915355
484,Baumstarkite,02,Aramayoite,triclinic,0.6672779243597815,-0.01993408266177443,0.004164572390575499
485,Bauranoite,04,Wölsendorfite,,0.6077069441016526,-0.20271215970523038,0.03385555134409899
486,Bavenite,09,,orthorhombic,0.5886263033812429,-0.09159514765484766,0.02594555415992724
487,Bavsiite,09,,tetragonal,0.6191023393953492,-0.014793123253526273,0.013071228100228729
488,Bayanoboite-(Y),05,Not in a structural group,orthorhombic,-0.19408507832509417,-0.05029843414985652,-0.060130688217334055
489,Bayerite,04,,monoclinic,0.596926301707101,-0.18290506696987596,0.02522447528934078
490,Bayldonite,08,,monoclinic,-0.2167287631508184,-0.20186262135802102,0.2857444395316481
491,Bayleyite,05,,monoclinic,-0.1994219674028373,-0.2391309232608515,-0.02723682132796758
492,Baylissite,05,,monoclinic,-0.2918072188809112,0.26267906288602405,-0.08425423595369429
493,Bazhenovite,07,,monoclinic,-0.2293692914348116,-0.3072958229516041,-0.2814068856119251
494,Bazirite,09,Benitoite,hexagonal,0.6359009622598815,-0.05084536844158027,0.03987334056251718
495,Bazzite,09,Beryl,hexagonal,0.6063991304879552,-0.03852425459747065,0.009652160997018983
496,Bearsite,08,,monoclinic,-0.24414550980223731,-0.18684631701534243,0.3292685476172045
497,Bearthite,08,Brackebuschite,monoclinic,-0.23112719746839355,-0.1583839005372699,0.32392596514531286
498,Beaverite-(Cu),07,Alunite-Alunite,hexagonal,-0.21410548385623368,-0.2642962602490126,-0.25267403088513063
499,Beaverite-(Zn),07,Alunite-Alunite,hexagonal,-0.21512501716418458,-0.25754289401408187,-0.24532550029538536
500,Bechererite,09,,hexagonal,-0.2155004302800962,-0.25221783931082425,-0.2438776503945292
501,Beckettite,04,Sapphirine,triclinic,0.6066733376716451,-0.048044782562722044,0.010377239794583033
502,Becquerelite,04,,"orthorhombic, hexagonal",0.626909910041583,-0.2514684010846467,0.03046908917488275
503,Bederite,08,Wicksite,orthorhombic,-0.3565273042115208,0.32668773327522566,0.3074741321603168
504,Beershevaite,08,,monoclinic,-0.232991938185806,-0.09378234416218248,0.3433041602474972
505,Béhierite,06,Zircon,tetragonal,-0.24853314568655785,0.3631665470794815,-0.036226191573371744
506,Behoite,04,Cristobalite,orthorhombic,0.5902179539596927,-0.17088193318547318,0.034017506558333424
507,Běhounekite,07,,orthorhombic,-0.34213808384081706,0.24029698105455813,-0.37814971197268354
508,Beidellite,09,"Clay, Smectite-vermiculite",,0.5956612965363737,-0.14033726315377865,0.019545537218936832
509,Belakovskiite,07,Not in a structural group,triclinic,-0.22259269807753645,-0.2550382851650627,-0.26627256422748746
510,Belendorffite,01,,hexagonal,0.6191129705489781,0.5105283581223333,-0.06675000598604794
511,Belkovite,09,,hexagonal,0.6594639943158934,-0.08793693146250395,0.03261763762477882
512,Bellbergite,09,,hexagonal,0.622530569478626,-0.07762850386110114,0.010343977168771439
513,Bellidoite,02,,tetragonal,0.6535625332862378,-0.03174267782490185,-0.01575777737308003
514,Bellingerite,03,,triclinic,0.6423350649671027,-0.06870834889466881,-0.03682035817376566
515,Belloite,03,,monoclinic,0.6088400768551381,-0.1182845965682754,-0.0032592075283507955
516,Belmonteite,08,Not in a structural group,orthorhombic,-0.36487704934725607,0.33354840997787205,0.3106921568504579
517,Belogubite,07,Chalcanthite,triclinic,-0.35954078177105775,0.26128933868657744,-0.37681786900558084
518,Belomarinaite,07,Aphthitalite,hexagonal,-0.31959784437877303,0.26236248876617857,-0.3434327341050595
519,Belousovite,07,Not in a structural group,monoclinic,-0.24649322086548253,-0.0555737230269808,-0.2770814174168691
520,Belovite-(Ce),08,Apatite,hexagonal,-0.26085428982937414,0.0033275304170973363,0.3477289309504811
521,Belovite-(La),08,Apatite,hexagonal,-0.2583577803968643,0.005361518759530346,0.3429619847890959
522,Belyankinite,04,,,0.6816173472183589,-0.12367155908485554,0.04600401851409529
523,Bementite,09,Clay,monoclinic,0.5916188163178975,-0.12870608569177075,0.046094428916874035
524,Benauite,08,Alunite-Crandallite,hexagonal,-0.22653013401391303,-0.1949199614778144,0.3205948294215242
525,Benavidesite,02,,monoclinic,0.6533117995133865,-0.01936822618161403,-0.009969020035601975
526,Bendadaite,08,Arthurite,monoclinic,-0.24543298946912434,-0.1833849465558794,0.3330007770135843
527,Benitoite,09,Benitoite,hexagonal,0.6357572965587932,-0.05146171204061334,0.0416069967486187
528,Benjaminite,02,Pavonite,monoclinic,0.6619648780935233,-0.013660380132418364,0.0038844094613433647
529,Benleonardite,02,Polybasite,"tetragonal, hexagonal",0.6940755951682055,-0.034713619435891796,0.013520899004790948
530,Bennesherite,09,Melilite,tetragonal,0.5961577082956255,-0.03371061802582432,0.025448702241972942
531,Benstonite,05,,hexagonal,-0.27665798272064634,0.29548764243713066,-0.10482333472649609
532,Bentorite,07,Ettringite,hexagonal,-0.2493794531049144,-0.29525498703424685,-0.2647761998037377
533,Benyacarite,08,Paulkerrite,orthorhombic,-0.26716197141935355,-0.10056297774910165,0.39335320259500145
534,Beraunite,08,Beraunite,monoclinic,-0.24914176098513013,-0.1829152962237215,0.34681844537964956
535,Berborite,06,,hexagonal,-0.15670970309864368,-0.22485400658150972,-0.004077216258795888
536,Berdesinskiite,04,Berdesinskiite,monoclinic,0.6840426867038188,-0.0452794217192591,0.046857615826096086
537,Berezanskite,09,Milarite,hexagonal,0.6362841537240997,-0.05487338529160003,0.039053360057856076
538,Bergbauerite,08,Paulkerrite,orthorhombic,-0.2607076606188966,-0.19871781198596483,0.37364713639169156
539,Bergenite,08,Phosphuranylite,monoclinic,-0.2613748486578833,-0.21641674167913905,0.36700685756915286
540,Bergslagite,08,Gadolinite,monoclinic,-0.2324903504680393,-0.16473680529687904,0.3257569506647625
541,Berlinite,08,Quartz,hexagonal,-0.326218334017117,0.3390709668180274,0.28984233322324865
542,Bermanite,08,Arthurite,"orthorhombic, monoclinic",-0.24492098024536613,-0.1772713841722785,0.35105824177599626
543,Bernalite,04,Perovskite,"tetragonal, orthorhombic",0.5932543763367643,-0.1724007011634513,0.04077250701306853
544,Bernardevansite,04,Mandarinoite,monoclinic,-0.3162279263764992,0.24459639586201168,-0.38824572194882606
545,Bernardite,02,,monoclinic,0.6976439151107083,-0.013874672264382815,-0.008094981303219895
546,Bernarlottiite,02,,triclinic,0.6539173814079673,-0.006904902688289175,-0.03307949876467318
547,Berndlehmannite,02,Spinel,cubic,0.6564325843171136,-0.008619325410028574,-0.03748057172086925
548,Berndtite,02,Melonite,hexagonal,0.6951910065214875,-0.04374113986687125,0.025688540573437543
549,Bernwoodite,09,Perovskite,monoclinic,0.6017996897212475,-0.058027451127076315,0.022569314245013294
550,Berryite,02,Meneghinite,monoclinic,0.6661306952598854,-0.029680948467778946,-0.00497546437720104
551,Berthierine,09,"Clay, Serpentine","orthorhombic, hexagonal",0.5899234647860939,-0.11415133433300281,0.03635755123147633
552,Berthierite,02,Berthierite,orthorhombic,0.6468465231315337,-0.010608867192657447,0.02407521718664353
553,Bertossaite,08,Carminite,orthorhombic,-0.22679492551452046,-0.18134805292478284,0.32542295129154
554,Bertrandite,09,Hemimorphite,orthorhombic,0.593557497170343,-0.11696084412108024,0.031118636449728683
555,Beryl,09,Beryl,hexagonal,0.6035414263353083,-0.04247306263783021,0.007800386668331875
556,Beryllite,09,,,-0.1832669931640189,-0.2115916182440002,0.031701877797426045
557,Beryllonite,08,Beryllonite,monoclinic,-0.33846871654210803,0.3242855200737678,0.305451698364256
558,Berzelianite,02,,cubic,0.6535625332862378,-0.03174267782490185,-0.01575777737308003
559,Berzeliite,08,Garnet,cubic,-0.3310826640541355,0.33206440318089175,0.298890786440369
560,Beshtauite,07,Not in a structural group,monoclinic,-0.24044482764695413,-0.2492605357869138,-0.2792825172123334
561,Betekhtinite,02,,orthorhombic,0.6185950727981411,-0.024547032560207967,0.004034838129465678
562,Betpakdalite-CaCa,07,Betpakdalite,monoclinic,0.6095291523953245,-0.09188852601513098,0.05288236154442444
563,Betpakdalite-CaMg,07,Betpakdalite,monoclinic,0.6055655799450603,-0.08585641657691234,0.0589099742299566
564,Betpakdalite-FeFe,07,Betpakdalite,monoclinic,0.62301344742419,-0.10107678303600816,0.06126243502945894
565,Betpakdalite-NaCa,07,Betpakdalite,monoclinic,0.6051128254603144,-0.1477552685988654,0.06655489680139064
566,Betpakdalite-NaNa,07,Betpakdalite,monoclinic,0.609615273452873,-0.1593817390200891,0.06448852922260581
567,Bettertonite,08,Not in a structural group,monoclinic,-0.2449244160115523,-0.22799369479644913,0.32610523863422725
568,Betzite,09,Cancrinite,hexagonal,0.59743482966094,-0.05528941520768831,0.021738634644451405
569,Beudantite,08,Alunite-Beudantite,hexagonal,-0.23949902225884023,-0.2269369605008193,0.03872311140753241
570,Beusite,08,Graftonite,monoclinic,-0.354021655031705,0.37294029855531113,0.30515915783375036
571,Beusite-(Ca),08,Graftonite,monoclinic,-0.3458307951780312,0.3441583937192414,0.3041954406342813
572,Beyerite,05,Bismutite,orthorhombic,-0.16785784839720808,-0.17354301938933464,-0.045389224264990605
573,Bezsmertnovite,02,,orthorhombic,0.6605757884804186,-0.02722504440424355,-0.0028232594417139725
574,Biachellaite,09,"Cancrinite-sodalite, Cancrinite",hexagonal,-0.22286381063276234,-0.2006577932334273,-0.25423654298084936
575,Biagioniite,02,Dervillite,monoclinic,0.6652027046593857,-0.023464631278087594,-0.003979930581489259
576,Bianchiniite,03,Not in a structural group,tetragonal,0.6295856999371534,-0.023902060823572702,0.04022050941916184
577,Bianchite,07,Hexahydrite,monoclinic,-0.3621866122631653,0.2869888297484509,-0.35884248804699814
578,Bicapite,08,,tetragonal,0.6029417583263768,-0.12585453055293888,0.06907021473014734
579,Bicchulite,09,"Cancrinite-sodalite, Sodalite",cubic,-0.07337017290612692,-0.19425672245439002,0.001943045978037338
580,Bideauxite,03,,cubic,0.6642731393788142,0.08094941608408662,-0.055493066240888796
581,Bieberite,07,Melanterite,monoclinic,-0.363172385595675,0.2860816794746606,-0.3598493558735955
582,Biehlite,07,,monoclinic,-0.16608791937052503,0.4865286925780734,-0.09135387659848729
583,Bigcreekite,09,,orthorhombic,0.6214661337035351,-0.04083860092101785,0.007513538037598282
584,Bijvoetite-(Y),05,,"orthorhombic, monoclinic",-0.193913240986459,-0.33394790269050306,-0.03977534669508323
585,Bikitaite,09,,"monoclinic, triclinic",0.6097298289511215,-0.0649516472318936,0.014238236429582617
586,Bilibinskite,02,,cubic,0.654811560272822,-0.034586172557573916,-0.013651980995523606
587,Bílinite,07,Halotrichite,monoclinic,-0.3654652819090937,0.27326803446222775,-0.34497514128191437
588,Billietite,04,,orthorhombic,0.6281362132515409,-0.25157974462781774,0.030595704497458853
589,Billingsleyite,02,,cubic,0.6658080760273681,-0.010514537671732268,0.008965320887278583
590,Billwiseite,07,Not in a structural group,monoclinic,0.04848201422368881,0.5226591396897936,-0.055982758775275795
591,Bimbowrieite,08,Dufrénite,monoclinic,-0.23989496680679995,-0.1878915940278993,0.33930017053596695
592,Bindheimite,04,Pyrochlore,cubic,0.6576011872563368,-0.09603086907190304,-0.022698505921520493
593,Biphosphammite,08,Biphosphammite,tetragonal,-0.2698563669074671,-0.0765833630016302,0.3472779512765087
594,Biraite-(Ce),09,Biraite,monoclinic,-0.17426610738977327,-0.15587355331776365,-0.037169845885109104
595,Biraite-(La),09,Biraite,monoclinic,-0.16390426145945552,-0.16324482106117782,-0.04316978246077957
596,Birchite,08,,orthorhombic,-0.3790632134692884,0.293798683167777,0.07087794966890179
597,Biringuccite,06,,monoclinic,0.6023090282810866,-0.11848046658959652,0.03707720761037464
598,Birnessite,04,,"monoclinic, triclinic",0.6090858869550213,-0.06254991013074658,0.06412120399558399
599,Birunite,09,Ettringite,,-0.30716564321324846,0.28233557089963324,-0.1337049721144321
600,Bischofite,03,,monoclinic,0.6041415840343067,0.12144318061737594,0.019871168577819273
601,Bismite,04,,monoclinic,0.6610153154498469,-0.037257776619859725,0.02066130258963408
602,Bismoclite,03,Matlockite,tetragonal,0.6692768757734133,0.029990191637369712,0.010969873135311578
603,Bismuth,01,Arsenic,hexagonal,0.6233847109177806,0.5335257457444862,-0.05418436610794035
604,Bismuthinite,02,Stibnite,orthorhombic,0.6741538668527758,0.00402743551211519,0.016248407110281193
605,Bismutite,05,Bismutite,orthorhombic,-0.1621626661562774,-0.1600702239222762,-0.0539622609373028
606,Bismutocolumbite,04,,orthorhombic,0.674046031101074,-0.07488338199567839,0.029602301315580712
607,Bismutoferrite,09,Kaolinite,monoclinic,-0.1751884525246034,-0.1627388042505563,0.046903654086963384
608,Bismutohauchecornite,02,Hauchecornite,,0.6269783050724654,0.013221564671278994,0.029349015858263307
609,Bismutostibiconite,04,Pyrochlore,cubic,0.6429334929151186,-0.0683353798992678,0.04058127130918943
610,Bismutotantalite,04,,orthorhombic,0.6738012047247367,-0.07523701848518086,0.029499055464260706
611,Bitikleite,04,Garnet,cubic,0.6104782622776088,-0.08503415698352698,0.019186562631039968
612,Bityite,09,"Mica, Clay",monoclinic,0.5844038558675579,-0.12987099860182377,0.03396144556381703
613,Bixbyite-(Fe),04,Bixbyite,cubic,0.6154034916793074,-0.028776389692707516,0.03924569007093144
614,Bixbyite-(Mn),04,Bixbyite,cubic,0.6296338376284067,-0.014530787347430487,0.048993750197969324
615,Bjarebyite,08,Bjarebyite,monoclinic,-0.22862048364472132,-0.17155014390465997,0.33098959150107576
616,Blakeite,04,,,-0.3214296273987262,0.29887812826893256,-0.3482718962269756
617,Blatonite,05,,,-0.18135335603014133,-0.2941506089155351,-0.057577809933626045
618,Blatterite,06,,orthorhombic,-0.15106073047434349,-0.12788975986834458,-0.0021294730185865687
619,Bleasdaleite,08,,monoclinic,-0.23209522734476684,-0.1709731981592015,0.32716631465244167
620,Blixite,03,,"orthorhombic, monoclinic",0.6215607346650919,-0.07591023131752737,-0.03759002135901633
621,Blödite,07,Blödite,monoclinic,-0.33817154260899807,0.24000590516692133,-0.31599054367867463
622,Blossite,04,,orthorhombic,0.6436590826591085,-0.05381844640691208,-0.030939200858386483
623,Bluebellite,03,,hexagonal,0.6025590023549334,-0.17275112361786588,0.010479195477495606
624,Bluelizardite,07,Not in a structural group,monoclinic,-0.2241975164251754,-0.198195098712859,-0.27807421016711564
625,Blueridgeite,07,Not in a structural group,monoclinic,-0.2208833111511772,-0.2812329382863626,-0.2792961961792101
626,Bluestreakite,04,Pascoite,monoclinic,0.604600911599729,-0.061385670434772305,0.04097417474532883
627,Bobcookite,07,Not in a structural group,triclinic,-0.23674400244630509,-0.29563989976567373,-0.2844199034107201
628,Bobfergusonite,08,Alluaudite-Bobfergusonite,monoclinic,-0.3414596676892414,0.3351123501325861,0.30963704181232
629,Bobfinchite,04,Schoepite,orthorhombic,0.6284620706396744,-0.2552711507487623,0.030639523635792955
630,Bobierrite,08,Vivianite,monoclinic,-0.3557889352015138,0.33976142440568247,0.3074156539722906
631,Bobjonesite,07,,monoclinic,-0.28932786868915766,-0.18921057855916,-0.3952006149284344
632,Bobkingite,03,,monoclinic,0.6042739136318354,-0.1838027370391039,0.006271215035759602
633,Bobmeyerite,09,Cerchiaraite,orthorhombic,0.5998511414842403,-0.18297244372675203,-0.0038206180807923724
634,Bobshannonite,09,Seidozerite-Bafertisite,triclinic,0.6088431554975118,-0.09250417937032432,0.06034850205434106
635,Bobtraillite,09,,hexagonal,-0.031173227867956756,-0.19424750370401417,0.03071719649727509
636,Bodieite,07,Not in a structural group,monoclinic,-0.31691646691105957,0.3055872866090305,-0.38641154162781466
637,Boevskite,07,Not in a structural group,orthorhombic,-0.22086692825369486,-0.16549791637103747,-0.3613387280577045
638,Bogdanovite,02,Auricupride,cubic,0.6447360917336707,-0.03303130587188723,-0.01140634792257884
639,Bøggildite,08,,monoclinic,-0.25537749102226687,-0.008001347376494423,0.3331098189641255
640,Boggsite,09,,orthorhombic,0.6219542594272733,-0.07940721251622318,0.012803598500896515
641,Bøgvadite,03,,"orthorhombic, monoclinic",0.6108184199099749,0.07101066820298016,0.013797845987156127
642,Bohdanowiczite,02,,hexagonal,0.6809887665146017,-0.020596104673893015,0.022130108035397694
643,Böhmite,04,Lepidocrocite,orthorhombic,0.592245338123729,-0.1726971420911133,0.018163656759184098
644,Bohseite,09,Bavenite,orthorhombic,0.5892757911634567,-0.10347517724828131,0.029692183926868804
645,Bohuslavite,08,Not in a structural group,triclinic,-0.2413746846673941,-0.1819116617826358,0.19747980930609332
646,Bojarite,10,Not in a structural group,cubic,0.6245218174912938,-0.08163362201395041,-0.01554178018351075
647,Bokite,04,Straczekite,monoclinic,0.6273901758033054,-0.00621740890883292,0.03557923527985116
648,Boleite,03,,cubic,0.6132200210946538,-0.10275746339021528,-0.01068684386387075
649,Bolivarite,08,,,-0.2380462844805859,-0.21440993874869688,0.32363601943072373
650,Bolotinaite,09,Sodalite,cubic,0.6097795686933483,-0.08505255197396755,0.013379942408004719
651,Boltwoodite,09,,monoclinic,-0.15704821694622237,-0.2706609109538984,0.0003796765396124721
652,Bonaccordite,06,Ludwigite,orthorhombic,-0.15629913666535505,-0.13121793036547677,-0.008153544180060729
653,Bonaccorsiite,09,Not in a structural group,hexagonal,0.6072012812400371,-0.04942832287963504,0.01596538263668696
654,Bonacinaite,08,Phosphosiderite,"monoclinic, triclinic",-0.3341405059626767,0.33148931088595157,0.28765498309815374
655,Bonattite,07,,monoclinic,-0.34703398230730415,0.26065980675755607,-0.407961455578114
656,Bonazziite,02,,monoclinic,0.7915538131466198,0.04413866111451163,-0.02718631903883745
657,Bonshtedtite,05,Bradleyite,monoclinic,-0.3272648553956512,0.2833228791720479,0.13409877195227024
658,Boojumite,07,Not in a structural group,orthorhombic,-0.20323128068062662,-0.22865674717056989,-0.33027742356705625
659,Boothite,07,Melanterite,monoclinic,-0.3546591231742579,0.25594719213802436,-0.41264738745986534
660,Boracite,06,Boracite,"orthorhombic, cubic",0.5898764213393713,0.04244375635870216,0.03298451273576944
661,Boralsilite,09,,monoclinic,0.623803697168476,-0.049502624510225954,-0.003436328690966753
662,Borax,06,,monoclinic,0.6049514119660729,-0.17689628325889048,0.035587265262742196
663,Borcarite,05,,monoclinic,-0.18257971833997821,-0.23657810662099082,-0.03083909825463796
664,Borisenkoite,08,Lammerite-β,monoclinic,-0.3452213963388134,0.3496157662654741,0.2580125005209941
665,Bornemanite,09,Seidozerite-Lamprophyllite,"orthorhombic, triclinic, monoclinic",-0.22547733722524604,-0.13578973611325074,0.3572574134637547
666,Bornhardtite,02,Spinel,cubic,0.632712732717558,0.018316901402763933,0.03945463750189172
667,Bornite,02,Digenite,"cubic, orthorhombic, hexagonal",0.6665650850191722,-0.0580521660717845,-0.0002613273214146124
668,Borocookeite,09,"Clay, Chlorite",monoclinic,0.5947130773523519,-0.16826293429006955,0.02717468167862273
669,Borodaevite,02,,monoclinic,0.663066519111791,-0.015358272285845126,0.0025213009117909246
670,Boromullite,09,,orthorhombic,0.6227844172443645,-0.055192378923088495,-0.0028516352334067765
671,Boromuscovite,09,Mica,monoclinic,0.5917645018965827,-0.1457776579618624,0.029630078123058602
672,Borovskite,02,,cubic,0.6658787108918172,-0.023550034373018475,0.0012072639875927212
673,Bortnikovite,01,,tetragonal,0.6164107155091867,0.5123316612303581,-0.05157815623443275
674,Bortolanite,09,Seidozerite,triclinic,0.6064608733380459,-0.03909052769909624,0.03782366385381282
675,Borzęckiite,04,Guilleminite,orthorhombic,-0.21616479816092712,-0.30573237373106,-0.34129352717446026
676,Boscardinite,02,Sartorite,triclinic,0.6655956719132011,-0.01810805004536485,-0.012892941796777713
677,Bosiite,09,Tourmaline,hexagonal,-0.15262267432703458,-0.18731896068544576,0.006552277989024579
678,Bosoite,09,,hexagonal,-0.12031948653707891,-0.11775600415488106,-0.01488045008095759
679,Bostwickite,09,,,0.6237517501809119,-0.04009755418623308,0.05013957752452698
680,Botallackite,03,Atacamite,monoclinic,0.6043826416893295,-0.16091330117461974,0.0074811500612967045
681,Botryogen,07,Botryogen,monoclinic,-0.23898420350281818,-0.25164410166324075,-0.22824253438367365
682,Bottinoite,04,Bottinoite,hexagonal,0.6170827767984364,-0.20872438078612368,0.033124508443423226
683,Botuobinskite,04,Crichtonite,hexagonal,0.6351309461478041,-0.09223438945415838,0.06025360760886378
684,Bouazzerite,08,,monoclinic,-0.24870429032484115,-0.13847267844001696,0.3623053452852879
685,Boulangerite,02,Boulangerite,"orthorhombic, monoclinic",0.655243610388464,-0.023467448665937356,-0.02982500325733303
686,Bounahasite,03,Not in a structural group,monoclinic,0.61331230248103,-0.1375237435135993,0.0038846753326648286
687,Bournonite,02,Bournonite,orthorhombic,0.6636538253388373,-0.039561207120128145,-0.023224250307884227
688,Bouškaite,07,Bouškaite,triclinic,-0.1679985328735848,-0.26794306723623157,-0.13627525945856747
689,Boussingaultite,07,Picromerite,monoclinic,-0.2742502617374891,-0.18072283741613654,-0.2913083691939887
690,Bowieite,02,Bowieite,orthorhombic,0.6802602453921938,-0.021200108526281916,0.01663176352066468
691,Bowlesite,02,Cobaltite,orthorhombic,0.6646463294823635,-0.026136732975612878,0.00045765709127401806
692,Boyleite,07,Starkeyite,monoclinic,-0.3590972229183701,0.28880229747020747,-0.35684996220478327
693,Braccoite,09,Saneroite,"triclinic, unknown",-0.22702152749810225,-0.14257169587249785,0.3193466073472296
694,Bracewellite,04,Diaspore,orthorhombic,0.6166228856870446,-0.13895039226836753,0.025056251703800957
695,Brackebuschite,08,Brackebuschite,monoclinic,-0.2247846492916123,-0.1534034827757567,0.30140946763648235
696,Bradaczekite,08,Alluaudite,monoclinic,-0.3419393641918696,0.3304978187871861,0.27073969247258123
697,Bradleyite,05,Bradleyite,monoclinic,-0.324525524445741,0.2841604001350152,0.13925828900092102
698,Braggite,02,,tetragonal,0.6639822700899998,-0.02695324484826509,0.0007403350032590388
699,Braithwaiteite,08,,triclinic,-0.24173131802968129,-0.1945355560906316,0.3271460157903741
700,Braitschite-(Ce),06,,hexagonal,0.5966909966648323,-0.15775505657532396,0.035808231743882896
701,Branchite,10,,triclinic,0.6346019883586274,-0.026809861586071567,0.015104871306526596
702,Brandãoite,08,Not in a structural group,triclinic,-0.24268646218701917,-0.20800706730669224,0.33516135265149793
703,Brandholzite,04,Bottinoite,hexagonal,0.6136816454594808,-0.20848721515211494,0.03363312875201825
704,Brandtite,08,Roselite,monoclinic,-0.3483363515996206,0.3254715687862724,0.29668914707320665
705,Brannerite,04,Brannerite,monoclinic,0.6734014885789552,-0.09595356985926899,0.042496261402407594
706,Brannockite,09,Milarite,hexagonal,0.6395864708115991,-0.05446250004868379,0.02730804481274971
707,Brassite,08,,orthorhombic,-0.23273366855563185,-0.20058496611548787,0.3103256759716052
708,Brattforsite,03,Magnussonite,monoclinic,0.6208454725424455,0.009219980674309122,0.025453933146885217
709,Braunerite,05,Not in a structural group,monoclinic,-0.19005396733885013,-0.25884650651751956,-0.03969738780033946
710,Braunite,09,Braunite,tetragonal,0.007191733696500009,0.5528000612075918,-0.020128907614926732
711,Brazilianite,08,Not in a structural group,monoclinic,-0.2244624725666631,-0.19103123798058044,0.3233361297159072
712,Bredigite,09,,orthorhombic,-0.2758004239166621,0.3480584744028946,-0.03339642625879469
713,Breithauptite,02,Nickeline,hexagonal,0.6036507083446717,0.5355847915405331,-0.025354727208436723
714,Brendelite,08,,monoclinic,-0.22468057840022582,-0.1328437926891726,0.3192588909310157
715,Brenkite,05,,orthorhombic,-0.19860287462566356,-0.0487807767916177,-0.07023157111029565
716,Brewsterite-Ba,09,Brewsterite,"monoclinic, triclinic",0.6114128315116292,-0.07100520929413826,0.00399292710081167
717,Brewsterite-Sr,09,Brewsterite,"monoclinic, triclinic",0.6114492348582279,-0.07055984923931959,0.00272412969727087
718,Breyite,09,Margarosanite,triclinic,0.6122092604081235,-0.02202251542842039,0.006982619378303393
719,Brezinaite,02,Wilkmanite,monoclinic,0.6409424440942763,0.0025890934619270996,-0.016950953281937894
720,Brianite,08,Aphthitalite,"orthorhombic, monoclinic",-0.3357975496583553,0.3213995662479402,0.30598386477784145
721,Brianroulstonite,06,Brianroulstonite,monoclinic,0.5997701890800803,-0.16568844405963984,0.026177307014123942
722,Brianyoungite,05,,monoclinic,-0.17578512118634887,-0.2473527920036273,-0.02507381092173708
723,Briartite,02,"Stannite, Diamond-Sphalerite",tetragonal,0.6562212182749219,-0.052594527659856366,0.011530586486310763
724,Bridgesite-(Ce),07,Not in a structural group,monoclinic,-0.23248188824144214,-0.2994425319284887,-0.2681135747940588
725,Bridgmanite,09,Perovskite,orthorhombic,-0.2550083966819049,0.365999358741463,-0.055257402678357416
726,Brindleyite,09,"Clay, Serpentine","monoclinic, tetragonal",0.5912584721397077,-0.13114512093619324,0.030242643820662187
727,Brinrobertsite,09,"Corrensite, Clay",monoclinic,0.5913303695732149,-0.10751396393789492,0.03030639827913563
728,Britholite-(Ce),09,Apatite,"hexagonal, monoclinic",-0.17590952916897135,-0.16958109172297453,0.03735738685316642
729,Britholite-(Y),09,Apatite,monoclinic,-0.16991050016216858,-0.16795001331646311,0.03153172189293263
730,Britvinite,09,Molybdophyllite,triclinic,-0.16852446452246822,-0.21521322504117102,-0.03842309175762354
731,Brizziite,04,Corundum,hexagonal,0.6451209895649932,-0.10125221685008653,0.03376052268654774
732,Brochantite,07,Brochantite,monoclinic,-0.21461416689356727,-0.2705155368361091,-0.26803860762849496
733,Brockite,08,Rhabdophane,hexagonal,-0.34784374051140876,0.32697817620589864,0.3369926657894254
734,Brodtkorbite,02,,monoclinic,0.6741367952282475,-0.0518010512355425,-0.014973675048507096
735,Bromargyrite,03,Rocksalt,cubic,0.7024295035118383,0.07521063447437337,-0.007150829151461159
736,Bromellite,04,,hexagonal,0.6135367818866609,-0.04592255528611214,0.01315180692488095
737,Brontesite,03,,orthorhombic,0.6256214483919371,-0.035628317085732567,0.005172240563052981
738,Brookite,04,Brookite,orthorhombic,0.6777617534530376,-0.08081820090897905,0.042467621989728366
739,Browneite,02,Diamond-Sphalerite,cubic,0.6281534485489929,0.016192659547936947,0.018769112951909937
740,Brownleeite,01,Brownleeite,cubic,0.6438658184917824,0.13827399235687823,0.02024157641542995
741,Brownmillerite,04,"Brownmillerite, Perovskite",orthorhombic,0.5878200500877714,-0.05896574791510542,0.0251966598856379
742,Brucite,04,Brucite,hexagonal,0.575644563293087,-0.1582576313284635,0.04607903351877245
743,Brüggenite,03,,monoclinic,0.6098265882345811,-0.027452919586268436,0.00750705794061585
744,Brugnatellite,05,Hydrotalcite,hexagonal,-0.18933128123000714,-0.28027576665403564,-0.022875446000965693
745,Brumadoite,07,,monoclinic,-0.22456321729886225,-0.2906821484616354,-0.26276915299908066
746,Brunogeierite,04,Spinel,cubic,0.6085007482606876,-0.05551264950696144,0.018749547391219437
747,Brunovskyite,09,,triclinic,0.6130998721569256,-0.13752687562671584,0.059565301344006866
748,Brushite,08,Gypsum,monoclinic,-0.23312745150557107,-0.21382818466790784,0.3052081601799798
749,Brusnitsynite,02,Lillianite,monoclinic,0.6429877958027318,0.00400133200922087,0.019006696466023713
750,Bubnovaite,07,Aphthitalite,hexagonal,-0.3224166893017562,0.25751402952545605,-0.3377078581707026
751,Buchwaldite,08,Aphthitalite,orthorhombic,-0.3403880744474346,0.32277731015130845,0.3013674283888313
752,Buckhornite,02,Buckhornite,orthorhombic,0.655403000874279,-0.02294674546798659,-0.018748216347832913
753,Buddingtonite,09,Feldspar,monoclinic,0.6056159949375659,-0.1506409168564795,0.024082995910702683
754,Bukovite,02,Bukovite,tetragonal,0.6676212715086393,-0.057053738049390776,-0.00043787214253329654
755,Bukovskýite,08,,triclinic,-0.26164031347160976,-0.21736308686793404,0.05237070460675516
756,Bulachite,08,Bulachite,orthorhombic,-0.24328443429331836,-0.22522322459916624,0.32800787561968975
757,Bulgakite,09,Astrophyllite-Astrophyllite,triclinic,0.5934492306032133,-0.12034655861945597,0.052672130290677396
758,Bultfonteinite,09,Spurrite-Afwillite,triclinic,-0.17400066374379866,-0.1688196314220766,-0.014539231912471338
759,Bunnoite,09,Not in a structural group,triclinic,0.5927734767924389,-0.09649313777933088,0.042731642645687434
760,Bunsenite,04,Rocksalt,cubic,0.6170164745849658,-0.023869261130121312,0.020442241568283757
761,Burangaite,08,Dufrénite,monoclinic,-0.23560786260877967,-0.2021833106863055,0.3261967498874363
762,Burbankite,05,Burbankite,hexagonal,-0.2828676242667807,0.28027235752514623,-0.08734606951221457
763,Burckhardtite,09,,"monoclinic, hexagonal",0.6085769300449544,-0.060385695880442666,-0.020050993859306004
764,Burgessite,08,Burgessite,"orthorhombic, monoclinic",-0.23966652332104688,-0.19804411532153857,0.32776589073046963
765,Burkeite,05,,orthorhombic,-0.3147813738020167,0.2498043008724601,-0.2559504741253811
766,Burnettite,09,Pyroxene,monoclinic,-0.09811754563734645,0.031631997071157866,-0.020876946828038527
767,Burnsite,03,,hexagonal,-0.2239571801440032,-0.1128102708558593,-0.34251144702714403
768,Burovaite-Ca,09,Labuntsovite,monoclinic,0.6371712781808189,-0.1650968490396093,0.05663014635521813
769,Burpalite,09,Wöhlerite,monoclinic,0.6130181044109907,-0.04482529701019855,0.04562794176885129
770,Burroite,04,Pascoite,triclinic,0.6109393194101247,-0.18200377590648642,0.030529794862680776
771,Burtite,04,Perovskite,cubic,0.6041408039363209,-0.17821533497184464,0.03592081471252567
772,Buryatite,09,Ettringite,hexagonal,-0.24035106475738105,-0.29556488833184974,-0.2557512717604342
773,Buseckite,02,Wurtzite,hexagonal,0.6179426584948082,0.002222118298518585,0.013183158550050632
774,Buserite,04,,,0.6320356622074405,-0.08286858133042252,0.06475018575698403
775,Bushmakinite,08,Brackebuschite,monoclinic,-0.22426962506717996,-0.16736034535837913,0.2942326021927837
776,Bussenite,09,Seidozerite-Bafertisite,triclinic,-0.1822682076579909,-0.22229430569298464,-0.014501032368571257
777,Bussyite-(Ce),09,Bussyite,monoclinic,0.5981290236184641,-0.16634956375085366,0.04250580720857672
778,Bussyite-(Y),09,Bussyite,monoclinic,0.5903861897975307,-0.13311422023041425,0.0409554068338172
779,Bustamite,09,Wollastonite,triclinic,0.5968135589372839,-0.017966022308722462,0.032196941910785454
780,Butianite,02,Nuwaite,tetragonal,0.6270302561578733,0.013204954627417637,0.030178024908137716
781,Butlerite,07,Not in a structural group,monoclinic,-0.2262362476624233,-0.25600142817328475,-0.23544031397537063
782,Bütschliite,05,,hexagonal,-0.2799617378432308,0.27610950946334767,-0.0942521367556097
783,Buttgenbachite,03,Connellite,hexagonal,0.6030972551203644,-0.17732538161190492,0.011080009238219874
784,Buynite,02,Sartorite,monoclinic,0.6542800218742091,-0.0002515067321484264,-0.05251589138326924
785,Byelorussite-(Ce),09,Joaquinite,orthorhombic,0.612528225266769,-0.09262739886756707,0.06225381162163953
786,Bykovaite,09,,monoclinic,0.6090471567573721,-0.13655670195956365,0.06220656837350162
787,Byrudite,04,Humite,orthorhombic,0.6370719763869481,-0.045160816897618646,0.04465263409331143
788,Bystrite,09,Cancrinite-sodalite,hexagonal,0.6012943117278116,-0.0625096292746857,0.020394053457074235
789,Byströmite,04,Tapiolite,tetragonal,0.6416264578582235,-0.08455094042029258,0.04783012848730938
790,Bytízite,02,,orthorhombic,0.6561319100355137,-0.0301265659712026,-0.013007801809076205
791,Byzantievite,09,Not in a structural group,hexagonal,-0.1747906529483958,-0.196311638868441,0.052006691179921884
792,Cabalzarite,08,Natrochalcite,monoclinic,-0.34316397016439754,0.3377240744824287,0.29736622231673593
793,Cabrerite,08,Vivianite,monoclinic,-0.3598933556486246,0.3325738301504667,0.3005045910898069
794,Cabriite,01,,orthorhombic,0.6263981706901904,0.5153810306618615,-0.05844936544972323
795,Cabvinite,03,Not in a structural group,tetragonal,0.6559745895859432,-0.03846158194262782,0.03763756018587165
796,Cacoxenite,08,,hexagonal,-0.25572964431665113,-0.17945418820841647,0.3627932128912795
797,Cadmium,01,,hexagonal,0.590943841034963,0.5472195502655537,-0.02114875920195053
798,Cadmoindite,02,Spinel,cubic,0.6317052420228533,-0.015463867550414838,0.022384832251030853
799,Cadmoselite,02,Wurtzite,hexagonal,0.6270637997575497,0.014442209624572657,0.01654253458414833
800,Cadsulfohite,07,,monoclinic,-0.20991845477006402,-0.23662945293585716,-0.23256082648160503
801,Cadvanite,04,,monoclinic,-0.3088042816473974,0.35755461644691167,0.2817311913363097
802,Cadwaladerite,03,,cubic,0.6036790771223617,-0.17770824801244745,0.025633518130416408
803,Caesiumpharmacosiderite,08,Pharmacosiderite,cubic,-0.2413480891171147,-0.19346766168273716,0.3352273310053274
804,Cafarsite,03,,cubic,-0.24579988455841878,-0.02300860941710515,0.3270559108464468
805,Cafeosite,02,,orthorhombic,0.5859601798455365,-0.040785515545629855,0.03271951071045668
806,Cafetite,04,,"orthorhombic, monoclinic",0.6388975434321407,-0.09232818783073307,0.04612152847242566
807,Cahnite,08,Zircon,tetragonal,-0.23609554185160112,-0.17531856414641978,0.3264276243051893
808,Cairncrossite,09,Gyrolite,triclinic,0.6148337860701305,-0.09267422676420894,0.037872021191310765
809,Calamaite,07,Not in a structural group,orthorhombic,-0.21315189852319116,-0.2236360305060747,-0.2578189634521436
810,Calaverite,02,Melonite,monoclinic,0.6623754198869864,-0.028626722330629944,0.0018643859890931282
811,Calciborite,06,,orthorhombic,0.614149224816323,-0.003710248999909899,0.0049130685824544
812,Calcinaksite,09,Litidionite,triclinic,0.6018285067487403,-0.053176631277540326,0.02841947776249277
813,Calcioancylite-(Ce),05,Ancylite,"orthorhombic, monoclinic",-0.17855980758259518,-0.26088608589059864,-0.026453713974986824
814,Calcioancylite-(La),05,Ancylite,orthorhombic,-0.1778493824194077,-0.24950340499812018,-0.029685828444712344
815,Calcioancylite-(Nd),05,Ancylite,monoclinic,-0.17729290639268586,-0.2653725145086174,-0.029956099165172282
816,Calcioandyrobertsite,08,Andyrobertsite,orthorhombic,-0.24320334829419066,-0.16962280194496973,0.31382672812371526
817,Calcioaravaipaite,03,Aravaipaite,"monoclinic, triclinic",0.6137457672934438,0.0760331780901515,-0.01901135329597769
818,Calcioburbankite,05,Burbankite,"hexagonal, orthorhombic, monoclinic",-0.2805160828083617,0.2800234232113538,-0.08791012816497687
819,Calciocatapleiite,09,Catapleiite,orthorhombic,0.6310680754694584,-0.05940476297260205,0.0365672791953205
820,Calciocopiapite,07,Copiapite,triclinic,-0.24562284215377714,-0.259099010340044,-0.24251138500581101
821,Calciodelrioite,04,Delrioite,monoclinic,-0.34126512545880033,0.31807277558186203,0.2676026117425363
822,Calcioferrite,08,Calcioferrite,monoclinic,-0.2544274285746066,-0.19106511846893426,0.34491741764172235
823,Calciohatertite,08,Alluaudite,monoclinic,-0.3372983375093046,0.315105703133283,0.30204034011430714
824,Calciohilairite,09,,hexagonal,0.6316382290073019,-0.07034292591916481,0.03514896613009634
825,Calciojohillerite,08,Alluaudite,monoclinic,-0.33209606019228005,0.336746498936606,0.3010601475299485
826,Calciolangbeinite,07,Langbeinite,cubic,-0.3289687055062714,0.25707638001752886,-0.33354997371541184
827,Calciomurmanite,09,Seidozerite-Murmanite,triclinic,0.6339946709506423,-0.14221838859613736,0.0653657692677265
828,Calcio-olivine,09,Olivine,orthorhombic,-0.2781453029736083,0.3496286422004417,-0.04271100701822719
829,Calciopetersite,08,Mixite,hexagonal,-0.2417942291949644,-0.22211940612021466,0.30857250498243566
830,Calciopharmacoalumite,08,Pharmacosiderite,cubic,-0.23901906897008468,-0.21140953863234568,0.3185255243033208
831,Calciosamarskite,04,Columbite,monoclinic,0.6223301642617328,-0.08611914840678668,0.0529264552162294
832,Calciotantite,04,,hexagonal,0.6682926441579435,-0.10461498965345889,0.03370785147799651
833,Calciouranoite,04,Wölsendorfite,,0.6147940284476519,-0.15371932832781143,0.013909871267761945
834,Calcioursilite,09,Ursilite,orthorhombic,0.6155906283994974,-0.21746159058087064,0.03064606603187817
835,Calcioveatchite,06,Veatchite,monoclinic,0.5966902154163176,-0.14536516482401138,0.030989888329591125
836,Calcite,05,Calcite,hexagonal,-0.2800721220587929,0.2961444593989105,-0.11418646377137875
837,Calcjarlite,03,Jarlite,,0.5987418044212154,0.03605744854356124,0.016272948349086803
838,Calclacite,10,Acetate,monoclinic,0.6047022005338526,-0.12526102288464463,0.02291585221083453
839,Calcurmolite,07,,monoclinic,-0.17689590011461703,-0.20892668579893192,0.012378951058655278
840,Calcybeborosilite-(Y),09,Gadolinite,monoclinic,-0.17786026262279267,-0.14690467381203998,0.030859752497692954
841,Calderite,09,Garnet,cubic,-0.2917812011774399,0.3670045227082487,-0.023462989693945384
842,Calderónite,08,Brackebuschite,monoclinic,-0.22623043749780872,-0.15823114211622558,0.2948377473583227
843,Caledonite,05,Caledonite,orthorhombic,-0.21697995287783317,-0.26980503627012575,-0.2534390182507559
844,Calkinsite-(Ce),05,,orthorhombic,-0.29464413066713524,0.30488972887387233,-0.11064771739308957
845,Callaghanite,05,,monoclinic,-0.18189678479593596,-0.28265299352200246,-0.03492579165829124
846,Calomel,03,,tetragonal,0.6692006922887586,0.09480405976194564,-0.014959682723064208
847,Calumetite,03,Anthonyite,orthorhombic,0.6005057097791147,-0.18981124156749107,0.010749083089801577
848,Calvertite,02,,cubic,0.6544750127708266,-0.032533289648166215,-0.01500593826492869
849,Calzirtite,04,Calzirtite,"tetragonal, orthorhombic",0.6507570613826841,-0.08449108955204748,0.04665819484912151
850,Camanchacaite,08,Alluaudite,monoclinic,-0.2174568333723207,-0.16705224803910043,0.3308537895870221
851,Cámaraite,09,Seidozerite-Bafertisite,triclinic,0.5921295007942833,-0.1021159199514805,0.051798475558141044
852,Camaronesite,08,Taranakite,hexagonal,-0.24650864121993676,-0.24567176352066816,0.03030299817073804
853,Camérolaite,07,Cyanotrichite,"monoclinic, triclinic",-0.21844631293309738,-0.2877837248338456,-0.2627219148792638
854,Cameronite,02,,"tetragonal, monoclinic",0.6555232092837603,-0.03102461962576266,-0.01112759730533177
855,Camgasite,08,,monoclinic,-0.24474661016105537,-0.1771846472434249,0.32929888417508
856,Caminite,07,Lipscombite,tetragonal,-0.22662594974508177,-0.22388442462604466,-0.22538921095795317
857,Campigliaite,07,Devilline,monoclinic,-0.22870825448161675,-0.2891955380737164,-0.2665825771348937
858,Campostriniite,07,Görgeyite,monoclinic,-0.26474040263898646,-0.1614546885363762,-0.28211359408748593
859,Canaphite,08,,monoclinic,0.602986544896835,-0.07016771967804228,0.030846299679455763
860,Canasite,09,,monoclinic,0.5833528526642383,-0.11150439831742111,0.045871707199073936
861,Canavesite,05,,monoclinic,-0.3004009055318361,0.22577539119266213,-0.0626823744979633
862,Cancrinite,09,Cancrinite,hexagonal,-0.22514947639808364,-0.21533296184701695,-0.18192153544847567
863,Cancrisilite,09,"Cancrinite, Cancrinite-sodalite",hexagonal,-0.17919846782765478,-0.2032374732046297,-0.04805354470494715
864,Canfieldite,02,Argyrodite,"orthorhombic, cubic",0.6944638731164261,-0.050543837034039196,0.012740754676100776
865,Cannizzarite,02,,monoclinic,0.651718871468235,-0.014976524595346544,-0.02228047668153653
866,Cannonite,07,,monoclinic,-0.210227519553148,-0.2462132592978213,-0.2600963874437177
867,Canosioite,08,Brackebuschite,monoclinic,-0.22930275303566094,-0.15311571823545939,0.33109129868310627
868,Canutite,08,Alluaudite,monoclinic,-0.2310111622384125,-0.15489516524212188,0.32881925515768884
869,Caoxite,10,Oxalate,triclinic,0.6160628214174502,-0.02694688794304856,0.0011185067885262356
870,Capgaronnite,02,,orthorhombic,0.6662632533935646,0.026385219212637732,-0.003289160526497135
871,Cappelenite-(Y),09,,hexagonal,0.6342626131290653,-0.021918404630251888,0.013439942988685614
872,Capranicaite,09,Not in a structural group,monoclinic,0.5995385635317615,-0.05507119569754251,0.020658640045724454
873,Caracolite,07,Apatite,"hexagonal, monoclinic",-0.24005817552655886,-0.07957620681618757,-0.31880133163317614
874,Carboborite,05,,monoclinic,-0.19103578428316348,-0.2758906006395112,-0.03257708051550695
875,Carbobystrite,09,"Cancrinite, Cancrinite-sodalite",hexagonal,-0.18081303135629437,-0.2085987562907307,-0.048288341667067365
876,Carbocalumite,05,Hydrotalcite,hexagonal,-0.19170207695418348,-0.30186240835909073,-0.036018019242495286
877,Carbocernaite,05,Carbocernaite,orthorhombic,-0.2790671361366866,0.2969043693035413,-0.11287886691695005
878,Carboferriphoxite,05,"Oxalate, Ferriphoxite",triclinic,-0.2397902661879644,-0.18730320477658022,0.23570591675533337
879,Carboirite,04,Chloritoid,triclinic,0.5930890372960523,-0.1507842227820332,0.0254105818337716
880,Carbokentbrooksite,09,Eudialyte,hexagonal,-0.18027226689418346,-0.20953131593949262,-0.017561634723852845
881,Carbonatecyanotrichite,05,Cyanotrichite,,-0.18033239480238536,-0.29611738224143896,-0.04859925579055186
882,Cardite,08,Not in a structural group,orthorhombic,-0.24311810327607009,-0.18521552179534745,0.32510921243777446
883,Carducciite,02,,monoclinic,0.665196012217574,0.0016398701729395601,-0.013167706208375029
884,Caresite,05,Hydrotalcite,hexagonal,-0.185721008067193,-0.2887472484845224,-0.03629388180630581
885,Carletonite,09,Carletonite,tetragonal,-0.18715055653137797,-0.19549035782789936,-0.03117730029927955
886,Carletonmooreite,01,,cubic,0.6421719340897798,0.1386268373641486,0.021850746909598998
887,Carlfrancisite,09,Hematolite,hexagonal,-0.23132647922370947,-0.13605852446457037,0.3220203261064555
888,Carlfriesite,07,,monoclinic,-0.04547909193703406,-0.11412983788049794,-0.35122248132516043
889,Carlgieseckeite-(Nd),08,Apatite,hexagonal,-0.26045794636201686,0.0048832532061584295,0.33938538365956555
890,Carlhintzeite,03,,triclinic,0.6124510084967832,0.0787443580306475,-0.0025116630557992375
891,Carlinite,02,,hexagonal,0.6930645385426453,-0.05342471293547277,-0.010499706127264197
892,Carlosbarbosaite,04,,orthorhombic,0.6466042980833263,-0.21516244826186742,0.035263973566549936
893,Carlosruizite,07,,hexagonal,-0.2315131112005751,-0.18064676478269592,-0.23156678889011262
894,Carlosturanite,09,,monoclinic,0.584651317386017,-0.13764513599182424,0.05582867569297621
895,Carlsbergite,01,Rocksalt,cubic,0.7933209356875188,0.13250426640233806,-0.0415985582898835
896,Carlsonite,07,Metavoltine,triclinic,-0.26698312681742187,-0.207196584994391,-0.2868553841608855
897,Carmeltazite,04,Not in a structural group,orthorhombic,0.6419481566752001,-0.07847744670398499,0.0324826669015113
898,Carmichaelite,04,,monoclinic,0.6043368988765028,-0.14343289646638618,0.05992589529836413
899,Carminite,08,Carminite,orthorhombic,-0.22731718022279096,-0.16913321710712864,0.314616371197964
900,Carnallite,03,Carnallite,orthorhombic,0.6006029258377612,0.08105861806375841,0.028655346380083428
901,Carnotite,08,,monoclinic,-0.24183525408457174,-0.1958097015566285,0.3392744609690615
902,Carobbiite,03,Rocksalt,cubic,0.6422258231675648,0.08666853779915021,0.005499247236714481
903,Carpathite,10,,monoclinic,0.6346019883586274,-0.026809861586071567,0.015104871306526596
904,Carpholite,09,Carpholite,orthorhombic,0.5916822311204148,-0.1604228756601962,0.03043713452706453
905,Carraraite,05,Ettringite,hexagonal,-0.23708038589192532,-0.3140760208925664,-0.1840508208183151
906,Carrboydite,07,"Woodwardite, Hydrotalcite",hexagonal,-0.23155910922398076,-0.2899443065405705,-0.25149360353417105
907,Carrollite,02,Spinel,cubic,0.6440082513940872,-0.00930644981789899,0.03467936428726014
908,Caryinite,08,Alluaudite,monoclinic,-0.33726428757833676,0.3266293431605854,0.30127845908534134
909,Caryochroite,09,,monoclinic,0.5838316749952082,-0.16086959388570676,0.049732889141442624
910,Caryopilite,09,"Clay, Serpentine",monoclinic,0.5916554770409022,-0.13634321647165726,0.0458303366749814
911,Cascandite,09,Pectolite,triclinic,0.5859478703566593,-0.1264516402196314,0.027647667434276654
912,Caseyite,04,Pascoite,monoclinic,-0.2125496927019435,-0.2630976705424976,0.3658145633558213
913,Cassagnaite,09,Ardennite,orthorhombic,-0.1826074354408488,-0.18865948017722728,0.04427096982954329
914,Cassedanneite,08,,monoclinic,-0.3324590233019972,0.36233558002920885,0.08304376323866008
915,Cassidyite,08,Fairfieldite,triclinic,-0.3512220373466241,0.32457133637413715,0.30137565154387513
916,Cassiterite,04,Rutile,tetragonal,0.683070882010133,-0.08340040143892387,0.029330525777007312
917,Castellaroite,08,Not in a structural group,monoclinic,-0.3687342018329111,0.356352450682341,0.29901897773189995
918,Caswellsilverite,02,Scacchite,hexagonal,0.6351760945738394,0.0012781427404527281,0.0184855484423438
919,Catalanoite,08,,orthorhombic,-0.36108067985552256,0.24089950588932,0.31514436524877654
920,Catamarcaite,02,,hexagonal,0.6563220591108743,-0.023943125871151497,-0.015054059756447606
921,Catapleiite,09,Catapleiite,"orthorhombic, monoclinic",0.6339814828180808,-0.07713737102664363,0.04026576464472856
922,Cattierite,02,Pyrite,cubic,0.6268514957696114,0.010815807699039642,0.014915489295329744
923,Cattiite,08,,triclinic,-0.3622690582327063,0.34048896307757404,0.3131914882158567
924,Cavansite,09,,orthorhombic,0.615514638999899,-0.03541415518854388,0.0031179981024325263
925,Cavoite,04,,orthorhombic,0.6132809175021923,-0.008318278326170991,0.009838745491851597
926,Cayalsite-(Y),09,Not in a structural group,"orthorhombic, monoclinic",0.6219401855608407,-0.028983495026819597,0.011930675941152795
927,Caysichite-(Y),09,,orthorhombic,-0.18062854637501483,-0.20306472013553695,-0.04793744040319993
928,Cebaite-(Ce),05,,monoclinic,-0.19835475053483317,-0.054916709413308944,-0.052638801167166085
929,Cebollite,09,Melilite,,-0.1790517947592648,-0.20416516432769746,0.029932396742988296
930,Čechite,08,Conichalcite,orthorhombic,-0.2296110081095758,-0.1663354624416867,0.29582869676773377
931,Čejkaite,05,,"triclinic, hexagonal, monoclinic",-0.16601453544021155,-0.22151502649789248,-0.04041552854554504
932,Celadonite,09,"Mica, Clay",monoclinic,0.5743339340564366,-0.12822448597992703,0.059553878837887625
933,Celestine,07,Baryte,orthorhombic,-0.3239384735326064,0.2775625708573298,-0.3560578127447943
934,Celleriite,09,Tourmaline,hexagonal,-0.14796472506339034,-0.2033442771243357,-0.00985498202936824
935,Celsian,09,Feldspar,monoclinic,0.6050629560750078,-0.05405444805456946,0.01088608893506329
936,Centennialite,03,Atacamite,hexagonal,0.5981419750010795,-0.16575892132014677,0.01730147248608655
937,Cerchiaraite-(Al),09,Cerchiaraite,tetragonal,0.5875073460902205,-0.15256186700993582,0.03054826848246619
938,Cerchiaraite-(Fe),09,Cerchiaraite,tetragonal,0.5835225440701202,-0.14060694337109203,0.04559004542008396
939,Cerchiaraite-(Mn),09,Cerchiaraite,tetragonal,0.5897790926247697,-0.13167843372828536,0.050431260233972444
940,Cerianite-(Ce),04,Fluorite,cubic,0.6703774306779682,-0.07556276105526931,0.03242537881223313
941,Cerite-(CeCa),09,Cerite,hexagonal,-0.17755707821137656,-0.19961648246300517,0.033086517831810616
942,Cerium,01,,"cubic, hexagonal",0.614023598194721,0.5245982800597573,-0.0483684856445642
943,Černýite,02,"Stannite, Diamond-Sphalerite",tetragonal,0.6621930631267285,-0.04360064733939664,0.018111120359919092
944,Cerromojonite,02,Bournonite,orthorhombic,0.6588696362559224,-0.03543891126902829,-0.023776563721741667
945,Ceruleite,08,,triclinic,-0.23218789525863326,-0.21183365313456592,0.32463698845723904
946,Cerussite,05,Aragonite,orthorhombic,-0.2875013441959522,0.30739503757769293,-0.17700979928336247
947,Cervandonite-(Ce),09,,hexagonal,-0.2123897519848443,-0.12556743078810723,0.3283472352762294
948,Cervantite,04,,orthorhombic,0.6778218371733357,-0.08449152194589066,0.030009566996128584
949,Cervelleite,02,,cubic,0.6631802708016893,-0.02154390175487942,0.0071862751273582565
950,Cesanite,07,Apatite,hexagonal,-0.2213320300083969,-0.22479274304003172,-0.24195263621734892
951,Césarferreiraite,08,Laueite,triclinic,-0.250659794867968,-0.19105489391697147,0.33598472734987295
952,Cesàrolite,04,,,0.6050858828538046,-0.12771844027896226,0.04184059889421445
953,Cesbronite,07,,orthorhombic,-0.20994439037956275,-0.26439321426013673,-0.2562120319703013
954,Cesiodymite,07,Cryptochalcite,triclinic,-0.21474381537215953,-0.20399715567053292,-0.2960157755954228
955,Cesiokenopyrochlore,04,Pyrochlore-Pyrochlore,cubic,0.6166671196959855,-0.18200357722009836,0.04002422343596876
956,Cesplumtantite,04,,tetragonal,0.6589901459129177,-0.1046264061624391,0.007856590511554884
957,Cetineite,02,Cetineite,hexagonal,0.6525246280157295,-0.0862205874882671,0.025822688435060852
958,Chabazite-Ca,09,Chabazite,"hexagonal, triclinic",0.6136957358038142,-0.08169750150220934,0.0025777103580083317
959,Chabazite-K,09,Chabazite,hexagonal,0.6124974658325197,-0.09148678880154464,0.014292401401646396
960,Chabazite-Mg,09,Chabazite,hexagonal,0.6060139698178233,-0.07871530274345191,0.01444533630722188
961,Chabazite-Na,09,Chabazite,"hexagonal, triclinic",0.616463831391741,-0.0899581269510556,0.012946140976608837
962,Chabazite-Sr,09,Chabazite,hexagonal,0.6082762239535855,-0.07587135329187325,0.002750331839434912
963,Chabournéite,02,Chabournéite,triclinic,0.6795515364154193,-0.020412195604667713,0.008950692401492464
964,Chadwickite,04,,tetragonal,-0.22224655530974546,-0.24805537738598776,0.32590549028532867
965,Chaidamuite,07,,"monoclinic, triclinic",-0.23434756612113747,-0.2464930821545761,-0.24023573747553612
966,Chalcanthite,07,Chalcanthite,triclinic,-0.3531537770383635,0.25690926910049594,-0.4125401186351706
967,Chalcoalumite,07,Chalcoalumite,monoclinic,-0.22204938134989644,-0.29146168245758464,-0.2593289977850721
968,Chalcocite,02,,"monoclinic, cubic",0.6846334249493402,-0.058311075247606786,-0.017671845850147087
969,Chalcocyanite,07,Zinkosite,orthorhombic,-0.334667155473119,0.27722641050986496,-0.403459270996631
970,Chalcomenite,04,Chalcomenite,orthorhombic,-0.32951311956215645,0.2581732925575652,-0.42612913666797514
971,Chalconatronite,05,,monoclinic,-0.2892308112674835,0.253369064148068,-0.1151953230320476
972,Chalcophanite,04,,hexagonal,0.6319056768649779,-0.05802047529752005,0.04939951918276053
973,Chalcophyllite,08,Chalcophyllite,hexagonal,-0.264689165188502,-0.27369689159062505,0.06592038708550982
974,Chalcopyrite,02,Chalcopyrite,"tetragonal, cubic",0.6389880466033478,-0.03414937831298893,0.018994849006942767
975,Chalcosiderite,08,Turquoise,triclinic,-0.24436413295310405,-0.2011037959969471,0.3347822228927023
976,Chalcostibite,02,Chalcostibite,orthorhombic,0.6801425497239685,-0.03658393389657876,0.005143999178127939
977,Chalcothallite,02,Bukovite,tetragonal,0.6476398741758661,-0.0370776783116754,-0.00028103085376030706
978,Challacolloite,03,,monoclinic,0.6356377921187047,0.07824435745558524,-0.04472377287839943
979,Chambersite,06,Boracite,orthorhombic,0.623202168011555,0.02521165299322166,0.017030415487432234
980,Chaméanite,02,,cubic,0.6195243547834973,-0.014850755361573008,0.007454611591970123
981,Chamosite,09,"Chlorite, Clay","monoclinic, triclinic",0.5792163043257348,-0.10598885874728918,0.040824211974529456
982,Chanabayaite,10,Not in a structural group,orthorhombic,0.6217565156468154,-0.07535234478130076,0.011795401303429005
983,Changbaiite,04,,hexagonal,0.6672633945514858,-0.10192100059001052,-0.005959470460881237
984,Changchengite,02,Ullmannite,cubic,0.6667257742898528,-0.02689267534200708,0.008674288547173226
985,Changesite-(Ce),08,Cerite,hexagonal,-0.34007657897364507,0.3336525687896928,0.2996589196766461
986,Changesite-(Y),08,Cerite,hexagonal,-0.3385642521016353,0.334266799885264,0.2974217344534015
987,Changoite,07,Blödite,monoclinic,-0.33946824382456176,0.24703047950213256,-0.32688110537414655
988,Chantalite,09,,tetragonal,-0.17344317985682284,-0.22480494800184445,0.029173570369626915
989,Chaoite,01,,hexagonal,0.796579053437211,0.13169214138179525,-0.04011616221605322
990,Chapmanite,09,,monoclinic,0.6051569198033453,-0.09187844900395492,0.0490295843510512
991,Charleshatchettite,04,,monoclinic,0.6455776350627969,-0.18617019156774517,0.03985730685984577
992,Charlesite,06,Ettringite,hexagonal,-0.24392262876490833,-0.30697778730905456,-0.261262861018982
993,Charmarite,05,Hydrotalcite,hexagonal,-0.1845927329283313,-0.28604735531135045,-0.03076805069727516
994,Charoite,09,,monoclinic,0.5852576200401539,-0.16213747031287767,0.04572834956144934
995,Chatkalite,02,,tetragonal,0.6703467041917155,-0.06003220833552125,0.005238566657361849
996,Chayesite,09,Milarite,hexagonal,0.5792993096219731,-0.004930589576433671,0.048739726520893256
997,Chegemite,09,Humite,orthorhombic,-0.17747223976776066,-0.17306511624097856,0.025626798420883133
998,Chekhovichite,04,,monoclinic,0.6621139798015686,-0.028839930820786102,0.019619769829928954
999,Chelkarite,06,,orthorhombic,0.5990328796265303,0.013270448451947612,0.023310036392222455
1000,Chenevixite,08,Chenevixite,monoclinic,-0.22691539364974778,-0.18698231210476293,0.3178219606867755
1001,Chengdeite,01,"Auricupride, Perovskite",cubic,0.6086597482177905,0.5123920212493209,-0.04162042099626051
1002,Chenguodaite,02,,orthorhombic,0.6539507737274287,-0.023240194968266542,0.012869088359049308
1003,Chenite,07,Chenite,triclinic,-0.21400332476375222,-0.26497413120786584,-0.2803502715495194
1004,Chenmingite,04,Spinel-Post-spinel,orthorhombic,0.6094995775565465,0.00524783358421983,0.008234962963531274
1005,Chenowethite,07,Deliensite,orthorhombic,-0.24800014492078015,-0.33775229290199493,-0.2576114743100618
1006,Chenzhangruite,04,Denningite,tetragonal,0.6055062449780698,-0.027913552934866297,0.012498889490990418
1007,Cheralite,08,Monazite,monoclinic,-0.3376641959101161,0.3343910900966953,0.32515862873701895
1008,Cheremnykhite,08,,orthorhombic,-0.3286147157500552,0.3438343541374898,0.0541114986120805
1009,Cherepanovite,02,Modderite,orthorhombic,0.6825523328065954,0.10026334436037185,-0.004247833393476437
1010,Chernikovite,08,Trögerite,tetragonal,-0.24255855877859087,-0.23874453874597867,0.3455500557167239
1011,Chernovite-(Y),08,Zircon,tetragonal,-0.3199570221142024,0.35559592694331477,0.3013981110516188
1012,Chernykhite,09,"Mica, Clay",monoclinic,0.5888778931144355,-0.14100305659231294,0.029375119657565948
1013,Cherokeeite,07,Cherokeeite,monoclinic,-0.21947632070063236,-0.2698650180525693,-0.2650841764503818
1014,Chervetite,04,,monoclinic,0.6407437557782435,-0.038519311803081636,-0.04999386184945881
1015,Chesnokovite,09,,orthorhombic,-0.11747080047277059,-0.2799439781493944,0.011202936055193215
1016,Chessexite,09,,orthorhombic,-0.2373822714904675,-0.289358605543344,-0.2109979291003669
1017,Chesterite,09,,orthorhombic,0.570561534312835,-0.06112814427025131,0.051622831700540175
1018,Chestermanite,06,,orthorhombic,-0.1458675875901942,-0.14573978535674195,0.007474957848646604
1019,Chevkinite-(Ce),09,Chevkinite,monoclinic,0.616504921087712,-0.04949142360744315,0.05875579693174164
1020,Chiappinoite-(Y),09,Not in a structural group,orthorhombic,0.6241719784115937,-0.01591979417159923,0.029208883383390227
1021,Chiavennite,09,,orthorhombic,0.5867146581878601,-0.12564026840925008,0.03907575284705111
1022,Chibaite,09,,"cubic, triclinic, tetragonal",-0.12031948653707891,-0.11775600415488106,-0.01488045008095759
1023,Chihmingite,04,Spinel,cubic,0.607611488346856,-0.06306899741614712,0.015641923521703672
1024,Chihuahuaite,04,Magnetoplumbite,hexagonal,0.6168570082118575,-0.06813463609096106,0.0020798975821877033
1025,Childrenite,08,Childrenite,orthorhombic,-0.2344814476720759,-0.19082246907672912,0.32438599696164977
1026,Chiluite,07,,hexagonal,0.10325376733216954,0.013992482545100281,-0.023826357120022717
1027,Chinchorroite,08,Not in a structural group,triclinic,-0.23608802296150805,-0.15619023571024498,0.33509788360766224
1028,Chinleite-(Ce),07,Rhabdophane,hexagonal,-0.33205635694936875,0.262122344305232,-0.3393032056116127
1029,Chinleite-(Nd),07,Rhabdophane,hexagonal,-0.32585302184336096,0.2567892611463439,-0.3417019561693365
1030,Chinleite-(Y),07,Rhabdophane,hexagonal,-0.3258671068288604,0.2568472356199058,-0.3415718431763945
1031,Chinnerite,08,Aldermanite,monoclinic,-0.26643980431282427,-0.017200086868012596,0.3484312538941835
1032,Chiolite,03,,tetragonal,0.6223180507690762,0.07015276712071959,0.008891657547268492
1033,Chirvinskyite,09,Not in a structural group,triclinic,0.5898918639250741,-0.11102175705487102,0.05827336292788435
1034,Chistyakovaite,08,,monoclinic,-0.2511714216332139,-0.19894681937676936,0.35123696501621193
1035,Chivruaiite,09,,orthorhombic,0.6121942522517639,-0.16602530253251385,0.04377827975307348
1036,Chiyokoite,09,Ettringite,hexagonal,-0.19798352827636448,-0.29761603194648567,-0.03759325136025285
1037,Chkalovite,09,Cristobalite,orthorhombic,0.605531330515874,-0.045392207205139506,0.030564895884234042
1038,Chladniite,08,Fillowite,hexagonal,-0.3341553119613605,0.3393690041800054,0.3059413183132875
1039,Chloraluminite,03,,hexagonal,0.6446412278609326,0.05994956789268949,-0.023661240118117606
1040,Chlorapatite,08,Apatite,"monoclinic, hexagonal",-0.2600846950586764,0.017160831655663775,0.327963675727877
1041,Chlorargyrite,03,Rocksalt,cubic,0.7014343314100664,0.07418348068663422,-0.00988860388924404
1042,Chlorartinite,05,Artinite,hexagonal,-0.20162156831198785,-0.18428693684451833,-0.024110565801366834
1043,Chlorbartonite,02,Djerfisherite,tetragonal,0.6033904045080372,-0.007957204853476414,0.03203600382069293
1044,Chlorellestadite,09,Apatite,hexagonal,-0.2377196592248666,-0.0424901948345377,-0.18320356507924512
1045,Chloritoid,09,Chloritoid,"monoclinic, triclinic",-0.1742572196765449,-0.20686354361004466,0.02919299048863672
1046,Chlorkyuygenite,03,Mayenite,cubic,0.6067739967601874,-0.07520677642345497,0.010057763415048
1047,Chlormagaluminite,03,Hydrotalcite,hexagonal,0.5854831789706342,-0.1654441339578302,0.040558837428943534
1048,Chlormanganokalite,03,Rinneite,hexagonal,0.6289428270119861,0.0876716921952019,0.01774892159365899
1049,Chlormayenite,03,Mayenite,cubic,0.595060388293511,-0.06191923339728032,0.006644862019636974
1050,Chlorocalcite,03,,,0.6117267899279756,0.08936171894954137,0.011415523311078313
1051,Chloromagnesite,03,Scacchite,hexagonal,0.6007235745633847,0.1465285528222095,0.023295660274422172
1052,Chloromenite,03,,monoclinic,-0.22192861243359102,-0.12025493936113454,-0.3635954629622621
1053,Chlorophoenicite,04,Chlorophoenicite,monoclinic,0.5919940317711392,-0.15050538230126012,0.046266755659911875
1054,Chlorothionite,07,Chlorothionite,orthorhombic,-0.24014707861477474,-0.08370502866700977,-0.30949668580615275
1055,Chloroxiphite,03,,monoclinic,0.6089423575625715,-0.11705427467555976,-0.026263866559721467
1056,Choloalite,03,,cubic,0.6244021610196112,-0.08739108131547804,-0.012235147999088291
1057,Chondrodite,09,Humite,monoclinic,-0.2027419758788057,0.034598611610220285,0.027735999837768446
1058,Chongite,08,Hureaulite,monoclinic,-0.24578294940747758,-0.1654490517556245,0.32666803037610376
1059,Chopinite,08,Olivine-Sarcopside,monoclinic,-0.3335393352021068,0.3573870425677721,0.30167033968609813
1060,Chorążewiczite,05,Backite,hexagonal,-0.28751805689044146,0.23002811612896418,-0.28423958820111345
1061,Chovanite,02,,monoclinic,0.6545644019863831,-0.023447274138394904,-0.026592508619059575
1062,Chrisstanleyite,02,Chrisstanleyite,monoclinic,0.6662859796751784,-0.023394951678952502,0.004767038862584675
1063,Christelite,07,Ktenasite,triclinic,0.59719961895057,-0.1717934091754733,0.02452602770848437
1064,Christite,02,,monoclinic,0.6775134416645021,-0.023165291935792143,-0.009202877610131515
1065,Christofschäferite-(Ce),09,Chevkinite,monoclinic,0.615255803959934,-0.056540010412391616,0.05720852348280753
1066,Chromatite,07,Zircon,tetragonal,-0.27529827408006075,0.38184156254563667,-0.07130672054367307
1067,Chrombismite,07,,tetragonal,0.02916909238286696,0.5434040886623236,-0.060403698255011684
1068,Chromceladonite,09,,monoclinic,0.577593375636829,-0.13308388449849415,0.05222508459627416
1069,Chromferide,01,Iron,cubic,0.6307856285460838,0.12623016964082745,0.010031741710375923
1070,Chromio-pargasite,09,Amphibole,monoclinic,0.5722078407579042,-0.07763945921216016,0.04973562064554281
1071,Chromite,04,Spinel,cubic,0.6104986830888027,0.004603609611021874,0.007535759777567651
1072,Chromium,01,Iron,"cubic, hexagonal",0.7970905635924825,0.13170584472515562,-0.04067652767467454
1073,Chromium-dravite,09,Tourmaline,hexagonal,-0.16126874509116818,-0.1975369122002804,0.014230166914777296
1074,Chromo-alumino-povondraite,09,Tourmaline,hexagonal,-0.15391670741312707,-0.19620253332299767,0.0010212650004530494
1075,Chromphyllite,09,Mica,monoclinic,0.5925293873290015,-0.15030399969075312,0.03534670397800229
1076,Chromschieffelinite,07,Schieffelinite,orthorhombic,-0.18608169713718975,-0.20931850718163134,-0.03219723989742734
1077,Chromviskontite,07,Caledonite,orthorhombic,-0.1863953006337902,-0.2079663638671029,-0.11478788667317513
1078,Chrysoberyl,04,Olivine,orthorhombic,0.6020938874025318,-0.07019004708387225,0.00899828298306087
1079,Chrysocolla,09,Allophane,,0.6028922810849462,-0.17553015955121973,0.019349268561297074
1080,Chrysothallite,03,Not in a structural group,tetragonal,0.6135800099706543,-0.042888309295224594,0.0065323044582715675
1081,Chrysotile,09,"Serpentine, Clay",monoclinic,0.5720685705956741,-0.13217262158614762,0.04960021563758174
1082,Chubarovite,06,Not in a structural group,hexagonal,-0.1790914659003523,-0.007573314957957971,-0.014766195333151624
1083,Chudobaite,08,Lindackerite,triclinic,-0.25268412095045545,-0.15953484654258404,0.3318794162025367
1084,Chukanovite,05,Malachite,monoclinic,-0.1814844858262017,-0.24718303327386038,-0.031070915048956767
1085,Chukhrovite-(Ca),07,Chukhrovite,cubic,-0.2653468428238696,-0.09792032637899868,-0.31061579841261433
1086,Chukhrovite-(Ce),07,Chukhrovite,cubic,-0.2607941108547929,-0.09340920000140696,-0.2997274571721426
1087,Chukhrovite-(Nd),07,Chukhrovite,cubic,-0.2642459389739432,-0.10126511486348386,-0.3068876204153051
1088,Chukhrovite-(Y),07,Chukhrovite,cubic,-0.26317021978636046,-0.09991834555389059,-0.30580909722644034
1089,Chukochenite,04,Spinel,orthorhombic,0.6134059055016293,-0.07321464396796931,0.008398025862561505
1090,Chukotkaite,02,Not in a structural group,,0.655699115405802,-0.025966884431604994,-0.028088015042090485
1091,Churchite-(Y),08,Gypsum,monoclinic,-0.33268983406998803,0.3415976041122872,0.31125176981501734
1092,Chursinite,08,,monoclinic,-0.3390181433980274,0.3520757681451743,0.29622961139414156
1093,Chvaleticeite,07,Hexahydrite,monoclinic,-0.3622386866563362,0.2868534052572115,-0.3563617894344584
1094,Chvilevaite,02,,hexagonal,0.6106864119372968,-0.021860855327615697,0.02823659720479089
1095,Cianciulliite,04,,monoclinic,0.5879470361459228,-0.16617130075325376,0.04439211062541117
1096,Cinnabar,02,,hexagonal,0.6589188398247487,-0.02707256590643689,-0.0017475712464873928
1097,Ciprianiite,09,Hellandite,monoclinic,0.595250900045496,-0.09263593785744931,0.0318885214029868
1098,Ciriottiite,02,Madocite,monoclinic,0.6665629676037117,0.007750510812650336,-0.006519885299811082
1099,Cirrolite,08,,,-0.22984242612707148,-0.17592596564259422,0.32310260007379815
1100,Clairite,07,,triclinic,-0.23816867141435483,-0.24759631470740107,-0.259304962819198
1101,Claraite,05,,"triclinic, hexagonal",-0.23695024369179446,-0.25342544661393623,0.03063799006487156
1102,Claringbullite,03,Claringbullite,hexagonal,0.6042483326925876,-0.16188321859673305,0.006553656704742622
1103,Clarkeite,04,,hexagonal,0.6029046409260046,-0.20439027636791046,0.04202937528214884
1104,Claudetite,04,Arsenolamprite-Claudetite,monoclinic,0.7814133587439592,0.0010983774500701662,-0.018361119808956508
1105,Clausthalite,02,Rocksalt,cubic,0.6491976131054187,-0.023841705904526708,-0.058053616998943194
1106,Clearcreekite,05,,monoclinic,-0.17572578143300283,-0.2693465651620889,-0.050640487337109484
1107,Clerite,02,Berthierite,orthorhombic,0.6536169784707694,0.0006341433660571501,0.03277397541085871
1108,Cleusonite,04,Crichtonite,hexagonal,0.5926137574105461,-0.15349424489825156,0.053933143897575746
1109,Cliffordite,04,,,0.6851381361266045,-0.164947626695428,0.014260426540520718
1110,Clinoatacamite,03,Atacamite,monoclinic,0.6043826416893295,-0.16091330117461974,0.0074811500612967045
1111,Clinobehoite,04,,monoclinic,0.5894034570802963,-0.1707663565705412,0.03477492818504742
1112,Clinobisvanite,08,,"tetragonal, monoclinic",-0.3329973930759124,0.39019379622020195,0.31069580380725514
1113,Clinocervantite,04,Clinocervantite,monoclinic,0.6784639730388218,-0.08484527015400298,0.030986822566610304
1114,Clinochalcomenite,04,Cobaltomenite,monoclinic,-0.32589068480918437,0.2653914050019638,-0.42369977148970794
1115,Clinochlore,09,"Chlorite, Clay","monoclinic, triclinic",0.5734004466972018,-0.14611317692167217,0.04590452360006467
1116,Clinoclase,08,,monoclinic,-0.22710996232375635,-0.19211621762559977,0.30647026770378116
1117,Clinoenstatite,09,Pyroxene,monoclinic,-0.25492699715386813,0.36498019296283196,-0.053635823362318875
1118,Clinofergusonite-(Ce),04,,monoclinic,0.6678986325934695,-0.08250668666543853,0.036236622328779666
1119,Clinofergusonite-(Nd),04,,monoclinic,0.6587335112799384,-0.08473397202738153,0.026059507302815144
1120,Clinofergusonite-(Y),04,,monoclinic,0.6580626063672856,-0.08402041791385369,0.026022617118832157
1121,Clino-ferri-holmquistite,09,Amphibole,monoclinic,0.5722730426177538,-0.08734288055797035,0.06212494793716075
1122,Clino-ferro-ferri-holmquistite,09,Amphibole,,0.5847797006670413,-0.09382955082964003,0.04699288789702496
1123,Clinoferrosilite,09,Pyroxene,monoclinic,-0.27571913063776504,0.3651667938414984,-0.08378801783205178
1124,Clino-ferro-suenoite,09,Amphibole,monoclinic,0.5909602654193561,-0.07817435223577765,0.029632803315713503
1125,Clinohedrite,09,,monoclinic,-0.291069853607145,0.3412368659091019,-0.0237489438751567
1126,Clinohumite,09,Humite,monoclinic,-0.2027419758788057,0.034598611610220285,0.027735999837768446
1127,Clinojimthompsonite,09,,monoclinic,0.5698539884047784,-0.06779877718395111,0.05182753437525855
1128,Clinokurchatovite,06,,monoclinic,0.5901373379853251,0.010728241255877248,0.03227234372531025
1129,Clinometaborite,06,,monoclinic,-0.20162023827820907,0.25831942701548877,-0.055342251204091086
1130,Clino-oscarkempffite,02,Lillianite,monoclinic,0.676673239340919,-0.019042035940739742,0.012339774635256633
1131,Clinophosinaite,09,,monoclinic,-0.3108402994757228,0.3124351481638516,0.15335240794526178
1132,Clinoptilolite-Ca,09,Heulandite,monoclinic,0.6181384986700292,-0.07744531032301424,0.0036198604278325774
1133,Clinoptilolite-K,09,Heulandite,monoclinic,0.6243113231953286,-0.08592610123833992,0.010285176633564293
1134,Clinoptilolite-Na,09,Heulandite,monoclinic,0.6224161222619158,-0.08662693945316664,0.013904024480818608
1135,Clinosafflorite,02,Marcasite,monoclinic,0.6569601959013162,0.15126659901697626,0.04408916965245421
1136,Clino-suenoite,09,Amphibole,monoclinic,0.5746163834104019,-0.059465320499567556,0.051494744344249714
1137,Clinosulphur,02,,monoclinic,0.7821976193486184,-0.020077875734341562,-0.0252412253075075
1138,Clinotobermorite,09,Tobermorite,"triclinic, monoclinic",0.6166106932354856,-0.04545932252118953,0.002110448917164203
1139,Clinoungemachite,07,,,-0.22996864957074736,-0.25487292834077185,-0.2558727807620535
1140,Clinozoisite,09,"Clinozoisite, Epidote",monoclinic,-0.1750965799605186,-0.16561747757090772,0.02315323620885381
1141,Clintonite,09,"Mica, Clay",monoclinic,0.5777621224914279,-0.11415620237903495,0.03266177549004515
1142,Clogauite,02,Tetradymite,hexagonal,0.6626359005104397,-0.00889953000659658,-0.0022560738038826765
1143,Cloncurryite,08,Nevadaite,monoclinic,-0.2569411943324666,-0.05231324959512515,0.32354510368002115
1144,Cloudite,08,Alunite,hexagonal,-0.24291698441621576,-0.22580537519800645,0.051212737028180834
1145,Coalingite,05,Hydrotalcite,hexagonal,-0.18460664207151536,-0.274242353387822,-0.021884561605523278
1146,Cobaltarthurite,08,Arthurite,monoclinic,-0.24510141434871574,-0.183742759415066,0.3350615705570033
1147,Cobaltaustinite,08,Conichalcite,orthorhombic,-0.23239403689618898,-0.16101759685523787,0.32766542568600104
1148,Cobaltite,02,Cobaltite,"orthorhombic, cubic",0.6481109011147362,0.07579166093089615,0.04412550374415818
1149,Cobaltkieserite,07,"Titanite, Kieserite",monoclinic,-0.3495924707693836,0.2976475458891966,-0.3521927528687689
1150,Cobaltkoritnigite,08,Krautite,triclinic,-0.22736799798427573,-0.19455273874309942,0.313329368931412
1151,Cobaltlotharmeyerite,08,Natrochalcite,monoclinic,-0.35554689374545834,0.3328045622746431,0.29750348086369277
1152,Cobaltneustädtelite,08,Medenbachite,triclinic,-0.22612897776613658,-0.16730669168302972,0.33440448158287334
1153,Cobaltoblödite,07,Blödite,monoclinic,-0.3393532828764181,0.24686501398348337,-0.3270640744155099
1154,Cobaltomenite,04,Cobaltomenite,monoclinic,-0.3385127956449105,0.2877946818523293,-0.3734548857583683
1155,Cobaltpentlandite,02,Pentlandite,cubic,0.625206349724642,0.016650684133425075,0.028214366292699043
1156,Cobalttsumcorite,08,Natrochalcite,monoclinic,-0.35764831693543614,0.3465416092290336,0.27442404307540397
1157,Cobaltzippeite,07,Zippeite,monoclinic,-0.23730173272693666,-0.2737997143572706,-0.281545615793164
1158,Coccinite,03,,tetragonal,0.6696709610109963,0.09871991112480041,-0.02490347807060212
1159,Cochromite,04,Spinel,cubic,0.6241538597172576,0.018307335908916995,0.017250749186907527
1160,Coconinoite,08,,monoclinic,-0.2626077599888553,-0.2409888639282818,0.23367764850432643
1161,Coesite,09,Not in a structural group,monoclinic,-0.23141521438568968,0.44065220441567043,-0.11531001782432948
1162,Coffinite,09,Zircon,tetragonal,-0.16850720280485962,-0.23535363448446134,0.034849096279816624
1163,Cohenite,01,Perovskite,orthorhombic,0.6295134762322425,0.12678471160410404,0.010346044816501981
1164,Coiraite,02,,monoclinic,0.65541490086437,-0.030158733317231463,-0.0269409455560609
1165,Colchesterite,07,Not in a structural group,monoclinic,0.6644618838281975,-0.016243147154475994,0.01904468426022828
1166,Coldwellite,02,Not in a structural group,cubic,0.666182667313002,-0.0231978565906159,0.0037471136286037383
1167,Colemanite,06,,monoclinic,0.5955343690886219,-0.15254580340575624,0.030530970817598237
1168,Colimaite,02,,orthorhombic,0.6356995308198647,-0.013632392702495975,0.019146216855088247
1169,Colinowensite,09,Not in a structural group,tetragonal,0.6127522841572061,-0.05453812903616166,-0.0066426104173323165
1170,Collinsite,08,Fairfieldite,triclinic,-0.34557308948151844,0.3296940924063448,0.3007527251806957
1171,Colomeraite,09,Pyroxene,monoclinic,0.6330358707783575,-0.04960881368010006,0.042828486188510824
1172,Coloradoite,02,Diamond-Sphalerite,cubic,0.6632157467655121,-0.028782950823241806,-0.01567166906463832
1173,Colquiriite,03,,hexagonal,0.6080758763340076,0.07135172768624547,0.015106165031577842
1174,Columbite-(Fe),04,Columbite,orthorhombic,0.6502342304459837,-0.09309794054833326,0.03545663947762303
1175,Columbite-(Mg),04,Columbite,orthorhombic,0.6412445111106901,-0.08383594392110649,0.04716627202610643
1176,Columbite-(Mn),04,Columbite,orthorhombic,0.6561837161089317,-0.08301263846522641,0.04430414605854474
1177,Colusite,02,"Germanite, Diamond-Sphalerite",cubic,0.6845641930823307,-0.04445064955453282,-0.017109350163188028
1178,Comancheite,03,,orthorhombic,0.64965465739226,0.031347163958418654,-0.012023617090299083
1179,Combeite,09,Lovozerite-Zirsinalite–Lovozerite,hexagonal,0.5932380412333619,-0.0605334401803207,0.03472230384252904
1180,Comblainite,05,Hydrotalcite,hexagonal,-0.18531224076956104,-0.27899048298839096,-0.02536275915657415
1181,Compreignacite,04,Compreignacite,orthorhombic,0.6254578769203257,-0.24701025668859844,0.03277513039708017
1182,Congolite,06,Boracite,hexagonal,0.6102816980434629,0.008967281714502597,0.004549175403016521
1183,Conichalcite,08,Conichalcite,orthorhombic,-0.2322352357123295,-0.17950590491436993,0.3112588797687847
1184,Connellite,07,Connellite,hexagonal,-0.23209322533295873,-0.29307372864764863,-0.2773933814109062
1185,Cookeite,09,"Chlorite, Clay",monoclinic,0.5930804993166727,-0.17052307705904718,0.025578677970986514
1186,Coombsite,09,,"hexagonal, tetragonal",0.5907313629688475,-0.11706385113735399,0.0339016907760008
1187,Cooperite,02,,tetragonal,0.665762191206855,-0.02967864916271221,-0.011740410633931636
1188,Coparsite,08,,orthorhombic,-0.23667634865874737,-0.0910981070957284,0.2985484954883936
1189,Copiapite,07,Copiapite,triclinic,-0.24544513073023688,-0.25448980934109316,-0.24766677334114326
1190,Copper,01,Copper,cubic,0.6205102415798697,0.5128178542248146,-0.07143612614072045
1191,Coquandite,07,,triclinic,-0.20531601088289594,-0.21206976406932837,-0.28097483296085
1192,Coquimbite,07,Coquimbite,hexagonal,-0.36774630557480736,0.2594974319705989,-0.34301820608005384
1193,Coralloite,08,Arthurite,triclinic,-0.2435397748810055,-0.17805448935389007,0.34458990656695576
1194,Corderoite,02,,cubic,0.6627493719454862,0.02284146099897403,-0.008273765540157981
1195,Cordierite,09,Beryl,orthorhombic,0.5951971157813384,-0.038233832407443644,0.016140174812834363
1196,Cordylite-(Ce),05,Cordylite,hexagonal,-0.1824807947166286,-0.13921968176686095,-0.034419090474221356
1197,Cordylite-(La),05,Cordylite,hexagonal,-0.196983320883672,-0.0592605564329489,-0.05286886865839244
1198,Corkite,08,Alunite-Beudantite,hexagonal,-0.24072981179163272,-0.22683622932761233,0.043040565364542205
1199,Cornetite,08,,orthorhombic,-0.2289061329809946,-0.1919636431037484,0.3129617301161196
1200,Cornubite,08,,triclinic,-0.22789026938083157,-0.18827062759293298,0.3055848786295551
1201,Cornwallite,08,,monoclinic,-0.22789026938083157,-0.18827062759293298,0.3055848786295551
1202,Coronadite,04,Coronadite,"tetragonal, monoclinic",0.6314215748874357,-0.04133508232595835,0.04714645310171163
1203,Correianevesite,08,Reddingite,orthorhombic,-0.37105196432735266,0.3466522201039591,0.29872724489415875
1204,Corrensite,09,"Corrensite, Clay",,0.5784019661318089,-0.10856876374064311,0.03672361996334543
1205,Cortesognoite,09,Lawsonite,orthorhombic,0.5917552093592016,-0.15068072866421806,0.0327774124358267
1206,Corundum,04,Corundum,hexagonal,0.6209930496341534,-0.06801603408970257,-0.0031611581070704314
1207,Corvusite,04,Straczekite,monoclinic,0.5991786557315153,-0.02140882746050178,0.02754873500101975
1208,Cosalite,02,,orthorhombic,0.6497748831608442,-0.015810893328099408,-0.026194734541929
1209,Coskrenite-(Ce),10,Oxalate,triclinic,-0.2395901036503395,-0.17780331404363586,-0.3071137329444835
1210,Cossaite,07,Not in a structural group,hexagonal,-0.2605401584953216,-0.13209685957294162,-0.3065289991917687
1211,Costibite,02,Marcasite,orthorhombic,0.640854355474797,-0.0037179239018957522,0.03429630713524301
1212,Cotunnite,03,Cotunnite,orthorhombic,0.6554987660393297,0.09558612683009929,-0.07274432086889177
1213,Coulsonite,04,Spinel,cubic,0.611130635929387,0.0036205896336529565,0.010811273809409737
1214,Cousinite,07,,,-0.17715803875657632,-0.2078889627757246,0.010292545635290515
1215,Coutinhoite,09,,orthorhombic,0.6540741687998846,-0.14874364558932446,0.026419384770068714
1216,Covellite,02,Covellite,hexagonal,0.6824679255503838,-0.06374983064179067,-0.019857905919011626
1217,Cowlesite,09,,orthorhombic,0.5967173217187849,-0.1698773612358694,0.030245482208960884
1218,Coyoteite,02,,triclinic,0.6112642101866005,-0.027579019174205154,0.04889869770116852
1219,Crandallite,08,Alunite-Crandallite,hexagonal,-0.22450303956402956,-0.2042614796344388,0.31055451479565455
1220,Cranswickite,07,Not in a structural group,"monoclinic, triclinic",-0.3391191235130664,0.27784316573459006,-0.3208515185870744
1221,Crawfordite,05,Bradleyite,monoclinic,-0.3287702531596094,0.2836245523459149,0.1336540459209261
1222,Creaseyite,09,,orthorhombic,0.616990157032536,-0.08760647966206694,-0.028303589137363916
1223,Crednerite,04,,monoclinic,0.6369620281054904,-0.058789410606957276,0.032952820235495575
1224,Creedite,07,,monoclinic,-0.2508196681354333,-0.16989312840431584,-0.2705239467710211
1225,Crerarite,02,Rocksalt,cubic,0.6569565217116873,-0.021345433518193603,-0.014918810385338599
1226,Crichtonite,04,Crichtonite,hexagonal,0.605510598845262,-0.12906235804507316,0.0597790292438628
1227,Criddleite,02,,monoclinic,0.6659860981246168,-0.019851986497177832,0.001424811323375963
1228,Crimsonite,08,Carminite,orthorhombic,-0.22886825809764577,-0.16895345070592171,0.32032078778531914
1229,Cristobalite,09,Cristobalite,"tetragonal, cubic, orthorhombic",-0.23305137221899577,0.44081573328194257,-0.11645992527593649
1230,Crocobelonite,08,Not in a structural group,orthorhombic,-0.23228494347364445,-0.09725206566534501,0.3401692042043716
1231,Crocoite,07,"Monazite, Baryte",monoclinic,-0.2816429571611289,0.3940265338427155,-0.12954680932106188
1232,Cronstedtite,09,"Clay, Serpentine",hexagonal,0.5862280113885475,-0.11157406342394852,0.04600238745645341
1233,Cronusite,04,,hexagonal,0.6223659362243564,0.005901463410821105,0.00016579190757504483
1234,Crookesite,02,,tetragonal,0.6847364177131914,-0.05888357294304361,-0.018280698856399876
1235,Crowningshieldite,02,Nickeline,hexagonal,0.6210772638108919,0.0108789462699827,0.027832591102007184
1236,Cryobostryxite,03,Not in a structural group,monoclinic,0.6178498149151664,0.08566471220685291,0.023980893600386157
1237,Cryolite,03,Perovskite,monoclinic,0.6264171063193278,0.07296891430012263,0.012639198593613583
1238,Cryolithionite,03,Garnet,cubic,0.6286017226057599,0.07233314600253325,0.010443009534771432
1239,Cryptochalcite,07,Cryptochalcite,triclinic,-0.21498906567165726,-0.20402715891325274,-0.29595962645905594
1240,Cryptohalite,03,,cubic,0.6273152138859597,-0.036776207705592576,0.017097576035268826
1241,Cryptomelane,04,Coronadite,"monoclinic, tetragonal",0.630665036673383,-0.0424982273933007,0.06255753459266974
1242,Cryptophyllite,09,,monoclinic,0.6068759840879386,-0.06587363865174028,0.02251199706409692
1243,Cualstibite,04,Hydrotalcite,hexagonal,0.605762198407493,-0.18735150967845107,0.02483918495567931
1244,Cuatrocapaite-(K),03,Cuatrocapaite,hexagonal,0.6203795742809183,-0.03632182587380019,0.03085250444501874
1245,Cuatrocapaite-(NH4),03,Cuatrocapaite,hexagonal,0.6198823313912276,-0.14804569693602854,0.030385628363301866
1246,Cubanite,02,"Cubanite, Wurtzite",orthorhombic,0.6258675744409212,-0.02511314296908792,0.021012832616636397
1247,Cuboargyrite,02,Rocksalt,cubic,0.6893632439044375,-0.0277062294939372,0.020852208485802423
1248,Cubo-ice,04,,cubic,0.6095248978076258,-0.17864474115122914,0.027838478112974803
1249,Cubothioplumbite,07,Not in a structural group,cubic,-0.20105963071273258,-0.25971651262363105,-0.3094110946845522
1250,Cumengeite,03,,tetragonal,0.6119131325028807,-0.1436013664637001,-0.018741135282317016
1251,Cummingtonite,09,Amphibole,monoclinic,0.5726648543179936,-0.05038951162775942,0.05115887420236517
1252,Cupalite,01,,"monoclinic, orthorhombic",0.5956056415854207,0.4892845456444576,-0.06813770645000669
1253,Cuprite,04,Not in a structural group,cubic,0.6724897844028908,-0.09962407317550481,-0.013310277860280955
1254,Cuproauride,01,,,0.6201461814542588,0.5109532979105874,-0.06775972205766045
1255,Cuprobismutite,02,,monoclinic,0.6739684165796846,-0.02489694976043457,0.00943320244665016
1256,Cuprocherokeeite,07,Cherokeeite,monoclinic,-0.22690749995880644,-0.28575826009947675,-0.27233192188025557
1257,Cuprocopiapite,07,Copiapite,,-0.24294244595716824,-0.2624318617444967,-0.25465106609244526
1258,Cuprodobrovolskyite,07,Dobrovolskyite,hexagonal,-0.32091572453144956,0.2528012346434616,-0.3467484289169693
1259,Cuprodongchuanite,08,Dongchuanite,triclinic,-0.2310937339823113,-0.15430736188073502,0.3044635431412174
1260,Cuproiridsite,02,Spinel,cubic,0.6834503471847624,-0.05032087732710154,0.015397516151895052
1261,Cuprokalininite,02,Spinel,cubic,0.6896791158482778,-0.026533572472782256,-0.021607208160394985
1262,Cupromakopavonite,02,Pavonite,monoclinic,0.6691042993111973,-0.026026746279782395,0.0024362029800629494
1263,Cupromakovickyite,02,Pavonite,monoclinic,0.6682739691943305,-0.0261443490414612,0.0010813726183660048
1264,Cupromolybdite,07,Vergasovaite,orthorhombic,-0.17160192876533284,-0.10538543427559452,-0.05331073186144887
1265,Cuproneyite,02,Neyite,monoclinic,0.6530289097392533,-0.024401444116607756,-0.02594446083892301
1266,Cupropavonite,02,Pavonite,monoclinic,0.668701049219777,-0.02546188402666944,0.001839308595626265
1267,Cupropearceite,02,Polybasite,hexagonal,0.6912730450143096,-0.046312518053505884,-0.0040550339202910304
1268,Cupropolybasite,02,Polybasite,hexagonal,0.6877229037771591,-0.05402918452484531,-7.2784190127579695e-06
1269,Cuprorhodsite,02,Spinel,cubic,0.6645572552602145,-0.03244939941347851,0.022025641093388868
1270,Cuprorivaite,09,Gillespite,tetragonal,0.6093532912473513,-0.04819928823728466,-0.010945707800221971
1271,Cuprosenandorite,02,Lillianite,orthorhombic,0.6720868017860224,-0.02647995281558447,-0.0023984714622882278
1272,Cuprosklodowskite,09,,triclinic,-0.16713052124691857,-0.29741345954390835,-0.020061306398429
1273,Cuprospinel,04,Spinel,"tetragonal, cubic",0.606866187151023,-0.0601247022705014,0.018217927617515266
1274,Cuprostibite,02,,tetragonal,0.6235159753203209,0.5140524046065341,-0.06666936786821617
1275,Cuprotungstite,07,,tetragonal,-0.1727511450376621,-0.17723340638844748,-0.024735321740174714
1276,Cuprozheshengite,08,Dongchuanite,triclinic,-0.23112034314096785,-0.15434501720634286,0.30326406040263354
1277,Curetonite,08,Laueite,monoclinic,-0.22931874645603895,-0.14447692237816764,0.3476067476999535
1278,Curienite,08,Fritzscheite,orthorhombic,-0.24858255377282984,-0.21308442712517772,0.3221915518572247
1279,Curite,04,,orthorhombic,0.6267332182388422,-0.22960004586075164,0.011636104025396131
1280,Currierite,08,,hexagonal,-0.23870787998711812,-0.22479432057978554,0.31855630098874954
1281,Cuspidine,09,Wöhlerite,monoclinic,0.61306144333293,-0.005833556802276702,0.006646999993660705
1282,Cuyaite,03,Not in a structural group,monoclinic,0.6056365515027409,0.00685508767561053,0.037915433832195436
1283,Cuzticite,07,,hexagonal,-0.26159050735693373,0.3501862712383612,-0.37212185086940736
1284,Cyanochroite,07,Picromerite,monoclinic,-0.34076154808084075,0.23207590067766964,-0.3609808940370615
1285,Cyanotrichite,07,Cyanotrichite,,-0.22185235996061892,-0.2902012484016087,-0.2640563918303671
1286,Cylindrite,02,Cylindrite,triclinic,0.6510100787205959,-0.028912566580270943,-0.005289651473423151
1287,Cymrite,09,Cymrite,monoclinic,0.5937407775733791,-0.17640028488087311,0.024966245600977023
1288,Cyprine,09,Vesuvianite,tetragonal,-0.17785965601708564,-0.17159293915979346,0.02574853302025819
1289,Cyrilovite,08,Wardite,tetragonal,-0.23890066240544083,-0.1939505918410912,0.3390931115233621
1290,Czochralskiite,08,Aphthitalite,orthorhombic,-0.33764843274155276,0.32108718852720153,0.3039159107063196
1291,Dachiardite-Ca,09,Dachiardite,monoclinic,0.6141675163052132,-0.07495914305512727,0.003266144720052166
1292,Dachiardite-K,09,Dachiardite,monoclinic,0.6203156952400998,-0.0833522528479211,0.00993568553631893
1293,Dachiardite-Na,09,Dachiardite,monoclinic,0.618426695642872,-0.08404667343701111,0.013525886515517279
1294,Dacostaite,08,Not in a structural group,monoclinic,-0.2595156923204065,-0.17794099033903296,0.34438036678867523
1295,Dadsonite,02,Dadsonite,triclinic,0.6569755455643794,-0.02249769531830781,-0.025271116510796145
1296,Dagenaisite,07,,monoclinic,-0.25381280715444493,0.372646220175365,-0.3901230129326883
1297,Daliranite,02,,monoclinic,0.6547249240240979,-0.003996303772667011,-0.0422322413133794
1298,Dalnegorskite,09,Wollastonite,triclinic,0.6046332511013938,-0.02221189011090604,0.019836878189987733
1299,Dalnegroite,02,Chabournéite,triclinic,0.6835954637012355,0.015566469919026233,0.010608589278955173
1300,Dalyite,09,,triclinic,0.634886441402295,-0.05363707368630319,0.03713661516691176
1301,Damaraite,03,,orthorhombic,0.6157998999505631,-0.1037891624973375,-0.02990031922274495
1302,Damiaoite,01,Fluorite,cubic,0.603753229653963,0.5057493296886557,-0.05586946501100486
1303,Danalite,09,"Cancrinite-sodalite, Sodalite",cubic,-0.1771819015998436,-0.09657261478664712,0.023150530346779167
1304,Danbaite,01,,cubic,0.5922628609299911,0.5285087755781211,-0.02974944050959253
1305,Danburite,09,Danburite,orthorhombic,0.6143954542371249,-0.007509686938407949,0.004905283957393338
1306,Danielsite,02,,orthorhombic,0.6576536530854931,-0.02953420672459687,-0.006208434299144852
1307,D'ansite,07,Dansite,cubic,-0.23669003960200352,-0.07308846498857602,-0.2964711986520826
1308,D'ansite-(Fe),07,Dansite,cubic,-0.23688028443975181,-0.07397885320265442,-0.29754636348078195
1309,D'ansite-(Mn),07,Dansite,cubic,-0.23650309114356655,-0.07261681614590614,-0.2973383404141481
1310,Dantopaite,02,Pavonite,monoclinic,0.6789026791505521,-0.010001551332373779,0.022035823649100256
1311,Daomanite,02,,"orthorhombic, monoclinic",0.6630251306841547,-0.001990499456310104,-0.00989316405677789
1312,Daqingshanite-(Ce),05,,hexagonal,-0.3091894457071835,0.29378242723922815,0.02013556711292196
1313,Darapiosite,09,Milarite,hexagonal,0.6063917474925391,-0.030707405368857944,0.04068363856149515
1314,Darapskite,07,,monoclinic,-0.21930610985190152,-0.18084136077054766,-0.2747054782531461
1315,Dargaite,09,Arctite,hexagonal,-0.1978539878244249,-0.154662637603497,-0.10550999787419561
1316,Darrellhenryite,09,Tourmaline,hexagonal,-0.14549268169110252,-0.19783053536009532,-0.011095992010588702
1317,Dashkovaite,10,Formate,monoclinic,0.573175523351471,-0.11501907159840491,0.04722324096776305
1318,Datolite,09,Gadolinite,monoclinic,-0.19446371516117184,-0.16118172832535316,0.02608978265758385
1319,Daubréeite,04,Matlockite,tetragonal,0.619218765321621,-0.14950808353480294,0.03455166683558026
1320,Daubréelite,02,Spinel,cubic,0.6189591534764747,0.032529884359269366,0.0055691790291174815
1321,Davanite,09,,triclinic,0.6347374014525555,-0.054147660615148877,0.03865951058535211
1322,Davemaoite,09,Perovskite,cubic,-0.25205379844645215,0.34516838194216953,-0.08498858892137207
1323,Davidbrownite-(NH4),10,"Not in a structural group, Oxalate",monoclinic,-0.22318141933616006,-0.19880701282784966,0.3200025613735659
1324,Davidite-(Ce),03,Crichtonite,hexagonal,0.6089142093959601,-0.10530514291672038,0.05770141477737018
1325,Davidite-(La),03,Crichtonite,hexagonal,0.608945921153218,-0.10531420793069839,0.05764895598157198
1326,Davidlloydite,08,Parahopeite,triclinic,-0.3701884301471672,0.3560878172661795,0.29675994687780705
1327,Davidsmithite,09,Tridymite-Nepheline,hexagonal,0.5974794354496198,-0.06505018059114025,0.022662098262577632
1328,Davinciite,09,Eudialyte,hexagonal,0.5986231091386335,-0.06402284767453237,0.044152669202270026
1329,Davisite,09,Pyroxene,monoclinic,-0.1674221114015535,0.4016648085352331,-0.07089340691158716
1330,Davreuxite,09,,monoclinic,0.5996719325812552,-0.11256198595541017,0.020995829770488028
1331,Davyne,09,"Cancrinite, Cancrinite-sodalite",hexagonal,-0.2137442765273958,-0.1811623676402564,-0.262016439125659
1332,Dawsonite,05,,orthorhombic,-0.17067682318344443,-0.2699217171194251,-0.02837812114211279
1333,Deanesmithite,07,,triclinic,-0.15872363739152032,-0.09072446767354686,-0.03140211879981522
1334,Debattistiite,02,Not in a structural group,triclinic,0.6688352715864978,0.005864360004650321,0.007973650111214552
1335,Decagonite,01,,,0.584526007940974,0.5054164594715445,-0.04145163076225738
1336,Decrespignyite-(Y),05,,"monoclinic, hexagonal",-0.17800539062598633,-0.2670704215575933,-0.04264848626888909
1337,Deerite,09,,monoclinic,0.5830577214725787,-0.11579521154339652,0.041836938694049516
1338,Defernite,09,,orthorhombic,-0.18186076297478018,-0.2566395438359314,-0.03395173002327219
1339,Dekatriasartorite,02,Sartorite,monoclinic,0.6531800732933276,0.005034354651462285,-0.05342120490287704
1340,Delafossite,04,,hexagonal,0.6259594512829302,-0.07283820577621605,0.0231466200489257
1341,Delchiaroite,10,Not in a structural group,orthorhombic,0.6242572036905621,-0.0849318335211536,0.0091236115838162
1342,Delhayelite,09,Rhodesite,orthorhombic,0.5991568100419512,-0.04123793574350912,0.027982440220080382
1343,Delhuyarite-(Ce),09,Chevkinite,monoclinic,0.601590364950939,-0.09386662187034271,0.05480886932143785
1344,Deliensite,07,Deliensite,orthorhombic,-0.2390449926014486,-0.32130022930784424,-0.262221769384633
1345,Delindeite,09,Seidozerite-Lamprophyllite,monoclinic,0.61636181562459,-0.13348141150719,0.06628917735536705
1346,Dellagiustaite,04,Spinel,cubic,0.6240859258859722,-0.07793638841824072,-0.0006421923313561298
1347,Dellaite,09,,triclinic,-0.178961774592461,-0.16655131588849473,0.027033805397432935
1348,Deloneite,08,Apatite,hexagonal,-0.24127140731841984,-0.08454469685735688,0.335256833546525
1349,Deloryite,07,,monoclinic,-0.17208403203178602,-0.19967951590904964,-0.013871267903449705
1350,Delrioite,04,Delrioite,monoclinic,-0.3387507914434303,0.320324252739784,0.27109788201715423
1351,Deltalumite,04,Spinel,tetragonal,0.6216262405885966,-0.06627273918336427,-0.0029286473862000506
1352,Deltanitrogen,01,,orthorhombic,0.7948979180412065,0.1308049067449807,-0.04387168953236635
1353,Delvauxite,08,Amorphous,,-0.22793777076833643,-0.19111572582602415,0.3347130098827498
1354,Demagistrisite,09,Not in a structural group,orthorhombic,0.5884017397500529,-0.13569586580489293,0.05440997422051411
1355,Demartinite,03,,hexagonal,0.6407808015783623,0.08327794533337837,0.007308768126646419
1356,Demesmaekerite,04,,triclinic,-0.2092553098479687,-0.3050748880059895,-0.29931087525301137
1357,Demicheleite-(Br),02,Demicheleite,orthorhombic,0.6764416420701717,0.05247863590608313,0.010022497266739434
1358,Demicheleite-(Cl),02,Demicheleite,orthorhombic,0.6758588227542729,0.051744714356263606,0.008543422956758986
1359,Demicheleite-(I),02,Demicheleite,orthorhombic,0.6772407654859974,0.056909397822065,0.011750031930142527
1360,Dendoraite-(NH4),10,Oxalate,monoclinic,-0.2284105419512395,-0.19619573145617425,0.3177012452164635
1361,Denisovite,09,,monoclinic,0.5991481720538145,-0.022867131415012953,0.023728186919040037
1362,Denningite,04,Denningite,tetragonal,0.5936804103106853,-0.030380583901499298,0.03357923428104907
1363,Depmeierite,09,Cancrinite,hexagonal,-0.22920335639674946,-0.17417875483909184,0.1650858623610404
1364,Derbylite,04,,monoclinic,0.6179670531576256,-0.0904726118191021,0.06367494762998566
1365,Derriksite,04,,orthorhombic,-0.20047374276839727,-0.29172556563239527,-0.286707677226225
1366,Dervillite,02,Dervillite,monoclinic,0.6703271570444063,0.009661758258473032,0.008747855115632057
1367,Desautelsite,05,Hydrotalcite,hexagonal,-0.18813984928826688,-0.28109731347028577,-0.02243725727452767
1368,Descloizite,08,Conichalcite,orthorhombic,-0.22818541655743557,-0.16123703958052382,0.3037429762125392
1369,Désorite,08,Jamesite,triclinic,-0.22988710396232115,-0.17506760095358098,0.32554703858777767
1370,Despujolsite,07,Fleischerite,hexagonal,-0.2321945782770225,-0.28139696908341455,-0.248053344079938
1371,Dessauite-(Y),04,Crichtonite,hexagonal,0.6059582640137118,-0.12727135847755786,0.06020116135649921
1372,Destinezite,08,,triclinic,-0.26193890875617776,-0.2156686989810106,0.056708185719655836
1373,Deveroite-(Ce),10,Oxalate,monoclinic,0.6705017852319671,-0.043089696246915166,0.01914704148454711
1374,Devilliersite,09,Sapphirine,triclinic,0.5972026605077274,-0.041546722699245454,0.04485066091120403
1375,Devilline,07,Devilline,monoclinic,-0.2286631686248127,-0.28980524461442425,-0.2668962275359601
1376,Devitoite,09,Astrophyllite-Devitoite,triclinic,-0.23723647429792433,-0.16201660922067018,0.2326558088427311
1377,Dewindtite,08,Phosphuranylite,orthorhombic,-0.2563129529093855,-0.24319493536094294,0.34125691699047583
1378,Dewitite,02,Chabournéite,triclinic,0.682204385564506,-0.01961599460572512,0.012229627288086718
1379,Deynekoite,08,Cerite,hexagonal,-0.3382933894354403,0.33660893739077863,0.29755631877644445
1380,Diaboleite,03,Perovskite,tetragonal,0.604589408133891,-0.1437869242758146,-0.008395107686125454
1381,Diadochite,08,Amorphous,,-0.26365828657599,-0.21706949125295427,0.0562236615801227
1382,Diamond,01,Diamond,"cubic, orthorhombic",0.7976771121464363,0.1312612526660027,-0.04124284851260978
1383,Diaoyudaoite,04,Magnetoplumbite,hexagonal,0.6158792265308459,-0.07218729209737088,0.00415157181926701
1384,Diaphorite,02,,monoclinic,0.6719472938447284,-0.03381919253384633,-0.003994734852546405
1385,Diaspore,04,Diaspore,orthorhombic,0.592245338123729,-0.1726971420911133,0.018163656759184098
1386,Dickinsonite-(KMnNa),08,Arrojadite,monoclinic,-0.23322086093613076,-0.12068792831334273,0.3403920476489569
1387,Dickite,09,"Clay, Kaolinite",monoclinic,0.5971895710412896,-0.16862561065608286,0.022197281697303117
1388,Dickthomssenite,04,,"triclinic, monoclinic",0.5915476957921535,-0.0035724226681485907,0.03724939388838465
1389,Diegogattaite,09,Not in a structural group,monoclinic,0.604010983495636,-0.07290803933712553,0.01088574270048515
1390,Dienerite,02,Domeykite,,0.6444156313552311,0.14227559475631435,0.0261216484801068
1391,Dietrichite,07,Halotrichite,monoclinic,-0.34826069395098375,0.24536159146412562,-0.35545027466283313
1392,Dietzeite,07,,monoclinic,-0.18013919949628832,-0.07886926017013139,-0.017629894491207505
1393,Digenite,02,Digenite,"cubic, hexagonal",0.65562561604151,-0.032557770806302955,-0.016773442513229327
1394,Dimorphite,02,,orthorhombic,0.7927034633965107,0.05621754263134081,-0.028021577039848783
1395,Dingdaohengite-(Ce),09,Chevkinite,monoclinic,0.6184783309985091,-0.05239746702833396,0.05788835905096054
1396,Dinilawiite,07,Not in a structural group,monoclinic,-0.20849338728022285,-0.29511019755054235,-0.29940199614407265
1397,Dinite,10,,orthorhombic,0.6346019883586274,-0.026809861586071567,0.015104871306526596
1398,Diopside,09,Pyroxene,monoclinic,0.5892067232598706,0.001408357634793203,0.03473684819389804
1399,Dioptase,09,,hexagonal,-0.265788137615816,0.33851994651864664,-0.12772359207614248
1400,Dioskouriite,03,Not in a structural group,"monoclinic, orthorhombic",0.6058313542875001,-0.12266319514470848,-0.003021717378793337
1401,Direnzoite,09,,orthorhombic,0.6188693805553602,-0.08666176478194822,0.017425581727452278
1402,Dissakisite-(Ce),09,"Allanite, Epidote",monoclinic,-0.17557526430423337,-0.16091238600321348,0.03795845129410423
1403,Dissakisite-(La),09,"Allanite, Epidote",monoclinic,-0.17372382888481572,-0.1596638591631685,0.03484936463434575
1404,Disulfodadsonite,02,Dadsonite,triclinic,0.6576477169574396,-0.02417591815114257,-0.023740582613467197
1405,Dittmarite,08,Dittmarite,orthorhombic,-0.27831071780871375,-0.08377537141502729,0.3483994333829188
1406,Diversilite-(Ce),09,,hexagonal,0.5941359011645069,-0.1509825168645021,0.053846402923206256
1407,Dixenite,09,Hematolite,hexagonal,-0.22632782534095408,-0.16167635843518607,0.2658677318626901
1408,Djerfisherite,02,Djerfisherite,cubic,0.615592358903748,-0.016223269808211826,0.020614241089730864
1409,Djurleite,02,,monoclinic,0.654145159602196,-0.03184915053212785,-0.01583196510372207
1410,Dmisokolovite,08,Not in a structural group,monoclinic,-0.22274874745691012,-0.13485079141471282,0.30466635333193753
1411,Dmisteinbergite,09,Cymrite,hexagonal,0.6008670003181701,-0.05460518556399364,0.007839038098186701
1412,Dmitryivanovite,04,,monoclinic,0.5969334748756401,-0.07024953561881214,0.00976818954654499
1413,Dmitryvarlamovite,04,Columbite,orthorhombic,0.6528718720189156,-0.08338452205040345,0.0610335804152459
1414,Dobrovolskyite,07,Dobrovolskyite,hexagonal,-0.325416395249714,0.25332984178097073,-0.3327807081209341
1415,Dobšináite,08,Roselite,monoclinic,-0.34701877377423834,0.33134174186534987,0.2903281014035805
1416,Dokuchaevite,08,,triclinic,-0.24466191089404776,-0.053878618251853305,0.29249079186207444
1417,Dolerophanite,07,Natrochalcite,monoclinic,-0.2174049520100703,-0.19624615851981125,-0.32007070868677434
1418,Dollaseite-(Ce),09,"Dollaseite, Epidote",monoclinic,-0.17970904647103156,-0.14049148333406286,0.04522874449256094
1419,Dolomite,05,Calcite-Dolomite,hexagonal,-0.2796237130281417,0.30374352724483367,-0.08818322718629412
1420,Doloresite,04,,monoclinic,0.6149323190952437,-0.14917668715486682,0.028348165871904814
1421,Domerockite,08,Not in a structural group,triclinic,-0.23057861694013881,-0.21174277272600195,0.29747554689083366
1422,Domeykite,02,Domeykite,cubic,0.675934416167445,0.09476406911333846,-0.022484486546121212
1423,Domitrovicite,10,"Glycolate, Stanevansite",monoclinic,0.6043584083666779,-0.1362838615433186,0.035532719816795455
1424,Donbassite,09,"Clay, Chlorite",monoclinic,0.5949524815965306,-0.16999911259625283,0.020348030489178104
1425,Dondoellite,08,Fairfieldite,triclinic,-0.353451677447238,0.3150560854278143,0.29444696737521536
1426,Dongchuanite,08,Dongchuanite,triclinic,-0.2326500650183549,-0.14704257233626578,0.3095903131632956
1427,Donharrisite,02,,monoclinic,0.6266520070167843,0.008794438791029993,0.03023841213347589
1428,Donnayite-(Y),05,Mckelveyite,"triclinic, hexagonal",-0.2939717301795927,0.26779957300444884,-0.09779065919194692
1429,Donowensite,04,Not in a structural group,triclinic,0.6048210376691223,-0.0346156391044358,0.050232964960795976
1430,Donpeacorite,09,Pyroxene,orthorhombic,0.591036151785183,0.0013526800631522007,0.03596383317765135
1431,Donwilhelmsite,09,,hexagonal,0.6065353543017333,-0.05932038343687346,0.007414682732652965
1432,Dorallcharite,07,Alunite-Alunite,hexagonal,-0.21384137862794253,-0.25915948534982225,-0.24280094945929542
1433,Dorfmanite,08,,orthorhombic,-0.22364930062212995,-0.2097905381892385,0.3138039635526384
1434,Dorrite,09,Sapphirine,triclinic,0.5900181410705819,-0.05314313422518723,0.03509751532438052
1435,Douglasite,03,,,0.6157271703429595,0.06463242811287066,0.014893781084672094
1436,Dovyrenite,09,,orthorhombic,0.5894825188472963,-0.12669732970037245,0.0374805377987285
1437,Downeyite,04,,tetragonal,-0.31686039707307934,0.34808666519982434,-0.49793770938325266
1438,Downsite,07,Not in a structural group,monoclinic,-0.2976177048683371,0.3085203026049722,-0.17891572132047345
1439,Doyleite,04,,triclinic,0.596926301707101,-0.18290506696987596,0.02522447528934078
1440,Dozyite,09,"Corrensite, Clay",monoclinic,0.5735231779925973,-0.14922415905573738,0.04568940313588196
1441,Dravertite,07,Zinkosite,monoclinic,-0.32733228145990007,0.2621156193459407,-0.340015620534483
1442,Dravite,09,Tourmaline,"hexagonal, triclinic",-0.15120319733193938,-0.2008237484052964,-0.00013254038789929559
1443,Drechslerite,02,Weissbergite,triclinic,0.6883153048879204,-0.022967973236010186,0.012427634354655659
1444,Dresserite,05,Dundasite,orthorhombic,-0.18430138451018302,-0.2916394782221961,-0.03947151877546384
1445,Dreyerite,08,Zircon,tetragonal,-0.3343636231884112,0.3914810615211525,0.310828993852998
1446,Driekopite,02,Nickeline,hexagonal,0.6258491634372404,0.5278807992473045,-0.05446318107033027
1447,Dritsite,03,Hydrotalcite,hexagonal,0.5963650164391807,-0.19472157185605318,0.02681213313036976
1448,Drobecite,07,Starkeyite,monoclinic,-0.35900417933869316,0.2884951279754841,-0.35714110389150266
1449,Droninoite,03,Hydrotalcite,hexagonal,0.5918611076812148,-0.17207598094727397,0.04146108255962688
1450,Drugmanite,08,,monoclinic,-0.22360283754039514,-0.19537367384264565,0.2981055982954958
1451,Drysdallite,02,Molybdenite,hexagonal,0.7867885898204493,0.02084078749717135,-0.027527418786987126
1452,Dualite,09,Eudialyte,hexagonal,0.593403009457924,-0.10408726082677017,0.05703184729207683
1453,Dubińskaite,09,Axinite,triclinic,0.5899344871863921,-0.09147929744860046,0.019233631565929336
1454,Dufrénite,08,Dufrénite,monoclinic,-0.24108077628805888,-0.18580973897882447,0.33706790277965515
1455,Dufrénoysite,02,Sartorite,monoclinic,0.6522801904949387,0.001313526331223401,-0.05321026161921101
1456,Duftite,08,Conichalcite,orthorhombic,-0.22789900827119355,-0.17911251547899273,0.2921185318196101
1457,Dugganite,08,Dugganite,hexagonal,-0.33182144052457874,0.34237038717124574,0.05941038313231838
1458,Dukeite,07,,hexagonal,0.6432939368194737,-0.10271072571074022,0.02813417345244116
1459,Dulanggouite,02,,hexagonal,0.6582788894546732,-0.011253136460215146,0.0004647572642112203
1460,Dumontite,08,,monoclinic,-0.2495012673689076,-0.20956285597400948,0.3266609680508852
1461,Dumortierite,09,Dumortierite,orthorhombic,0.62450387607004,-0.05094210454217682,-0.004008095990290972
1462,Dundasite,05,Dundasite,orthorhombic,-0.17487659922110937,-0.28245417248292554,-0.05274656876069678
1463,Durangite,08,Titanite,monoclinic,-0.250642744507966,-0.005010406503476604,0.3255739797289816
1464,Duranusite,02,,orthorhombic,0.7962917172574292,0.0958633547722384,-0.030605953349622874
1465,Dusmatovite,09,Milarite,hexagonal,0.6044327725207516,-0.02269159392696611,0.03910949741558376
1466,Dussertite,08,Alunite-Crandallite,hexagonal,-0.22540195360086274,-0.19494750138540795,0.31818201655428496
1467,Dutkevichite-(Ce),09,Joaquinite,orthorhombic,0.6203152873883194,-0.06279883832085965,0.0584754170250589
1468,Dutrowite,09,Tourmaline,hexagonal,-0.14822447775499717,-0.19422306547007048,-0.0034880150391567387
1469,Duttonite,04,,monoclinic,0.6144145414992281,-0.1523437689250803,0.028695821990577033
1470,Dwornikite,07,Kieserite,monoclinic,-0.3498590295908979,0.2982634547264876,-0.35164348698026493
1471,Dymkovite,04,Seelite,monoclinic,-0.2436991162267354,-0.22174958894237018,0.34295253305407863
1472,Dypingite,05,,,-0.19319664833255626,-0.22835293394631798,-0.017335612096361506
1473,Dyrnaesite-(La),08,Vitusite,orthorhombic,-0.33243044272669064,0.3304332918744762,0.3176093866478501
1474,Dyscrasite,02,Allargentum,orthorhombic,0.6309302282470705,0.5289971410119676,-0.04912125235165639
1475,Dzhalindite,04,Perovskite,cubic,0.603133252373331,-0.1805407730125886,0.03034838795596807
1476,Dzharkenite,02,Pyrite,cubic,0.6125395716644764,-0.002685552240775338,0.005237749365177931
1477,Dzhuluite,04,Garnet,cubic,0.605464750377475,-0.0709695188090237,0.04316179991253764
1478,Dzierżanowskite,02,,hexagonal,0.6276172123855267,-0.03379829758497509,-0.003333558695646322
1479,Eakerite,09,,monoclinic,0.5947538306322948,-0.14413781072536325,0.030919810665149403
1480,Earlandite,10,Citrate,"orthorhombic, triclinic",0.5967830493904787,-0.13642531187827778,0.02274902618256387
1481,Earlshannonite,08,Arthurite,monoclinic,-0.2466138976326705,-0.18327075219690397,0.34151873379908676
1482,Eastonite,09,Mica,monoclinic,0.576474385699148,-0.12016774470977477,0.04204544305042526
1483,Ebnerite,08,Tridymite-Nepheline,hexagonal,-0.27239912467965555,-0.07276616253442209,0.34987865964351295
1484,Ecandrewsite,04,Corundum,hexagonal,0.630895278127257,-0.05553534747300552,0.05592522650759654
1485,Ecdemite,03,,tetragonal,0.6438724649774884,-0.00449229262937822,-0.05773482783823008
1486,Eckerite,02,Xanthoconite,monoclinic,0.6936516770716781,-0.03469347308842721,0.0016344760640827107
1487,Eckermannite,09,Amphibole,monoclinic,0.5711774270899748,-0.08343127594248484,0.05853656432820459
1488,Eckhardite,07,Not in a structural group,monoclinic,-0.2913585138920807,0.28539862237394203,-0.37633366662108636
1489,Eclarite,02,Kobellite,orthorhombic,0.6479381991828252,-0.018774471838347677,-0.019941775131747413
1490,Écrinsite,02,Sartorite,triclinic,0.6742911127462171,-0.010638744507962334,-0.004016837169621491
1491,Eddavidite,03,Murdochite,cubic,0.6428042749767533,-0.07249599770307007,-0.02926923541461868
1492,Edenharterite,02,,orthorhombic,0.6670835219304796,-0.014145219240860391,-0.04291401753600725
1493,Edenite,09,Amphibole,monoclinic,0.5712922366473754,-0.068460708464223,0.052379625506430084
1494,Edgarbaileyite,09,,monoclinic,0.6801767684882511,-0.07353975149400757,0.001977359663740706
1495,Edgarite,02,,hexagonal,0.658139812780594,-0.01359073577585005,0.030123693586060343
1496,Edgrewite,09,Humite,monoclinic,-0.19886479070474675,0.0018716324488038984,0.0009888927477141219
1497,Edingtonite,09,Edingtonite,"tetragonal, orthorhombic",0.6093052358857606,-0.07476490396205251,0.004903058676938793
1498,Edoylerite,07,,monoclinic,-0.16425381657171592,-0.06613125141713709,-0.038223604028304485
1499,Edscottite,01,,monoclinic,0.6288576607133833,0.12572767292877504,0.011544592901019515
1500,Edtollite,08,Edtollite,triclinic,-0.22632159744419156,-0.13397534707602787,0.3090052805303811
1501,Edwardsite,07,Not in a structural group,monoclinic,-0.22776078480563497,-0.28362825550441256,-0.259505913041369
1502,Edwindavisite,10,Oxalate,orthorhombic,0.6120777487060627,-0.13417252933572682,0.01109030631018628
1503,Effenbergerite,09,Gillespite,tetragonal,0.6146433371126117,-0.048886395615405136,-0.00831936480905441
1504,Efremovite,07,Langbeinite,cubic,-0.2572853438086939,-0.15026637782924718,-0.2768192770219474
1505,Eggletonite,09,Clay,monoclinic,0.5882665774671698,-0.150158972133287,0.03777512254304785
1506,Eglestonite,03,,cubic,0.6672782812511144,-0.04387603568245554,0.0040292388314776585
1507,Ehrigite,02,Tetradymite,hexagonal,0.6588729092842481,-0.012536415496438968,-0.00046163425315845497
1508,Ehrleite,08,,triclinic,-0.24370723703995037,-0.1721549363004252,0.32715586943288183
1509,Eifelite,09,Milarite,hexagonal,0.5807436513867607,-0.015854749274775416,0.047824323375509945
1510,Eirikite,09,Leifite,hexagonal,0.6026453253636829,-0.05247370729915276,0.026572748836391148
1511,Eitelite,05,,hexagonal,-0.2757526234495107,0.2790997363959908,-0.07725290726736544
1512,Ekanite,09,Amorphous,tetragonal,0.6241069721686021,-0.03269568908526416,0.023921364906306412
1513,Ekaterinite,06,,hexagonal,0.6168665972126981,-0.001554221548728918,-0.0003790424365556662
1514,Ekatite,09,Ellenbergerite,hexagonal,-0.22425591940041412,-0.140189298479476,0.28228411762058975
1515,Ekebergite,04,Columbite,monoclinic,0.6555295246710557,-0.09115452519997896,0.044063524681802954
1516,Ekplexite,04,Valleriite,hexagonal,0.6005627751412722,-0.12734348115640187,0.041736016935738245
1517,Elaliite,08,Not in a structural group,orthorhombic,-0.24192582581258654,-0.08892253470939063,0.326243206246338
1518,Elasmochloite,07,Not in a structural group,monoclinic,-0.21141349229847728,-0.20153974307983152,-0.28609793447961945
1519,Elbaite,09,Tourmaline,hexagonal,-0.14705220511810843,-0.20773764868721015,-0.008667236496082685
1520,Elbrusite,04,Garnet,cubic,0.6006628688150268,-0.07839447317053701,0.047681978704878475
1521,Eldfellite,07,Zinkosite,monoclinic,-0.32687875748182216,0.26095509956728347,-0.30935313680359594
1522,Eldragónite,02,Not in a structural group,orthorhombic,0.6536334503233869,-0.030192648143021625,-0.01457528395584688
1523,Eleomelanite,07,,monoclinic,-0.2114673114246281,-0.2030990732936329,-0.2978593088789062
1524,Elgoresyite,09,Not in a structural group,monoclinic,0.5834751489836545,0.011752066282818744,0.038411941345647724
1525,Eliopoulosite,02,Nickeline,hexagonal,0.7908064388487062,0.037343042821658255,-0.027748212071989076
1526,Eliseevite,09,,monoclinic,0.6166842360477397,-0.14096325077444058,0.05763565536841099
1527,Elkinstantonite,08,Not in a structural group,monoclinic,-0.24375739269672708,-0.0886086427848088,0.32390223516249306
1528,Ellenbergerite,09,Ellenbergerite,hexagonal,0.5771149031527354,-0.11182408503600644,0.05386688369239774
1529,Ellinaite,04,Spinel-Post-spinel,orthorhombic,0.6145877102504227,-0.0016779468390670255,0.006533308951310306
1530,Ellingsenite,09,,triclinic,0.5884512621719562,-0.17814701996764176,0.04063569384480223
1531,Elliottite,08,,monoclinic,-0.2715087173100845,-0.028631282617673254,0.3387263419949257
1532,Ellisite,02,,hexagonal,0.6960455230117057,-0.03149136945091308,-0.006988522075226072
1533,Elpasolite,03,Perovskite,cubic,0.6275135387671298,0.07220417449947353,0.009213540688937375
1534,Elpidite,09,Elpidite,orthorhombic,0.6353036360572264,-0.07537647641309062,0.03809475853170771
1535,Elramlyite-(Ce),08,Not in a structural group,monoclinic,-0.2524328758657665,0.007323563346851259,0.39055429196801805
1536,Eltyubyuite,09,Mayenite,cubic,0.5912062806104071,-0.02976423855386536,0.03216804524754746
1537,Elyite,07,,monoclinic,-0.21885539498866308,-0.266594769334562,-0.28717942205470837
1538,Embreyite,08,,monoclinic,-0.33524469531772977,0.3608438268192548,0.09352157289957608
1539,Emeleusite,09,,orthorhombic,0.6074084327121668,-0.04350733010173927,0.03667599152570374
1540,Emilite,02,Meneghinite,orthorhombic,0.6615156996714122,-0.027246797638890895,-0.013219741356691921
1541,Emmerichite,09,Seidozerite-Lamprophyllite,monoclinic,0.6088853702990638,-0.059837502996518924,0.05782600439655536
1542,Emmonsite,04,,triclinic,-0.33214522189414536,0.286220018626804,-0.351399142097366
1543,Emplectite,02,Chalcostibite,orthorhombic,0.6745658178321274,-0.03026069517270044,0.0047645758523328485
1544,Empressite,02,,"hexagonal, orthorhombic",0.6626618535662384,-0.021446002939384968,0.0072608131966560695
1545,Enargite,02,"Enargite, Wurtzite",orthorhombic,0.6585302507527563,-0.015737821588363853,-0.014732097635616722
1546,Engelhauptite,03,Not in a structural group,hexagonal,0.6037003956779083,-0.13689097573275663,0.011355166156573494
1547,Englishite,08,,monoclinic,-0.25200392058220333,-0.19522075681855977,0.33996379349776157
1548,Enneasartorite,02,Sartorite,monoclinic,0.6571192769060801,-4.454405130226852e-05,-0.05125746559215739
1549,Enricofrancoite,09,Litidionite,triclinic,0.601648553043935,-0.042801371030119835,0.028868936535489408
1550,Enstatite,09,Pyroxene,orthorhombic,-0.25499262304913134,0.3659493166827208,-0.05517897165606411
1551,Eosphorite,08,Childrenite,orthorhombic,-0.23351398466489662,-0.18996753764657293,0.33038542951295397
1552,Ephesite,09,Mica,triclinic,0.592686795034092,-0.1316932186733017,0.028852595161889733
1553,Epididymite,09,Not in a structural group,orthorhombic,0.6018971916590705,-0.04510695425069803,0.029829253732277468
1554,Epidote,09,"Epidote, Clinozoisite",monoclinic,-0.17713285104482357,-0.161639302763967,0.03217170047788924
1555,Epidote-(Sr),09,Epidote,monoclinic,-0.17648294177675256,-0.1617679414880979,0.03291447383046802
1556,Epiebnerite,08,Tridymite-Nepheline,monoclinic,-0.27191941769437306,-0.07252364068396631,0.35102432719448634
1557,Epifanovite,08,Andyrobertsite,monoclinic,-0.24196509868144211,-0.2032651751051741,0.3211081263291831
1558,Epistilbite,09,Mordenite,"monoclinic, triclinic",0.6160389249813765,-0.07976386542101122,0.0024627096870666627
1559,Epistolite,09,Seidozerite-Lamprophyllite,triclinic,0.6324095290239184,-0.1434194425680883,0.05441519594204716
1560,Epsomite,07,Epsomite,orthorhombic,-0.34466497668787444,0.2762368677937216,-0.3246680909461104
1561,Erazoite,02,Not in a structural group,hexagonal,0.6552907707024942,-0.03276451962343998,-0.013524662314714615
1562,Ercitite,08,,orthorhombic,-0.2359842078054758,-0.1796423306525162,0.34920733949123245
1563,Erdite,02,,monoclinic,0.6050353710800619,-0.04087651297458046,0.043015751733171854
1564,Ericaite,06,Boracite,orthorhombic,0.6106442905162852,0.010119524960391348,0.004614879708224632
1565,Ericlaxmanite,08,Not in a structural group,triclinic,-0.23040105247013395,-0.12056954172036083,0.30107579177138283
1566,Ericssonite,09,Ericssonite,"monoclinic, orthorhombic",0.5876490928293259,-0.08620603302197785,0.04980156827435579
1567,Erikapohlite,08,Alluaudite,"monoclinic, unknown",-0.3503042527299479,0.3258694764341967,0.281350247795808
1568,Erikjonssonite,09,Hereroite,monoclinic,0.6439252279903984,-0.014854970567729667,-0.055255905876157696
1569,Eringaite,09,Garnet,cubic,0.6003292379697722,-0.04315208580681689,0.008345006195302884
1570,Eriochalcite,03,,orthorhombic,0.6571247960708717,0.06253822929759438,-0.05539902503742261
1571,Erionite-Ca,09,Erionite,hexagonal,0.620162046435767,-0.08226341769409547,0.003125082372143803
1572,Erionite-K,09,Erionite,hexagonal,0.626345197574647,-0.09087451439981811,0.00981061913984793
1573,Erionite-Na,09,Erionite,hexagonal,0.624453932245134,-0.09156915473272005,0.013448500184749123
1574,Erlianite,09,,orthorhombic,0.5841372103549983,-0.14496773333641244,0.03882838376172057
1575,Erlichmanite,02,Pyrite,cubic,0.6655042081685116,-0.03359785798548741,-0.014631373190692422
1576,Ermakovite,03,Lucabindiite,hexagonal,0.620350759659632,-0.11670166619015951,0.025347965752555067
1577,Ermeloite,08,Kieserite,monoclinic,-0.33239581072353674,0.33155270267029685,0.29223592078372457
1578,Ernienickelite,04,,hexagonal,0.6321002483374801,-0.05784053719128883,0.04964463391159008
1579,Erniggliite,02,,hexagonal,0.6950694465653487,-0.031988911135874466,0.012379109839932463
1580,Ernstburkeite,10,,hexagonal,-0.22759773590271692,-0.28109628671052317,-0.2846539886344972
1581,Ernstite,08,Childrenite,"monoclinic, orthorhombic",-0.2294233109042464,-0.1694252427405332,0.33163707301316603
1582,Ershovite,09,Ershovite,triclinic,0.5967917694284548,-0.13988004194476658,0.053746125033113885
1583,Erssonite,07,Hydrotalcite,hexagonal,-0.23775031003475366,-0.2888897743027307,-0.24111249460041523
1584,Ertixiite,09,,cubic,0.6251735854742042,-0.03547008433727372,0.02014026783261253
1585,Ertlite,09,Tourmaline,hexagonal,-0.1445447180330889,-0.1946707412499712,-0.015082943828483708
1586,Erythrite,08,Vivianite,monoclinic,-0.3745362671691986,0.35433807211388907,0.3012485629202878
1587,Erythrosiderite,03,,orthorhombic,0.6184577260225371,0.071165886363973,0.02263969157344661
1588,Erzwiesite,02,Lillianite,orthorhombic,0.6614553592696985,-0.02362124472211824,-0.012708120869686115
1589,Escheite,09,Zorite,orthorhombic,0.6242298754709126,-0.15154032605121942,0.05929638331872231
1590,Esdanaite-(Ce),08,Not in a structural group,orthorhombic,-0.34769891005031306,0.33244414642773146,0.33321424111867864
1591,Eskebornite,02,Chalcopyrite,tetragonal,0.6379710768649617,-0.03264687533272849,0.019259088054755423
1592,Eskimoite,02,Lillianite,monoclinic,0.6619762311266565,-0.023115048721190933,-0.008867834779590942
1593,Eskolaite,04,Corundum,hexagonal,0.7793503001144629,0.0012256000685373566,-0.024387355234098948
1594,Espadaite,08,Not in a structural group,orthorhombic,-0.21874829227579934,-0.22828548741591315,0.3407132979860177
1595,Esperanzaite,08,,monoclinic,-0.25987730558541366,-0.08478462360261307,0.32750177031306665
1596,Esperite,09,Beryllonite,monoclinic,-0.17971818054980457,-0.11160192941957826,0.020257774722479013
1597,Esquireite,09,Not in a structural group,monoclinic,0.6254360153169073,-0.0413252912046932,0.006279781990006951
1598,Esseneite,09,Pyroxene,monoclinic,-0.17359998576933525,0.40459054620916035,-0.050541668405855465
1599,Ettringite,07,Ettringite,hexagonal,-0.24425253323202237,-0.3065758530114684,-0.259930422423551
1600,Eucairite,02,,"tetragonal, orthorhombic",0.6570245595528805,-0.02936595436905464,-0.006285644852471836
1601,Euchlorine,07,Euchlorine,monoclinic,-0.21314958932894273,-0.20527121201608559,-0.2847335132762285
1602,Euchroite,08,,orthorhombic,-0.2412721608390559,-0.19834843786488343,0.30655833573299657
1603,Euclase,09,,monoclinic,-0.17369999297097552,-0.2034864705603574,0.029060768172109105
1604,Eucryptite,09,Phenakite,hexagonal,-0.2742124914453238,0.32367385719222114,-0.03186174832595359
1605,Eudialyte,09,Eudialyte,hexagonal,0.5874109790034219,-0.12646568722048573,0.05377202743876881
1606,Eudidymite,09,,monoclinic,0.6018971916590705,-0.04510695425069803,0.029829253732277468
1607,Eugenite,01,,cubic,0.6278328422945859,0.5265819129871813,-0.04885619237644408
1608,Eugsterite,07,,,-0.3345421369776791,0.24168001680964094,-0.3344519599232418
1609,Eulytine,09,,cubic,-0.273575296871294,0.39081048073997005,-0.03328610177123273
1610,Eurekadumpite,08,Not in a structural group,monoclinic,-0.2550119132310779,-0.23320266381158827,0.09249910355496795
1611,Euxenite-(Y),04,Columbite,orthorhombic,0.6617660775288905,-0.08672436189472385,0.045045353888406636
1612,Evanichite,07,Not in a structural group,hexagonal,-0.2004514950432695,-0.1900388130551945,-0.1417547321751504
1613,Evansite,08,Amorphous,,-0.2438544462786965,-0.2248064464111868,0.32963114610963684
1614,Evdokimovite,07,Not in a structural group,monoclinic,-0.23792051997292013,-0.18555617668794774,-0.34118321419497843
1615,Eveite,08,Andalusite,orthorhombic,-0.23525082863626093,-0.14708483578591908,0.3315445855533617
1616,Evenkite,10,,"monoclinic, orthorhombic",0.6346019883586274,-0.026809861586071567,0.015104871306526596
1617,Eveslogite,09,,monoclinic,0.5938092766872538,-0.061982243226326325,0.04518986023868425
1618,Evseevite,08,Moraskoite,orthorhombic,-0.2535460235950189,0.005695682100257272,0.33592215477884285
1619,Ewaldite,05,Mckelveyite,hexagonal,-0.29174200174543863,0.28016494391403507,-0.11456348984341168
1620,Ewingite,05,Not in a structural group,tetragonal,-0.19786545040600287,-0.31974912322275784,-0.028982629163737547
1621,Eylettersite,08,Alunite-Crandallite,hexagonal,-0.22476166048849355,-0.19451134067917664,0.3272755543952857
1622,Eyselite,04,,orthorhombic,0.6164785106335753,-0.12034706000724893,0.032443865611878446
1623,Ezcurrite,06,,triclinic,0.5980843271916646,-0.1572502574632378,0.037299677389308825
1624,Ezochiite,02,Spinel,cubic,0.6827858724827585,-0.050676519212683964,0.015374217875950487
1625,Eztlite,07,,monoclinic,-0.21311071589977243,-0.15268791392355893,-0.30325536210179604
1626,Fabianite,06,,monoclinic,0.5874397069312974,-0.11825018810612634,0.02772150379210721
1627,Fabrièsite,09,,orthorhombic,0.6055366991574388,-0.07893357470200096,0.017189602298256057
1628,Fabritzite,07,Ktenasite,hexagonal,-0.2372877252124777,-0.26443799959188746,-0.24945544496557712
1629,Faheyite,08,,hexagonal,-0.3595545234930714,0.31627340224479555,0.31233757528189443
1630,Fahleite,08,Smolyaninovite,,-0.3743978624350429,0.32965491849090944,0.3059879252033639
1631,Fairbankite,07,,triclinic,-0.3189264837152306,0.28079485749395194,-0.43642735766109253
1632,Fairchildite,05,Fairchildite,hexagonal,-0.28161272287161454,0.2755616431132096,-0.09508345696152622
1633,Fairfieldite,08,Fairfieldite,triclinic,-0.3509784852916441,0.3241860993381689,0.30223254780475556
1634,Faizievite,09,,triclinic,0.6099026717327078,-0.05159883648524896,0.043003276099654875
1635,Falcondoite,09,"Sepiolite, Clay",orthorhombic,0.6016433938608772,-0.11760137690124262,0.03653734631517743
1636,Falgarite,07,,monoclinic,-0.21955206671986427,-0.13955769533857654,-0.2823396070388766
1637,Falkmanite,02,,monoclinic,0.6527411236955576,-0.023249945006719373,-0.031713543176442385
1638,Falottaite,10,"Not in a structural group, Oxalate",orthorhombic,0.623712791800302,-0.003924219227712572,0.015594951622562924
1639,Falsterite,08,Not in a structural group,monoclinic,-0.2570077506355684,-0.1766310446091146,0.34513988192199974
1640,Famatinite,02,"Stannite, Diamond-Sphalerite",tetragonal,0.6596181894551626,-0.04491686501166593,-0.01739322168614952
1641,Fanfaniite,08,Calcioferrite,monoclinic,-0.25143450334714923,-0.20247459997971357,0.33507999257585014
1642,Fangite,02,,orthorhombic,0.6951911999844111,-0.037586261806672926,-0.007157479905322551
1643,Fanguangite,08,Not in a structural group,triclinic,-0.18888811287901128,-0.23070953978354536,0.17655342984153471
1644,Fantappièite,09,"Cancrinite, Cancrinite-sodalite",hexagonal,-0.2297340072346985,-0.2138806075575482,-0.2639443630437789
1645,Farneseite,09,Cancrinite-sodalite,hexagonal,-0.22884303075663864,-0.2135275860994544,-0.2655321318743932
1646,Farringtonite,08,,monoclinic,-0.3322865140354002,0.35738966262360916,0.30051840704179833
1647,Fassinaite,05,Not in a structural group,orthorhombic,-0.21619225042161333,-0.17308583061060498,-0.26752016395264483
1648,Faujasite-Ca,09,,cubic,0.6130712661110105,-0.07266707842450809,0.01268893839697079
1649,Faujasite-Mg,09,,cubic,0.6107178035571783,-0.07561372542574041,0.016429982878347005
1650,Faujasite-Na,09,,cubic,0.6130712661110105,-0.07266707842450809,0.01268893839697079
1651,Faustite,08,Turquoise,triclinic,-0.24057206225855876,-0.21226609787694595,0.32529567372454793
1652,Favreauite,04,,tetragonal,-0.2043203838854838,-0.23908564492743759,-0.3233019606033292
1653,Fayalite,09,Olivine,orthorhombic,-0.3008313029804338,0.37050328768691726,-0.04147170157418721
1654,Fedorite,09,Gyrolite,triclinic,0.5959807505824041,-0.08871470583657448,0.033339428344663136
1655,Fedorovskite,06,,orthorhombic,0.579397711045652,-0.13470758410435574,0.04194427487345255
1656,Fedotovite,07,Euchlorine,monoclinic,-0.21304759002377266,-0.2043496670552153,-0.28733327939509606
1657,Fehrite,07,Ktenasite,monoclinic,-0.23147517771823006,-0.2941918742538241,-0.26550546484671494
1658,Feiite,04,Spinel-Post-spinel,orthorhombic,0.6089397177059839,-0.05650373742236321,0.03737423377823414
1659,Feinglosite,08,Brackebuschite,monoclinic,-0.3507318892513335,0.3429422397387138,0.258403855160218
1660,Feitknechtite,04,Brucite,"hexagonal, monoclinic",0.5959711343681031,-0.13623159579118171,0.057332478967228234
1661,Feklichevite,09,Eudialyte,hexagonal,0.5857546083837748,-0.13595150125530828,0.055003550582607905
1662,Felbertalite,02,,monoclinic,0.6549211820820858,-0.022322642093617305,-0.020221181301829566
1663,Felsőbányaite,07,,monoclinic,-0.22268106070770333,-0.2916807523586167,-0.25954958842598996
1664,Fenaksite,09,Litidionite,triclinic,0.60009658361034,-0.04424694829516239,0.03187503673381258
1665,Fencooperite,09,,hexagonal,-0.18222011493956258,-0.16034011299494536,-0.037036061416587024
1666,Fengchengite,09,Eudialyte,hexagonal,0.6053975801010881,-0.089093664023691,0.054483640286725685
1667,Fengruiite,02,Polybasite,hexagonal,0.6915415650968803,-0.04722816369421493,0.01044246769961376
1668,Feodosiyite,03,Not in a structural group,monoclinic,0.6181796049181302,-0.10800013329186377,-0.007610924044889636
1669,Ferberite,07,Columbite,monoclinic,-0.2965536394896957,0.40304692222238686,-0.06955809701963989
1670,Ferchromide,01,Iron,cubic,0.6307856285460838,0.12623016964082745,0.010031741710375923
1671,Ferdowsiite,02,Ferdowsiite,monoclinic,0.6909835880406953,-0.02086791607045542,0.025473764949644574
1672,Fergusonite-(Ce),04,Scheelite,tetragonal,0.6690024130023917,-0.08561579137468875,0.03519177102101916
1673,Fergusonite-(Y),04,Scheelite,tetragonal,0.6590382548471458,-0.08303516170828576,0.025188075922523232
1674,Ferhodsite,02,Pentlandite,tetragonal,0.6326237216384547,-0.01623794894148253,0.018941108380617917
1675,Fermiite,07,,orthorhombic,-0.22269239352855769,-0.2412459938820268,-0.27160232266276696
1676,Fernandinite,04,Straczekite,monoclinic,0.6253462636069198,-0.04164843666986422,0.04975490202190082
1677,Feroxyhyte,04,Feroxyhyte,hexagonal,0.584716552781833,-0.14899984081275214,0.04714652622125283
1678,Ferraioloite,08,,monoclinic,-0.25863270148462025,-0.17883149208383342,0.3459523878665294
1679,Ferrarisite,08,Lindackerite,triclinic,-0.2547821968022202,-0.1827495341296793,0.3269239182215032
1680,Ferriakasakaite-(Ce),09,Epidote,monoclinic,-0.1779563753993323,-0.15618208000337683,0.04564759533198191
1681,Ferriakasakaite-(La),09,Epidote,monoclinic,-0.17778146624697885,-0.15627104096502284,0.04521895585370794
1682,Ferriallanite-(Ce),09,"Allanite, Epidote",monoclinic,-0.1787564244033203,-0.15679820393807856,0.04291154550746301
1683,Ferriallanite-(La),09,"Allanite, Epidote",monoclinic,-0.17858098263268904,-0.15688868040282777,0.04248207234945262
1684,Ferriandrosite-(Ce),09,Epidote,monoclinic,-0.1786142373671389,-0.14883929161744275,0.04442709473508008
1685,Ferriandrosite-(La),09,Epidote,monoclinic,-0.17619458961823584,-0.15086718961201528,0.0419220931298299
1686,Ferribushmakinite,08,Brackebuschite,monoclinic,-0.22834022894801592,-0.1580426962234557,0.3016996122131526
1687,Ferricerite-(LaCa),09,Cerite,,-0.1756564317189103,-0.20423607994306425,0.027660478575810173
1688,Ferricopiapite,07,Copiapite,triclinic,-0.24505502593570888,-0.25489366939105706,-0.24692741478881658
1689,Ferricoronadite,04,Coronadite,tetragonal,0.6248272858285435,-0.049336959923917664,0.043993839842303165
1690,Ferrierite-K,09,Ferrierite,orthorhombic,0.6247568435446957,-0.08650012451878822,0.013236206837242692
1691,Ferrierite-Mg,09,Ferrierite,orthorhombic,0.6090286576122068,-0.08347008037576449,0.021037571496025066
1692,Ferrierite-Na,09,Ferrierite,"orthorhombic, monoclinic",0.6251965074067948,-0.08752038995272599,0.013418399324471642
1693,Ferrierite-NH4,09,Ferrierite,orthorhombic,0.6122893205763735,-0.18517876000732597,0.02514544084923012
1694,Ferri-fluoro-katophorite,09,Amphibole-amphiboles sodic-calcic,monoclinic,0.5776406450650583,-0.020361377555955885,0.04973990393667495
1695,Ferri-fluoro-leakeite,09,Amphibole,monoclinic,0.5851701747697587,-0.031319740846986195,0.051965627818810964
1696,Ferri-ghoseite,09,Amphibole,monoclinic,0.5705547910540639,-0.07571447894973471,0.059978743613918126
1697,Ferri-hellandite-(Ce),09,Hellandite,monoclinic,0.5963039017697169,-0.09571671976248239,0.04758457293874399
1698,Ferrihollandite,04,Coronadite,monoclinic,0.6205529376460113,-0.04768634955625135,0.05949665024875937
1699,Ferrihydrite,04,Nolanite,hexagonal,0.5995065349331555,-0.07933683051846402,0.04883898057159875
1700,Ferri-kaersutite,09,Amphibole-amphiboles sodic-calcic,monoclinic,0.5852589942458883,-0.04300112742124147,0.04868453074629418
1701,Ferri-katophorite,09,Amphibole,monoclinic,0.5699642056789547,-0.08048252700745465,0.057805815829937254
1702,Ferri-leakeite,09,Amphibole,monoclinic,0.5773341665968171,-0.09412026180677077,0.060461888259587364
1703,Ferrilotharmeyerite,08,Natrochalcite,monoclinic,-0.2379612109500006,-0.1585687948376317,0.33199999401587355
1704,Ferrimolybdite,07,,,-0.30569268576002634,0.3945603079831307,-0.04547210385964707
1705,Ferri-mottanaite-(Ce),09,Hellandite,monoclinic,0.6048741415435739,-0.03315495818722037,0.0331808772987314
1706,Ferrimuirite,09,Muirite,tetragonal,0.6091568182461315,-0.00593755696148169,0.019591403354994937
1707,Ferrinatrite,07,,hexagonal,-0.33383709891150964,0.24005291019939481,-0.3251599110526612
1708,Ferri-obertiite,09,Amphibole,monoclinic,0.5862045183492299,-0.03702638388132358,0.06267322083721746
1709,Ferri-pedrizite,09,Amphibole-amphiboles Na-Ca-Mg-Fe-Mn-Li,monoclinic,0.5788397707310208,-0.0934803155266045,0.05921017904644699
1710,Ferriperbøeite-(Ce),09,Gatelite,monoclinic,-0.1756058818935478,-0.16674821818720023,0.041635010720108355
1711,Ferriperbøeite-(La),09,Gatelite,monoclinic,-0.17535767385198442,-0.1669328316196843,0.04103209472439457
1712,Ferriphoxite,10,"Oxalate, Ferriphoxite",monoclinic,-0.24077357715606434,-0.16952960257934704,0.34553966801606517
1713,Ferriprehnite,09,Prehnite,orthorhombic,0.5788834367131223,-0.12859704476612482,0.03784012003786388
1714,Ferripyrophyllite,09,"Clay, Pyrophyllite",monoclinic,0.5890736994082707,-0.12640055605956366,0.04738685213378027
1715,Ferrirockbridgeite,08,Rockbridgeite,orthorhombic,-0.2354239604143991,-0.17179791632196417,0.3412522363828282
1716,Ferrisanidine,09,Feldspar,monoclinic,0.5998968989701255,-0.03546150195279178,0.042086018863186136
1717,Ferrisepiolite,09,Sepiolite,orthorhombic,0.5929647497496269,-0.07604645579640426,0.04102852641634152
1718,Ferristrunzite,08,Strunzite,triclinic,-0.24707074233937898,-0.19364012655579138,0.34105045148472396
1719,Ferrisurite,09,,monoclinic,-0.17378996708761804,-0.24766959409865988,-0.047160241049671044
1720,Ferrisymplesite,08,Symplesite,,-0.2454240193197491,-0.19334398505445277,0.3352869611537907
1721,Ferri-taramite,09,Amphibole,monoclinic,0.5728268374241081,-0.08964206603477896,0.054125993789938764
1722,Ferrivauxite,08,Vauxite,triclinic,-0.242494064727947,-0.20888777512107914,0.3300898860334193
1723,Ferri-winchite,09,Amphibole,monoclinic,0.5690066029725342,-0.0750137590765257,0.059873922600876
1724,Ferro-actinolite,09,Amphibole,monoclinic,0.5701225611544805,-0.07966703044807637,0.046216070498117545
1725,Ferroåkermanite,09,Melilite,tetragonal,0.5903723239960926,-0.032682198281130594,0.02193195764810226
1726,Ferroalluaudite,08,Alluaudite,monoclinic,-0.34194842111043333,0.3376064108717214,0.31380247501668174
1727,Ferroaluminoceladonite,09,Mica,monoclinic,0.5845477557693501,-0.14073593186259137,0.03963623389988369
1728,Ferro-anthophyllite,09,Amphibole,orthorhombic,0.5907275076874863,-0.07782536873873382,0.02642953503783349
1729,Ferroberaunite,08,Beraunite,monoclinic,-0.24851381601273484,-0.19153714812773653,0.34217749689053506
1730,Ferrobobfergusonite,08,Alluaudite-Bobfergusonite,monoclinic,-0.3432464194983053,0.33122709363673336,0.30241949006070684
1731,Ferro-bosiite,09,Tourmaline,hexagonal,-0.15143130833484708,-0.18683250767847928,0.003624324316441296
1732,Ferrobustamite,09,Wollastonite,triclinic,0.5866975239625508,-0.030206400685349417,0.022252082290297265
1733,Ferrocarpholite,09,Carpholite,orthorhombic,0.5897629185173228,-0.16236355456256246,0.025735224000526972
1734,Ferroceladonite,09,Mica,monoclinic,0.5816271372496089,-0.1313401792698482,0.04987257475498062
1735,Ferrochiavennite,09,,monoclinic,0.5923732087013506,-0.09317758256950842,0.019546360184044348
1736,Ferrodimolybdenite,02,,monoclinic,0.6171874707924809,0.03307097841521262,0.007104709392768268
1737,Ferro-edenite,09,Amphibole,monoclinic,0.5778091512528802,-0.090831849880151,0.04124303972341449
1738,Ferroefremovite,07,Langbeinite,cubic,-0.25794469384727353,-0.15286528206487202,-0.2842363039050144
1739,Ferroericssonite,09,Ericssonite,monoclinic,0.5813135291268565,-0.09115708009615073,0.04458535318952638
1740,Ferro-ferri-fluoro-leakeite,09,Amphibole,monoclinic,0.5945718968152527,-0.034824263210977556,0.04112166718506922
1741,Ferro-ferri-holmquistite,09,Amphibole,orthorhombic,0.5845793296071247,-0.09296891904548124,0.047132325127149044
1742,Ferro-ferri-hornblende,09,Amphibole,monoclinic,0.5792827675485632,-0.09067397993766929,0.03999081090735618
1743,Ferro-ferri-katophorite,09,Amphibole,monoclinic,0.5793710408573123,-0.09374404471626514,0.04665526699331489
1744,Ferro-ferri-nybøite,09,Amphibole,monoclinic,0.583258662395429,-0.09429889657824013,0.04875743002915991
1745,Ferro-ferri-obertiite,09,Amphibole,monoclinic,0.5976396928658935,-0.04768418650134906,0.04949084686228643
1746,Ferro-ferri-pedrizite,09,Amphibole,monoclinic,0.586054596781115,-0.096915860219289,0.049598548930722366
1747,Ferrofettelite,02,Fettelite,monoclinic,0.6890953418995367,-0.032415671609590455,0.015766451586204638
1748,Ferro-fluoro-edenite,09,Amphibole,monoclinic,0.5871751857746003,-0.03468187298135915,0.03239467245052778
1749,Ferro-fluoro-pedrizite,09,Amphibole,monoclinic,0.599813340834956,-0.04337133017797147,0.029017002634743723
1750,Ferro-gedrite,09,Amphibole,orthorhombic,0.5919833177803412,-0.09004942909999186,0.026822654309451223
1751,Ferro-glaucophane,09,Amphibole,,0.5845315077558244,-0.1047671864041956,0.040778640756778464
1752,Ferrohexahydrite,07,Hexahydrite,,-0.3662850294357261,0.2756687328269395,-0.36146130683488426
1753,Ferrohögbomite-2N2S,04,Hogbömite-Ferrohögbomite,hexagonal,0.6023042065642107,-0.07799618069264973,0.04675156862848526
1754,Ferro-holmquistite,09,Amphibole,orthorhombic,0.5863745395123374,-0.10270987895166164,0.03879741665713503
1755,Ferro-hornblende,09,Amphibole,monoclinic,0.5802144530100404,-0.09458533794404672,0.03573646348319748
1756,Ferroindialite,09,Beryl,hexagonal,0.6092322492401575,-0.04435790803854154,0.013684517750076135
1757,Ferroinnelite,09,Seidozerite-Lamprophyllite,triclinic,-0.24190175857413845,-0.18197763862117922,0.05908765976672674
1758,Ferro-katophorite,09,Amphibole,monoclinic,0.5803310452168648,-0.09732533442278862,0.04301931773163711
1759,Ferrokentbrooksite,09,Eudialyte,hexagonal,0.5907705482056594,-0.11746258830347467,0.05339681740964687
1760,Ferrokësterite,02,"Stannite, Diamond-Sphalerite",tetragonal,0.656443971870144,-0.052106388825606434,0.012641344279916205
1761,Ferrokinoshitalite,09,,monoclinic,0.5813339484246431,-0.11449734812470644,0.03609499934436926
1762,Ferrolaueite,08,Laueite,triclinic,-0.2522835778773904,-0.1908129986386141,0.3420322517416862
1763,Ferromerrillite,08,Cerite,,-0.33933922127890015,0.3307431989729054,0.29800706622649736
1764,Ferronickelplatinum,01,Potarite,tetragonal,0.5952841820551131,0.5193919231675768,-0.027923925765724934
1765,Ferronigerite-2N1S,04,Hogbömite-Nigerite,hexagonal,0.6184686073427679,-0.09433486438381608,0.030851078233650527
1766,Ferronigerite-6N6S,04,Hogbömite-Nigerite,hexagonal,0.613168309201783,-0.07755603135057493,0.03776060724238996
1767,Ferronordite-(Ce),09,Nordite,orthorhombic,0.5998459890347817,-0.05092718396398205,0.04334123881701782
1768,Ferronordite-(La),09,Nordite,orthorhombic,0.6002235210126649,-0.050989720569979205,0.042776382042592764
1769,Ferro-papikeite,09,Amphibole,orthorhombic,0.5906454961231999,-0.09225927310533671,0.031357678111130854
1770,Ferro-pargasite,09,Amphibole,monoclinic,0.5802231659485284,-0.09548915858865355,0.039106013298072576
1771,Ferro-pedrizite,09,Amphibole,monoclinic,0.5892422658917372,-0.10481040468954654,0.04012778047566737
1772,ferropseudobrookite,04,Pseudobrookite,,0.6372719458975665,-0.0768451255265143,0.05023616911919988
1773,Ferroqingheiite,08,Alluaudite-Wyllieite,monoclinic,-0.33547269807688057,0.3129631100553047,0.3028348647430777
1774,Ferrorhodonite,09,Rhodonite,triclinic,0.6001780853856152,-0.021126982848585114,0.028204804667226406
1775,Ferro-richterite,09,Amphibole,,0.5785284388920219,-0.09103556957507503,0.04262733072278015
1776,Ferrorockbridgeite,08,Rockbridgeite,orthorhombic,-0.2384726307817625,-0.16384166973445782,0.3372384553356129
1777,Ferrorosemaryite,08,Alluaudite-Wyllieite,monoclinic,-0.33650933324254767,0.324813004210972,0.30715714977019865
1778,Ferrosaponite,09,"Clay, Smectite-vermiculite",monoclinic,0.5857912183913492,-0.09335957286353254,0.03589802540010521
1779,Ferroselite,02,Marcasite,orthorhombic,0.6110321627974586,0.0023917454048646043,0.019533011449341726
1780,Ferrosilite,09,Pyroxene,"orthorhombic, monoclinic",0.6078566366836516,-0.01382215062223219,0.008509685293082592
1781,Ferroskutterudite,02,"Perovskite, Skutterudite",cubic,0.6319680237281701,0.12521467807653103,0.015784723504032983
1782,Ferrostalderite,02,Routhierite,tetragonal,0.6396601548509815,-0.014339916551169712,0.008425596725662846
1783,Ferrostrunzite,08,Strunzite,triclinic,-0.25045273258937817,-0.18794565476299718,0.34022030381075163
1784,Ferrotaaffeite-2N'2S,04,Taaffeite-Ferrotaaffeite,hexagonal,0.589123536175069,-0.059382464077519126,0.024556081056729066
1785,Ferrotaaffeite-6N'3S,04,Taaffeite-Ferrotaaffeite,hexagonal,0.6028146804573078,-0.06747690599517484,0.014826051278811501
1786,Ferro-taramite,09,Amphibole,monoclinic,0.5842753844079009,-0.10076511364979673,0.0386334907823777
1787,Ferrotitanowodginite,04,Columbite,monoclinic,0.6537341163783641,-0.09493203556830197,0.05159640758000425
1788,Ferrotochilinite,02,Tochilinite,monoclinic,0.5837494117857166,-0.16415532549298317,0.035436821782294375
1789,Ferrotorryweiserite,02,,hexagonal,0.6182199342220767,-0.011188041009199963,0.02099754826924328
1790,Ferro-tschermakite,09,Amphibole,monoclinic,0.5840791192233739,-0.09797427365278183,0.031747677755541534
1791,Ferrotychite,05,Northupite,cubic,-0.2972600129008919,0.25648402093062495,-0.15909530333144825
1792,Ferrovalleriite,04,Valleriite,hexagonal,0.5776973274376038,-0.13247760972040823,0.03626567760000945
1793,Ferrovorontsovite,02,"Galkhaite, Tetrahedrite",cubic,0.6294932041920086,7.777731760781267e-05,0.01099348652819174
1794,Ferrowodginite,04,Columbite,monoclinic,0.6567181891330512,-0.09369264039804609,0.04150981943916053
1795,Ferrowyllieite,08,Alluaudite-Wyllieite,monoclinic,-0.3371551701205358,0.319844662498685,0.301253777656838
1796,Ferruccite,03,,orthorhombic,0.6392224469816455,0.08650076941947415,0.010693453190684574
1797,Fersmanite,09,,monoclinic,0.6216173704739296,-0.06505630822042313,0.04600296278157593
1798,Fersmite,04,Columbite,orthorhombic,0.653655017691775,-0.0980446512397494,0.030821692769905387
1799,Feruvite,09,Tourmaline,hexagonal,-0.15378195025489205,-0.19746835565904802,-0.0028742057922921485
1800,Fervanite,04,,,0.6214983621570583,-0.032522905163762925,0.039850479645686526
1801,Fetiasite,04,,monoclinic,0.617394890296137,-0.03547765069918636,0.0585919110583617
1802,Fettelite,02,Fettelite,"monoclinic, hexagonal",0.695209684777178,-0.03183477358607524,0.0096273161883129
1803,Feynmanite,07,,monoclinic,-0.2321182529101764,-0.31009564502132037,-0.25623087558375696
1804,Fianelite,04,Fianelite,monoclinic,0.6203701734697149,-0.015881176175846248,0.024776529210629162
1805,Fibroferrite,07,Not in a structural group,"monoclinic, hexagonal",-0.23183679646844071,-0.26553758485588536,-0.2386932049710774
1806,Fichtelite,10,,monoclinic,0.6346019883586274,-0.026809861586071567,0.015104871306526596
1807,Fiedlerite,03,,"triclinic, monoclinic",0.6269756597487096,-0.019634840750530465,-0.04153929725643315
1808,Fiemmeite,10,"Not in a structural group, Oxalate",monoclinic,0.6086104970401702,-0.16946343006336312,0.0010379936524319844
1809,Filatovite,09,Feldspar,monoclinic,0.6032147312557096,-0.03185726225326528,0.03163304609385384
1810,Filipstadite,04,Spinel,cubic,0.6177285308859599,-0.04837729675603139,0.03686297300442867
1811,Fillowite,08,Fillowite,hexagonal,-0.34649505176398115,0.34630449176289074,0.3088437068160166
1812,Finchite,04,Fritzscheite,orthorhombic,0.6526888979635022,-0.16841555194058597,0.018213056480848967
1813,Finescreekite,07,Not in a structural group,orthorhombic,-0.2003531668629913,-0.2650828676946655,-0.3055326449893016
1814,Fingerite,08,,triclinic,-0.22910954064398484,-0.11987185308132042,0.2954905313951879
1815,Finnemanite,03,Apatite,hexagonal,-0.2527773346518167,-0.0027306184960269216,0.2633542381111553
1816,Fischesserite,02,,cubic,0.6634742480861873,-0.0214229647580255,0.006456977236884421
1817,Fivegite,09,Not in a structural group,orthorhombic,0.5940878013091072,-0.11743007365038402,0.04369671841577002
1818,Fizélyite,02,Lillianite,monoclinic,0.6643087255823904,-0.025695893629309588,-0.012143342685529449
1819,Flaggite,07,Not in a structural group,triclinic,-0.21967048261414024,-0.23548039002309176,-0.3075194155491561
1820,Flagstaffite,10,,orthorhombic,0.627983735467504,-0.06851611454200005,0.017963165979053078
1821,Flamite,09,Not in a structural group,hexagonal,-0.30020011275540637,0.3296583949245575,0.056555830634411955
1822,Fleetite,02,Not in a structural group,cubic,0.6255131367632384,0.5160249263584051,-0.060617358951227704
1823,Fleischerite,07,Fleischerite,hexagonal,-0.22288459860331256,-0.28809142846502783,-0.2797652788446549
1824,Fleisstalite,04,Gravegliaite,orthorhombic,-0.3455308310134988,0.2739197382748961,-0.3780358997815644
1825,Fletcherite,02,Spinel,cubic,0.6316258688240599,-0.005554187539758997,0.02248904120315268
1826,Flinkite,08,Allactite,orthorhombic,-0.22776581697909637,-0.173079290647637,0.33355040516422624
1827,Flinteite,03,,orthorhombic,0.6221676531266849,0.09320101942350881,0.02314203700442155
1828,Florencite-(Ce),08,Alunite-Crandallite,hexagonal,-0.2262370935333557,-0.19247634388859453,0.32711228062386033
1829,Florencite-(La),08,Alunite-Crandallite,,-0.22643926201197145,-0.19259922385751832,0.32722614953857576
1830,Florencite-(Nd),08,Alunite-Crandallite,hexagonal,-0.22531496542359258,-0.19263789281921234,0.3245998924269953
1831,Florencite-(Sm),08,Alunite-Crandallite,hexagonal,-0.2261488295682671,-0.19250200478901686,0.32695718564882775
1832,Florenskyite,01,Barringerite,orthorhombic,0.6412796891032546,0.10815318374621134,0.027234086002604636
1833,Florensovite,02,Spinel,cubic,0.6949192921471866,-0.04537855376918447,-0.004991303330317068
1834,Flörkeite,09,,triclinic,0.6088153996199387,-0.09649401400744925,0.017301139401931672
1835,Fluckite,08,Krautite,triclinic,-0.23384573474070772,-0.1998810537203073,0.3159126622246138
1836,Fluellite,08,,orthorhombic,-0.2587336326346985,-0.13089546677275515,0.3311975747735242
1837,Fluoborite,06,,hexagonal,-0.1755607821261101,0.019055486977507377,-0.009013976384589522
1838,Fluocerite-(Ce),03,Fluocerite,hexagonal,0.6730015360336487,0.10831443857927034,0.013823958232513438
1839,Fluocerite-(La),03,Fluocerite,hexagonal,0.6739616542938593,0.10808618901820329,0.012820164444216091
1840,Fluoralforsite,08,Apatite,hexagonal,-0.2564807760155885,0.01698368167354648,0.336020538559608
1841,Fluorannite,09,Mica,monoclinic,0.5970924837936895,-0.027707842539380363,0.027026855186851807
1842,Fluorapatite,08,Apatite,"hexagonal, monoclinic",-0.2601161022433251,0.017166423902641226,0.33137768408767454
1843,Fluorapophyllite-(Cs),09,Apophyllite,tetragonal,0.6219752912923204,-0.036530660812113966,0.023962892843697407
1844,Fluorapophyllite-(K),09,Apophyllite,tetragonal,0.6104837301509813,-0.05061880425159912,0.014754262162002572
1845,Fluorapophyllite-(Na),09,Apophyllite,orthorhombic,0.6093447448685448,-0.0518115851300773,0.01673643767870961
1846,Fluorapophyllite-(NH4),09,Apophyllite,tetragonal,0.5938449111375217,-0.1537485303560155,0.023430007700223947
1847,Fluorarrojadite-(BaFe),08,Arrojadite,monoclinic,-0.2560400191540538,-0.04641980727635417,0.32956371307480087
1848,Fluorarrojadite-(BaNa),08,Arrojadite,monoclinic,-0.25341622380815715,-0.051081198291784646,0.33095251112218027
1849,Fluorbarytolamprophyllite,09,Seidozerite-Lamprophyllite,monoclinic,0.625681010908635,-0.06150317501771789,0.051189659983868305
1850,Fluorbritholite-(Ce),09,Apatite,hexagonal,-0.2014802181273994,-0.0049342299127782905,0.017483755229785243
1851,Fluorbritholite-(La),09,Apatite,hexagonal,-0.2012138180131861,-0.00517152302001137,0.01682296711388962
1852,Fluorbritholite-(Nd),09,Apatite,hexagonal,-0.19355523611275102,-0.003672802441153516,0.007965629843161848
1853,Fluorbritholite-(Y),09,Apatite,hexagonal,-0.19575867129680868,-0.001099428514992522,0.006912303670086183
1854,Fluor-buergerite,09,Tourmaline,hexagonal,-0.14219981347984134,-0.13698955199338483,-0.01021270098299647
1855,Fluorcalciobritholite,09,Apatite,hexagonal,-0.21207525747513759,-0.11155547816619053,0.20969395702140464
1856,Fluorcalciomicrolite,03,Pyrochlore-microlite,cubic,0.6205255180149285,-0.07786781693706041,0.03661540612203165
1857,Fluorcalciopyrochlore,03,Pyrochlore-Pyrochlore,cubic,0.6303627677893376,-0.08331468903073878,0.05082645229536003
1858,Fluorcalcioroméite,03,Pyrochlore-Roméite,cubic,0.6207369071878011,-0.07955986907870363,0.037195102695294927
1859,Fluorcanasite,09,,monoclinic,0.5981330648092975,-0.039025217527211956,0.027384902640209933
1860,Fluorcaphite,08,Apatite,hexagonal,-0.25978730426272334,0.016584509689618644,0.33158349000226367
1861,Fluorcarletonite,09,Carletonite,tetragonal,-0.184983811343724,-0.1718825726252584,-0.038501983138209475
1862,Fluorcarmoite-(BaNa),08,Arrojadite,monoclinic,-0.2453340452192327,-0.0366831463274746,0.33561954763338214
1863,Fluorchegemite,09,Humite,,-0.19953757144079035,0.001812297806319852,-0.000752541195768992
1864,Fluor-dravite,09,Tourmaline,hexagonal,-0.15114099124907857,-0.18778644437401,-0.0017436490502076851
1865,Fluor-elbaite,09,Tourmaline,hexagonal,-0.14665363933451211,-0.1953086878757594,-0.010113076429018122
1866,Fluorellestadite,09,Apatite,hexagonal,-0.2379527172190518,-0.042607965067161455,-0.1798291143288751
1867,Fluorite,03,Fluorite,cubic,0.6278384958132313,0.10904911565160125,-0.004309434347497296
1868,Fluorkyuygenite,03,Mayenite,cubic,0.6067288372528794,-0.07524358850840462,0.01049951830474781
1869,Fluorlamprophyllite,09,Seidozerite-Lamprophyllite,monoclinic,0.6257734034084491,-0.06106909881434626,0.05065859591960094
1870,Fluor-liddicoatite,09,Tourmaline,hexagonal,-0.14861216952579837,-0.19565699384854618,-0.009417607402763432
1871,Fluorluanshiweiite,09,Mica,monoclinic,0.6098999337721482,-0.04214153775453664,0.013748779806809682
1872,Fluormacraeite,08,Paulkerrite,monoclinic,-0.27055904803303843,-0.1025870453010487,0.3792041334449585
1873,Fluormayenite,03,Mayenite,cubic,0.5950160454390966,-0.06195653120568055,0.0070764121193277255
1874,Fluornatrocoulsellite,03,Pyrochlore,hexagonal,0.5937351938524986,0.09364183876093171,0.03917371177093228
1875,Fluornatromicrolite,03,Pyrochlore-microlite,cubic,0.6519566090002467,-0.08311883211652635,0.03465346203444769
1876,Fluornatropyrochlore,03,Pyrochlore-Pyrochlore,cubic,0.629894172221243,-0.10709434129397172,0.01796763090273302
1877,Fluoro-cannilloite,09,Amphibole,monoclinic,0.5848149389782201,-0.02759530622697985,0.026942646195998777
1878,Fluorocronite,03,Fluorite,cubic,0.656198860612177,0.0947185497957474,-0.06811495498175545
1879,Fluoro-edenite,09,Amphibole,monoclinic,0.5807420204230889,-0.006638582251528148,0.04319555826453942
1880,Fluorokinoshitalite,09,Mica,monoclinic,0.5853467552388697,-0.014680216042001658,0.028751421841047994
1881,Fluoro-leakeite,09,Amphibole,monoclinic,0.5892418259871653,-0.04003378613009037,0.03963282329432258
1882,Fluoro-nybøite,09,Amphibole,monoclinic,0.5833134420447739,-0.03866124729354428,0.0393248413634755
1883,Fluoro-pargasite,09,Amphibole,monoclinic,0.5813655543944589,-0.026783501005829574,0.036194848761368914
1884,Fluoro-pedrizite,09,Amphibole,monoclinic,0.5909726126721488,-0.03941842781497534,0.038415310788661214
1885,Fluorophlogopite,09,Mica,"monoclinic, hexagonal",0.5800381118908411,-0.009499403315293996,0.040131539672249236
1886,Fluoro-richterite,09,Amphibole,monoclinic,0.579159439595554,0.0014396546844193626,0.050565103860731785
1887,Fluoro-riebeckite,09,Amphibole-amphiboles sodic,monoclinic,0.5948652345046611,-0.02661937041077177,0.04185919590374555
1888,Fluoro-taramite,09,Amphibole,monoclinic,0.5834538054576318,-0.040004708636881374,0.03413155971228611
1889,Fluorotetraferriphlogopite,09,Mica,monoclinic,0.5785691308163291,-0.0039597822041425755,0.0509412996340598
1890,Fluoro-tremolite,09,Amphibole-amphiboles calcic,monoclinic,0.5870642081355858,0.016864894399809826,0.0376328061236183
1891,Fluorowardite,08,Wardite,tetragonal,-0.24610870866607437,-0.14648399411377855,0.32906764887819906
1892,Fluorphosphohedyphane,08,Apatite,hexagonal,-0.26385430949795474,-0.0015257959901212141,0.2984616655723955
1893,Fluorpyromorphite,08,Apatite,hexagonal,-0.26647604379184964,0.012176674001934642,0.29608737297762483
1894,Fluor-rewitzerite,08,Paulkerrite,monoclinic,-0.26401189995596414,-0.11525543669526428,0.3700125171067016
1895,Fluor-rossmanite,09,Tourmaline,hexagonal,-0.14536014429942326,-0.19547844278451582,-0.014929018014492264
1896,Fluor-schorl,09,Tourmaline,hexagonal,-0.15013596002055768,-0.18799001856229944,-0.00544004136743826
1897,Fluorsigaiite,08,Apatite,hexagonal,-0.25907752199228207,0.016049040248108694,0.3333650136779694
1898,Fluorstrophite,08,Apatite,hexagonal,-0.25835490952333,0.01627091358903602,0.3347670635651161
1899,Fluor-tsilaisite,09,Tourmaline,hexagonal,-0.14967850857744658,-0.18842983950515463,-0.0034856230934034362
1900,Fluor-uvite,09,Tourmaline,hexagonal,-0.15387335604597058,-0.17999734603256073,-0.0010075389314769408
1901,Fluorvesuvianite,09,Vesuvianite,tetragonal,-0.17748763385196134,-0.10300110759336487,0.012770523376782878
1902,Fluorwavellite,08,Wavellite,orthorhombic,-0.2462644401635668,-0.17703869705596847,0.3255425854891147
1903,Flurlite,08,Flurlite,monoclinic,-0.25950950882032475,-0.18000475487929976,0.3559282055828795
1904,Foggite,08,,orthorhombic,-0.23474168177749516,-0.1983413920546006,0.3250599845074298
1905,Fogoite-(Y),09,Seidozerite-Rinkite,triclinic,0.6082597700868876,-0.04553426100519847,0.04348769697169977
1906,Foitite,09,Tourmaline,hexagonal,-0.14822803556881947,-0.2030267272159525,-0.010892166479615108
1907,Folvikite,06,Not in a structural group,monoclinic,-0.15159200914571955,-0.1284532705944675,0.004935749280921759
1908,Fontanite,05,,monoclinic,-0.19360896948834266,-0.30242516586316137,-0.0515825025825013
1909,Fontarnauite,06,Not in a structural group,monoclinic,-0.23371018874430427,-0.22034682847492826,-0.2492957648778527
1910,Foordite,04,,monoclinic,0.6774561868618143,-0.10076453656618004,0.01984403017532762
1911,Footemineite,08,,triclinic,-0.24861668610921245,-0.17830987173900134,0.3412341036585702
1912,Forêtite,08,Not in a structural group,,-0.22233381450875267,-0.19770045797583147,0.3212175972762953
1913,Formanite-(Y),04,,monoclinic,0.6578589748533681,-0.08440123060505429,0.025928842763053645
1914,Formicaite,10,Formate,tetragonal,0.5882518769630611,-0.11830217197700574,0.027329634910180783
1915,Fornacite,08,Fornacite,monoclinic,-0.21308814763782905,-0.15947400462022276,0.15039971567867927
1916,Forsterite,09,Olivine,orthorhombic,-0.27888409970625017,0.36945898480407785,-0.015033903014469722
1917,Foshagite,09,,triclinic,-0.15556913448516307,-0.20621653690243896,-0.007516817260670211
1918,Fougèrite,05,Hydrotalcite,hexagonal,-0.18726989219608073,-0.2843206224411462,-0.030988269625999487
1919,Fourmarierite,04,Schoepite,orthorhombic,0.626657189858373,-0.24390003796221132,0.01676374288562648
1920,Fowlerite,09,,,-0.26899154250521917,0.37941916969551737,-0.07580157872412861
1921,Fraipontite,09,"Clay, Serpentine",monoclinic,0.5903585600940155,-0.13082567149511476,0.031648568336958546
1922,Francevillite,08,Fritzscheite,orthorhombic,-0.251446180045054,-0.2089252105264707,0.3509785163711489
1923,Franciscanite,09,Welinite,hexagonal,-0.18588344326955883,-0.16196202594423775,0.04311077548625127
1924,Francisite,03,,orthorhombic,-0.20230665351847887,-0.17356273207176276,-0.33609142923940055
1925,Franckeite,02,Cylindrite,triclinic,0.6421919673007993,-0.037293424513561865,-0.012346344935658745
1926,Francoanellite,08,,hexagonal,-0.24514791658480473,-0.21422645718880326,0.3288868610720839
1927,Françoisite-(Ce),08,,monoclinic,-0.25358949727625524,-0.23472940511745113,0.3718428599418868
1928,Françoisite-(Nd),08,,monoclinic,-0.25134421549375746,-0.2345960101343005,0.36666470480629526
1929,Franconite,04,,monoclinic,0.6360920847346017,-0.1722743912432872,0.044427482809963545
1930,Frankamenite,09,,triclinic,0.5921209774298555,-0.06677299242048013,0.03474826314849689
1931,Frankdicksonite,03,Fluorite,cubic,0.6342256896570527,0.10811483154801263,0.0007233253268401456
1932,Frankhawthorneite,07,,monoclinic,-0.21081427741982867,-0.2606982035501571,-0.2593520982590363
1933,Franklinfurnaceite,09,,monoclinic,0.5822777351986939,-0.13923079461007087,0.05092065993111508
1934,Franklinite,04,Spinel,cubic,0.607564996248256,-0.036130527605526236,0.03443495608769047
1935,Franksousaite,07,Linarite,monoclinic,-0.20940824277972747,-0.2613892051290363,-0.26327293724891376
1936,Fransoletite,08,,monoclinic,-0.24618478532462867,-0.1748119472706951,0.326695695610435
1937,Franzinite,09,Cancrinite-sodalite,hexagonal,-0.2215784153775325,-0.20384655573794389,-0.2618684073662553
1938,Freboldite,02,Nickeline,hexagonal,0.6234042073983098,0.016141035830250346,0.029002905079030205
1939,Fredrikssonite,06,Ludwigite,orthorhombic,-0.15106129354303452,-0.1182031048380454,0.011196886052923724
1940,Freedite,03,,monoclinic,-0.23136314675605654,-0.06300951693874178,0.2641676086697545
1941,Freieslebenite,02,,monoclinic,0.6672915897415052,-0.034188022498012324,-0.011979653078470499
1942,Freitalite,10,,monoclinic,0.6346019883586274,-0.026809861586071567,0.015104871306526596
1943,Fresnoite,09,Melilite,tetragonal,0.626452049998941,-0.04911878026853107,0.037898261262626784
1944,Freudenbergite,04,,monoclinic,0.6337658789626492,-0.08550890842266781,0.06444103262427235
1945,Friedelite,09,"Pyrosmalite, Clay",monoclinic,0.5916531498750925,-0.13306527803997117,0.04594775581595807
1946,Friedrichbeckeite,09,Milarite,hexagonal,0.5853541788106257,-0.01250153070512415,0.04621627502113704
1947,Friedrichite,02,Meneghinite,orthorhombic,0.6603098739402887,-0.0317735352098355,-0.018654264904243406
1948,Friisite,09,Not in a structural group,hexagonal,0.6324184645893132,-0.04352183318387008,-0.021816164348650493
1949,Fritzscheite,08,Fritzscheite,orthorhombic,-0.2501946574798557,-0.195984259924264,0.35497811967547904
1950,Frohbergite,02,Marcasite,orthorhombic,0.6109850467631168,0.0023952031899571596,0.01952103148981033
1951,Frolovite,06,,triclinic,0.6032290963780078,-0.1580022431348037,0.030737106259570803
1952,Frondelite,08,Rockbridgeite,orthorhombic,-0.230771675561038,-0.16915297188716472,0.3355543405091984
1953,Froodite,02,,monoclinic,0.62600627176309,0.530484137790875,-0.05342770147286859
1954,Fuchunite,10,Glycolate,monoclinic,0.6121469057614091,-0.13135338230796414,0.027057365497809266
1955,Fuenzalidaite,07,,hexagonal,-0.23548525913965274,-0.18496549826905576,-0.24520467924132117
1956,Fuettererite,07,Not in a structural group,hexagonal,-0.1395481280884439,-0.21172065789226172,-0.3296714676059999
1957,Fukalite,09,,"orthorhombic, monoclinic",-0.1800080316547305,-0.22420988232728278,-0.036145261665622624
1958,Fukuchilite,02,Pyrite,cubic,0.6292115884888134,-0.04412809624124764,-0.0247829325540853
1959,Fulbrightite,08,Meta-autunite,triclinic,-0.25718543234467395,-0.07345913711073492,0.33051758461110176
1960,Fülöppite,02,,monoclinic,0.6654770021071568,-0.019114902086509532,-0.007325354145822478
1961,Furongite,08,,triclinic,-0.2518662305268395,-0.24112241798912876,0.34771243275692765
1962,Furutobeite,02,,monoclinic,0.6835596339621496,-0.05801863586592263,-0.013344979379493103
1963,Fuyuanite,04,,hexagonal,0.595142519839456,-0.14347593934867364,0.05583078292084312
1964,Gabrielite,02,,triclinic,0.6929921378169235,-0.030846929717773426,-0.011013862062943391
1965,Gabrielsonite,04,,orthorhombic,-0.21687262233083682,-0.11960165036684299,0.2790413216304984
1966,Gachingite,02,Not in a structural group,orthorhombic,0.6616447662847984,-0.028289100188606156,0.0009068989392605441
1967,Gadolinite-(Ce),09,Gadolinite,monoclinic,-0.1731025777628027,-0.1353790561233626,0.036193734598230644
1968,Gadolinite-(Nd),09,Gadolinite,monoclinic,-0.16810776032884905,-0.13348634557438052,0.029938272402921497
1969,Gadolinite-(Y),09,Gadolinite,monoclinic,-0.1680600990517995,-0.13307596530887453,0.02996823335283005
1970,Gagarinite-(Ce),03,Gagarinite,hexagonal,0.6187357242366802,0.07817509022337266,0.03260222991681947
1971,Gagarinite-(Y),03,Gagarinite,hexagonal,0.6165411187909753,0.08399987554049872,0.025033320910023398
1972,Gageite,09,,orthorhombic,0.5896622723743943,-0.12782224711537649,0.046378759834038774
1973,Gahnite,04,Spinel,cubic,0.6073761098662225,-0.06328711444780849,0.01532838110697162
1974,Gaidonnayite,09,Gaidonnayite,orthorhombic,0.633525149968217,-0.07611154004616147,0.04007234558975177
1975,Gaildunningite,03,,orthorhombic,0.6689532054611084,0.09252921545042302,-0.029285166327107568
1976,Gainesite,08,,tetragonal,-0.3405972853434923,0.3090010827340933,0.3349365968725446
1977,Gaitite,08,Fairfieldite,triclinic,-0.3721133717077829,0.33877375533789017,0.29161323084864954
1978,Gajardoite,03,Lucabindiite,hexagonal,0.6118597301684663,-0.030427591121204862,0.02159395949428752
1979,Gajardoite-(NH4),03,Lucabindiite,hexagonal,0.6234331570618962,-0.12722476820539114,0.032175257832182204
1980,Galaxite,04,Spinel,cubic,0.6072457813741253,-0.06307704440141547,0.01705935245692403
1981,Galeaclolusite,08,Bulachite,orthorhombic,-0.2522629500657277,-0.23954422405146286,0.33261610751931736
1982,Galeite,07,,hexagonal,-0.23625229294890243,-0.07254258634625387,-0.2974604248690309
1983,Galena,02,Rocksalt,cubic,0.6499342752085373,-0.023986756996764825,-0.05808517596922024
1984,Galenobismutite,02,Kobellite,orthorhombic,0.6568332660206683,-0.0120054532288335,-0.013907616756576554
1985,Galgenbergite-(Ce),05,,triclinic,-0.288906777717302,0.2879517253342675,-0.09760273082035298
1986,Galileiite,08,Fillowite,hexagonal,-0.35143761258428474,0.340846910200825,0.2974741917002466
1987,Galkhaite,02,"Galkhaite, Tetrahedrite",cubic,0.6603566509191519,-0.019624734463997776,-0.0019460832987444956
1988,Galliskiite,08,Not in a structural group,triclinic,-0.2744252183148401,-0.017210761765219774,0.32833077613550116
1989,Gallite,02,Chalcopyrite,tetragonal,0.6566663665111268,-0.049626823858963644,0.0005976654000670045
1990,Gallobeudantite,08,Alunite-Beudantite,hexagonal,-0.23828980030296348,-0.2347273455838685,0.03107851922291636
1991,Galloplumbogummite,08,Alunite-Crandallite,hexagonal,-0.22347754101638612,-0.1909895226813364,0.3181289367370198
1992,Galuskinite,09,Not in a structural group,monoclinic,-0.2883086701487165,0.324125026091544,-0.062417044504727
1993,Gamagarite,08,Brackebuschite,monoclinic,-0.22817153760884676,-0.15245744679202197,0.32637682732368456
1994,Gananite,02,,cubic,0.6794366686607818,0.12489548040325257,0.008883007898962474
1995,Ganomalite,09,Ganomalite,hexagonal,-0.1769728777065125,-0.1279385380346323,-0.019680926342545535
1996,Ganophyllite,09,Clay,monoclinic,0.5896522897455184,-0.15108445356960548,0.0369694676997018
1997,Ganterite,09,,monoclinic,0.5896903185648362,-0.1340799584600333,0.028960144261490312
1998,Gaotaiite,02,Pyrite,cubic,0.6647220290596771,-0.027473809894139077,-0.0007652198769238158
1999,Garavellite,02,Berthierite,orthorhombic,0.6439967162535656,-0.00584445500265993,0.024051810976722033
2000,Garmite,09,Mica,monoclinic,0.585434245292593,-0.002024795439547823,0.04570529407064726
2001,Garpenbergite,04,Manganostibite,orthorhombic,0.6044778757245334,-0.08976896679714735,0.04645843760101928
2002,Garrelsite,09,,monoclinic,0.5882703308815415,-0.13326695626249385,0.04080471103023203
2003,Garronite-Ca,09,Gismondine,tetragonal,0.6137305552263527,-0.0823814629372692,0.0030508987518000595
2004,Garronite-Na,09,Gismondine,monoclinic,0.6134686497202455,-0.08882630327866266,0.01496299287848735
2005,Gartrellite,08,Natrochalcite-Helmutwinklerite,triclinic,-0.23328761972053064,-0.17621301249729154,0.30205535027461217
2006,Garutiite,01,,hexagonal,0.588884239131874,0.5205482845210895,-0.026057626043560978
2007,Garyansellite,08,Reddingite,orthorhombic,-0.24297041777138476,-0.15139400864634836,0.33559109006504684
2008,Gasparite-(Ce),08,Monazite,monoclinic,-0.34068661106601983,0.3753401126968293,0.32544353279633326
2009,Gasparite-(La),08,Monazite,monoclinic,-0.34054631669462543,0.3755929953008479,0.32528282808913356
2010,Gaspéite,05,Calcite,hexagonal,-0.2980792311188849,0.32895085326606816,-0.10923639267495172
2011,Gatedalite,09,Braunite,tetragonal,0.008779241627643364,0.5358932275003744,-0.010580733918921467
2012,Gatehouseite,08,Arsenoclasite,orthorhombic,-0.234062158710188,-0.16074842708174245,0.3365536931701446
2013,Gatelite-(Ce),09,Gatelite,monoclinic,-0.1812585674543721,-0.1394900604488653,0.04078510702734993
2014,Gatewayite,04,,monoclinic,0.630118908738464,-0.04794400176318922,0.007369425166216512
2015,Gatumbaite,08,,monoclinic,-0.23354289031934258,-0.19107055053652536,0.3225450920904222
2016,Gaudefroyite,05,,hexagonal,-0.15958659550796228,-0.148983385179522,-0.007643937235223922
2017,Gaultite,09,,orthorhombic,0.609878997727602,-0.057992031684961226,0.03633399196573355
2018,Gauthierite,04,Not in a structural group,monoclinic,0.6278150923161465,-0.25007063430730353,0.024828899233081177
2019,Gayite,08,Dufrénite,monoclinic,-0.23978777014410524,-0.18749529869298365,0.34010097668102307
2020,Gaylussite,05,,monoclinic,-0.2975151681536995,0.25458816339103196,-0.09487691325980727
2021,Gazeevite,09,Zadovite,hexagonal,-0.20712776057805193,-0.1645845762587645,-0.15706436349922118
2022,Gearksutite,03,,triclinic,0.5911398922934841,-0.05300906973638454,0.020638551128889335
2023,Gebhardite,03,,monoclinic,0.6444833564550485,-0.0017339269856124738,-0.05745842692026011
2024,Gedrite,09,Amphibole,orthorhombic,0.5753816723879914,-0.07986316287435061,0.034426610086574654
2025,Geerite,02,,cubic,0.654145159602196,-0.03184915053212785,-0.01583196510372207
2026,Geffroyite,02,Pentlandite,cubic,0.6318056695573183,-0.027183032386953864,0.007170018000793496
2027,Gehlenite,09,Melilite,tetragonal,0.5949139767476508,-0.05419030830286253,0.007174202032255248
2028,Geigerite,08,Lindackerite,triclinic,-0.2590696756260798,-0.16739106902440617,0.3372756332591125
2029,Geikielite,04,Corundum,hexagonal,0.6087465279962903,-0.05262995414831317,0.06319372500927
2030,Gelosaite,07,"Not in a structural group, Gelosaite",monoclinic,0.6282643669474648,-0.09878848116343905,0.031339702657618415
2031,Geminite,08,,triclinic,-0.222462036493878,-0.21876297770525321,0.2897739263759903
2032,Gengenbachite,08,,hexagonal,-0.24433674028744998,-0.20073316510762013,0.34422927104110773
2033,Genkinite,02,,tetragonal,0.629865148881229,0.5255461999420047,-0.05317433160798193
2034,Genplesite,07,Fleischerite,hexagonal,-0.23097702124837916,-0.28609062911022115,-0.2533527631110064
2035,Genthelvite,09,"Cancrinite-sodalite, Sodalite",cubic,-0.17376374514649756,-0.088303229277971,0.02921449185218052
2036,Geocronite,02,Geocronite,monoclinic,0.6514486482976309,-0.02440575877751271,-0.03719201246911403
2037,Georgbarsanovite,09,Eudialyte,hexagonal,0.6021280650335952,-0.06310814181377652,0.04618888395766246
2038,Georgbokiite,03,,monoclinic,-0.21196238889743657,-0.1562827052812904,-0.353849319420837
2039,Georgechaoite,09,Gaidonnayite,orthorhombic,0.6331701599579472,-0.076870487050781,0.039646757920131254
2040,George-ericksenite,07,,monoclinic,-0.19283111558951277,-0.1189231604642999,0.005729800811429566
2041,Georgeite,05,Amorphous,,-0.17605416902443277,-0.28571729900236875,-0.051183620789608905
2042,Georgeliuite,08,Arseniosiderite,monoclinic,-0.24098408905559737,-0.1132529181172905,0.352574235292182
2043,Georgerobinsonite,07,Not in a structural group,orthorhombic,-0.18238351833926406,-0.11243724287376468,-0.04682722153332908
2044,Georgiadesite,03,,monoclinic,-0.2429254304603114,-0.07609990501957191,0.26988365858981256
2045,Gerasimovskite,04,,,0.671484706716218,-0.11670671593772382,0.05483196208471407
2046,Gerdtremmelite,08,,triclinic,-0.22338889316321076,-0.18940228853363703,0.32023226612504596
2047,Gerenite-(Y),09,,triclinic,0.6152022379232865,-0.05756834995336629,0.028937855112208283
2048,Gerhardtite,04,,orthorhombic,0.6038214450404895,-0.1688653262106705,0.009055208077140133
2049,Germanite,02,"Germanite, Diamond-Sphalerite",cubic,0.6576686747808667,-0.06062580179441599,-0.0050368671520647085
2050,Germanocolusite,02,"Germanite, Diamond-Sphalerite",cubic,0.6737641539528185,-0.05785439230458403,-0.011223498333303949
2051,Gersdorffite,02,Ullmannite,cubic,0.6485059913391964,0.0758945846732554,0.04338980805429595
2052,Gerstleyite,04,,monoclinic,0.6590152468749078,-0.006228904623175838,0.013629018863734337
2053,Gerstmannite,09,,orthorhombic,-0.18066346732638058,-0.18473638213896815,0.046847440115754646
2054,Geschieberite,07,,orthorhombic,-0.22291880884113902,-0.25357700596762645,-0.27645806880775103
2055,Getchellite,02,,monoclinic,0.6688293965963268,0.001971483577815767,0.00278392200521683
2056,Geuerite,02,Sartorite,monoclinic,0.6740692849281187,-0.014762162822560735,-0.032919912129806356
2057,Geversite,02,Pyrite,cubic,0.6317833241252223,0.5273612002744763,-0.05516041576044105
2058,Ghiaraite,03,,triclinic,0.6281055614911134,0.08615063679201583,-0.012760949660425774
2059,Giacovazzoite,07,,monoclinic,-0.22964470710944707,-0.21926451488692272,-0.2535561163211133
2060,Gianellaite,07,,cubic,-0.26363552979271254,-0.0654171380605442,-0.3548293425438267
2061,Gibbsite,04,Gibbsite,monoclinic,0.597497881955728,-0.18344683680772073,0.026107775098183163
2062,Giessenite,02,Kobellite,"orthorhombic, monoclinic",0.6558620693626097,-0.0208432529579514,-0.016925577759854756
2063,Giftgrubeite,08,Hureaulite,monoclinic,-0.24813215578769926,-0.17300052718521225,0.32889466137203555
2064,Gilalite,09,,monoclinic,0.6497874590848034,-0.0832932769984363,-0.04123497450093518
2065,Gillardite,03,Atacamite,hexagonal,0.599701748212988,-0.15696143460047363,0.016954000653184628
2066,Gillespite,09,Gillespite,"tetragonal, orthorhombic",0.5934056691222618,-0.025142862149947043,0.024214865602071714
2067,Gillulyite,02,,monoclinic,0.6699885214704399,0.01041704094464016,-0.005709064023554223
2068,Gilmarite,08,Gilmarite,triclinic,-0.2290083552680741,-0.1940424274890874,0.30666594847503464
2069,Ginelfite,02,Not in a structural group,triclinic,0.6639703466308999,0.003701089063095162,-0.014341594553505308
2070,Giniite,08,,"orthorhombic, monoclinic",-0.24229718823865098,-0.15654974200321586,0.3422757876080852
2071,Ginorite,06,,,0.600055119762543,-0.16136116376675785,0.025956711863073058
2072,Giorgiosite,05,,,-0.19319664833255626,-0.22835293394631798,-0.017335612096361506
2073,Giraudite-(Zn),02,Tetrahedrite,cubic,0.672363312111523,-0.031027185878539545,-0.0005221110817140162
2074,Girvasite,05,,monoclinic,-0.34874010367996766,0.30890853751806835,0.23939487561596262
2075,Gismondine-Ca,09,Gismondine,monoclinic,0.6078681535305053,-0.08396627091808705,0.005466956730101556
2076,Gismondine-Sr,09,Gismondine,orthorhombic,0.613321941985882,-0.08439373532996958,0.0035801914852283366
2077,Gittinsite,09,Thortveitite,monoclinic,0.6299217331837506,-0.05302373902950455,0.039470100222151715
2078,Giuşcăite,02,Sartorite,monoclinic,0.6743748673497947,-0.011860110830183648,-0.01945121399999726
2079,Giuseppettite,09,Cancrinite-sodalite,hexagonal,-0.2263579707454995,-0.2110711634382345,-0.2671845995598868
2080,Gjerdingenite-Ca,09,Labuntsovite,monoclinic,0.6376647863785546,-0.1633426678451696,0.05595727192152
2081,Gjerdingenite-Fe,09,Labuntsovite,monoclinic,0.6374441388522067,-0.1632296351738353,0.0576463275381177
2082,Gjerdingenite-Mn,09,Labuntsovite,monoclinic,0.6388460754171468,-0.1607417614924612,0.05909976544355024
2083,Gjerdingenite-Na,09,Labuntsovite,monoclinic,0.6332749823126289,-0.1567568425519305,0.05583055834791244
2084,Gladite,02,Meneghinite,orthorhombic,0.6663286714659415,-0.015727528673749457,-0.0003157843397430943
2085,Gladiusite,08,,monoclinic,-0.2344561099023075,-0.19349513017525508,0.3305604115461392
2086,Gladkovskyite,02,Not in a structural group,,0.6511870588426503,0.011939613642591003,0.021643124434949226
2087,Glagolevite,09,,triclinic,0.5727772349872493,-0.13922057994404627,0.04226395289684721
2088,Glauberite,07,,monoclinic,-0.3262070389043803,0.25249337540423894,-0.328762331338386
2089,Glaucocerinite,07,"Woodwardite, Hydrotalcite",hexagonal,-0.2138710652912354,-0.2627003971887235,-0.24621576272403956
2090,Glaucochroite,09,Olivine,orthorhombic,-0.28529461129682315,0.3500961075846092,-0.022067617372535306
2091,Glaucodot,02,Arsenopyrite,orthorhombic,0.6350618414339919,0.06058739976784815,0.035618850010700545
2092,Glaucophane,09,Amphibole,monoclinic,0.5729417360897793,-0.09657527469312227,0.0536582819692925
2093,Glaukosphaerite,05,Malachite,monoclinic,-0.17497848765524002,-0.2588147082804259,-0.03694503662615408
2094,Glecklerite,10,Glycolate,orthorhombic,0.6044866946006364,-0.13384905195323274,0.03618092302156934
2095,Glikinite,07,,monoclinic,-0.22754186569607826,-0.15385653868633134,-0.2720898727669789
2096,Glucine,08,,,-0.23636903014484056,-0.18180723188833847,0.33056191006310454
2097,Glushinskite,10,"Humboldtine, Oxalate",monoclinic,0.5891094661856129,0.019316505559021,0.034138484010919304
2098,Gmalimite,02,Djerfisherite,cubic,0.6060414021375037,-0.012486325941082019,0.02192056748442594
2099,Gmelinite-Ca,09,Gmelinite,hexagonal,0.6115488460990841,-0.08093347089875551,0.0025963363672474593
2100,Gmelinite-K,09,Gmelinite,hexagonal,0.6176901546931532,-0.08939072048164357,0.009304878487781564
2101,Gmelinite-Na,09,Gmelinite,hexagonal,0.6158108108794638,-0.09006003363457574,0.012881279257396006
2102,Gobbinsite,09,Gismondine,orthorhombic,0.6162749404297497,-0.08790314029387516,0.012699707539931588
2103,Gobelinite,07,Ktenasite,monoclinic,-0.23117742627740717,-0.2937318289297503,-0.2688103780057835
2104,Godlevskite,02,Pentlandite,"tetragonal, orthorhombic",0.6139193955756457,0.0018077872972375748,0.019848954055688255
2105,Godovikovite,07,Sabieite,hexagonal,-0.25567029165116995,-0.15854358182246703,-0.2920271459584711
2106,Goedkenite,08,Brackebuschite,monoclinic,-0.22933904979149172,-0.15880490705000677,0.32689376351794075
2107,Goethite,04,Diaspore,orthorhombic,0.5850095550059793,-0.14782427228279788,0.04715870408229562
2108,Gold,01,Copper,cubic,0.6280016340420501,0.5220634639142845,-0.05529421085119178
2109,Goldfieldite,02,Tetrahedrite,cubic,0.6850622823361022,-0.060366517424310234,-0.019403458869864217
2110,Goldhillite,08,Philipsburgite,monoclinic,-0.23362297874833243,-0.20156655380834884,0.31281274489383626
2111,Goldichite,07,,monoclinic,-0.34132693136761094,0.24628052698127537,-0.31815615235484684
2112,Goldmanite,09,Garnet,cubic,-0.20680361589554352,0.00926998649887405,0.007977417267297721
2113,Goldquarryite,08,,triclinic,-0.2755302999377336,-0.027077510036504666,0.3320442767093228
2114,Goldschmidtite,04,Perovskite,cubic,0.6477155547594596,-0.09712523341659429,0.02822974875390586
2115,Golyshevite,09,Eudialyte,hexagonal,-0.18285116899040282,-0.21407595755487843,-0.020875619276512235
2116,Gonnardite,09,Natrolite,tetragonal,0.6011848093038735,-0.06499888244744559,0.016250957508315112
2117,Gonyerite,09,"Chlorite, Clay",orthorhombic,0.5877887884097418,-0.1402668384166939,0.0480537713154706
2118,Goosecreekite,09,,monoclinic,0.606105099928626,-0.06978141260637034,0.00333440687377168
2119,Gorbunovite,09,Mica,monoclinic,0.5996026978054193,-0.11523830117896167,0.05354444538295407
2120,Gorceixite,08,Alunite-Crandallite,"monoclinic, hexagonal",-0.22399540401497256,-0.20448312148328163,0.3115562766842399
2121,Gordaite,07,Ktenasite,hexagonal,-0.2369074830648728,-0.26951145081095784,-0.24405240443720616
2122,Gordonite,08,Laueite,triclinic,-0.2459875496951453,-0.20607504357437503,0.32973003334882833
2123,Gorerite,04,Magnetoplumbite,hexagonal,0.6058387817848828,-0.04019329125253723,0.040951248951447895
2124,Görgeyite,07,,monoclinic,-0.33480792188293784,0.2538474298862996,-0.33765979917872446
2125,Gormanite,08,Souzalite,triclinic,-0.23829252123591954,-0.19637593995151867,0.3249964783843534
2126,Gortdrumite,02,,orthorhombic,0.6487598229452416,-0.03426300175503315,-0.009515416302526968
2127,Goryainovite,08,,orthorhombic,-0.2581528199276223,0.01794440959447792,0.32727454655307264
2128,Goslarite,07,Epsomite,orthorhombic,-0.36334769085178475,0.2871955461046489,-0.3610622696639726
2129,Gottardiite,09,,orthorhombic,0.6210846016709627,-0.0723846333715466,0.016653842363894146
2130,Gottlobite,08,Conichalcite,orthorhombic,-0.22905701327740097,-0.15209048027841532,0.320727280450674
2131,Götzenite,09,Seidozerite-Rinkite,triclinic,0.6083973724868055,-0.029449431615533473,0.02755337284306484
2132,Goudeyite,08,Mixite,hexagonal,-0.23948157413522086,-0.21346605013744063,0.30879851374044787
2133,Gowerite,06,,monoclinic,0.600818145821254,-0.16046375640226776,0.027272061763262787
2134,Goyazite,08,Alunite-Crandallite,hexagonal,-0.22405990471799064,-0.20425835092174388,0.31090636252920023
2135,Graemite,04,,orthorhombic,-0.32429154844919483,0.2631321755484297,-0.4229414845784715
2136,Graeserite,04,,monoclinic,0.06822612838722165,-0.12697003783411445,0.2503758458669709
2137,Graftonite,08,Graftonite,monoclinic,-0.3580714209886044,0.3604740943063161,0.29250497774736883
2138,Graftonite-(Ca),08,Graftonite,monoclinic,-0.34943393467530326,0.3320190613630467,0.29358801829677134
2139,Graftonite-(Mn),08,Graftonite,monoclinic,-0.3576163597476647,0.3592008443666941,0.29414083266894303
2140,Grahampearsonite,08,Percleveite,tetragonal,0.6127043533314819,-0.020469646171562317,0.010281333153307766
2141,Gramaccioliite-(Y),04,Crichtonite,hexagonal,0.6226117575091188,-0.0655991889138759,0.059015555840008824
2142,Grammatikopoulosite,01,Barringerite,orthorhombic,0.6437754583504045,0.14280215320325107,0.026484902222861244
2143,Grandaite,08,Brackebuschite,monoclinic,-0.2382535847786908,-0.1641127058591884,0.31831129695167854
2144,Grandidierite,09,,orthorhombic,-0.1601119846157797,-0.14496169183839466,0.001473173104458617
2145,Grandreefite,07,,monoclinic,-0.2483503375355225,-0.05995795865983049,-0.36423330458711123
2146,Grandviewite,07,,"monoclinic, triclinic",-0.216471049739351,-0.28224559777141456,-0.2604415853100903
2147,Grantsite,04,Hewettite,monoclinic,0.6029160595072438,-0.03077585038315167,0.028582782521895944
2148,Graphite,01,,"hexagonal, orthorhombic",0.796579053437211,0.13169214138179525,-0.04011616221605322
2149,Graţianite,02,Berthierite,monoclinic,0.6468456812238416,0.00832228143106068,0.03406390235170871
2150,Gratonite,02,,hexagonal,0.6506121286692936,-0.006813194474127794,-0.0533463419101545
2151,Grattarolaite,08,,hexagonal,-0.23447946880582748,-0.07811038378007681,0.3500295028979385
2152,Graulichite-(Ce),08,Alunite-Crandallite,hexagonal,-0.22767066805860803,-0.1815408063968143,0.3324893528733453
2153,Graulichite-(La),08,Alunite-Crandallite,hexagonal,-0.22651081778872817,-0.1828956460352274,0.32960313082056336
2154,Gravegliaite,04,Gravegliaite,orthorhombic,-0.3416718144446659,0.285646549895116,-0.3739107214342744
2155,Grayite,08,Rhabdophane,,-0.34578072914959074,0.3195585955618129,0.28392789670833696
2156,Grechishchevite,02,,orthorhombic,0.664246883730617,0.019993556459325133,-0.020902197692161485
2157,Greenalite,09,"Clay, Serpentine",monoclinic,0.5828789966489575,-0.13899840039378084,0.04336213529790656
2158,Greenlizardite,07,Not in a structural group,triclinic,-0.23457468946395355,-0.3059715396960311,-0.2609724062871883
2159,Greenockite,02,Wurtzite,hexagonal,0.627811090162956,0.014293367766297811,0.01649417301576728
2160,Greenwoodite,09,Not in a structural group,hexagonal,0.5868626824872601,-0.053926227056081036,0.0462800848429162
2161,Gregoryite,05,,,-0.2708089326913155,0.28571802244739974,-0.10037684036025371
2162,Greifensteinite,08,Roscherite,monoclinic,-0.2516414113785723,-0.18394784389876523,0.33400360749467684
2163,Greigite,02,Spinel,cubic,0.6161003444306561,-0.0003446437569403788,0.02922655309451743
2164,Grenmarite,09,Seidozerite-Rinkite,monoclinic,0.6265763861594719,-0.055771680408608484,0.05342953042012763
2165,Grguricite,05,Alumohydrocalcite,triclinic,-0.19855734376871106,-0.26795372250683375,-0.03944989613347571
2166,Griceite,03,Rocksalt,cubic,0.6444031133371244,0.08781079820048941,0.006330913324245941
2167,Griffinite,04,Pseudobrookite,orthorhombic,0.6282883156727305,-0.08467605861657099,0.02441772115284582
2168,Grigorievite,08,Howardevansite,triclinic,-0.3351992904105142,0.3229795934771119,0.26776168568842507
2169,Grimaldiite,04,,hexagonal,0.6158173308933286,-0.13891963229983023,0.025840926450597882
2170,Grimmite,02,Spinel,cubic,0.6331726166396745,0.01871164737885999,0.03975404637598742
2171,Grimselite,05,,hexagonal,-0.17192074622732925,-0.23269951020338162,-0.04201313088171
2172,Griphite,08,,cubic,-0.2368663743996367,-0.08612035382367522,0.3391178131291215
2173,Grischunite,08,Wicksite,orthorhombic,-0.35369519315526743,0.3238877942696287,0.30323761209240946
2174,Gritsenkoite,08,Vivianite,monoclinic,-0.35436362095227303,0.3482169036909436,0.3112874391521429
2175,Groatite,08,Alluaudite,monoclinic,-0.23344879404381041,-0.15268793039560596,0.3429912730880598
2176,Grokhovskyite,02,Scacchite,hexagonal,0.6883958255337741,-0.02665923418946586,-0.020126089372594677
2177,Grootfonteinite,05,,hexagonal,-0.17241638005741067,-0.18418088422161422,-0.1072859387705512
2178,Grossite,04,,monoclinic,0.6040536069829195,-0.07155469398452899,0.007922719268912273
2179,Grossmanite,09,Pyroxene,monoclinic,-0.16291685197403866,0.4000940416720949,-0.0342634914321166
2180,Grossular,09,Garnet,"cubic, triclinic",-0.28001191492098493,0.32886791591960457,-0.04107186209030608
2181,Groutite,04,Diaspore,orthorhombic,0.5955378982189365,-0.135323218829592,0.05735829357854479
2182,Grumantite,09,,orthorhombic,0.5952121032996105,-0.15552515838461656,0.04049064606913884
2183,Grumiplucite,02,Pavonite,monoclinic,0.6649567363921349,-0.009914328258967082,0.012953920811093592
2184,Grundmannite,02,Chalcostibite,orthorhombic,0.6738855154928894,-0.030122658745212347,0.004808299181009591
2185,Grunerite,09,Amphibole,monoclinic,0.5904422392329208,-0.0781983858750812,0.028041326083422927
2186,Gruzdevite,02,Nowackiite,hexagonal,0.6745159935325212,-0.04253208647304768,-0.0004996807190698511
2187,Guanacoite,08,Akrochordite,monoclinic,-0.23812816021772618,-0.1933824718453674,0.3273850218532513
2188,Guanajuatite,02,Stibnite,orthorhombic,0.673388479256693,0.004182100842179539,0.016298928772118162
2189,Guangyuanite,03,Not in a structural group,orthorhombic,-0.22279056175069722,-0.16063187465049555,-0.34399026817576506
2190,Guanine,10,,monoclinic,0.6313553545441963,-0.04446983333520842,0.014594206756964705
2191,Guarinoite,07,Guarinoite,hexagonal,-0.23284009702763472,-0.27605891112192693,-0.24726331447183625
2192,Guastoniite-(Y),09,Hyalotekite,triclinic,0.6210858175973701,-0.04156039710889576,-0.031038937370905156
2193,Gudmundite,02,Arsenopyrite,monoclinic,0.6292649212628916,-0.018919567638383154,0.027099773470022133
2194,Guérinite,08,,monoclinic,-0.25625096040416684,-0.1794608277962591,0.33530822256386
2195,Guettardite,02,Sartorite,monoclinic,0.65845849162709,-0.0065610418208829355,-0.02145698093138705
2196,Gugiaite,09,Melilite,tetragonal,0.6123006677353618,-0.024377166201928875,0.009512466231333531
2197,Guidottiite,09,"Serpentine, Clay",hexagonal,0.5850184885532925,-0.14322065336058148,0.048899446052808965
2198,Guildite,07,,monoclinic,-0.22916951829264215,-0.2655403271648869,-0.25722636764361306
2199,Guilleminite,04,Guilleminite,orthorhombic,-0.220494132530346,-0.304826723035137,-0.31592773053844136
2200,Guimarãesite,08,Roscherite,monoclinic,-0.24996959295630128,-0.17937574942089118,0.34146279065556917
2201,Guite,04,Spinel,cubic,0.621537992860171,-0.021685342588591755,0.04240109618875972
2202,Guixiangite,02,Ullmannite,cubic,0.6383446991153243,-0.00013962857094837466,0.032296079334653824
2203,Gungerite,02,Not in a structural group,orthorhombic,0.6699133726178741,0.004577253910412022,0.0003163657680678514
2204,Gunmaite,08,Not in a structural group,hexagonal,-0.23959331221840105,-0.13777340555601295,0.3266101823853412
2205,Gunningite,07,Kieserite,monoclinic,-0.34973529387104707,0.2979627423995669,-0.35200972486004123
2206,Günterblassite,09,Günterblassite,orthorhombic,0.5964914303059237,-0.1172274563572088,0.025192781295978923
2207,Gunterite,04,Pascoite,monoclinic,0.6229154008311184,-0.07821710973567111,0.031941376614634524
2208,Gupeiite,01,,cubic,0.6289721739238646,0.12163369838631563,0.012281809346235704
2209,Gurimite,08,Palmierite,hexagonal,-0.3315773767611639,0.3473337491733657,0.28660345044855007
2210,Gurzhiite,07,,triclinic,-0.23769457207685163,-0.2539956827676015,-0.29933889613263814
2211,Gustavite,02,Lillianite,"monoclinic, orthorhombic",0.6675645686571469,-0.018450083955077752,-0.0006187801105684704
2212,Gutkovaite-Mn,09,Labuntsovite,monoclinic,0.6323818782174743,-0.1564219657923827,0.05879106679355507
2213,Guyanaite,04,,orthorhombic,0.6158173308933286,-0.13891963229983023,0.025840926450597882
2214,Gwihabaite,04,,orthorhombic,0.6171498940708986,-0.12914099529098802,0.022574487707593273
2215,Gypsum,07,Gypsum,monoclinic,-0.3370531349775508,0.26226172885468674,-0.35748563206053524
2216,Gyrolite,09,Gyrolite,triclinic,0.5977054538126515,-0.14446290508778228,0.02643556700291214
2217,Gysinite-(Ce),05,Ancylite,orthorhombic,-0.17421598270273686,-0.2522874806718514,-0.05408431499546633
2218,Gysinite-(La),05,Ancylite,orthorhombic,-0.17228950796767828,-0.25837642501334257,-0.058594781390821145
2219,Gysinite-(Nd),05,Ancylite,orthorhombic,-0.1723118648136649,-0.2582123606307233,-0.05860421289291434
2220,Haapalaite,02,Valleriite,hexagonal,0.5727393169980316,-0.13046203915099755,0.043789748608561996
2221,Hafnon,09,Zircon,tetragonal,-0.2695917148240318,0.3589303126097131,-0.009221155629715603
2222,Hagendorfite,08,Alluaudite,monoclinic,-0.34019647529822,0.32664054027793565,0.3087780650064159
2223,Haggertyite,04,Magnetoplumbite,hexagonal,0.6078409101770827,-0.06988436099447827,0.0563662626794526
2224,Häggite,04,,monoclinic,-0.17632920889476328,-0.19221289618950244,0.33562905295074874
2225,Hagstromite,05,Not in a structural group,orthorhombic,-0.1906161718418946,-0.053908745283402955,-0.3401127148543412
2226,Haidingerite,08,,orthorhombic,-0.22874834154183873,-0.20596979414225625,0.3049970273843129
2227,Haigerachite,08,,monoclinic,-0.2406286519870403,-0.200875812365735,0.34252383736296743
2228,Haineaultite,09,,orthorhombic,0.6147707996700347,-0.14613185556922315,0.052721291657088304
2229,Hainite-(Y),09,Seidozerite-Rinkite,triclinic,0.6039530325254221,-0.03748311603002891,0.03735734771572962
2230,Haitaite-(La),04,Crichtonite,hexagonal,0.6357912172151673,-0.08046633410935453,0.055412228435967714
2231,Haiweeite,09,,orthorhombic,0.6184118645424168,-0.21847128639074148,0.030933395267230476
2232,Hakite-(Cd),02,Tetrahedrite,cubic,0.670124464519924,-0.04318942739248928,0.0060222103312083525
2233,Hakite-(Fe),02,Tetrahedrite,cubic,0.6669865985913852,-0.0481294171790871,0.0039462844032301155
2234,Hakite-(Hg),02,Tetrahedrite,cubic,0.6782556372275482,-0.04743506338983687,-0.004039743491148974
2235,Hakite-(Zn),02,Tetrahedrite,cubic,0.6699356224522033,-0.043139131472554784,0.006098464384387308
2236,Halamishite,01,Not in a structural group,hexagonal,0.6428714840368868,0.14238603553307316,0.027286268567901888
2237,Håleniusite-(Ce),03,Fluorite,cubic,0.663175454227622,0.01364449234379612,0.019424904269735616
2238,Håleniusite-(La),03,Fluorite,cubic,0.6494851144058174,0.008577110585852218,0.003085077538679655
2239,Halilsarpite,08,Walentaite,orthorhombic,-0.24897180821169634,-0.09059617991643695,0.3517920800751485
2240,Halite,03,Rocksalt,cubic,0.6402233325473509,0.08626234733860308,0.004674335943192996
2241,Hallimondite,08,,triclinic,-0.22835263384896434,-0.20389919817143992,0.30652662921669793
2242,Halloysite,09,"Clay, Kaolinite",monoclinic,0.5999882950810113,-0.17090035074534338,0.025649537654512056
2243,Halotrichite,07,Halotrichite,monoclinic,-0.34828357873224475,0.24634395801520007,-0.3562060152199472
2244,Halurgite,06,,,0.5779249153854757,-0.1246020991941241,0.04370968239572358
2245,Hambergite,06,,orthorhombic,-0.15095773627427952,-0.21407427035170765,-0.0037021647296588533
2246,Hammarite,02,Meneghinite,orthorhombic,0.6615319599880181,-0.027185269995914814,-0.013145625834017577
2247,Hanahanite,07,Ktenasite,hexagonal,-0.2293380936627909,-0.27157452155867673,-0.24538836826390029
2248,Hanauerite,02,Not in a structural group,orthorhombic,0.6787681956870261,0.010680983762739389,-0.006433699679537363
2249,Hanawaltite,03,,orthorhombic,0.6756375325457434,-0.04405865779577794,-0.004480562114645342
2250,Hancockite,09,"Clinozoisite, Epidote",monoclinic,-0.17379479028635714,-0.16802672783973713,0.020064971764449678
2251,Hanjiangite,09,Not in a structural group,monoclinic,-0.17805635899893055,-0.21769893008011926,-0.03631790402209019
2252,Hanksite,05,,hexagonal,-0.23891317658725486,-0.08215064329398587,-0.27514818430004057
2253,Hannayite,08,,triclinic,-0.23575934466695178,-0.2130770127684327,0.31719798972753493
2254,Hannebachite,04,,orthorhombic,-0.20785517680935156,-0.19211051343237595,-0.2984789351175027
2255,Hansblockite,02,,monoclinic,0.6577506319979762,-0.03580660006099615,-0.020236619305966555
2256,Hansesmarkite,04,Not in a structural group,triclinic,0.6591461202103539,-0.1287223916679426,0.03837155972491281
2257,Hanswilkeite,02,Raguinite,monoclinic,0.6063241573956968,-0.0236919266486555,0.04156828636938602
2258,Hapkeite,01,,cubic,0.6289721739238646,0.12163369838631563,0.012281809346235704
2259,Haradaite,09,,orthorhombic,0.6190600238022255,-0.014082010200872713,0.011580084677741227
2260,Hardystonite,09,Melilite,tetragonal,0.5979767714342638,-0.022603467868342168,0.027900233493369665
2261,Harkerite,09,Harkerite,hexagonal,-0.17306975016114867,-0.17407542408829593,-0.02608252297253712
2262,Harmotome,09,Harmotome,monoclinic,0.6171859513305843,-0.07791282287363296,0.00510150000099336
2263,Harmunite,04,Spinel-Post-spinel,orthorhombic,0.5913909257913301,-0.047587296041864624,0.04382301442837129
2264,Harrisonite,09,,hexagonal,-0.34117738104137746,0.34057450382760085,0.16416845454574988
2265,Harstigite,09,,orthorhombic,-0.17642434750578473,-0.14691685947225325,0.028358504013096995
2266,Hartkoppeite,07,Not in a structural group,triclinic,0.6096086673215974,-0.14460889072029953,0.040377856279066926
2267,Hasanovite,07,Not in a structural group,monoclinic,-0.29720643489339404,0.2868997891128884,-0.285088450910825
2268,Hashemite,07,Baryte,orthorhombic,-0.27161684688506804,0.38315571599973564,-0.06768238368052054
2269,Hastingsite,09,Amphibole,monoclinic,0.5792641870865618,-0.09292009206124904,0.04305163690694583
2270,Hatchite,02,,triclinic,0.676555059757497,-0.024361910147752856,-0.02588241719069462
2271,Hatertite,08,Alluaudite,monoclinic,-0.33599376592013974,0.3066833413254312,0.2936978318378544
2272,Hatrurite,09,,"monoclinic, hexagonal",-0.21551638433573478,0.39723602640870365,-0.06463745904605406
2273,Hauchecornite,02,Hauchecornite,tetragonal,0.6277848061924413,0.014139894159772303,0.030120421866021124
2274,Hauckite,05,,hexagonal,-0.21837188647546785,-0.2640417452418927,-0.19071551503339704
2275,Hauerite,02,Pyrite,cubic,0.6257472970008264,0.012108603238659768,0.017505234575542178
2276,Hausmannite,04,Spinel,tetragonal,0.619944302338922,-0.020190830560919595,0.04593053502076477
2277,Haüyne,09,"Sodalite, Cancrinite-sodalite",cubic,-0.21213624131475634,-0.18631006134638503,-0.2585991292837995
2278,Hawleyite,02,Diamond-Sphalerite,cubic,0.6290797441215054,0.014904456409773987,0.01577638914123336
2279,Hawthorneite,04,Magnetoplumbite,hexagonal,0.6062580980589799,-0.04943238889957298,0.058596994450814774
2280,Haxonite,01,Haxonite,cubic,0.6306887107840095,0.12541839677450745,0.010014283658315111
2281,Haycockite,02,Chalcopyrite,orthorhombic,0.617130797113064,-0.021010312431608138,0.0077333686980731765
2282,Haydeeite,03,Atacamite,hexagonal,0.5940896615691819,-0.15832611916868058,0.018178626622281417
2283,Hayelasdiite,07,Not in a structural group,triclinic,-0.21168378440032223,-0.29315529231342013,-0.32158553814415203
2284,Haynesite,04,,orthorhombic,-0.2217043854143717,-0.3505724961869927,-0.29850172658538215
2285,Haywoodite,07,Ktenasite,triclinic,-0.23295055333552356,-0.2785125336119878,-0.2490719239335219
2286,Hayyanite,02,Madocite,monoclinic,0.65942227631664,-0.02271019683099705,-0.02152194407273111
2287,Hazenite,08,Struvite,orthorhombic,-0.36038540622352794,0.3097764067194931,0.31552069165424845
2288,Heamanite-(Ce),04,Perovskite,cubic,0.6432091839299567,-0.08237772047857289,0.05641129817408859
2289,Heazlewoodite,02,,hexagonal,0.6235070775928215,0.01722234402259386,0.029745100108775305
2290,Hechtsbergite,08,Atelestite,monoclinic,-0.2218464996951367,-0.15097061258211822,0.33868192448424556
2291,Hectorfloresite,07,,monoclinic,-0.2118826643536908,-0.17183210571834853,-0.27213743220822767
2292,Hectorite,09,Clay,,0.5764477334556775,-0.11659472086134423,0.05422594224452204
2293,Hedegaardite,08,Cerite,hexagonal,-0.2312730538213602,-0.12923588451107126,0.32827713791027807
2294,Hedenbergite,09,Pyroxene,monoclinic,0.5864999063486089,-0.02862142150465761,0.023953552920475952
2295,Hedleyite,02,Tetradymite,hexagonal,0.6588729092842481,-0.012536415496438968,-0.00046163425315845497
2296,Hedyphane,08,Apatite,hexagonal,-0.2621630598546291,-0.0012866172764843045,0.28922902665799693
2297,Heflikite,09,Epidote,monoclinic,-0.1747908045036869,-0.16550834989416924,0.023865451659675973
2298,Heftetjernite,04,Columbite,monoclinic,0.6478559375765772,-0.094718616879281,0.020665041209735197
2299,Heideite,02,Wilkmanite,monoclinic,0.6234056711921676,-0.01540719578580149,0.030425486162877033
2300,Heidornite,06,,monoclinic,-0.23060035517700037,-0.20706375272542482,-0.24738179543011152
2301,Heimaeyite,07,Not in a structural group,hexagonal,-0.3168158239222316,0.25223956196069386,-0.33501891430685016
2302,Heimite,08,Not in a structural group,monoclinic,-0.23470496018153994,-0.21003193897543151,0.30206892268558583
2303,Heinrichite,08,,monoclinic,-0.25590357807615877,-0.21644541192264205,0.36106486023310824
2304,Heisenbergite,04,Not in a structural group,orthorhombic,0.6184273205226993,-0.22767994417570134,0.031935527116611864
2305,Hejtmanite,09,Seidozerite-Bafertisite,monoclinic,0.6007097387809944,-0.0856743076697612,0.05979862534029971
2306,Heklaite,03,,orthorhombic,0.6372783673162303,0.08155438148444179,0.011060542770550911
2307,Hellandite-(Ce),09,Hellandite,monoclinic,0.6073099163154515,-0.0882353371370592,0.0351544895383604
2308,Hellandite-(Y),09,Hellandite,monoclinic,0.606638583497526,-0.08544657326199216,0.0309398183474291
2309,Hellyerite,05,,,-0.31540447231223434,0.3082175687512975,-0.11335881864171711
2310,Helmutwinklerite,08,Natrochalcite-Helmutwinklerite,triclinic,-0.35871541242028976,0.34594463854735924,0.2728539082722598
2311,Helvine,09,"Sodalite, Cancrinite-sodalite",cubic,-0.17742864753481596,-0.10415748162920124,0.03303334615615999
2312,Hematite,04,Corundum,hexagonal,0.6141970226541701,-0.029313005983866124,0.03989325778873559
2313,Hematolite,08,Hematolite,hexagonal,-0.2279998926364438,-0.16881379471771377,0.3166049205039634
2314,Hematophanite,03,Perovskite,tetragonal,0.6003504617474642,-0.08721200377031607,-0.007942366698329996
2315,Hemihedrite,09,Iranite,triclinic,-0.1791071010570651,-0.14083691484452385,-0.03774553166076128
2316,Hemimorphite,09,Hemimorphite,orthorhombic,0.595148995116873,-0.1095087098972965,0.04051300811377757
2317,Hemleyite,09,Corundum,hexagonal,-0.27627191616437224,0.3650012474997551,-0.08531743704639715
2318,Hemloite,04,,triclinic,0.6248307587199851,-0.03466615742484914,0.05209448511619261
2319,Hemusite,02,Diamond-Sphalerite,cubic,0.6727985328398136,-0.05274165814932942,-0.015092380701518237
2320,Hendekasartorite,02,Sartorite,monoclinic,0.6538245220391241,0.004026066314656665,-0.05315023159010518
2321,Hendersonite,04,Hewettite,,0.6219855098924325,-0.015490847138197844,0.002866645664949312
2322,Hendricksite,09,Mica,monoclinic,0.5877989216235255,-0.1106513302912819,0.048686368091707996
2323,Heneuite,05,,triclinic,-0.2301429136042227,-0.12982227393829024,0.26057808512243985
2324,Henmilite,06,Not in a structural group,triclinic,0.5982508544898464,-0.16616681748543466,0.02952806408098438
2325,Hennomartinite,09,Lawsonite,orthorhombic,0.5915512927348018,-0.12893884075023662,0.0562454122577017
2326,Henritermierite,09,Garnet,"tetragonal, cubic",-0.17914801422487817,-0.20283270895537198,0.04516054414143241
2327,Henryite,02,,cubic,0.6570141187728769,-0.029365682454051675,-0.006296340845648032
2328,Henrymeyerite,04,Coronadite,tetragonal,0.6508776414974671,-0.08343742638140955,0.050887993719778195
2329,Henrysunite,10,Glycolate,orthorhombic,0.6039891474902452,-0.13689236146569222,0.03824410898523227
2330,Hentschelite,08,Lazulite,monoclinic,-0.23004571343383737,-0.1719879630915541,0.32660365586879636
2331,Hephaistosite,03,,monoclinic,0.6638529609469455,0.07975980576534207,-0.06566331628912046
2332,Heptasartorite,02,Sartorite,monoclinic,0.6592972164803682,-0.0035960985722102248,-0.04965553235761623
2333,Herbertsmithite,03,Atacamite,hexagonal,0.5996130961709809,-0.1570820457280156,0.016811346890915034
2334,Hercynite,04,Spinel,cubic,0.606620692644319,-0.06274838234285746,0.01435202104509509
2335,Herderite,08,Gadolinite,monoclinic,-0.2586217641562059,0.016384180347964857,0.3340535190389716
2336,Hereroite,09,Hereroite,monoclinic,-0.23998776625484597,-0.07838699662500531,0.28890697181378566
2337,Hermannjahnite,07,Zinkosite,monoclinic,-0.3359121022918611,0.28289715831645584,-0.36298577815822425
2338,Hermannroseite,08,Conichalcite,orthorhombic,-0.23384969815369883,-0.17943862905457744,0.3171157435323326
2339,Herzenbergite,02,Arsenolamprite,orthorhombic,0.6640547154651667,-0.02659021382500425,0.000457327965987785
2340,Hessite,02,,monoclinic,0.6626618535662384,-0.021446002939384968,0.0072608131966560695
2341,Hetaerolite,04,Spinel,tetragonal,0.6200357341067718,-0.020327509864960916,0.044247436699358086
2342,Heterogenite,04,,hexagonal,0.595003853447263,-0.13512842162688488,0.05730798076899988
2343,Heteromorphite,02,,monoclinic,0.6567216704940828,-0.02164796176120425,-0.023299280967628143
2344,Heterosite,08,Olivine,orthorhombic,-0.3485200702467159,0.3744288185650224,0.3224701462488189
2345,Heulandite-Ba,09,Heulandite,monoclinic,0.6105394413965634,-0.08619506527524798,0.018748516836236524
2346,Heulandite-Ca,09,Heulandite,monoclinic,0.6122316769934926,-0.09393647342848103,0.023442563912302764
2347,Heulandite-K,09,Heulandite,,0.612689816611258,-0.09445231969181467,0.021535538910737687
2348,Heulandite-Na,09,Heulandite,monoclinic,0.6225852628081363,-0.08055584672556385,0.012920078198361528
2349,Heulandite-Sr,09,Heulandite,monoclinic,0.6103978902394482,-0.08702074644313935,0.020237930189166746
2350,Hewettite,04,Hewettite,monoclinic,0.6207110368825313,-0.04349629944613274,0.0072534626892889545
2351,Hexacelsian,09,Cymrite,hexagonal,0.6050146516782727,-0.05489783328225249,0.009096098882317348
2352,Hexaferrum,01,,hexagonal,0.6072492441815951,0.5121431824631267,-0.039921036753556155
2353,Hexahydrite,07,Hexahydrite,monoclinic,-0.3435077295515241,0.2760099193646507,-0.32251632890379217
2354,Hexahydroborite,06,,monoclinic,0.6042523078087979,-0.17505781290876654,0.028818957551251193
2355,Hexamolybdenum,01,,hexagonal,0.6602229562180073,0.10042313189827388,0.0024901801149061834
2356,Hexathioplumbite,07,Not in a structural group,hexagonal,-0.20105963071273258,-0.25971651262363105,-0.3094110946845522
2357,Heyerdahlite,09,Astrophyllite,triclinic,0.6031053161236822,-0.10978818427296592,0.06408264592596662
2358,Heyite,08,Brackebuschite,monoclinic,-0.23114042386284414,-0.11213749355227834,0.2836504263518037
2359,Heyrovskýite,02,Lillianite,orthorhombic,0.6476594609400574,-0.021174906247411487,-0.04253569452131237
2360,Hezuolinite,09,Chevkinite,monoclinic,0.6197196052860005,-0.0676701564227733,0.04915188303281658
2361,Hiärneite,04,Calzirtite,tetragonal,0.64242526626836,-0.08120036961506867,0.05705119374804483
2362,Hibbingite,03,Atacamite,orthorhombic,0.5844432979579623,-0.14133273305665678,0.03097654299118867
2363,Hibonite,04,Magnetoplumbite,hexagonal,0.6141931839032246,-0.07045043309873407,0.0012059707088520454
2364,Hidalgoite,08,Alunite-Beudantite,hexagonal,-0.23585249570717295,-0.23716830675500095,0.0261406661643361
2365,Hielscherite,09,Ettringite,hexagonal,-0.23889606250688786,-0.29977501905949155,-0.27268296427884214
2366,Hieratite,03,,cubic,0.6407808015783623,0.08327794533337837,0.007308768126646419
2367,Hilairite,09,,hexagonal,0.6335495423849601,-0.08062370360992885,0.03977270851041128
2368,Hilarionite,08,Kaňkite,monoclinic,-0.2619205647940988,-0.2168408655260741,0.05284669431208062
2369,Hilgardite,06,Hilgardite,"triclinic, monoclinic",0.6166967069361085,-0.005101429461926052,0.0016217007440306498
2370,Hillebrandite,09,,orthorhombic,-0.1569887115156356,-0.22555127153006482,-0.00636061349847105
2371,Hillesheimite,09,Günterblassite,orthorhombic,0.5924450662016042,-0.12870064704727374,0.02542851089979299
2372,Hillite,08,Fairfieldite,triclinic,-0.3511540334710206,0.32429522824197965,0.3010238734284038
2373,Hingganite-(Ce),09,Gadolinite,monoclinic,-0.17701943636170228,-0.19717127233089835,0.04247264651391853
2374,Hingganite-(Nd),09,Gadolinite,monoclinic,0.596536444801018,-0.12598955534431938,0.038635729500232335
2375,Hingganite-(Y),09,Gadolinite,monoclinic,-0.1733788771248849,-0.1967024072164306,0.036970579758225174
2376,Hingganite-(Yb),09,Gadolinite,monoclinic,-0.17677182064031452,-0.19739919248491533,0.04182767647061183
2377,Hinokageite,09,Olivine,orthorhombic,-0.28715307542219304,0.3612498311467309,-0.017490262408655255
2378,Hinsdalite,08,Alunite-Beudantite,hexagonal,-0.23709515492497926,-0.2370647471199101,0.030475520079120168
2379,Hiortdahlite,09,Wöhlerite,triclinic,0.6065668060472408,-0.038837934593280915,0.03711038756181658
2380,Hiroseite,09,Perovskite,orthorhombic,-0.2757986379575028,0.3662407977217194,-0.08547397526669975
2381,Hisingerite,09,"Kaolinite, Clay",,0.5927719145334877,-0.1703298054369018,0.04018037315104753
2382,Hitachiite,02,Tetradymite,hexagonal,0.6474167622611953,-0.022126127633954724,-0.040490425000062995
2383,Hizenite-(Y),05,Tengerite,orthorhombic,-0.2938829714568633,0.27047710598958224,-0.11315270225608019
2384,Hjalmarite,09,Amphibole,monoclinic,0.5702320481224257,-0.06710872731695158,0.060209835134763134
2385,Hloušekite,08,Lindackerite,triclinic,-0.25229576391762054,-0.1956414387236703,0.32162608995127745
2386,Hocartite,02,"Stannite, Diamond-Sphalerite",tetragonal,0.6630417045781626,-0.044692013587690954,0.02806045070139647
2387,Hochelagaite,04,,monoclinic,0.6754869127841703,-0.1363638427654395,0.02930646794745291
2388,Hochleitnerite,08,Paulkerrite,"orthorhombic, monoclinic",-0.2535423027412708,-0.16039706026248998,0.38761687145782325
2389,Hodgesmithite,07,Ktenasite,hexagonal,-0.22993817302356231,-0.26844670918656344,-0.25673923527432174
2390,Hodgkinsonite,09,,monoclinic,-0.18115339292409363,-0.18166684281350823,0.042289020533193125
2391,Hodrušite,02,,monoclinic,0.6732564040779634,-0.024789506432175663,0.00817201923675395
2392,Hoelite,10,,monoclinic,0.6310186232484606,-0.04959303391043957,0.016755840902756974
2393,Hoganite,10,Acetate,monoclinic,0.6145575584745873,-0.13320457698724936,0.011190337980433788
2394,Hogarthite,09,Lemoynite,monoclinic,0.6267607442575074,-0.08896743552856563,0.0440388942206859
2395,Høgtuvaite,09,Sapphirine,triclinic,0.5891278269781957,-0.044761627399752424,0.03591864605779822
2396,Hohmannite,07,Amarantite,triclinic,-0.24102296317960906,-0.18462806395905304,-0.26443111683874393
2397,Hokkaidoite,10,,monoclinic,0.6346019883586274,-0.026809861586071567,0.015104871306526596
2398,Holdawayite,05,,monoclinic,-0.17706107553903117,-0.23972015751834658,-0.02448958317689211
2399,Holdenite,09,,orthorhombic,-0.22560357074347215,-0.1734721187025562,0.2623160519053804
2400,Holfertite,04,,hexagonal,0.6647334120494689,-0.1796632197091702,0.037772385538009
2401,Hollandite,04,Coronadite,"tetragonal, monoclinic",0.6274969528345828,-0.038813998565087444,0.06115138415128906
2402,Hollingworthite,02,Ullmannite,cubic,0.6877377889786889,0.029531014898236816,0.013515033616822344
2403,Hollisterite,01,,monoclinic,0.5852013359090507,0.5044307164255911,-0.04362749137656697
2404,Holmquistite,09,Amphibole,orthorhombic,0.5752555908391557,-0.09505863134493658,0.04996157685044838
2405,Holtedahlite,05,Holtedahlite,hexagonal,-0.23271838425451688,-0.16213050310139715,0.2876392154075909
2406,Holtite,09,Dumortierite,orthorhombic,0.627977568025018,-0.05723108455375155,0.0007597544308229395
2407,Holtstamite,09,Garnet,tetragonal,-0.17750205334488084,-0.2145312987039314,0.031013425781426483
2408,Holubite,02,Lillianite,monoclinic,0.6656587957757313,-0.02379136272932728,-0.007438452770536012
2409,Homilite,09,Gadolinite,monoclinic,-0.18972980757896987,-0.07617351837078938,0.019165130457643863
2410,Honeaite,02,Not in a structural group,orthorhombic,0.6621289505210153,-0.02761532812791782,-0.0017446223004733748
2411,Honessite,07,"Woodwardite, Hydrotalcite",hexagonal,-0.2163023341564254,-0.2564787810411703,-0.23854011255824162
2412,Hongheite,09,Vesuvianite,tetragonal,0.5788179325004865,-0.08030243266376576,0.038055677420456194
2413,Hongshiite,01,,hexagonal,0.6213660072981362,0.5119415057493206,-0.06474202741501742
2414,Honzaite,08,Burgessite,monoclinic,-0.23443317311749784,-0.18840649600101667,0.32862468395654365
2415,Hopeite,08,Hopeite,orthorhombic,-0.371196475012349,0.3569576802509562,0.3044998515153462
2416,Hoperanchite,07,Not in a structural group,monoclinic,-0.22618255218128316,-0.2020974132875128,-0.30703237997065824
2417,Hopmannite,04,Jeppeite,monoclinic,0.6349433433519959,-0.08397396554566282,0.0531235891479865
2418,Horákite,08,Not in a structural group,monoclinic,-0.24025846268143053,-0.19597150390225845,0.3561014426388795
2419,Horiite,09,Seidozerite,triclinic,-0.23228836106216702,-0.12611370835108873,0.35294918554079996
2420,Hörnesite,08,Vivianite,monoclinic,-0.3541349875587442,0.3402672347639274,0.3006356495201924
2421,Horomanite,02,,tetragonal,0.6116014824484479,0.0017241467203341111,0.020962336773673405
2422,Horváthite-(Y),05,,orthorhombic,-0.18875626489401415,-0.06098723058869468,-0.052879696185312255
2423,Höslite,04,,monoclinic,-0.2658344917525539,-0.19833474505251947,0.1523355997354218
2424,Hotsonite,08,,triclinic,-0.25421752267858044,-0.26552774287412284,0.036300317830262274
2425,Housleyite,07,Not in a structural group,monoclinic,0.6139002276191163,-0.12222067247400478,-0.03139322760303838
2426,Howardevansite,08,Howardevansite,triclinic,-0.3367903241015183,0.3255912654678319,0.2873133731606594
2427,Howieite,09,,triclinic,0.5781800763942002,-0.08599318495602955,0.042953344250618974
2428,Howlite,09,,monoclinic,0.06557047538353533,-0.1469100875746958,0.007478228593202156
2429,Hrabákite,02,Hauchecornite,tetragonal,0.6266331804312253,0.011627250020775307,0.02634557292511514
2430,Hsianghualite,09,Analcime,cubic,-0.17689059177916047,-0.10813403995426307,0.022869236120421323
2431,Huanghoite-(Ce),05,Huanghoite,hexagonal,-0.19972963325473564,-0.05603694334274728,-0.05350598728202864
2432,Huanghoite-(Nd),05,Huanghoite,hexagonal,-0.19354020586266973,-0.0522136676130602,-0.06189068434758968
2433,Huangite,07,Alunite-Alunite,hexagonal,-0.21292147224763974,-0.26788119255536413,-0.2532689826778787
2434,Huangshanite,04,Columbite,monoclinic,0.6384795254158466,-0.07514601485387801,0.04854527714600502
2435,Huanzalaite,07,Columbite,monoclinic,-0.27530373388255003,0.39880062388990883,-0.041497063776654936
2436,Hubbardite,07,Zippeite,orthorhombic,-0.25364135423118017,-0.346809521752544,-0.27319191388694786
2437,Hubeite,09,,triclinic,0.5816511870867244,-0.10161499147749303,0.044948010577611955
2438,Hübnerite,07,Columbite,monoclinic,-0.29174309607690707,0.41733317105697537,-0.060538399375948404
2439,Huemulite,04,Pascoite,triclinic,0.6194345139132174,-0.07400443656202364,0.03802724300954667
2440,Huenite,07,,hexagonal,-0.17321319980906202,-0.16915444224437434,-0.02830691299925909
2441,Hügelite,08,,monoclinic,-0.24778389801524908,-0.2097808993672451,0.3204088525724169
2442,Hughesite,04,Pascoite,triclinic,0.6290701484104111,-0.08793014840547587,0.02164390608724285
2443,Hugotibergite,09,Roeblingite,monoclinic,-0.2315854559494011,-0.22137442862270296,-0.27539833438061356
2444,Huizingite-(Al),07,Not in a structural group,triclinic,-0.2587727854630447,-0.2047253951770189,-0.29218233436435403
2445,Hulsite,06,Hulsite,monoclinic,-0.1575877302614984,-0.1306761437407077,-0.009937638947536184
2446,Humberstonite,07,,hexagonal,-0.2327182022839232,-0.19588049014908104,-0.2617951637130433
2447,Humboldtine,10,"Humboldtine, Oxalate",monoclinic,0.6102276489765084,-0.01455661672051532,0.005666185782840913
2448,Humite,09,Humite,orthorhombic,-0.20274318220874604,0.035463607758230785,0.02633658307670754
2449,Hummerite,04,Pascoite,triclinic,0.5948281659274579,-0.04842132283565408,0.04631672083607251
2450,Hunchunite,01,,cubic,0.6221971267389218,0.5170579051101291,-0.06787402135980132
2451,Hundholmenite-(Y),09,Okanoganite,hexagonal,0.614834595877993,-0.002510439398807551,0.03059431905075463
2452,Hungchaoite,06,,triclinic,0.599197473454105,-0.1655399474204972,0.034112204627325234
2453,Huntingdonite,02,Not in a structural group,triclinic,0.6554347799299121,-0.013239123436997638,-0.026626353542675722
2454,Huntite,05,Not in a structural group,hexagonal,-0.2792572358797659,0.31007257819678724,-0.0833052599047695
2455,Hureaulite,08,Hureaulite,monoclinic,-0.2518097134843734,-0.1587002194007296,0.3365639947723502
2456,Hurlbutite,08,Danburite,monoclinic,0.6141348014310859,-0.026292037940973727,0.015574789182095481
2457,Hutcheonite,09,Garnet,cubic,0.6094461836568918,-0.07628727735371535,0.031235743613141045
2458,Hutchinsonite,02,,orthorhombic,0.6674038939787895,-0.010998402362664635,-0.043127885125680804
2459,Huttonite,09,Monazite,monoclinic,-0.272085104751805,0.36017899819427956,-0.01494463721646844
2460,Hyalotekite,09,Hyalotekite,triclinic,0.6056175045850646,-0.035863996833846286,0.008597983164494023
2461,Hyblerite,05,Not in a structural group,orthorhombic,-0.21206570650724088,-0.1930875989475553,-0.27020065635806784
2462,Hydrobasaluminite,07,,monoclinic,-0.2302688215923241,-0.30575795978458437,-0.2654291957120156
2463,Hydrobiotite,09,"Corrensite, Clay",,0.5777050486503816,-0.09684820173530725,0.036527733637860715
2464,Hydroboracite,06,,monoclinic,0.5930765499031785,-0.15926681444550014,0.03394612106462504
2465,Hydrocalumite,05,Hydrotalcite,monoclinic,-0.19075781900037103,-0.2877953104488325,-0.03563952375198509
2466,Hydrocerussite,05,,hexagonal,-0.17213311608011664,-0.2528703919242642,-0.0748043404307101
2467,Hydrochlorborite,06,,monoclinic,0.6023328919017183,-0.1722939677134997,0.026414175880988964
2468,Hydrodelhayelite,09,Rhodesite,orthorhombic,0.5866246568832683,-0.1555683687487175,0.03537203620074257
2469,Hydrodresserite,05,Dundasite,triclinic,-0.18502506057231055,-0.29320616353259416,-0.03950446159770442
2470,Hydroglauberite,07,,,-0.3433899552990858,0.2345205480936972,-0.3385480067501128
2471,Hydrohalite,03,,monoclinic,0.6388111943300381,0.07007846148980096,0.004592418431751217
2472,Hydrohonessite,07,"Woodwardite, Hydrotalcite",hexagonal,-0.2163023341564254,-0.2564787810411703,-0.23854011255824162
2473,Hydrokenoelsmoreite,07,Pyrochlore-Elsmoreite,cubic,0.7823977939007026,-0.03339559089854138,-0.022991088820900136
2474,Hydrokenomicrolite,04,Pyrochlore-microlite,cubic,0.6193581768243578,-0.19231105786210564,0.03179145129271298
2475,Hydrokenopyrochlore,04,Pyrochlore-Pyrochlore,cubic,0.6504676825390128,-0.09774794670076414,0.036509376999970755
2476,Hydrokenoralstonite,03,Pyrochlore,cubic,0.6460346265436051,0.08175957893908244,-0.014419956093108293
2477,Hydromagnesite,05,,monoclinic,-0.1919048000668642,-0.22604203869862405,-0.017124430296542224
2478,Hydrombobomkulite,04,Chalcoalumite,monoclinic,0.6181071344032874,-0.19404252555472096,0.03526320036215236
2479,Hydroniumjarosite,07,Alunite-Alunite,hexagonal,-0.21424340038606543,-0.2623531451091223,-0.24238325432783966
2480,Hydroniumpharmacoalumite,08,Pharmacosiderite,cubic,-0.237192448083682,-0.2180164718710585,0.3192447699542875
2481,Hydroniumpharmacosiderite,08,Pharmacosiderite,cubic,-0.2400634495646348,-0.20400266813427181,0.3318445912329426
2482,Hydronováčekite,08,,triclinic,-0.25592425927840284,-0.20549940077521836,0.363951648180604
2483,Hydropascoite,04,Pascoite,triclinic,0.6292536074456535,-0.05222265991607221,0.006529668562899601
2484,Hydroplumboelsmoreite,07,Pyrochlore-Elsmoreite,cubic,0.6178413500008227,-0.04955455244455939,-0.02173408685100816
2485,Hydropyrochlore,04,Pyrochlore-Pyrochlore,cubic,0.623635269775463,-0.18791219920559765,0.033541765111662
2486,Hydroredmondite,07,Redmondite,monoclinic,-0.21156281359783394,-0.2734228666161906,-0.3080043743693036
2487,Hydroromarchite,04,,tetragonal,0.6197436939380813,-0.15818861230053777,0.01869447952945319
2488,Hydroscarbroite,05,,,-0.1682079797041271,-0.2725434571975717,-0.04103429138785661
2489,Hydrotalcite,05,Hydrotalcite,hexagonal,-0.18307987300813672,-0.28035595815250075,-0.02251938889629511
2490,Hydroterskite,09,Terskite,orthorhombic,0.604371216602831,-0.1590498575301633,0.04633949926665172
2491,Hydrotungstite,07,,monoclinic,-0.11625924609495791,-0.21924651739913273,-0.020050343590718694
2492,Hydrowoodwardite,07,"Woodwardite, Hydrotalcite",hexagonal,-0.21188427501874355,-0.2729362550819375,-0.25925817779630556
2493,Hydroxyapophyllite-(K),09,Apophyllite,tetragonal,0.5984204561030297,-0.10045062259736309,0.026003307622832525
2494,Hydroxycalciomicrolite,04,Pyrochlore-microlite,cubic,0.6247489123273201,-0.13853464914712052,0.03888680674063549
2495,Hydroxycalciopyrochlore,04,Pyrochlore-Pyrochlore,cubic,0.6274890284857301,-0.12318383698449863,0.052725185926522325
2496,Hydroxycalcioroméite,04,Pyrochlore-Roméite,cubic,0.6374723486494308,-0.11452078114762693,0.051023836065558374
2497,Hydroxycancrinite,09,"Cancrinite, Cancrinite-sodalite",hexagonal,-0.18444962683833138,-0.2157608453439387,-0.0312651774692103
2498,Hydroxyferroroméite,04,Pyrochlore-Roméite,cubic,0.6225764856853536,-0.1366438964626664,0.04312752052672909
2499,Hydroxykenoelsmoreite,07,Pyrochlore-Elsmoreite,"hexagonal, cubic",0.5923970859291952,-0.1623201241236744,0.018930607631424266
2500,Hydroxykenomicrolite,04,Pyrochlore-microlite,cubic,0.6363184376106137,-0.12052923739046165,0.04344237044612481
2501,Hydroxykenopyrochlore,03,Pyrochlore-Pyrochlore,cubic,0.6352435099780227,-0.10353981176034646,0.056509730244371316
2502,Hydroxylapatite,08,Apatite,hexagonal,-0.2325367363445436,-0.13752158712189316,0.3282724358852358
2503,Hydroxylbastnäsite-(Ce),05,Bastnäsite,hexagonal,-0.1713796629549157,-0.25554241195744676,-0.03016558702566169
2504,Hydroxylbastnäsite-(La),05,Bastnäsite,hexagonal,-0.16674681011665443,-0.2588428427127426,-0.03750535782552621
2505,Hydroxylbastnäsite-(Nd),05,Bastnäsite,hexagonal,-0.16678323316517468,-0.25864083218724376,-0.03753088253213993
2506,Hydroxylbenyacarite,08,Paulkerrite,orthorhombic,-0.24255044132284903,-0.17637830286101572,0.3698905824991574
2507,Hydroxylborite,06,,hexagonal,-0.1540107710963897,-0.21248732530706688,0.013908133972094436
2508,Hydroxylchondrodite,09,Humite,monoclinic,-0.1798878853094786,-0.1576730013668738,0.04954280908945739
2509,Hydroxylclinohumite,09,Humite,monoclinic,-0.17843997917480542,-0.1355605861589897,0.047003012760827634
2510,Hydroxyledgrewite,09,Humite,monoclinic,-0.176396508658449,-0.1663340393881771,0.02521555758957004
2511,Hydroxylellestadite,09,Apatite,"hexagonal, monoclinic",-0.21226759058599304,-0.19788433444529724,-0.14456659706749522
2512,Hydroxylgugiaite,09,Melilite,tetragonal,0.5888923956137171,-0.11789604431712719,0.03120078510680208
2513,Hydroxylhedyphane,08,Apatite,hexagonal,-0.23079575452446907,-0.15273606354406122,0.294408251947034
2514,Hydroxylherderite,08,Gadolinite,monoclinic,-0.23394769506184115,-0.1645882030732709,0.33100227305618024
2515,Hydroxylpyromorphite,08,Apatite,hexagonal,-0.23380795391506068,-0.14652406940909432,0.29646042603697914
2516,Hydroxylwagnerite,08,Wagnerite,monoclinic,-0.23150404657440088,-0.14137183377920667,0.33146387334958344
2517,Hydroxymanganopyrochlore,04,Pyrochlore-Pyrochlore,cubic,0.6233761734454061,-0.10232660072561969,0.05642051327437085
2518,Hydroxymcglassonite-(K),09,Apophyllite,tetragonal,0.6041692560251262,-0.10399408245239156,0.02846641665595007
2519,Hydroxynatropyrochlore,04,Pyrochlore-Pyrochlore,cubic,0.6124905292849785,-0.1146653274399354,0.05121569826717352
2520,Hydroxyplumbopyrochlore,04,Pyrochlore-Pyrochlore,cubic,0.6399312157854661,-0.14359071530064754,0.00277186198800552
2521,Hydrozincite,05,,monoclinic,-0.17651686092572985,-0.24468619143524228,-0.024869894499932172
2522,Hylbrownite,08,Kanonerovite,monoclinic,0.607743840672644,-0.07222754080965507,0.04028301802690597
2523,Hypercinnabar,02,,hexagonal,0.6589188398247487,-0.02707256590643689,-0.0017475712464873928
2524,Hyršlite,02,Sartorite,monoclinic,0.6570958586033571,-0.0037956813632094993,-0.026066972679584646
2525,Hyttsjöite,09,,hexagonal,0.6152263468557374,-0.07526514591603536,-0.028410376427282634
2526,Ianbruceite,08,Not in a structural group,monoclinic,-0.24637503593623267,-0.1675706908227818,0.3328368516624852
2527,Iangreyite,08,Not in a structural group,hexagonal,-0.2529353553760935,-0.19263158204168424,0.32388832546795376
2528,Ianthinite,04,,orthorhombic,0.6397855940495415,-0.24525119354252709,0.031378774214693574
2529,Ice,04,"Amorphous, Tridymite",,0.6105915588887243,-0.17976999414861872,0.02693316998841732
2530,Ichnusaite,07,Not in a structural group,monoclinic,-0.2812962770777964,0.38166484609593143,-0.05176052712617467
2531,Icosahedrite,01,Not in a structural group,,0.5886715755282801,0.49303423513620587,-0.054176229054407256
2532,Idaite,02,"Stannite, Diamond-Sphalerite","hexagonal, tetragonal",0.6369944404880437,-0.02885061715932038,-0.001963334667655907
2533,Idrialite,10,,orthorhombic,0.6346019883586274,-0.026809861586071567,0.015104871306526596
2534,Igelströmite,04,Minium,tetragonal,0.6229618676869464,-0.059844818237062114,0.0022753466191549245
2535,Iimoriite-(Y),09,,triclinic,-0.2754356153314565,0.3161589270030772,-0.08281376213816977
2536,Ikaite,05,,monoclinic,-0.29730497968795944,0.27617648606182504,-0.1188709588016481
2537,Ikorskyite,09,"Clay, Palygorskite",monoclinic,0.612696335402509,-0.04062603299775125,0.0483817237419491
2538,Ikranite,09,Eudialyte,hexagonal,0.5921771681693748,-0.15953214132657384,0.0506356505975019
2539,Ikunolite,02,Tetradymite,hexagonal,0.6596293656451047,-0.012660203949469725,-0.0005260256657739354
2540,Ilesite,07,Starkeyite,monoclinic,-0.35914827263362525,0.288670089839814,-0.3543854408154462
2541,Ilímaussite-(Ce),09,,hexagonal,0.6002476411198832,-0.14706332844576045,0.058411528837032906
2542,Ilinskite,03,Ilinskite,orthorhombic,-0.21548759763350406,-0.14892079852672271,-0.3397470702153737
2543,Ilirneyite,04,Zemannite,hexagonal,-0.33565495207714874,0.2686238177870053,-0.34802949427462
2544,Illoqite-(Ce),09,Nordite,orthorhombic,0.6036874439354187,-0.04427461223301765,0.04649322790918539
2545,Ilmajokite-(Ce),09,,,0.6365800903670374,-0.21078633758387488,0.06039738361841275
2546,Ilmenite,04,Corundum,hexagonal,0.6218070641347652,-0.068539367379748,0.04749838411344015
2547,Ilsemannite,07,,,0.614005284672656,-0.15143314863043073,0.025469585785303464
2548,Iltisite,02,,hexagonal,0.6773945214151209,0.005632785777668522,-0.009466816500787015
2549,Ilvaite,09,Ilvaite,"orthorhombic, monoclinic",0.5791895465065033,-0.09155266599149842,0.0426425629670403
2550,Ilyukhinite,09,Eudialyte,hexagonal,0.595277320718249,-0.18257028472503276,0.043528120373964696
2551,Imandrite,09,Lovozerite-Imandrite,orthorhombic,0.6014416744778535,-0.050678623815452045,0.03672927302322561
2552,Imayoshiite,05,Ettringite,hexagonal,-0.1965521983906161,-0.3035265504506802,-0.03722935336912112
2553,Imhofite,02,,monoclinic,0.6974795845176898,-0.0156459856149012,-0.007990648020333701
2554,Imiterite,02,,monoclinic,0.6626117033309958,-0.022085409593997882,0.005146960092971746
2555,Imogolite,09,Allophane,,-0.14785022410626752,-0.24247556270399898,-0.015385242010353517
2556,Inaglyite,02,,hexagonal,0.6613949681148812,-0.03728788446854803,-0.0029808359881168048
2557,Incomsartorite,02,Sartorite,monoclinic,0.6538245220391241,0.004026066314656665,-0.05315023159010518
2558,Inderborite,06,,monoclinic,0.6101188351638739,-0.17765208178493955,0.035996635081768716
2559,Inderite,06,,monoclinic,0.6075931285348548,-0.1678128757599903,0.039980943655799156
2560,Indialite,09,Beryl,hexagonal,0.5948621215314778,-0.039470803083101164,0.016140827039257392
2561,Indigirite,05,Artinite,,-0.19692283753583018,-0.2745649826577978,-0.029608059677385525
2562,Indite,02,Spinel,cubic,0.6305681118772426,-0.014486935711995295,0.021796607171936287
2563,Indium,01,,tetragonal,0.5981700042871055,0.5085448782080377,-0.056121433736888805
2564,Inesite,09,,triclinic,0.5957870192846568,-0.08937479899331528,0.03912981343675245
2565,Ingersonite,04,,hexagonal,0.6338836990362684,-0.08823659363366756,0.03681110869541226
2566,Ingodite,02,Tetradymite,hexagonal,0.6594357658824762,-0.012634817115020982,-0.000534471780536401
2567,Innelite,09,Seidozerite-Lamprophyllite,"triclinic, monoclinic",-0.24100763455681684,-0.17955810988633258,0.060542832227673135
2568,Innsbruckite,09,Not in a structural group,monoclinic,0.591084579200861,-0.12861819520322082,0.045210049609649
2569,Insizwaite,02,Pyrite,cubic,0.6264744109565525,0.5305727319580115,-0.05512923799135398
2570,Interliveingite,02,Sartorite,monoclinic,0.6541038744743695,0.00195983887548636,-0.05158059124881462
2571,Intersilite,09,,monoclinic,0.6046490244243162,-0.194358285732806,0.039673944500462965
2572,Inyoite,06,,monoclinic,0.6028899591384784,-0.17268365171248004,0.027157607821471495
2573,Iodargyrite,03,Wurtzite,hexagonal,0.7013528380466229,0.08011163227174682,-0.00425909760977786
2574,Iowaite,03,Hydrotalcite,hexagonal,0.5810387071072666,-0.17930639622387973,0.04251397057718688
2575,Iquiqueite,06,,hexagonal,-0.194459926030322,-0.12822634041939016,0.005423419210287134
2576,Iranite,09,Iranite,triclinic,-0.17842913477740097,-0.14448508623096476,-0.04521787396367905
2577,Iraqite-(La),09,Steacyite,,0.6165379630564853,-0.04500184467406848,0.038427264600233116
2578,Irarsite,02,Pyrite,cubic,0.689260188378048,0.03056214862158257,0.013499258453640283
2579,Irhtemite,08,,monoclinic,-0.24562755469543163,-0.16940155375992036,0.32440951100042453
2580,Iridarsenite,02,,monoclinic,0.6838498062353676,0.10174056962863225,-0.003473365692101958
2581,Iridium,01,Copper,cubic,0.6290427496273949,0.5226333450291247,-0.05515471593280606
2582,Iriginite,07,,orthorhombic,0.68886661934556,-0.17456853161081926,0.010376175681285273
2583,Irinarassite,09,Garnet,cubic,0.6124415166715861,-0.07510655219790763,0.02062610611768872
2584,Iron,01,Iron,cubic,0.5791521252250768,0.5263678052197666,-0.031517640044244837
2585,Irtyshite,04,,hexagonal,0.6584763481907093,-0.10484103876635985,0.036558050314113535
2586,Iseite,04,Nolanite,hexagonal,0.6201944251818915,0.009071300051547762,0.020359333878050757
2587,Ishiharaite,02,Diamond-Sphalerite,cubic,0.6331851557398785,-0.02512260742786227,0.022818649431727664
2588,Ishikawaite,04,Columbite,monoclinic,0.633464031238012,-0.09042642525770252,0.03916113520147849
2589,Iskandarovite,07,Not in a structural group,orthorhombic,-0.1991892565156738,-0.17602197692033783,-0.29359759975635563
2590,Isoclasite,08,,,-0.24335705410690642,-0.17839323886529818,0.32981941721364516
2591,Isocubanite,02,"Cubanite, Diamond-Sphalerite",cubic,0.6267210145868345,-0.02580813255673653,0.0203286693777917
2592,Isoferroplatinum,01,"Auricupride, Perovskite",cubic,0.6078925240438098,0.511915835132456,-0.04167564941841552
2593,Isokite,08,Titanite,monoclinic,-0.25745252383590517,0.031249181415915334,0.3376936236511368
2594,Isolueshite,04,Perovskite,"cubic, orthorhombic",0.6454069342456092,-0.09795397759119243,0.03284946303614865
2595,Isomertieite,02,Isomertieite,cubic,0.6878793697296344,0.10333581423719893,-0.004764252502193464
2596,Isovite,01,Haxonite,cubic,0.6303748245801284,0.12498847760704747,0.010151829881315305
2597,Isselite,07,Guarinoite,orthorhombic,-0.2295930186183136,-0.3001718424485675,-0.2733064033915862
2598,Itelmenite,07,Itelmenite,orthorhombic,-0.3247483567974972,0.250676512384848,-0.31396880555749695
2599,Itoigawaite,09,Lawsonite,monoclinic,0.5875759363869046,-0.1602591358141412,0.026527714233689607
2600,Itoite,07,,orthorhombic,-0.20944025245762046,-0.24553862574639132,-0.28758274766596176
2601,Itsiite,09,Hyalotekite,tetragonal,0.6157089005269836,-0.014465421636777992,0.01086562707297464
2602,Ivanyukite-Cu,09,Pharmacosiderite,cubic,-0.17721719820031087,-0.23826749749728934,0.042905617939914494
2603,Ivanyukite-K,09,Pharmacosiderite,cubic,-0.18018442561429643,-0.2359764898014737,0.05499039679293043
2604,Ivanyukite-Na,09,Pharmacosiderite,"cubic, hexagonal",-0.17971177746312372,-0.23277640529348587,0.05754041085103278
2605,Ivsite,07,,monoclinic,-0.32652357368330714,0.20519867230572605,-0.3191269465214267
2606,Iwashiroite-(Y),04,Not in a structural group,monoclinic,0.6578589748533681,-0.08440123060505429,0.025928842763053645
2607,Iwateite,08,Aphthitalite,hexagonal,-0.3359165244428343,0.32142174966007586,0.31048051634622514
2608,Ixiolite-(Fe2+),04,Columbite,orthorhombic,0.6500203540792471,-0.09336604041474064,0.03534849499944551
2609,Ixiolite-(Mn2+),04,Columbite,orthorhombic,0.6559710502269569,-0.08328622710339001,0.04419746615550692
2610,Ixiolite-(Sc),04,Columbite,orthorhombic,0.6480937775495581,-0.09431598093269401,0.01884104393925738
2611,Iyoite,03,Atacamite,monoclinic,0.5959935881802956,-0.1486124119124127,0.0286098175430236
2612,Izoklakeite,02,Kobellite,orthorhombic,0.6553839433879918,-0.0198646547005452,-0.017083313405739865
2613,Jáchymovite,07,,monoclinic,-0.2380791301146325,-0.3398951658227856,-0.2728295274992126
2614,Jacobsite,04,Spinel,cubic,0.6074805549050694,-0.03597203258779757,0.03611912107127786
2615,Jacquesdietrichite,06,,orthorhombic,0.6048452692361115,-0.17156392723142572,0.015461985434746363
2616,Jacutingaite,02,Jacutingaite,hexagonal,0.661723969991097,-0.027973252779051747,-0.0005282373654202539
2617,Jadarite,09,,monoclinic,-0.03201532296136451,-0.09032237625430495,0.009196481525099415
2618,Jadeite,09,Pyroxene,monoclinic,0.6062362629776215,-0.05613655060241331,0.01829464749897428
2619,Jaffeite,09,,hexagonal,0.582742290056872,-0.14572413861050362,0.031646830184161825
2620,Jagoite,09,,hexagonal,0.6141678228994575,-0.033327876528571596,-0.023397084654640368
2621,Jagowerite,08,,triclinic,-0.226338066794537,-0.18133670436552254,0.32235076838503374
2622,Jagüéite,02,Chrisstanleyite,monoclinic,0.6726826534710333,-0.044129314081631586,-0.012272998818525812
2623,Jahnsite-(CaFeMg),08,Jahnsite,monoclinic,-0.25300271238463445,-0.17389423369530785,0.3404578437620198
2624,Jahnsite-(CaMnFe),08,Jahnsite,monoclinic,-0.25433385683873244,-0.17560369250002272,0.340490244786441
2625,Jahnsite-(CaMnMg),08,Jahnsite,monoclinic,-0.2523417256481246,-0.1727832451401901,0.3436136732105568
2626,Jahnsite-(CaMnMn),08,Jahnsite,monoclinic,-0.2534438915193671,-0.17432981543878714,0.34571507067128854
2627,Jahnsite-(CaMnZn),08,Jahnsite,monoclinic,-0.253513204063,-0.1743245980848961,0.34509653582625893
2628,Jahnsite-(MnMnFe),08,Jahnsite,monoclinic,-0.25528888281906403,-0.1707369141538151,0.3409858605865908
2629,Jahnsite-(MnMnMg),08,Jahnsite,monoclinic,-0.25267165114774837,-0.17150540845515097,0.3439207568059047
2630,Jahnsite-(MnMnMn),08,Jahnsite,,-0.2551562813732568,-0.16938418921421006,0.3455207416080236
2631,Jahnsite-(MnMnZn),08,Jahnsite,monoclinic,-0.2544311092984155,-0.1691506937777297,0.3457538951064153
2632,Jahnsite-(NaFeMg),08,Jahnsite,monoclinic,-0.2507338229161381,-0.17745227021747928,0.346596136890829
2633,Jahnsite-(NaMnMg),08,Jahnsite,monoclinic,-0.2467513793057498,-0.15402881832642396,0.35606751612222753
2634,Jahnsite-(NaMnMn),08,Jahnsite,monoclinic,-0.2511612886882902,-0.1768255249369693,0.3484162256521846
2635,Jaipurite,02,Nickeline,hexagonal,0.6240308525787834,0.016028757218879773,0.028915849868927188
2636,Jakobssonite,03,Not in a structural group,monoclinic,0.6111112973936667,0.08535883650982709,-0.003205543897655193
2637,Jalpaite,02,Jalpaite,tetragonal,0.691592119483464,-0.05400160531976185,-0.0008435281968039859
2638,Jamborite,07,Hydrotalcite,hexagonal,-0.2156718754708588,-0.2533716685240438,-0.23878713790911976
2639,Jamesite,08,Jamesite,triclinic,-0.22951687709501117,-0.16995706536513694,0.32310612978722764
2640,Jamesonite,02,,monoclinic,0.6511043224619444,-0.02338747255232549,-0.011736723244440415
2641,Janchevite,03,Asisite,"tetragonal, triclinic",-0.0004740078188307141,0.08194853719206532,0.2987159112171828
2642,Janggunite,04,,orthorhombic,0.5946491345265953,-0.10726592556774786,0.05740753086356596
2643,Janhaugite,09,Wöhlerite,monoclinic,0.5965380136707599,-0.12184968949234615,0.06607029194038248
2644,Jankovićite,02,,triclinic,0.6860060742855336,-0.00841537253174922,0.017842741782830452
2645,Jarandolite,06,,monoclinic,0.5952538016253263,-0.14202705243860744,0.03133324606477089
2646,Jarlite,03,Jarlite,monoclinic,0.602034670134514,0.03722318034837595,0.030811828836779014
2647,Jarosewichite,08,,orthorhombic,-0.2264087034621218,-0.17540678060101123,0.33214162950145704
2648,Jarosite,07,Alunite-Alunite,hexagonal,-0.21645877970583755,-0.2588372678744164,-0.23467586565446813
2649,Jaskólskiite,02,Meneghinite,orthorhombic,0.6594068771346643,-0.017750974418043883,-0.016417685177287183
2650,Jasmundite,09,Not in a structural group,tetragonal,-0.1678460345921952,-0.11818848721991387,0.011914771567154413
2651,Jasonsmithite,08,Not in a structural group,monoclinic,-0.26191779945306853,-0.16393389899554234,0.35373211683823774
2652,Jasrouxite,02,Lillianite,triclinic,0.6834471357639494,-0.014704992068838275,0.015580105787585565
2653,Jaszczakite,02,Buckhornite,orthorhombic,0.6613001123273675,-0.014663419538283762,-0.0003477432433425971
2654,Javorieite,03,,orthorhombic,0.6079967848356755,0.08713010737485131,0.01714199206905912
2655,Jeanbandyite,04,Perovskite,"tetragonal, cubic",0.6048197412536953,-0.17657525861696294,0.04195381200896048
2656,Jeankempite,08,,triclinic,-0.2461517968663683,-0.16987685160858354,0.33447847608874726
2657,Jedwabite,01,,hexagonal,0.585468749834062,0.5197261977929387,-0.028406840026706827
2658,Jeffbenite,09,Jeffbenite,tetragonal,0.5834529742659353,-0.022002376929461095,0.0252933977497526
2659,Jeffreyite,09,Melilite,orthorhombic,0.5825752783626319,-0.1670440133466926,0.043678667219990516
2660,Jennite,09,,triclinic,0.591785480732668,-0.15674950911676516,0.025996355694582723
2661,Jensenite,07,,monoclinic,-0.25334896228829273,0.3261196818551114,-0.4495934190158254
2662,Jentschite,02,,monoclinic,0.6695970836129129,-0.015033788466730178,-0.016567337967447575
2663,Jeppeite,04,Jeppeite,monoclinic,0.613116230431795,-0.07674813652028623,0.0651076082533237
2664,Jeremejevite,06,,hexagonal,-0.15758192306003024,-0.022732366571964847,-0.046648169973383294
2665,Jerrygibbsite,09,Humite,orthorhombic,-0.18553137816811519,-0.14287936055139347,0.036113215353131785
2666,Jervisite,09,Pyroxene,monoclinic,0.6094593217714841,-0.05204425026071369,0.02058289529860275
2667,Ježekite,05,Not in a structural group,hexagonal,-0.21176023969398822,-0.2441923312741595,-0.16698047786550063
2668,Jianmuite,04,Not in a structural group,tetragonal,0.6384639356056521,-0.07969405096917981,0.03058867469193167
2669,Jianshuiite,04,,triclinic,0.6184061207847117,-0.05813643962618133,0.057597550369890824
2670,Jimboite,06,Kotoite,orthorhombic,-0.26812512296898716,0.3778305805182618,-0.07338221474991077
2671,Jimkrieghite,10,Glycolate,orthorhombic,0.5984167429259948,-0.1277900377978218,0.02905658565924956
2672,Jimthompsonite,09,,orthorhombic,0.5698539884047784,-0.06779877718395111,0.05182753437525855
2673,Jingsuiite,01,,hexagonal,0.6764507512633398,0.10479212922886402,0.0031206769638723996
2674,Jingwenite-(Y),09,Jingwenite,monoclinic,-0.1718457642761737,-0.203470488976567,0.03214339280181773
2675,Jinshajiangite,09,Seidozerite-Bafertisite,monoclinic,0.5916662031398976,-0.10459301738942664,0.05558699994540012
2676,Jinxiuite,02,Hauchecornite,tetragonal,0.6277681139950395,0.01948341539134281,0.030678778598182473
2677,Joanneumite,04,Not in a structural group,,0.6246167728167831,-0.0826492648622365,0.01444160899532499
2678,Joaquinite-(Ce),09,Joaquinite,monoclinic,0.6093752097987168,-0.10027560519401388,0.06210009811632187
2679,Joegoldsteinite,02,Spinel,cubic,0.631636499092111,0.04796573500172026,0.018002081459494598
2680,Joëlbruggerite,04,Dugganite,hexagonal,0.6136249198261734,-0.08176806760622948,0.0063118638551027
2681,Joesmithite,09,Amphibole,monoclinic,0.5781266351639316,-0.07666110222985875,0.04234452606657595
2682,Johachidolite,06,,orthorhombic,0.598430186645164,-0.030120099907661624,0.0042406427634033225
2683,Johanngeorgenstadtite,08,Alluaudite,monoclinic,-0.3523080286152678,0.3737718854097297,0.29656039649195115
2684,Johannite,07,Johannite,triclinic,-0.23805427212144514,-0.3339615375205973,-0.2805154687818687
2685,Johannsenite,09,Pyroxene,monoclinic,0.5966130956489619,-0.016364157224613735,0.03389752226276562
2686,Johillerite,08,Alluaudite,monoclinic,-0.33269032156350725,0.3250814032648565,0.29074258574273415
2687,Johnbaumite,08,Apatite,"hexagonal, monoclinic",-0.2313021244761128,-0.1375756852075042,0.3236370287291265
2688,Johninnesite,09,,triclinic,-0.233423374009344,-0.1375937234858965,0.3322814416207792
2689,Johnjamborite,02,Sartorite,triclinic,0.6549836226981921,-0.012868227820132866,-0.031154341820808257
2690,Johnkoivulaite-(Cs),09,Beryl,hexagonal,0.5906600806800661,-0.010895809827395523,0.041932335484865475
2691,Johnsenite-(Ce),09,Eudialyte,hexagonal,-0.17518696574027087,-0.1918965117259105,-0.017171576677624423
2692,Johnsomervilleite,08,Fillowite,hexagonal,-0.3500182844472356,0.33384982257185697,0.2976065089132594
2693,Johntomaite,08,Bjarebyite,monoclinic,-0.23296649174333353,-0.1635987632860755,0.3322555941110302
2694,Johnwalkite,08,,orthorhombic,-0.2293327687077566,-0.12438547050530666,0.36112091989577255
2695,Jôkokuite,07,Chalcanthite,triclinic,-0.36172651606001427,0.28711257761545217,-0.35702815462604687
2696,Joliotite,05,Not in a structural group,orthorhombic,-0.18488292534591455,-0.3011456874034692,-0.0583565849228439
2697,Jolliffeite,02,Ullmannite,cubic,0.6480680095622259,0.07599811946437533,0.04347667763006022
2698,Jonassonite,02,Not in a structural group,monoclinic,0.6542104494063407,-0.020115303743455635,-0.016697324361080873
2699,Jonesite,09,Not in a structural group,monoclinic,0.6017154727344505,-0.12790867091482105,0.05551588728458642
2700,Jonlarsenite,01,,cubic,0.6020203502863068,0.490998302455533,-0.06844048476324958
2701,Joosteite,08,Wagnerite,monoclinic,-0.2331121668934839,-0.08222713613867327,0.3493841395780626
2702,Jordanite,02,Geocronite,monoclinic,0.6511700283930087,-0.007418328768274742,-0.052437450435129776
2703,Jordisite,02,Amorphous,,0.788307642607998,0.021239801383581607,-0.027751968673730303
2704,Jørgensenite,03,Jarlite,monoclinic,0.6040888434615419,0.030627481040216217,0.01964162041309385
2705,Jörgkellerite,05,Jorgkellerite,hexagonal,-0.2430988196014126,-0.2062570368835165,0.2523236383326266
2706,Joséite-A,02,Tetradymite,,0.6601242666230478,-0.012097708186687019,-0.0006534580254141456
2707,Joséite-B,02,Tetradymite,,0.6598352171790733,-0.01208425699285074,-0.0006572804484969788
2708,Joteite,08,Not in a structural group,triclinic,-0.24369482668549697,-0.21789948172642043,0.31278788690560194
2709,Jouravskite,05,Ettringite,hexagonal,-0.2380083466245863,-0.3108743272855431,-0.17761710785344073
2710,Juabite,08,Not in a structural group,triclinic,-0.250815422565714,-0.22512884802114883,0.007064602587260898
2711,Juangodoyite,05,Not in a structural group,monoclinic,-0.27567368067314785,0.2701700745938937,-0.11203369435098676
2712,Juanitaite,08,Not in a structural group,tetragonal,-0.23945933900260163,-0.18165036361935508,0.31509938038087476
2713,Juanite,09,,,0.5835100193606142,-0.1870288454292891,0.03190359320284905
2714,Juansilvaite,08,Not in a structural group,monoclinic,-0.24131088091512923,-0.2587920661272804,0.02638915792344744
2715,Julgoldite-(Fe2+),09,Pumpellyite,monoclinic,-0.18941409265782877,-0.18328093397010137,0.04466333035790197
2716,Julgoldite-(Fe3+),09,Pumpellyite,monoclinic,-0.1880631036627975,-0.1578680460080711,0.045936107425508146
2717,Julgoldite-(Mg),09,Pumpellyite,,-0.18891930406441157,-0.1543549715613365,0.045044253501372304
2718,Julienite,02,Not in a structural group,monoclinic,0.6272920394200403,0.0195002636709385,0.026393637613390725
2719,Jungite,08,Not in a structural group,orthorhombic,-0.2526867654498969,-0.20388997291935843,0.3481142701102832
2720,Junitoite,09,Not in a structural group,orthorhombic,0.5992411875459325,-0.029981366202602874,0.031295521661786334
2721,Junoite,02,Junoite,monoclinic,0.6616012109071716,-0.020571610761482582,-0.007406848043148319
2722,Juonniite,08,Overite,orthorhombic,-0.2431556712890543,-0.17058627406859167,0.33116521900016516
2723,Jurbanite,07,Not in a structural group,monoclinic,-0.22414249305530715,-0.2850623184094756,-0.2608871906745066
2724,Jusite,09,,,0.6100006319695278,-0.07611242077645375,0.014538126036324307
2725,Juxingite,02,Digenite,cubic,0.6409999657769356,-0.0340565690393801,-0.006600593903877598
2726,Kaatialaite,08,,monoclinic,-0.19166197592959686,-0.22466424064739532,0.3401403320065446
2727,Kabalovite,08,Howardevansite,triclinic,-0.3492553265056858,0.35963303016532644,0.30760697690074007
2728,Kadyrelite,03,,cubic,0.6679371030997955,-0.04308123727348562,0.005811313797809185
2729,Kaersutite,09,Amphibole,monoclinic,0.5869681552545036,-0.0456991324342276,0.04232776040994701
2730,Kahlenbergite,04,Magnetoplumbite,hexagonal,0.6163352887738521,-0.0717576860590052,0.0030697739131999163
2731,Kahlerite,08,,,-0.26681303866045697,-0.22608952434032062,0.36905419811950135
2732,Kainite,07,,monoclinic,-0.25753519528004637,-0.07192464439369908,-0.2655304838986098
2733,Kainosite-(Y),09,,orthorhombic,-0.26666475165948617,0.3167610204124477,-0.08636248425091211
2734,Kainotropite,08,Not in a structural group,orthorhombic,-0.23043665817303116,-0.10657770452937101,0.30220342341123807
2735,Kaitianite,04,Berdesinskiite,monoclinic,0.6651084621551742,-0.0695488350185952,0.04462966428936557
2736,Kalborsite,09,Edingtonite,tetragonal,0.5936302443863509,-0.1269872806644129,0.032888886057860896
2737,Kalgoorlieite,02,,monoclinic,0.7890204546497306,0.028103661243351803,-0.02558408654556833
2738,Kaliborite,06,,monoclinic,0.598120701624295,-0.16337381052303201,0.03496608988876972
2739,Kalicinite,05,,monoclinic,-0.28681215604443006,0.19152517116268836,-0.08246886859037124
2740,Kalifersite,09,,triclinic,0.5949918707538324,-0.15216817481318312,0.0496340438014008
2741,Kalininite,02,Spinel,cubic,0.6320168629759237,0.04734690480496286,0.015317040167214099
2742,Kalinite,07,,,-0.34054832233417465,0.23175066649103973,-0.34774109447225865
2743,Kaliochalcite,07,Natrochalcite,monoclinic,-0.21975114641571325,-0.2538768564809476,-0.26962653436181233
2744,Kaliophilite,09,Tridymite-Nepheline,hexagonal,-0.2750514655881242,0.322794664846383,-0.03206249156488011
2745,Kalistrontite,07,Palmierite,hexagonal,-0.32639039544382276,0.25575154278410533,-0.3349639784881072
2746,Kalithallite,03,,tetragonal,0.6452950467331522,0.06513010378225512,0.004767969780749424
2747,Kalsilite,09,Tridymite-Nepheline,hexagonal,-0.2750514655881242,0.322794664846383,-0.03206249156488011
2748,Kalungaite,02,Ullmannite,cubic,0.6890904135054573,0.03063116620016046,0.013442172596050598
2749,Kalyuzhnyite-(Ce),09,Not in a structural group,monoclinic,0.6196784301862039,-0.062329059307055734,0.05371463897162185
2750,Kamaishilite,09,,tetragonal,0.5800566379738434,-0.14174629929532828,0.02831676315093422
2751,Kamarizaite,08,,orthorhombic,-0.24008592006896906,-0.18703196479108636,0.3331950559328358
2752,Kambaldaite,05,,hexagonal,-0.18972196925946955,-0.25489427048279834,-0.019457600585452463
2753,Kamchatkite,07,,orthorhombic,-0.22472976897179303,-0.15175162393189454,-0.311544788752318
2754,Kamenevite,09,Umbite,orthorhombic,0.6348594839326962,-0.06978251335662586,0.03838347782063653
2755,Kamiokite,04,Nolanite,hexagonal,0.6076696940435034,-0.005706435676735131,0.008004963776080586
2756,Kamitugaite,08,,triclinic,-0.24874512559781592,-0.23878934861304987,0.3633485788277424
2757,Kamotoite-(Y),05,,monoclinic,-0.1888222272527801,-0.30073731257561725,-0.05217578281967582
2758,Kampelite,08,Not in a structural group,orthorhombic,-0.23988843100631235,-0.17903475465758673,0.33059050230310355
2759,Kampfite,09,,monoclinic,-0.1723436955847972,-0.15467220628546507,-0.05432306012076035
2760,Kamphaugite-(Y),05,,tetragonal,-0.17879645318387732,-0.2515076796705223,-0.02973692197581925
2761,Kanatzidisite,02,Not in a structural group,monoclinic,0.6765778391164204,-0.0034074994738962916,0.017142757612715394
2762,Kanemite,09,,orthorhombic,0.5966878425042137,-0.16639210868078924,0.038283985038385863
2763,Kangite,04,Bixbyite,cubic,0.6073272327411611,-0.0782522073489883,0.04262915297676871
2764,Kangjinlaite,01,,tetragonal,0.6770197586411655,0.09975993149094757,0.0042620662394776965
2765,Kaňkite,08,Kaňkite,monoclinic,-0.362217548720263,0.3586064392477158,0.3189008074925943
2766,Kannanite,09,Ardennite,orthorhombic,-0.20633065088308022,-0.18807457323637622,0.15033375644776004
2767,Kanoite,09,Pyroxene,monoclinic,0.5908422500818695,0.0006815232889736535,0.037571586571033516
2768,Kanonaite,09,Andalusite,orthorhombic,-0.1667417680408499,-0.12567712804550701,0.03028153274530953
2769,Kanonerovite,08,Kanonerovite,monoclinic,0.6197740880347551,-0.07285916434255543,0.0396048500760692
2770,Kantorite,07,Not in a structural group,orthorhombic,-0.2402950826991691,-0.0704992617616323,-0.27162030537091963
2771,Kaolinite,09,"Clay, Kaolinite","triclinic, monoclinic",0.5979241991150775,-0.1691734607654756,0.020475535258792258
2772,Kapellasite,03,Atacamite,hexagonal,0.5996130961709809,-0.1570820457280156,0.016811346890915034
2773,Kapitsaite-(Y),09,Hyalotekite,triclinic,0.6167049325912168,-0.0175810070247831,0.01774642334491513
2774,Kapundaite,08,,triclinic,-0.2460321655051791,-0.18582495213786476,0.34290878464872976
2775,Kapustinite,09,Lovozerite-Zirsinalite–Lovozerite,"hexagonal, monoclinic",0.6092533752012177,-0.10993841092385051,0.04370647280265226
2776,Karasugite,03,,monoclinic,0.6140689099192712,0.08812178590580498,0.00032057298071421284
2777,Karchevskyite,05,Hydrotalcite,hexagonal,-0.18377177596151123,-0.2886523255324706,-0.024701133308199355
2778,Karelianite,04,Corundum,hexagonal,0.7810272173128844,0.00026033847744589417,-0.020201359204263535
2779,Karenwebberite,08,Olivine,orthorhombic,-0.34031148368705794,0.32487022589531156,0.2994586593862524
2780,Karibibite,04,,orthorhombic,-0.18723694287904574,-0.12460630694077703,0.3497372120310766
2781,Karlditmarite,08,Not in a structural group,triclinic,-0.24531715411023094,-0.1666400419871779,-0.002019223545050375
2782,Karlite,06,,orthorhombic,-0.15102497576848906,-0.1866853044576438,0.0009082024670759078
2783,Karlleuite,04,"Rocksalt, Perovskite",tetragonal,0.6041752693322833,-0.04625161971039857,0.034247616456712406
2784,Karlseifertite,08,Alunite-Crandallite,hexagonal,-0.22164820561989843,-0.19488211267756775,0.3154771154391215
2785,Karnasurtite-(Ce),09,,,0.6085939584046499,-0.1872104426094725,0.0423066988255066
2786,Karpenkoite,04,Volborthite,hexagonal,0.5946857711678805,-0.12660479808446032,0.043629258373649615
2787,Karpinskite,09,Corrensite,,0.5763416879306363,-0.09639568612917843,0.04986146066402938
2788,Karpovite,07,Not in a structural group,monoclinic,-0.22861957925846846,-0.16976999752001148,-0.3355844016281135
2789,Karupmøllerite-Ca,09,Labuntsovite,monoclinic,0.625357882265276,-0.1547568189735448,0.05588946793493349
2790,Karwowskiite,08,Cerite,hexagonal,-0.336637734204161,0.3381363831147701,0.2969332636448254
2791,Kasatkinite,09,Not in a structural group,monoclinic,0.5988253908490064,-0.10973374458669416,0.021508882993263045
2792,Kashinite,02,Bowieite,orthorhombic,0.6814393388708644,-0.020128537804528484,0.016580952208428645
2793,Kaskasite,04,Valleriite,hexagonal,0.6005627751412722,-0.12734348115640187,0.041736016935738245
2794,Kasolite,09,,monoclinic,-0.17771894111272007,-0.21512952102766691,-0.02003195808273657
2795,Kassite,04,Kassite,monoclinic,0.6103355704628729,-0.1605229277382319,0.05840273082625043
2796,Kastningite,08,Stewartite,triclinic,-0.24582593339977568,-0.20638589064128388,0.3325912066941267
2797,Katanite,09,Dugganite,hexagonal,0.6046241972276147,-0.05694205093498071,0.03443861423775714
2798,Katayamalite,09,Baratovite,"monoclinic, triclinic",-0.1523936208727724,-0.188194817128623,0.004163527749804143
2799,Katerinopoulosite,07,Picromerite,monoclinic,-0.2740259337778459,-0.1800575455876679,-0.2948156938012896
2800,Katiarsite,08,Katiarsite,orthorhombic,-0.21646408954476426,-0.13062289959307988,0.35783615628297955
2801,Katoite,04,Garnet,cubic,0.5896346698057517,-0.1808394923415756,0.03298847719790777
2802,Katophorite,09,Amphibole,monoclinic,0.5712815237165597,-0.08329782283095,0.053158098318950214
2803,Katoptrite,09,Katoptrite,monoclinic,-0.17538951268751024,-0.12621758268180802,0.0322846602982462
2804,Katsarosite,10,"Humboldtine, Oxalate",monoclinic,0.6231273131493527,-0.0004510340029014383,0.01539167287880901
2805,Kawazulite,02,Tetradymite,hexagonal,0.6731214008242965,0.0026373133990669033,0.016235153220749497
2806,Kayrobertsonite,08,Nordgauite,triclinic,-0.24403178544511872,-0.20347608023192465,0.3308329336980303
2807,Kayupovaite,09,"Stilpnomelane, Clay",monoclinic,0.593845416075232,-0.1454908482116975,0.046717512713286634
2808,Kazakhstanite,04,,monoclinic,0.5995613423854133,-0.17226894751157987,0.04185284620954142
2809,Kazakovite,09,Lovozerite-Zirsinalite–Lovozerite,hexagonal,0.6185040216112717,-0.050782465035026814,0.040604614407317836
2810,Kazanskyite,09,Seidozerite-Lamprophyllite,triclinic,0.6209225385880914,-0.13844366995158808,0.06192560735135219
2811,Kaznakhtite,05,Hydrotalcite,hexagonal,-0.1874114022691999,-0.28233233720434714,-0.0265427894330852
2812,Keckite,08,Jahnsite,monoclinic,-0.25204063955200884,-0.17541599919281833,0.3449597306661356
2813,Kegelite,09,,monoclinic,-0.2013165239077084,-0.25549780972344893,-0.16660961998999116
2814,Kegginite,04,Not in a structural group,hexagonal,0.6213864644353932,-0.07383712900562375,-0.027886758323651353
2815,Keilite,02,Rocksalt,cubic,0.6155514170949912,0.0012638790323523394,0.006398668520556817
2816,Keithconnite,02,,hexagonal,0.6640013010807073,-0.0268937074585443,0.0007484295392835502
2817,Keiviite-(Y),09,Thortveitite,monoclinic,0.6438878632334805,-0.033601338400835,0.009697720770135903
2818,Keiviite-(Yb),09,Thortveitite,monoclinic,0.6599074083519147,-0.03178462983105633,0.0252671433746116
2819,Keldyshite,09,,triclinic,0.631071044627013,-0.06296572616566723,0.04253097489423309
2820,Kellyite,09,"Clay, Serpentine","monoclinic, hexagonal",0.5799652629781797,-0.11224343588601549,0.039899959633753826
2821,Kelyanite,03,,hexagonal,0.6573105065786904,-0.027440794138481904,0.0068630764440950134
2822,Kemmlitzite,08,Alunite-Beudantite,hexagonal,-0.23864103989028407,-0.2360527966139442,0.03432792313947295
2823,Kempite,03,Atacamite,,0.5922651947569209,-0.13111934469600448,0.04138949583215688
2824,Kenhsuite,02,,orthorhombic,0.6627493719454862,0.02284146099897403,-0.008273765540157981
2825,Kenngottite,08,Souzalite,monoclinic,-0.2384130254693354,-0.17850271330535106,0.34427020795769914
2826,Kennygayite,07,,triclinic,-0.21550768518741337,-0.24160444802823797,-0.2947973626251526
2827,Kenoargentotennantite-(Fe),02,Tetrahedrite,cubic,0.6738443958179203,-0.036168894267854815,0.005976873457666345
2828,Kenoargentotetrahedrite-(Fe),02,Tetrahedrite,cubic,0.6675246515467657,-0.0526094791217243,0.009709344508848092
2829,Kenoargentotetrahedrite-(Zn),02,Tetrahedrite,cubic,0.6631491284124555,-0.03332547438368669,0.01735429718948401
2830,Kenomicrolite,04,Pyrochlore-microlite,cubic,0.6389724170067198,-0.17708122921290095,0.03943156890262571
2831,Kenoplumbomicrolite,04,Pyrochlore-microlite,cubic,0.6378968576175159,-0.13816670194141661,-0.004867598106207304
2832,Kenorozhdestvenskayaite-(Fe),02,Tetrahedrite,cubic,0.6631693480615115,-0.03337581589544539,0.023255298407719675
2833,Kenotobermorite,09,Tobermorite,"orthorhombic, monoclinic",0.5932639752486645,-0.13334254282553198,0.02343740828893047
2834,Kentbrooksite,09,Eudialyte,hexagonal,0.6117913206605559,-0.09434467226917691,0.04461073414961124
2835,Kentrolite,09,,orthorhombic,0.6191824255954549,-0.028499711024431308,-0.002101405818667794
2836,Kenyaite,09,,tetragonal,0.608289013108468,-0.18013173493178025,0.03323067463649994
2837,Keplerite,08,Cerite,hexagonal,-0.33620216366760325,0.3409714472868456,0.29667077182651846
2838,Kerimasite,09,Garnet,cubic,0.6055955512150715,-0.06481376825583285,0.048751896366579436
2839,Kermesite,02,,triclinic,0.676394872847224,-0.02517428696056457,0.018584651218016272
2840,Kernite,06,,monoclinic,0.5981206082748798,-0.15541277672657433,0.036695317687514245
2841,Kernowite,08,Liroconite,monoclinic,-0.24057198073800484,-0.2176788942210484,0.31960499046865076
2842,Kesebolite-(Ce),09,Not in a structural group,monoclinic,-0.2879535933978742,0.3313663244919246,0.05411205300854309
2843,Kësterite,02,"Stannite, Diamond-Sphalerite",tetragonal,0.661863518767955,-0.043385684954641346,0.018271075611368575
2844,Kettnerite,05,Bismutite,orthorhombic,-0.17991759492875875,-0.12181962675566592,-0.0534248456567492
2845,Keutschite,02,"Stannite, Diamond-Sphalerite",tetragonal,0.6676728795932736,-0.029836581821423708,-0.0009186540608247407
2846,Keyite,08,Alluaudite,monoclinic,-0.35464408844395867,0.3468634210325219,0.28316232716078454
2847,Keystoneite,04,Zemannite,hexagonal,-0.3381402223399441,0.2572114165340672,-0.3469358457066374
2848,Khademite,07,Khademite,orthorhombic,-0.24573732654765612,-0.08964622917946596,-0.32010587394047374
2849,Khaidarkanite,03,Cyanotrichite,monoclinic,0.5997693021334228,-0.19016963547333385,0.017857617388436643
2850,Khamrabaevite,01,Rocksalt,cubic,0.7044438690850886,0.09478486878595684,0.030592218166197067
2851,Khanneshite,05,Burbankite,hexagonal,-0.2830123846018767,0.2815834705566964,-0.09037217345729495
2852,Kharaelakhite,02,Pentlandite,orthorhombic,0.6282997322951094,-0.022573944077464086,0.006743874373252263
2853,Khatyrkite,01,Khatyrkite,tetragonal,0.5946164381150947,0.49180337203249547,-0.06495258860290934
2854,Khesinite,09,Sapphirine,triclinic,0.5964744550519407,-0.039075075088636994,0.04536809021838311
2855,Khibinskite,09,,monoclinic,0.6331596710760304,-0.06253400248971992,0.038430540756165504
2856,Khinite,07,,"hexagonal, orthorhombic",-0.132174019386806,-0.24057260267500213,-0.3267746979973119
2857,Khmaralite,09,Sapphirine,monoclinic,0.5914885094497192,-0.049005513250079076,0.01941070659623381
2858,Khomyakovite,09,Eudialyte,hexagonal,0.5855772586642651,-0.12530482799621986,0.054259596204322996
2859,Khorixasite,08,Conichalcite,monoclinic,-0.22354016606655658,-0.17672886376320102,0.31244695777484
2860,Khrenovite,08,Alluaudite,monoclinic,-0.333021048464902,0.3252196553501294,0.3058574441822975
2861,Khristovite-(Ce),09,"Dollaseite, Epidote",monoclinic,-0.18038533286002156,-0.14513798685641888,0.04544319813785526
2862,Khurayyimite,09,Not in a structural group,monoclinic,0.5827061188613459,-0.16677468470178425,0.03870395021582501
2863,Khvorovite,09,Hyalotekite,triclinic,0.6151924182605324,-0.0401036224046492,-0.03605995256260148
2864,Kiddcreekite,02,,cubic,0.6566515978018572,-0.0235119926647575,-0.01471028213850787
2865,Kidodite,04,Lindqvistite,hexagonal,0.6015368440133153,-0.03701304040351743,0.04417275323758983
2866,Kidwellite,08,,monoclinic,-0.24063889239195402,-0.1938160935016158,0.33858717610790107
2867,Kieftite,02,"Skutterudite, Perovskite",cubic,0.6159674833541376,0.528741808388615,-0.03626619051771792
2868,Kieserite,07,Kieserite,monoclinic,-0.33118153778282605,0.2862966591121525,-0.3161391698934898
2869,Kihlmanite-(Ce),09,Tundrite,triclinic,-0.19222592793876264,-0.2356546960889413,0.008839414635187835
2870,Kilchoanite,09,,orthorhombic,-0.1716692509299585,-0.1096440772859562,0.011824777702661712
2871,Killalaite,09,,monoclinic,0.5870969524482352,-0.11340647302488739,0.029601603489643157
2872,Kimrobinsonite,05,,cubic,-0.16287304961047014,-0.2784744822278706,-0.03271970552985901
2873,Kimuraite-(Y),05,Tengerite,orthorhombic,-0.29107309098069184,0.2721737002848459,-0.11100834196415402
2874,Kimzeyite,09,Garnet,cubic,0.6096337229469692,-0.0758059902914581,0.029841988512812567
2875,Kingite,08,,triclinic,-0.2568729099847228,-0.11762968161707613,0.33175211776317265
2876,Kingsgateite,07,,tetragonal,0.6225846200374278,-0.1752450596070248,0.046068386049105584
2877,Kingsmountite,08,Calcioferrite,monoclinic,-0.2511963585606515,-0.20138315724231468,0.33539008614817956
2878,Kingstonite,02,Kingstonite,monoclinic,0.6628366348973185,-0.02902668222041046,0.0019012727190564401
2879,Kinichilite,04,Zemannite,hexagonal,-0.33878509369239995,0.25624644673494446,-0.34605814595671913
2880,Kinoite,09,,monoclinic,0.6078441758274782,-0.07336094904520976,-0.011044392127721578
2881,Kinoshitalite,09,"Mica, Clay",monoclinic,0.5723392947561127,-0.10104034950996921,0.04499791755372801
2882,Kintoreite,08,Alunite-Crandallite,hexagonal,-0.22448763735001098,-0.19620710446076528,0.3136649691027319
2883,Kipushite,08,Philipsburgite,monoclinic,-0.23597737490642914,-0.2032617179904292,0.31554781885210126
2884,Kircherite,09,Cancrinite,hexagonal,-0.21601362456000472,-0.19098273526824655,-0.2583723606753359
2885,Kirchhoffite,09,,tetragonal,0.6304258972909074,-0.031230318284166565,0.01631021529206342
2886,Kirkiite,02,,monoclinic,0.648348316337422,-0.011659596782569207,-0.04026484868472533
2887,Kirschsteinite,09,Olivine,orthorhombic,-0.2887760474295429,0.3372543939220795,-0.029372147612477535
2888,Kiryuite,08,Viitaniemiite,monoclinic,-0.2560541815210481,-0.00041291616807810974,0.3416574864205232
2889,Kishonite,01,,cubic,0.6357786069263436,-0.027244873243738588,0.021264836283004004
2890,Kitagohaite,01,,cubic,0.6250508286927456,0.5179943273714345,-0.05657658978582441
2891,Kitkaite,02,Melonite,hexagonal,0.6235864614482705,0.016263953551537442,0.028992766914680897
2892,Kittatinnyite,09,,,-0.19598648211270628,-0.23059773711164896,0.04797431480867563
2893,Kladnoite,10,,monoclinic,0.6292347583005383,-0.06007942656671969,0.01708681090111014
2894,Klajite,08,Lindackerite,triclinic,-0.25173251893265214,-0.19545270126624908,0.3122540143204534
2895,Klaprothite,07,,monoclinic,-0.2230344193382109,-0.23619084444709457,-0.2724953785569983
2896,Klebelsbergite,07,Klebelsbergite,orthorhombic,-0.2047818238367224,-0.23498510722550098,-0.26751879311579474
2897,Kleberite,04,Tivanite,monoclinic,0.6232832879994954,-0.1608964112578013,0.06230164304813664
2898,Kleemanite,08,,monoclinic,-0.23762481057549473,-0.1948227924769143,0.3271905726931788
2899,Kleinite,07,,hexagonal,-0.22322601911115758,-0.19189907946597984,-0.2826883716416779
2900,Klöchite,09,Milarite,hexagonal,0.602410945294541,-0.021353749682580126,0.031812336178894014
2901,Klockmannite,02,Covellite,hexagonal,0.654185495179315,-0.03296699887877394,-0.01669356787008454
2902,Klyuchevskite,07,Klyuchevskite,monoclinic,-0.2125120303929709,-0.203749227086234,-0.26922555828675854
2903,Knasibfite,03,,orthorhombic,0.6374020946924507,0.08210485607023024,0.011172694916077483
2904,Knorringite,09,Garnet,cubic,-0.2147491184082024,0.04241560575368067,0.02922232766548888
2905,Koashvite,09,Lovozerite-Koashvite,orthorhombic,0.616029088854909,-0.05361793501545959,0.036564292715916075
2906,Kobeite-(Y),04,,,0.6257261926698712,-0.18257131664842818,0.048730380102205505
2907,Kobellite,02,Kobellite,orthorhombic,0.6598333324831449,-0.01791544750318167,-0.0048527691226751685
2908,Kobokoboite,08,,triclinic,-0.24400139183447522,-0.21872814995775602,0.32856151758134944
2909,Kobyashevite,07,Not in a structural group,triclinic,-0.2274540182627412,-0.2909052409535738,-0.2763394886889919
2910,Kochite,09,Seidozerite-Rinkite,triclinic,0.6081679151339787,-0.04891574511791742,0.05280922786157251
2911,Kochkarite,02,Tetradymite,hexagonal,0.6623025510938738,-0.008818758952656155,-0.002209705832026891
2912,Kochsándorite,05,Dundasite,orthorhombic,-0.17964455019718276,-0.280121461833129,-0.03775681846361524
2913,Kodamaite,09,Gyrolite,triclinic,0.582358660941421,-0.12994225319672725,0.044727180969350556
2914,Koechlinite,07,,orthorhombic,-0.17583156079671616,0.49502509090408786,-0.09032366937161852
2915,Koenenite,03,,hexagonal,0.5777275586132321,-0.1326740871468135,0.04357215933181728
2916,Kogarkoite,07,,"hexagonal, monoclinic",-0.2364649727516893,-0.07242072657220783,-0.2969902401827236
2917,Kojonenite,02,,tetragonal,0.6643709136932484,-0.02658012922908865,0.0010513973855288457
2918,Kokchetavite,09,Cymrite,hexagonal,0.6086907043304455,-0.05338628686280584,0.012567662205104118
2919,Kokinosite,04,Pascoite,triclinic,0.6125566115673444,-0.07153037617574518,0.029979572942510656
2920,Koksharovite,08,Howardevansite,triclinic,-0.341410322712751,0.3420711853352597,0.2976535472888575
2921,Koktaite,07,,,-0.26457275536228003,-0.16577401864752758,-0.291573398393364
2922,Kolarite,02,,orthorhombic,0.6574009186999128,0.04846889582793144,-0.034380212393297194
2923,Kolbeckite,08,Phosphosiderite,monoclinic,-0.3351252829496265,0.3308689600344037,0.29565053180018774
2924,Kolfanite,08,Arseniosiderite,monoclinic,-0.24118202377502457,-0.11576942219288078,0.3353942026155257
2925,Kolicite,09,,orthorhombic,-0.22052879467063363,-0.17275055860267274,0.21789828483747592
2926,Kolitschite,08,Alunite,monoclinic,-0.2264084111493197,-0.18254015690514513,0.3219319279500623
2927,Kollerite,04,Not in a structural group,orthorhombic,-0.22909577101395656,-0.22169852988110977,-0.2947142730061232
2928,Kolovratite,08,,,-0.22888856700302374,-0.16573434523127675,0.3245997636462569
2929,Kolskyite,09,Seidozerite-Murmanite,triclinic,0.6426881701541192,-0.0851057715257727,0.05387122007945636
2930,Kolwezite,05,Malachite,triclinic,-0.17547151664294092,-0.2598315066802405,-0.0387569820042935
2931,Kolymite,01,,cubic,0.6191129705489781,0.5105283581223333,-0.06675000598604794
2932,Komarovite,09,,orthorhombic,0.6026326928720775,-0.13211566809708775,0.05296619786337268
2933,Kombatite,08,,monoclinic,-0.2345982445613773,-0.08584591769946373,0.279198649992541
2934,Komkovite,09,,hexagonal,0.6370000894979979,-0.07111191025998777,0.03792083206353699
2935,Konderite,02,,hexagonal,0.6601789022289677,-0.038010032328826104,-0.00296385230010667
2936,Koninckite,08,,tetragonal,-0.3614012638671735,0.35902733627175454,0.32468961928152584
2937,Kononovite,07,Titanite,monoclinic,-0.24738470400767765,-0.05548143397091271,-0.2566215613615883
2938,Konyaite,07,Picromerite,monoclinic,-0.33984356073571753,0.23899609634866376,-0.31705268387094626
2939,Konzettite,07,Kassite-Kuranakhite,hexagonal,-0.24256066850472335,0.3377085286050082,-0.3631653793662635
2940,Kopernikite,04,Coronadite,tetragonal,0.6666941856844055,-0.0779615585638399,0.04756993977106409
2941,Kopylovite,09,Wadeite,hexagonal,0.634305636805634,-0.0606118900772232,0.03870809147328334
2942,Koragoite,07,,monoclinic,0.6650908252741906,-0.07836539872810754,0.046776598544015544
2943,Koritnigite,08,Krautite,triclinic,-0.22747896446217084,-0.19418579803814887,0.31302915204196474
2944,Kornelite,07,Not in a structural group,monoclinic,-0.3559974490018254,0.2837366714122757,-0.33727606678645716
2945,Kornerupine,09,Kornerupine,orthorhombic,0.5882321215039954,-0.034638064965066606,0.024853870583882304
2946,Korobitsynite,09,Labuntsovite,orthorhombic,0.6130998466368939,-0.15008504515807145,0.052179857537276525
2947,Korshunovskite,03,,triclinic,0.5824611764145791,-0.14984339670403457,0.047849945830949536
2948,Koryakite,07,Millosevichite,hexagonal,-0.32345330728603816,0.24857938006797303,-0.3100132817319027
2949,Korzhinskite,06,,,0.6142857084649862,-0.00974123129246905,0.004393955410765118
2950,Kosmochlor,09,Pyroxene,monoclinic,0.6260705552966256,-0.031275225263835714,0.021261779827001375
2951,Kosnarite,08,,hexagonal,-0.33046753663360107,0.33572141322030874,0.3451357450816509
2952,Kostovite,02,,,0.6558333745334879,-0.033739554598682636,-0.01021446251497949
2953,Kostylevite,09,,monoclinic,0.6341966409232578,-0.06937489512129419,0.03767737193979629
2954,Kotoite,06,Kotoite,orthorhombic,-0.25338753812129666,0.3640144253132942,-0.05291159831296
2955,Kottenheimite,09,Ettringite,hexagonal,-0.24353983443756505,-0.2918222880737832,-0.2609490864739673
2956,Köttigite,08,Vivianite,monoclinic,-0.37465150099187755,0.35436473862097395,0.3006855128695497
2957,Kotulskite,02,Nickeline,hexagonal,0.6614209997046936,-0.016988080401471456,-0.000473101811597116
2958,Koutekite,02,,orthorhombic,0.6741652607137015,0.09517110593964273,-0.020796467305159907
2959,Kovdorskite,08,Not in a structural group,monoclinic,-0.2425996516056646,-0.16007946684788,0.3333222515438371
2960,Kozłowskiite,09,Kristiansenite,triclinic,0.6054126769287926,-0.1048012934764452,0.03942935965087251
2961,Kozoite-(La),05,Ancylite,orthorhombic,-0.1663609303569351,-0.25776120167811967,-0.0374534685051061
2962,Kozoite-(Nd),05,Ancylite,orthorhombic,-0.16639735340545536,-0.2575591911526208,-0.03747899321171983
2963,Kozyrevskite,08,Kozyrevskite,orthorhombic,-0.23157434397028143,-0.12062406735528777,0.3011724292536169
2964,Kraisslite,09,Hematolite,"hexagonal, orthorhombic",-0.22758090625338948,-0.13122817422384941,0.3154430913283107
2965,Králíkite,03,,monoclinic,0.6330893751915421,0.09198261317239204,-0.00532721172251782
2966,Krasheninnikovite,07,Not in a structural group,hexagonal,-0.2447506100306304,-0.07000652206090385,-0.26889112678937777
2967,Krásnoite,09,Perhamite,hexagonal,0.5947933812533535,-0.19246885890234994,0.02229341309192376
2968,Krasnoshteinite,06,Not in a structural group,monoclinic,0.60358257842422,-0.19307107426054126,0.016559864097294368
2969,Krasnovite,05,,orthorhombic,-0.2277615008106485,-0.2213381590189605,0.1745013096109907
2970,Kratochvílite,10,,orthorhombic,0.6346019883586274,-0.026809861586071567,0.015104871306526596
2971,Krausite,07,,monoclinic,-0.3322036625666585,0.25520626900341625,-0.313874887678826
2972,Krauskopfite,09,,monoclinic,0.6205663690993564,-0.03793137203928908,0.008391960253350702
2973,Krautite,08,Krautite,monoclinic,-0.22664749861053396,-0.19318601977735145,0.31519926666084097
2974,Kravtsovite,02,Not in a structural group,orthorhombic,0.6653856255712661,-0.02167814904306245,0.005774081652844749
2975,Kreiterite,09,Mica,monoclinic,0.6126513760651744,-0.030838531547666487,0.03338706078581203
2976,Kremersite,03,,orthorhombic,0.6187884007872068,-0.045285875251139446,0.020377553336895036
2977,Krennerite,02,,orthorhombic,0.6629732751752566,-0.02577793534642325,0.0028497779028477666
2978,Krettnichite,08,Natrochalcite,monoclinic,-0.2239821997759969,-0.16353707481313529,0.3210808266996331
2979,Kribergite,08,,,-0.24733119883832713,-0.22720111419574673,0.17960707715066537
2980,Krieselite,03,Topaz,orthorhombic,0.6290153506892002,-0.03612241736834187,-0.003913370882081824
2981,Krinovite,09,Sapphirine,triclinic,0.5781897855501332,-0.004259760112845442,0.05063348899780117
2982,Kristekite,04,,monoclinic,-0.22409852560317026,-0.2996835191563209,-0.3405473694487595
2983,Kristiansenite,09,Kristiansenite,triclinic,0.6014604783683959,-0.10652260503845522,0.03236548119973317
2984,Kristjánite,07,Not in a structural group,monoclinic,-0.32680323125623384,0.204388562671052,-0.3186806698899329
2985,Krivovichevite,07,,hexagonal,-0.2102095794900062,-0.2676105333725724,-0.26900360027063785
2986,Kröhnkite,07,Roselite,monoclinic,-0.33296860055131006,0.23702904215479423,-0.3519185908443977
2987,Krotite,04,Beryllonite,monoclinic,0.5974656696123519,-0.07064563324667954,0.010627578900577889
2988,Kroupaite,04,Schoepite,orthorhombic,0.6289710317473131,-0.2547661119104857,0.027555310499600274
2989,Krügerite,09,Arctite,hexagonal,-0.1728785088435557,-0.11175795140310141,0.012853979314505767
2990,Kruijenite,07,Not in a structural group,tetragonal,-0.2259127046867444,-0.2769935565946216,-0.2505817068287674
2991,Krupičkaite,08,Lindackerite,monoclinic,-0.23902955933684727,-0.22595823665344728,0.2983165772817212
2992,Krupkaite,02,Meneghinite,orthorhombic,0.6636536379656566,-0.02235569820059692,-0.00751685698294279
2993,Krut'aite,02,Pyrite,cubic,0.6494540279212291,-0.04317677094008532,-0.03951882587379707
2994,Krutovite,02,Pyrite,cubic,0.6452124139887468,0.14241143713619675,0.025517492369082063
2995,Kryachkoite,01,,orthorhombic,0.5932289476325667,0.48927708436921735,-0.06333273808345473
2996,Kryzaite,08,,hexagonal,-0.26611490337093807,0.008223709962063659,0.35248826072154493
2997,Kryzhanovskite,08,Reddingite,orthorhombic,-0.22917839079957186,-0.17872633944688265,0.33530476292511346
2998,Ktenasite,07,"Ktenasite, Devilline",monoclinic,-0.2312107859095324,-0.29363596862121166,-0.26873878005092144
2999,Kuannersuite-(Ce),08,Apatite,hexagonal,-0.2597908630332728,0.002719869896668843,0.34632197530783526
3000,Kudriavite,02,,monoclinic,0.6410471578623619,-0.005817544755976813,0.004683533370888124
3001,Kudryavtsevaite,04,Not in a structural group,orthorhombic,0.6158265314944972,-0.08413749833083142,0.06548967126708337
3002,Kufahrite,01,Nickeline,hexagonal,0.6208064904883613,0.5168529152545198,-0.074016399952295
3003,Kukharenkoite-(Ce),05,,monoclinic,-0.19828583913394796,-0.05437427692158504,-0.053150345555040446
3004,Kukharenkoite-(La),05,,monoclinic,-0.1941352767784934,-0.05072972748088723,-0.060325880479748635
3005,Kukisvumite,09,,orthorhombic,-0.14956914017985007,-0.19264445481439568,0.007879636401770702
3006,Kuksite,08,Dugganite,hexagonal,-0.3334815481271476,0.341639793173951,0.06599057471546796
3007,Kulanite,08,Bjarebyite,monoclinic,-0.2296803910821286,-0.17248586715738212,0.3252548206390401
3008,Kuliginite,03,Not in a structural group,hexagonal,0.5787434810489469,-0.1415459118572508,0.03735897697801706
3009,Kuliokite-(Y),09,,"triclinic, monoclinic",-0.18081423546014924,-0.11031871518771477,0.02251600790937152
3010,Kulkeite,09,"Corrensite, Clay",monoclinic,0.5752338333386139,-0.1281735284400222,0.04016943020850057
3011,Kullerudite,02,Marcasite,orthorhombic,0.6238224588941186,0.017549675891080085,0.029079703853513925
3012,Kumdykolite,09,,orthorhombic,0.6063322900767897,-0.052917292076668086,0.016987736708256877
3013,Kummerite,08,Laueite,triclinic,-0.24831016035145026,-0.19986019020193765,0.3389615086371765
3014,Kumtyubeite,09,Humite,monoclinic,-0.19886479070474675,0.0018716324488038984,0.0009888927477141219
3015,Kunatite,08,Arthurite,monoclinic,-0.24413398210232085,-0.195079765262188,0.33016139020071467
3016,Kupčíkite,02,,monoclinic,0.6489961506168915,-0.025351956778751884,-0.003900519630175247
3017,Kupletskite,09,Astrophyllite-Kupletskite,"triclinic, monoclinic",0.596815227977269,-0.0990537171354258,0.060757427045263476
3018,Kupletskite-(Cs),09,Astrophyllite-Kupletskite,triclinic,0.5969868993180262,-0.09969767304933738,0.06068222197905611
3019,Kuramite,02,"Stannite, Diamond-Sphalerite",tetragonal,0.6726962710118726,-0.060490997337125776,-0.007527853839032213
3020,Kuranakhite,07,Kassite-Kuranakhite,orthorhombic,-0.236361036186007,0.3427293331689564,-0.40744915742204135
3021,Kuratite,09,Sapphirine,triclinic,0.5940338362536488,-0.05257544346019749,0.03321691991985016
3022,Kurchatovite,06,,orthorhombic,0.5901373379853251,0.010728241255877248,0.03227234372531025
3023,Kurgantaite,06,Hilgardite,triclinic,0.6170944735957961,-0.006868982599939663,0.0038311318276884176
3024,Kurilite,02,Not in a structural group,hexagonal,0.6627122262320188,-0.02144647574339462,0.0072618169031784755
3025,Kurnakovite,06,,triclinic,0.5997890861506109,-0.1691188063409937,0.03294770888333921
3026,Kurumsakite,09,,,0.6221019077107197,-0.08009719348111846,0.015862304862024373
3027,Kusachiite,04,Minium,tetragonal,0.6451149300284503,-0.05982710008546635,0.0033704687387224874
3028,Kushiroite,09,Pyroxene,monoclinic,0.5997089635546069,-0.05911831393383468,0.010040893024860413
3029,Kutinaite,02,,cubic,0.6765341726271401,0.09591745350579128,-0.01563737056420672
3030,Kutnohorite,05,Calcite-Dolomite,hexagonal,-0.28699366678477567,0.2970903682527296,-0.09279193806037415
3031,Kuvaevite,02,Kuvaevite,hexagonal,0.6308787209011404,0.004087675767760913,0.028524494912509038
3032,Kuzelite,07,Hydrotalcite,hexagonal,-0.23431566648703908,-0.29593660985785464,-0.254172362022384
3033,Kuzmenkoite-Mn,09,Labuntsovite,monoclinic,0.60842417062907,-0.16507368883795706,0.05182719157698373
3034,Kuzmenkoite-Zn,09,Labuntsovite,monoclinic,0.6088947783144297,-0.16434226492963672,0.04972251434122037
3035,Kuzminite,03,,tetragonal,0.6949536713379536,0.07086488223814369,-0.013294498694704093
3036,Kuznetsovite,08,,cubic,-0.2560534572672972,-0.0010030436830143312,0.33831453601044614
3037,Kvačekite,02,Ullmannite,cubic,0.6411818013896698,-0.004295734119051282,0.033611192829179064
3038,Kvanefjeldite,09,,orthorhombic,0.590918225219364,-0.11661693075423053,0.044928821365588824
3039,Kyanite,09,Not in a structural group,triclinic,-0.1561592319915588,-0.13674004422089117,0.005842205405362538
3040,Kyanoxalite,09,"Cancrinite, Cancrinite-sodalite, Oxalate",hexagonal,0.6105911389451352,-0.08917345069616434,0.014480572666492652
3041,Kyawthuite,04,Clinocervantite,monoclinic,0.6744753744997815,-0.07759523779484981,0.03122687826363364
3042,Kyrgyzstanite,07,Chalcoalumite,monoclinic,-0.22294982830549168,-0.2880773067288085,-0.2544000776532031
3043,Kyzylkumite,04,,monoclinic,-0.17960094316345443,-0.16530680145789245,0.3748269906029464
3044,Laachite,04,Zirconolite,monoclinic,0.6240000555297498,-0.07997330807301684,0.0576059876603381
3045,Labuntsovite-Fe,09,Labuntsovite,monoclinic,0.6031642127472624,-0.1668656486637086,0.053322610655375455
3046,Labuntsovite-Mg,09,Labuntsovite,monoclinic,0.6019268833217898,-0.1620528564932091,0.0560370968005074
3047,Labuntsovite-Mn,09,Labuntsovite,monoclinic,0.6042889208165767,-0.16209213047553106,0.056064323129202925
3048,Labyrinthite,09,Eudialyte,hexagonal,0.5913543709330581,-0.09899487681518816,0.04608369906099695
3049,Lacroixite,08,Titanite,monoclinic,-0.2521034707262594,-0.005001763510297788,0.3310152443386629
3050,Laffittite,02,Rocksalt,monoclinic,0.6796363021133629,-0.02099832682224354,0.0029613750810593246
3051,Laflammeite,02,,monoclinic,0.6585800428821325,-0.027918974033477206,-0.0151026706112675
3052,Laforêtite,02,Chalcopyrite,tetragonal,0.6648582953104435,-0.040019974968684285,0.017089526108953625
3053,Lafossaite,03,,cubic,0.6986062313400256,0.06994517348941912,-0.026066968026020806
3054,Lagalyite,04,,monoclinic,0.5840300980260734,-0.15658937791179986,0.04551439822453529
3055,Lahnsteinite,07,Ktenasite,triclinic,-0.2322137086895547,-0.27306474679594794,-0.24497390674162006
3056,Laihunite,09,,monoclinic,-0.29103534738448755,0.3674421342413254,-0.0222935452874014
3057,Laitakarite,02,Tetradymite,hexagonal,0.658962223315078,-0.012544475514572002,-0.00044853717597382117
3058,Lakargiite,04,Perovskite,orthorhombic,0.6260529686755896,-0.07201830923030826,0.03881000540684414
3059,Lakebogaite,08,,monoclinic,-0.2553208430393887,-0.23337815462321354,0.3588646110233159
3060,Lalondeite,09,Gyrolite,triclinic,0.5924510173782704,-0.08354282512331983,0.03307191384574713
3061,Lammerite,08,,monoclinic,-0.34553186349866694,0.3480654590887386,0.2634346657053585
3062,Lamprophyllite,09,Seidozerite-Lamprophyllite,"monoclinic, orthorhombic",0.6108683037669292,-0.12011073943852078,0.05933207606577774
3063,Lanarkite,07,,monoclinic,-0.21638643567978727,-0.18443100013781474,-0.3323081636389637
3064,Landauite,03,Crichtonite,hexagonal,0.6362420786071592,-0.08640303754730366,0.05957032912986369
3065,Landesite,08,Reddingite,orthorhombic,-0.25180306287862814,-0.15007973507576325,0.355799503241754
3066,Långbanite,09,,"hexagonal, monoclinic",-0.17252137802765324,-0.10382481017662933,0.04675873274238985
3067,Långbanshyttanite,08,Not in a structural group,triclinic,-0.23849836650313344,-0.1935854414178024,0.3267346305479112
3068,Langbeinite,07,Langbeinite,cubic,-0.3238461640333644,0.26538672548910314,-0.30617432600600664
3069,Langhofite,07,Not in a structural group,triclinic,-0.16958043862710911,-0.17920157189241817,-0.03132559631802731
3070,Langisite,02,Nickeline,orthorhombic,0.6441502290670977,0.14287949210589085,0.026323577858287685
3071,Langite,07,Not in a structural group,monoclinic,-0.22324851644399424,-0.2880031539696027,-0.2713678943062202
3072,Lanmuchangite,07,Alum,cubic,-0.3314820068219908,0.24616845382588806,-0.3761986836503312
3073,Lannonite,07,,tetragonal,-0.2711106583906612,-0.11843581017991607,-0.28946530254452907
3074,Lansfordite,05,,monoclinic,-0.29167370917486096,0.3119709047550175,-0.08225672018054879
3075,Lanthanite-(Ce),05,Lanthanite,orthorhombic,-0.3037472625680289,0.3031876005608772,-0.10824408251897227
3076,Lanthanite-(La),05,Lanthanite,orthorhombic,-0.28452720218719885,0.2850580960620511,-0.11822253497254877
3077,Lanthanite-(Nd),05,Lanthanite,orthorhombic,-0.2845172120221102,0.285275149413731,-0.11819344628800924
3078,Lapeyreite,08,,monoclinic,-0.22594349241953948,-0.20097140766668617,0.29079984205367804
3079,Laphamite,02,Orpiment,monoclinic,0.7896035594902625,0.02775667176405158,-0.0245319899598784
3080,Lapieite,02,Lapieite,orthorhombic,0.6531689220910598,-0.019360204593095558,0.022440521128668137
3081,Laplandite-(Ce),09,,orthorhombic,0.6294659723818492,-0.07993548094559604,0.04091526040791711
3082,Laptevite-(Ce),09,,hexagonal,-0.14689194046500423,-0.012108889192178982,0.011864524985320393
3083,Larderellite,06,Larderellite,monoclinic,0.6187188673441799,-0.14164021348889858,0.022266961667205955
3084,Larisaite,04,Guilleminite,monoclinic,-0.22020862316056988,-0.3456752623639289,-0.281063659167789
3085,Larnite,09,Not in a structural group,monoclinic,-0.27686665903242075,0.348886201058895,-0.04185775496544714
3086,Larosite,02,,orthorhombic,0.6861386900744264,-0.05646142518424206,-0.008027947560011673
3087,Larsenite,09,,orthorhombic,-0.28685178230346553,0.36430285890801267,-0.06478294524515389
3088,Lasalite,04,Pascoite,monoclinic,0.6141498864439531,-0.1761277896661379,0.05503485835100565
3089,Lasmanisite,02,Lillianite,orthorhombic,0.6623075285895459,-0.019503904298118938,0.01124066173535453
3090,Lasnierite,08,Not in a structural group,orthorhombic,-0.33247490158241666,0.33379000805257575,0.2973436591204953
3091,Latiumite,09,Latiumite,monoclinic,-0.2167527190230384,-0.18705633798108953,-0.18670693739275215
3092,Latrappite,04,Perovskite,orthorhombic,0.6079009576784724,-0.07088999036517127,0.036070592788591184
3093,Laueite,08,Laueite,triclinic,-0.2518628652059631,-0.19095557908745286,0.34461851722655107
3094,Laumontite,09,Not in a structural group,monoclinic,0.6043834984497323,-0.07101415290450795,0.0042444961948231216
3095,Launayite,02,Madocite,monoclinic,0.6632247915265522,0.002833001603716653,-0.017496987142534573
3096,Lauraniite,07,Not in a structural group,monoclinic,-0.22883946057138094,-0.2953330205360619,-0.2634251761973728
3097,Laurelite,03,,hexagonal,0.6543137995947914,0.0948400776385312,-0.06710135729687972
3098,Laurentianite,09,Not in a structural group,hexagonal,0.6554850471243858,-0.11371360968218257,0.028975157681491455
3099,Laurentthomasite,09,Milarite,hexagonal,0.5876649085468056,-0.022413679289939217,0.0388152612696138
3100,Laurionite,03,,orthorhombic,0.6081774194987681,-0.10785987619496179,-0.017852531166894673
3101,Laurite,02,Pyrite,cubic,0.6649466042017582,-0.03493676571471314,-0.014416179351851471
3102,Lausenite,07,Not in a structural group,monoclinic,-0.3488013491956359,0.29714606564813,-0.33263422743122595
3103,Lautarite,03,,monoclinic,0.6096200080164507,-0.017099649444354784,0.008365868095589053
3104,Lautenthalite,07,Devilline,monoclinic,-0.22566646284824982,-0.2894345149479307,-0.2766365709740198
3105,Lautite,02,,orthorhombic,0.6638183455823102,0.021268634017993518,-0.017442778727185013
3106,Lavendulan,08,,monoclinic,-0.27238276037042053,-0.024780274730405918,0.316615458265774
3107,Låvenite,09,Wöhlerite,monoclinic,0.6117013114564436,-0.05405727315859166,0.05607129387730959
3108,Laverovite,09,Astrophyllite,triclinic,0.5963611994494916,-0.09964988269748118,0.05994278761666597
3109,Lavinskyite,09,Plancheite,orthorhombic,0.6069608645723551,-0.13702436234786264,0.005408952688878721
3110,Lavoisierite,09,Ardennite,orthorhombic,0.5871608641585611,-0.1335611782143581,0.038431209866767485
3111,Lavrentievite,02,,"monoclinic, triclinic",0.6627493719454862,0.02284146099897403,-0.008273765540157981
3112,Lawrencite,03,Scacchite,hexagonal,0.6207226621072048,0.11694043289487294,-0.005829941662765104
3113,Lawsonbauerite,07,,monoclinic,-0.22951214428526467,-0.2736545323892056,-0.24377928563154386
3114,Lawsonite,09,Lawsonite,"orthorhombic, monoclinic",0.5853807145027021,-0.16075303160255852,0.025459134853547546
3115,Lazaraskeite,10,Glycolate,monoclinic,0.6116376919789257,-0.13848011374768798,0.013631672476049975
3116,Lazarenkoite,04,,orthorhombic,0.5942635529378298,-0.034970509970069036,0.03635570124803787
3117,Lazaridisite,07,Not in a structural group,monoclinic,-0.25116361277468935,-0.18645251828152953,-0.2809446305087037
3118,Lazerckerite,02,Lillianite,monoclinic,0.6696519610480096,-0.022843171796382233,-0.0005110401683675637
3119,Lazulite,08,Lazulite,monoclinic,-0.2267354447728668,-0.17560994424993526,0.3230715516001819
3120,Lazurite,09,"Cancrinite-sodalite, Sodalite","cubic, triclinic, orthorhombic",-0.21792665172958514,-0.19582952195705036,-0.2625805312121955
3121,Lead,01,Copper,cubic,0.6184581710299573,0.5203574637138759,-0.08308567121685582
3122,Leadamalgam,01,,tetragonal,0.6173863027376238,0.5172811325038067,-0.0775358872471179
3123,Leadhillite,05,,monoclinic,-0.20353310449288498,-0.25562821195386637,-0.17975419027133616
3124,Lebedevite,08,Arsmirandite,tetragonal,-0.23181610660664337,-0.09269806646430563,0.309994438727633
3125,Lechatelierite,09,Amorphous,,-0.2330543147813885,0.4406900141751806,-0.1166003326360519
3126,Lechnerite,02,Not in a structural group,triclinic,0.6647220120105525,-0.026017163412909237,-0.011150316432765485
3127,Lecontite,07,,orthorhombic,-0.2643887261770175,-0.17041959809556623,-0.2838898258003103
3128,Lecoqite-(Y),05,Not in a structural group,hexagonal,-0.28356632849832586,0.27738612460368195,-0.09364292958085331
3129,Lednevite,08,Not in a structural group,monoclinic,-0.22033867645335997,-0.2165067041158842,0.2907392770292271
3130,Leesite,04,Schoepite,orthorhombic,0.6272491364440431,-0.2521221381145858,0.035370612664759965
3131,Lefontite,08,Childrenite,orthorhombic,-0.22917136352576967,-0.18700739928109278,0.32433208786950857
3132,Legrandite,08,,monoclinic,-0.23847172129233019,-0.15392056790960557,0.3344343629823856
3133,Leguernite,07,,monoclinic,-0.20749391982996182,-0.1649246801007078,-0.294173986391558
3134,Lehmannite,08,Arsmirandite,monoclinic,-0.23075204127921226,-0.0944587975689517,0.3157879507017076
3135,Lehnerite,08,,monoclinic,-0.256484520502336,-0.20334779563503988,0.3706350409388416
3136,Leifite,09,Leifite,hexagonal,0.5939615051789041,-0.09141903721810002,0.03649453805854337
3137,Leightonite,07,,monoclinic,-0.3357880513055,0.2408744661872549,-0.3395498436924061
3138,Leishmanite,04,,orthorhombic,0.634309888972983,-0.2574271770774176,0.03547350832207652
3139,Leisingite,07,,hexagonal,-0.26103460034227544,0.29997484869213337,-0.407523347527173
3140,Leiteite,04,,monoclinic,0.6223206960932504,0.018373514151484877,0.021927361855434004
3141,Lemanskiite,08,,"tetragonal, monoclinic",-0.2696469341881501,-0.021944174079633158,0.3136355554132157
3142,Lemmleinite-Ba,09,Labuntsovite,monoclinic,0.6159503761821765,-0.1696557449297318,0.05920244042816664
3143,Lemmleinite-K,09,Labuntsovite,monoclinic,0.6183375591481723,-0.16524162893295144,0.05481405723447265
3144,Lemoynite,09,Lemoynite,monoclinic,0.6362743765478124,-0.07491537089530524,0.05546936594500881
3145,Lenaite,02,Chalcopyrite,tetragonal,0.646750261411408,-0.023078582408855672,0.035849482996717724
3146,Lengenbachite,02,Cylindrite,triclinic,0.6582877723923575,-0.01715170417223969,-0.04693539675943251
3147,Leningradite,08,,orthorhombic,-0.2590982846607971,0.001522579194464007,0.27862559281531357
3148,Lennilenapeite,09,"Stilpnomelane, Clay",,0.5899525223808615,-0.12900664085319782,0.04556776790982826
3149,Lenoblite,04,,,0.7784929053804117,-0.03185404537661929,-0.022011895906462985
3150,Leogangite,08,,monoclinic,-0.26194259655762386,-0.24220231011369095,0.19761371198606154
3151,Leonardsenite,03,Weberite,orthorhombic,0.6086405176554127,0.0963957050301005,0.012812452035265808
3152,Leonite,07,,monoclinic,-0.3323264354673333,0.25231559802422715,-0.31763970812074843
3153,Leószilárdite,05,Not in a structural group,monoclinic,-0.17900451483304047,-0.24425183052260516,-0.02994755840689365
3154,Lepageite,04,Not in a structural group,triclinic,0.616127961373683,-0.022813147890119366,0.038464308082714865
3155,Lepersonnite-(Gd),09,Lepersonnite,orthorhombic,-0.1928160554439047,-0.3410667372116508,-0.03121749895715998
3156,Lepersonnite-(Nd),09,"Lepersonnite, Kuvaevite",orthorhombic,-0.19216775184905183,-0.34075049737365526,-0.03134677980146133
3157,Lepidocrocite,04,Lepidocrocite,orthorhombic,0.5850095550059793,-0.14782427228279788,0.04715870408229562
3158,Lepkhenelmite-Zn,09,Labuntsovite,monoclinic,0.6381417073003386,-0.15990385661910453,0.05692823156141433
3159,Lermontovite,08,,orthorhombic,-0.23091738622495447,-0.21009297264189858,0.35333704926083115
3160,Letnikovite-(Ce),09,Not in a structural group,monoclinic,0.610117701819649,-0.08677496595604431,0.04980010186024747
3161,Letovicite,07,,monoclinic,-0.25403933518915944,-0.15505461027073522,-0.29661321324504575
3162,Leucite,09,Analcime,"tetragonal, cubic",0.6088589659175094,-0.05612298091910965,0.013072916026649128
3163,Leucophanite,09,,"orthorhombic, triclinic",0.5991571927536153,-0.02502681181360273,0.028900364445845178
3164,Leucophoenicite,09,Humite,monoclinic,-0.18529515106744543,-0.15213924421996747,0.03951132221534418
3165,Leucophosphite,08,Leucophosphite,monoclinic,-0.23691917000842233,-0.1601910817894179,0.34805705049490565
3166,Leucosphenite,09,,monoclinic,0.6220017711531667,-0.05596233207282181,0.04682528944889924
3167,Leucostaurite,06,Hilgardite,orthorhombic,0.6477569596497179,-0.014689147657019837,-0.06007016587749626
3168,Levantite,09,Latiumite,monoclinic,-0.21733741491715675,-0.12061791013331195,0.2060093678165394
3169,Leverettite,03,Atacamite,hexagonal,0.5997843147059101,-0.15714547741918444,0.016818253265563368
3170,Levinsonite-(Y),10,Oxalate,monoclinic,-0.2350303367596003,-0.20329237611886414,-0.2987768919447411
3171,Lévyclaudite,02,Cylindrite,monoclinic,0.663850033577127,-0.0401697949890288,-0.009006501143791671
3172,Lévyne-Ca,09,Lévyne,hexagonal,0.6159521144454919,-0.08400660912768887,0.002831773954043996
3173,Lévyne-Na,09,Lévyne,hexagonal,0.620232810710897,-0.0932369772523895,0.01313790093313467
3174,Leybovite-K,08,Alluaudite,monoclinic,-0.3340276384184954,0.30999787292846004,0.29391422635357367
3175,Leydetite,07,Leydetite,monoclinic,-0.2511449079800625,-0.28190673131921506,-0.278957395958863
3176,Lianbinite,10,Glycolate,monoclinic,0.6196599789147024,-0.12273903374447959,0.022398926673997375
3177,Liandratite,04,,hexagonal,0.6893941490446657,-0.1426488826495108,0.025145235705252653
3178,Liangjunite,07,Bouškaite,triclinic,-0.22307987485151876,-0.1832456788296481,-0.2842286499218864
3179,Libbyite,07,Not in a structural group,tetragonal,-0.24241567283658458,-0.3258115380746954,-0.2638782715557891
3180,Liberite,09,,monoclinic,-0.2774128171548138,0.3300741152374528,-0.02252243618795095
3181,Libethenite,08,Andalusite,orthorhombic,-0.2322540058994257,-0.1776605756811664,0.3111902974055048
3182,Liddicoatite,09,Tourmaline,hexagonal,-0.14891391909916007,-0.20790739153348523,-0.008109985267925253
3183,Liebauite,09,,monoclinic,0.6129286830931959,-0.059488013742492116,-0.014369631619635389
3184,Liebenbergite,09,Olivine,orthorhombic,-0.29648336763653776,0.3851202506274453,-0.03370191450786622
3185,Liebermannite,09,Coronadite,tetragonal,0.6091715852098076,-0.05160962039443079,0.012761026845720719
3186,Liebigite,05,,orthorhombic,-0.1997914568902589,-0.2734823451474933,-0.0480880588798603
3187,Liguowuite,07,Perovskite,monoclinic,-0.31059689904335924,0.45046295590163193,-0.13956346126186586
3188,Likasite,04,,orthorhombic,0.6081938496575261,-0.1901940037901672,0.010541375846615264
3189,Lileyite,09,Seidozerite-Lamprophyllite,monoclinic,0.6010973642590206,-0.050344337957821596,0.058788126478134
3190,Lillianite,02,Lillianite,orthorhombic,0.6549239201724718,-0.02525100129154295,-0.027469508122901408
3191,Lime,04,Rocksalt,cubic,0.6085405454558614,-0.044559409976808004,0.008703016152036617
3192,Limousinite,08,,monoclinic,0.6198833123393128,-0.05395298192714182,0.011337020263963538
3193,Linarite,07,Linarite,monoclinic,-0.21352390509912428,-0.2649422980887811,-0.2775528040029589
3194,Lindackerite,08,Lindackerite,triclinic,-0.2527447339433974,-0.19936671525637079,0.3169037074413166
3195,Lindbergite,10,"Humboldtine, Oxalate",monoclinic,0.6227530833522243,0.0001522301058059139,0.01803555730379932
3196,Lindgrenite,07,,monoclinic,-0.17300133948878532,-0.1769538767674342,-0.024981504097072796
3197,Lindqvistite,04,Lindqvistite,hexagonal,0.6095868502633736,-0.03943856500247083,0.0290768227274511
3198,Lindsleyite,04,Crichtonite,hexagonal,0.6246113263495163,-0.025771732187988304,0.06200710916029554
3199,Lindströmite,02,Meneghinite,orthorhombic,0.6623592995986928,-0.025356558003895573,-0.011042156903824202
3200,Línekite,05,,orthorhombic,-0.19111652555860492,-0.23878506807645,-0.03793192603976679
3201,Lingbaoite,02,,hexagonal,0.6626618535662384,-0.021446002939384968,0.0072608131966560695
3202,Lingunite,09,Coronadite,tetragonal,0.607356072206053,-0.05239771564274365,0.016306693661579084
3203,Linnaeite,02,Spinel,cubic,0.6334231733748659,0.01817010732150588,0.03940111193608367
3204,Lintisite,09,,monoclinic,-0.14014132788633918,-0.18035246340305436,0.004720586855771465
3205,Linzhiite,01,,tetragonal,0.6289721739238646,0.12163369838631563,0.012281809346235704
3206,Liottite,09,Cancrinite-sodalite,hexagonal,-0.2151459263811994,-0.18402269424206835,-0.25780017995090365
3207,Lipscombite,08,Lipscombite,"tetragonal, unknown",-0.23337522692521906,-0.16040634380355642,0.3345595530308103
3208,Lipuite,09,Not in a structural group,orthorhombic,-0.23948348394596392,-0.1639045847200069,0.3582747788257594
3209,Liraite,08,Wicksite,orthorhombic,-0.3527023066531321,0.32823804567338494,0.31329967174856277
3210,Liroconite,08,Liroconite,monoclinic,-0.23870792833303373,-0.22219686426062826,0.3146587792120626
3211,Lisanite,08,Anastasenkoite,triclinic,0.597436578257579,-0.018586329356858434,0.03372038343429877
3212,Lisetite,09,,orthorhombic,-0.27532179379272237,0.316980614803464,-0.02554351861669348
3213,Lishiite,05,Burbankite,hexagonal,-0.27930729584291036,0.2959306577753042,-0.11247760393855333
3214,Lishizhenite,07,Römerite,triclinic,-0.3630103990922524,0.27157307287589366,-0.3432744318563897
3215,Lisiguangite,02,Lapieite,orthorhombic,0.6693936722517124,-0.033766715493943014,0.0005255957970514216
3216,Lisitsynite,09,,orthorhombic,0.6280831762390681,-0.031460430073304096,0.0151596483032768
3217,Liskeardite,08,,monoclinic,-0.268622277553331,-0.23562421409877754,0.3680379318493532
3218,Lislkirchnerite,03,Not in a structural group,monoclinic,0.6026339476525544,-0.1682700744030977,-0.007764634758184107
3219,Litharge,04,Litharge,"orthorhombic, tetragonal",0.637484901151236,-0.06431673197596394,-0.05234082492789459
3220,Lithiomarsturite,09,Rhodonite,triclinic,0.5886266327689363,-0.07039310226461079,0.050392747598160786
3221,Lithiophilite,08,Olivine,orthorhombic,-0.33733945200950877,0.33995061595509757,0.30958486328923374
3222,Lithiophorite,04,,hexagonal,0.589989613542791,-0.15919553594978755,0.05007853514141594
3223,Lithiophosphate,08,,orthorhombic,-0.32819170649289553,0.33695698898657783,0.3054700389866525
3224,Lithiotantite,04,Columbite,monoclinic,0.6700195209367463,-0.10503949305772708,0.035093231385389605
3225,Lithiowodginite,04,,monoclinic,0.6694064084679473,-0.1052266521078546,0.0342022423997488
3226,Lithosite,09,,monoclinic,0.5974756648892947,-0.10308801098263075,0.02694860044712875
3227,Litidionite,09,Litidionite,triclinic,0.6175181842261357,-0.060071999667350176,0.007970556665742666
3228,Litochlebite,02,Watkinsonite,monoclinic,0.6704496235564125,-0.01933088689920111,0.007555511402868611
3229,Litvinskite,09,Lovozerite-Zirsinalite–Lovozerite,monoclinic,0.6005975958487598,-0.15582713538104598,0.04990346662153765
3230,Liudongshengite,05,Hydrotalcite,hexagonal,-0.18713914065846493,-0.2738652847915808,-0.030449974561743372
3231,Liuite,04,Perovskite,orthorhombic,0.6219462774664138,-0.0665523787497775,0.04723489848424828
3232,Liveingite,02,Sartorite,monoclinic,0.6524483180364701,0.003064606125371995,-0.05337818712006137
3233,Liversidgeite,08,Not in a structural group,triclinic,-0.3780411845801243,0.35706905899059194,0.31593470841686727
3234,Livingstonite,02,,monoclinic,0.6737304529975023,-0.017739470425158183,0.014698381861322999
3235,Lizardite,09,"Serpentine, Clay","hexagonal, triclinic",0.5727623898024132,-0.13268838182008436,0.04799206324410636
3236,Llantenesite,07,Spangolite,hexagonal,-0.2223571312860163,-0.2854896922258926,-0.25602115474424514
3237,Lobanovite,09,Astrophyllite-Devitoite,monoclinic,0.5821494534236156,-0.1159404905781681,0.061499318879804074
3238,Lokkaite-(Y),05,Tengerite,orthorhombic,-0.28973882554599617,0.27288409232254485,-0.1133657123384331
3239,Löllingite,02,Marcasite,orthorhombic,0.6420361866901053,0.13459515190695787,0.033345321489986646
3240,Lombardoite,08,Brackebuschite,monoclinic,-0.22765571806429397,-0.14888899419965448,0.33726934129630376
3241,Lomonosovite,09,Seidozerite-Murmanite,triclinic,-0.22087881314680985,-0.11934516875182757,0.35638595791712063
3242,Londonite,06,Rhodizite,cubic,0.6028104535778099,-0.038445832664316164,0.011475783372863011
3243,Lonecreekite,07,Alum,cubic,-0.2782430082136893,-0.1857253120113403,-0.2915533554763457
3244,Longshoushanite-(Ce),09,Chevkinite,monoclinic,0.6256363878213003,-0.06477870554927342,0.04804902451575781
3245,Lonsdaleite,01,,hexagonal,0.796579053437211,0.13169214138179525,-0.04011616221605322
3246,Loomisite,08,Tridymite-Nepheline,monoclinic,0.6184531689979564,-0.0367925983443714,0.015831569780326675
3247,Loparite,04,Perovskite,"tetragonal, hexagonal, orthorhombic",0.6416241151709903,-0.08305654404140711,0.05978415637358146
3248,Lopatkaite,02,Boulangerite,monoclinic,0.6538347273116006,-0.017923372519963565,-0.03083310644554004
3249,Lópezite,07,,triclinic,0.6256850368449882,-0.04201572416945669,0.016705150258614097
3250,Lorándite,02,,monoclinic,0.6969962007926924,-0.020976697598753494,-0.007742796845421026
3251,Loranskite-(Y),04,,,0.6472039889775941,-0.08900976194977647,0.05135171659274353
3252,Lorenzenite,09,,orthorhombic,0.6368779858007553,-0.07063903971969832,0.049180187816162485
3253,Loseyite,05,,monoclinic,-0.1752724268148232,-0.24886968116712224,-0.024113107417232056
3254,Lotharmeyerite,08,Natrochalcite,monoclinic,-0.35562620154242564,0.3328194491082768,0.29705123019068597
3255,Loudounite,09,,,0.6045989870426707,-0.18252743932623747,0.04551317671367591
3256,Loughlinite,09,Clay,,0.58536028353327,-0.040388258123034426,0.04665218381653966
3257,Louisfuchsite,09,Sapphirine,triclinic,0.5906770202018875,-0.055510898459998265,0.0385293791461761
3258,Lourenswalsite,09,,hexagonal,0.5975311553658645,-0.16047354946357628,0.04409888531501134
3259,Lovdarite,09,,orthorhombic,0.6124097018406285,-0.07313671429605627,0.02693280418539952
3260,Loveringite,04,Crichtonite,hexagonal,0.6206204423836206,-0.034189987980833,0.04922981776154545
3261,Lovozerite,09,Lovozerite-Zirsinalite–Lovozerite,"monoclinic, hexagonal",0.5948426039527073,-0.14008581450002916,0.053969706710679764
3262,Löweite,07,,hexagonal,-0.3418013069282004,0.2505626233639371,-0.31604648177033734
3263,Luanheite,01,,hexagonal,0.6276261222833042,0.5263379494186948,-0.04929370126138734
3264,Luanshiweiite,09,Mica,,0.5921109949957644,-0.13997887704462725,0.0324897445678256
3265,Luberoite,02,,monoclinic,0.6619582008659682,-0.02773870774871237,0.0009545672541797761
3266,Luboržákite,02,Pavonite,monoclinic,0.638328660440662,0.02256925836961724,0.03586192109747325
3267,Lucabindiite,03,Lucabindiite,hexagonal,0.631791065034109,-0.008780470156632372,0.0172262471338006
3268,Lucasite-(Ce),04,Kassite,monoclinic,0.6358483291038168,-0.1323947414500481,0.06440254427997205
3269,Lucasite-(La),04,Kassite,monoclinic,0.6324900376323617,-0.13431923309594412,0.057093206671256086
3270,Lucchesiite,09,Tourmaline,hexagonal,-0.15087893408138453,-0.18957345576928117,-0.007455951549066726
3271,Luddenite,09,,monoclinic,0.6455355698209432,-0.0900623316911411,-0.06652139791586423
3272,Ludjibaite,08,Medenbachite,triclinic,-0.2316081717637658,-0.19003009512509422,0.3123493301501208
3273,Ludlamite,08,,monoclinic,-0.36898945333488686,0.3572081826445677,0.30213578269650326
3274,Ludlockite,04,,triclinic,0.6148997105870829,-0.005783212651574036,0.021945395904140658
3275,Ludwigite,06,Ludwigite,orthorhombic,-0.1543553198033732,-0.12619047800085265,0.007145974046980143
3276,Lueshite,04,Perovskite,"hexagonal, orthorhombic",0.6454069342456092,-0.09795397759119243,0.03284946303614865
3277,Luetheite,08,Chenevixite,monoclinic,-0.22358713502725314,-0.19576973829739236,0.3097407384290449
3278,Lukechangite-(Ce),05,,hexagonal,-0.1938745147972321,-0.06558880819427457,-0.04622056012226741
3279,Lukkulaisvaaraite,02,Not in a structural group,tetragonal,0.6646630612064849,-0.02564445370761788,0.0017317427266029684
3280,Lukrahnite,08,Natrochalcite-Helmutwinklerite,triclinic,-0.22856528675142662,-0.19587110421228307,0.32253231817908146
3281,Lulzacite,08,Jamesite,triclinic,-0.22976133741056426,-0.18828441997076747,0.32403102760852387
3282,Lumsdenite,04,,triclinic,0.6246951937897457,-0.06386255737400429,0.04763340762534306
3283,Lüneburgite,08,,triclinic,-0.24516056954436594,-0.17919354005670474,0.3475837213372518
3284,Lunijianlaite,09,Corrensite,,0.5941112662266028,-0.1688606266493537,0.021000726152868045
3285,Lun'okite,08,Overite,orthorhombic,-0.24041696729728174,-0.16439718371769602,0.34063075143046023
3286,Luobusaite,01,,orthorhombic,0.6289721739238646,0.12163369838631563,0.012281809346235704
3287,Luogufengite,04,Not in a structural group,orthorhombic,0.6136605906721869,-0.02819583943553785,0.04076836614063248
3288,Lusernaite-(Y),05,Not in a structural group,orthorhombic,-0.18547916539701476,-0.30500664881261097,-0.03431005055563652
3289,Lussierite,07,Not in a structural group,monoclinic,-0.2160224638442666,-0.22086205188412236,-0.2707960441489572
3290,Luxembourgite,02,Watkinsonite,monoclinic,0.668036537399916,-0.02322449548370572,0.0025720087169885317
3291,Luzonite,02,"Stannite, Diamond-Sphalerite",tetragonal,0.6606297079774708,-0.013711751423819002,-0.013530724511871161
3292,Lyonsite,08,Lyonsite,orthorhombic,-0.34093381707359877,0.34196307689579375,0.27554577408496783
3293,Macaulayite,09,,monoclinic,0.6077017694425552,-0.04582674696987618,0.045551319923060864
3294,Macdonaldite,09,Rhodesite,orthorhombic,0.6091021916359138,-0.13281045561686328,0.026861483882305533
3295,Macedonite,04,Perovskite,"tetragonal, orthorhombic",0.6462757856201418,-0.08023371786650342,-0.006072829032832025
3296,Macfallite,09,,monoclinic,-0.17829748232500475,-0.17774812046265612,0.051896228436564
3297,Machatschkiite,08,,hexagonal,-0.26415969808222856,-0.20004234875092813,0.343453118025761
3298,Machiite,04,Schreyerite,monoclinic,0.6414894566073159,-0.09099558780020213,0.0342936523666608
3299,Macivorite,08,Taranakite,hexagonal,-0.26077721882063004,-0.2348110773691862,0.3453363093896766
3300,Mackayite,04,,tetragonal,0.5851003155498782,-0.14093648110328466,0.04717318692210554
3301,Mackinawite,02,Litharge,tetragonal,0.614675575672532,0.002466527089937209,0.007289524894208251
3302,Macphersonite,05,,orthorhombic,-0.20353310449288498,-0.25562821195386637,-0.17975419027133616
3303,Macquartite,09,,monoclinic,-0.17771534249152487,-0.1542557990213394,-0.03985178249117163
3304,Macraeite,08,Paulkerrite,monoclinic,-0.2591346949881214,-0.18173397864251348,0.37549469636899285
3305,Madeiraite,09,Wöhlerite,monoclinic,0.5997759306343257,-0.05666931569949049,0.052948076367388255
3306,Madocite,02,Madocite,orthorhombic,0.6584790656582371,0.0008310591578884995,-0.026454821741733844
3307,Magadiite,09,,monoclinic,0.6122493728410983,-0.15976386409159749,0.045223947043945084
3308,Magbasite,09,,orthorhombic,0.5736671341163413,-0.03777924362632949,0.05272685735808971
3309,Magganasite,08,Not in a structural group,triclinic,-0.2299205812311282,-0.09774004086092548,0.32585514378202207
3310,Maghagendorfite,08,Alluaudite,,-0.3395168378073999,0.3175417850982303,0.3069458423066823
3311,Maghemite,04,Spinel,"cubic, tetragonal",0.6151369510676075,-0.02891896300311009,0.03990860261314133
3312,Maghrebite,08,Laueite,triclinic,-0.24795756758574777,-0.212426128840492,0.33339143120210296
3313,Magnanelliite,07,Alcaparrosaite,monoclinic,-0.2220825117469456,-0.23171119960246178,-0.23648157148608145
3314,Magnéliite,04,,triclinic,0.6661412399775755,-0.07302168356877224,0.045133379514180304
3315,Magnesioalterite,10,"Alterite, Oxalate",monoclinic,-0.24867713974585698,-0.25219684983509916,-0.2399534679163657
3316,Magnesio-arfvedsonite,09,Amphibole,monoclinic,0.5697511682429803,-0.07986086634468896,0.06315626159362955
3317,Magnesioaubertite,07,Aubertite,triclinic,-0.26557007428367596,-0.08670180309989414,-0.2935924169871616
3318,Magnesiobeltrandoite-2N3S,04,Hogbömite,hexagonal,0.5932714576321791,-0.08305245159765605,0.021477733461051474
3319,Magnesiobermanite,08,Arthurite,monoclinic,-0.2445713743642951,-0.17786798775591775,0.34958325562906434
3320,Magnesiocanutite,08,Alluaudite,monoclinic,-0.21751865921036037,-0.16513587371691324,0.33276248587391
3321,Magnesiocarpholite,09,Carpholite,orthorhombic,0.584237309646648,-0.1607814323112133,0.03213961202054626
3322,Magnesiochangesite-(Ce),08,Cerite,hexagonal,-0.3374916892108626,0.3385325641888992,0.3015431231003089
3323,Magnesiochangesite-(Y),08,Cerite,hexagonal,-0.3360116375717499,0.3391476801776287,0.2992861253170514
3324,Magnesiochloritoid,09,Chloritoid,monoclinic,-0.17402505433974394,-0.20674859425160946,0.03450372819478823
3325,Magnesiochlorophoenicite,04,Chlorophoenicite,monoclinic,0.5802957349902242,-0.15207103347824427,0.04918769378190994
3326,Magnesiochromite,04,Spinel,"cubic, orthorhombic",0.5889235695104895,0.03769828038160609,0.03651185365514552
3327,Magnesiocopiapite,07,Copiapite,triclinic,-0.24572279593375257,-0.2553367517508664,-0.24047344300247583
3328,Magnesiocoulsonite,04,Spinel,cubic,0.5897410153668212,0.03693120970996305,0.039065487838505025
3329,Magnesiodumortierite,09,Dumortierite,orthorhombic,0.6008457462969519,-0.08588170261467136,0.015183410819283018
3330,Magnesio-dutrowite,09,Tourmaline,hexagonal,-0.1492227622987372,-0.19430972969591068,-0.000202897178448601
3331,Magnesio-ferri-fluoro-hornblende,09,Amphibole,monoclinic,0.5830850365335942,-0.007576430023124291,0.03887093755991901
3332,Magnesio-ferri-hornblende,09,Amphibole,monoclinic,0.5721614647523371,-0.07323008264980348,0.04967109561637324
3333,Magnesioferrite,04,Spinel,cubic,0.5899713807011062,-0.03731998313373862,0.04454725578987444
3334,Magnesiofluckite,08,Krautite,triclinic,-0.23049698220271564,-0.18945067502847965,0.3175449701346079
3335,Magnesio-fluoro-arfvedsonite,09,Amphibole,monoclinic,0.5778912372292587,-0.014376495500468066,0.05396188130548855
3336,Magnesio-fluoro-hastingsite,09,Amphibole,monoclinic,0.5797716755961789,-0.023987085677001127,0.041870406147696264
3337,Magnesio-foitite,09,Tourmaline,hexagonal,-0.14921199303415178,-0.20325099942543295,-0.008397499177198807
3338,Magnesio-hastingsite,09,Amphibole,monoclinic,0.5719189927110745,-0.07910341498162544,0.05061780204887949
3339,Magnesiohatertite,08,Alluaudite,monoclinic,-0.3351068794675142,0.3169165726633383,0.3043704871614078
3340,Magnesiohögbomite-2N2S,04,Hogbömite-Magnesiohogbömite,hexagonal,0.5835937983817296,-0.12221037946954136,0.054455234872312866
3341,Magnesiohögbomite-2N3S,04,Hogbömite-Magnesiohogbömite,hexagonal,0.5954934125435292,-0.06983764768577434,0.042228907774656835
3342,Magnesiohögbomite-2N4S,04,Hogbömite-Magnesiohogbömite,hexagonal,0.5925105733938192,-0.08227887869514132,0.02539525184847705
3343,Magnesiohögbomite-6N12S,04,Hogbömite-Magnesiohogbömite,hexagonal,0.5911939477028504,-0.08080828147015447,0.024963434125951287
3344,Magnesiohögbomite-6N6S,04,Hogbömite-Magnesiohogbömite,hexagonal,0.605616477863425,-0.08720943283566579,0.044444748233107505
3345,Magnesiohongruiite-(Fe3+),04,Nolanite,hexagonal,0.5855782386069472,-0.09791534606579164,0.05622347401274318
3346,Magnesio-hornblende,09,Amphibole,monoclinic,0.573449821025276,-0.0765031394940505,0.04456723067005919
3347,Magnesiohulsite,06,Hulsite,monoclinic,-0.15441531126271965,-0.12690132083275857,0.008506383291477442
3348,Magnesiokoritnigite,08,Krautite,triclinic,-0.22485700710119727,-0.18633219044337404,0.3115422435161977
3349,Magnesioleydetite,07,Leydetite,monoclinic,-0.24917949303598905,-0.27116536344297826,-0.2609030057245727
3350,Magnesio-lucchesiite,09,Tourmaline,hexagonal,-0.15144822511993947,-0.1874302071857088,-0.00470717822849558
3351,Magnesioneptunite,09,Neptunite,monoclinic,0.6049288408165022,-0.050763940405679935,0.05797130448882359
3352,Magnesionigerite-2N1S,04,Hogbömite-Nigerite,hexagonal,0.6123917478498954,-0.0949485659919703,0.031492160179929195
3353,Magnesionigerite-6N6S,04,Hogbömite-Nigerite,hexagonal,0.6024966007482989,-0.07312319817620122,0.03738509573022713
3354,Magnesiopascoite,04,Pascoite,monoclinic,0.6187923247101426,-0.01963533891127646,0.039289787234695714
3355,Magnesioqingheiite,08,Alluaudite,monoclinic,-0.3330949694736092,0.31751214741911465,0.3048601013824439
3356,Magnesio-riebeckite,09,Amphibole,monoclinic,0.5702476483762744,-0.08848411340546641,0.06411433871333157
3357,Magnesiorowlandite-(Y),09,Rowlandite,triclinic,0.6217069205345463,-0.022706124465106645,0.022311375392471057
3358,Magnesiostaurolite,09,Staurolite,monoclinic,0.577241547595827,-0.06253683069859187,0.03508694166966454
3359,Magnesiotaaffeite-2N'2S,04,Taaffeite-Magnesiotaaffeite,hexagonal,0.5935145406438458,-0.061835925277959045,0.015915224746018045
3360,Magnesiotaaffeite-6N'3S,04,Taaffeite-Magnesiotaaffeite,hexagonal,0.5943373613233206,-0.06299943407603266,0.015297039428256705
3361,Magnesiovesuvianite,09,Vesuvianite,tetragonal,0.582656582244141,-0.10302563701720033,0.027266344044884087
3362,Magnesiovoltaite,07,Voltaite,cubic,-0.34905070493014323,0.2557007222858633,-0.31205725206386314
3363,Magnesiozippeite,07,Zippeite,monoclinic,-0.23653555474738563,-0.27158610505007796,-0.2703007468866009
3364,Magnesite,05,Calcite,hexagonal,-0.2811341285335483,0.31704582778227675,-0.08474909491500976
3365,Magnetite,04,Spinel,cubic,0.6068011723545395,-0.035436153186673675,0.03360262040433115
3366,Magnetoplumbite,04,Magnetoplumbite,hexagonal,0.6118195805125899,-0.03581538705087471,0.03221850587087491
3367,Magnioursilite,09,Ursilite,orthorhombic,0.6091055927041409,-0.20764568192166533,0.044059310968127915
3368,Magnolite,04,,orthorhombic,-0.31552763912670356,0.27407069778354093,-0.41583215312596505
3369,Magnussonite,03,Magnussonite,cubic,0.6076135334406507,-0.04070139866770056,0.036016618663417
3370,Magselite,04,,hexagonal,-0.32299407296807403,0.28405538567897615,-0.337619429217987
3371,Mahnertite,08,,tetragonal,-0.2773469136787219,-0.04352117779507968,0.3199382466046482
3372,Maikainite,02,"Germanite, Diamond-Sphalerite",cubic,0.6639078351791035,-0.053547694983354654,0.0046455618088580095
3373,Majakite,02,,hexagonal,0.655945591522383,0.12406639965946566,0.024069660568585005
3374,Majindeite,04,Nolanite,hexagonal,0.5864575739394938,0.027798950115695123,0.03621943710851037
3375,Majorite,09,Garnet,"tetragonal, cubic",-0.20333017759767266,0.03385702991205424,0.02645853015840152
3376,Majzlanite,07,Not in a structural group,monoclinic,-0.3236478557693445,0.2540315782519546,-0.32107094752515897
3377,Makarochkinite,09,Sapphirine,triclinic,0.5918439480953295,-0.05207520190136583,0.038204993751223715
3378,Makatite,09,,monoclinic,0.6062341123603302,-0.15986685811851686,0.044472371762493926
3379,Mäkinenite,02,Millerite,hexagonal,0.6234583962757392,0.016272936837087824,0.028993072806130324
3380,Makotoite,02,Uytenbogaardtite,hexagonal,0.6615649704352479,-0.026752934636845117,0.0012229101554606138
3381,Makovickyite,02,Pavonite,monoclinic,0.6647100005817189,-0.013163504839572394,0.011176624571763999
3382,Malachite,05,Malachite,monoclinic,-0.174165325481208,-0.2704347047210248,-0.05813846938626325
3383,Malanite,02,Spinel,cubic,0.6833894097501113,-0.05024180251898912,0.015368160570898839
3384,Malayaite,09,Titanite,monoclinic,-0.16454626859572344,-0.15059314541118818,0.030203665468367613
3385,Maldonite,02,,cubic,0.6259406469954163,0.525823304847468,-0.05359109967403344
3386,Maleevite,09,Danburite,orthorhombic,0.6208091935415073,-0.008976916177351635,0.009750347194923053
3387,Maletoyvayamite,02,Maletoyvayamite,triclinic,0.6623871640095137,-0.02994443022094976,-4.632014738715877e-05
3388,Malhmoodite,08,Malhmoodite,"monoclinic, triclinic",-0.34994241190894204,0.3367131292454778,0.3416399209839957
3389,Malinkoite,09,Beryllonite,hexagonal,-0.19489019264706414,-0.012165278806425437,0.012978325278266561
3390,Malladrite,03,Malladrite,hexagonal,0.6388646091992963,0.08181660968314783,0.010321897261954802
3391,Mallardite,07,Melanterite,monoclinic,-0.36337705392820285,0.2862804524363956,-0.35718878360836753
3392,Mallestigite,08,Fleischerite,hexagonal,-0.24842643386997387,-0.2587412270936241,0.019319649974452867
3393,Malyshevite,02,Lapieite,orthorhombic,0.6700715052776174,-0.03359446986381917,0.0004757692282544926
3394,Mambertiite,04,Gelosaite,triclinic,0.6231493955748048,-0.12537202721674362,0.0337063046893759
3395,Mammothite,07,,monoclinic,-0.2130712502341324,-0.25699172334681714,-0.2744469294966201
3396,Mampsisite,05,Hydrotalcite,triclinic,-0.17571100137984885,-0.27335604146899917,-0.032891104630967505
3397,Manaevite-(Ce),09,Vesuvianite,tetragonal,-0.17778668658517915,-0.19221111143944883,0.050494263444615106
3398,Manaksite,09,Litidionite,triclinic,0.6066733020775109,-0.033322108073233714,0.040152152887518666
3399,Manandonite,09,"Clay, Serpentine",triclinic,0.591762932776795,-0.17018023935509563,0.02776698424847198
3400,Mandarinoite,04,Mandarinoite,monoclinic,-0.34154740823929863,0.2789222856139338,-0.35726552756185226
3401,Maneckiite,08,Wicksite,orthorhombic,-0.35136109110902125,0.3220077721314244,0.310091734437499
3402,Manganarsite,04,,hexagonal,0.5923001610133551,-0.12969534345101866,0.04788368215644012
3403,Manganbabingtonite,09,Rhodonite,triclinic,0.5818949102371429,-0.0846105631758596,0.04560390181910173
3404,Manganbelyankinite,04,,,0.6815529165045252,-0.12431991180930575,0.05046246119365419
3405,Manganberzeliite,08,Garnet,cubic,-0.3363027594733097,0.327150249010757,0.3000240593153102
3406,Manganflurlite,08,Flurlite,monoclinic,-0.25936047080010827,-0.179977459851744,0.35689258528101636
3407,Mangangordonite,08,Laueite,triclinic,-0.24582593339977568,-0.20638589064128388,0.3325912066941267
3408,Manganhumite,09,Humite,orthorhombic,-0.18522838826122096,-0.15129843873595109,0.03819695934093351
3409,Manganiakasakaite-(La),09,Epidote,monoclinic,-0.17664430678461637,-0.15345588294267487,0.04828073519555476
3410,Manganiandrosite-(Ce),09,"Allanite, Epidote",monoclinic,-0.17740567573849422,-0.14563923986687716,0.047441547034313705
3411,Manganiandrosite-(La),09,"Allanite, Epidote",monoclinic,-0.17722140400134878,-0.1457238865120808,0.04700546160838637
3412,Manganiceladonite,09,"Clay, Mica",monoclinic,0.5794051370075508,-0.12041443160019635,0.06273080139379214
3413,Mangani-dellaventuraite,09,Amphibole,monoclinic,0.604128217254098,-0.04094362610367024,0.060226596894943654
3414,Mangani-eckermannite,09,Amphibole,monoclinic,0.572712586700941,-0.07510171406367794,0.0638635881370105
3415,Manganilvaite,09,Ilvaite,monoclinic,0.5802535313348643,-0.08986268703990735,0.0464859333979934
3416,Mangani-obertiite,09,Amphibole,monoclinic,0.5898852838161748,-0.03088079604041357,0.0635618150667256
3417,Mangani-pargasite,09,Amphibole,monoclinic,0.5739914556789663,-0.07654244709936556,0.0519541354370224
3418,Manganite,04,Rutile,"monoclinic, orthorhombic",0.5961174132743049,-0.1362717433793748,0.057339463872245
3419,Manganlotharmeyerite,08,Natrochalcite,monoclinic,-0.22884555522784944,-0.16203803556945864,0.3397708827477816
3420,Manganoarrojadite-(KNa),08,Arrojadite,monoclinic,-0.23418723411941605,-0.1348403272489517,0.3282071603505708
3421,Manganobadalovite,08,Alluaudite,monoclinic,-0.3360527849033327,0.32206087209349743,0.3063967468948182
3422,Manganoblödite,07,Blödite,monoclinic,-0.3348350853616886,0.25734892615860944,-0.3233373641658981
3423,Manganochromite,04,Spinel,cubic,0.6230565409587352,0.019599406945199273,0.019846450230253908
3424,Manganoeudialyte,09,Eudialyte,hexagonal,0.5879779707575479,-0.1443392966764427,0.053750880029252726
3425,Mangano-ferri-eckermannite,09,Amphibole,monoclinic,0.5882839600640485,-0.08388079445796687,0.057531598256542055
3426,Manganohatertite,08,Alluaudite,monoclinic,-0.33625653164713637,0.3179474064554294,0.306005367265322
3427,Manganohörnesite,08,Vivianite,monoclinic,-0.37458760167018607,0.3543900465339973,0.302505538923332
3428,Manganokaskasite,04,Valleriite,hexagonal,0.6105540822207532,-0.12672842039087953,0.039692192378202235
3429,Manganokhomyakovite,09,Eudialyte,hexagonal,0.587455478115786,-0.12186623759640597,0.055921623890634375
3430,Manganokukisvumite,09,,orthorhombic,0.6386289067596834,-0.07636016460567512,0.055769949213777294
3431,Manganolangbeinite,07,Langbeinite,cubic,-0.32686798803782957,0.2729209031964012,-0.32233283670821805
3432,Mangano-mangani-ungarettiite,09,Amphibole,monoclinic,0.6055410775091634,-0.023374343310744818,0.05583436227887914
3433,Manganonaujakasite,09,,monoclinic,0.6031230579116096,-0.05744922027120969,0.025694591785588056
3434,Manganoneptunite,09,Neptunite,monoclinic,0.6167646411113267,-0.050685344456305806,0.057055739892534554
3435,Manganonewberyite,08,Newberyite,orthorhombic,-0.2287047702817262,-0.1969433911827803,0.320514389225187
3436,Manganonordite-(Ce),09,Nordite,orthorhombic,0.6036509832386467,-0.043900598463770986,0.04680034786165026
3437,Manganoquadratite,02,Quadratite,tetragonal,0.6523877025773055,0.005152524717997607,0.03291762721184547
3438,Manganoschafarzikite,04,Minium,tetragonal,0.6417156008117091,-0.03905919754984399,0.03628888659874249
3439,Manganosegelerite,08,Overite,orthorhombic,-0.24571013852305285,-0.1540651364127401,0.3494828890131456
3440,Manganosite,04,Rocksalt,cubic,0.6163889717318465,-0.023728033184576374,0.02223645056029248
3441,Manganostibite,08,Manganostibite,orthorhombic,-0.06126484425863085,0.5266721160618272,0.22562271661623337
3442,Manganotychite,05,Northupite,cubic,-0.2955500420130778,0.2641334573593938,-0.15523672279205303
3443,Manganrockbridgeite,08,Rockbridgeite,monoclinic,-0.23619000221544287,-0.17254402530392177,0.3412846888360149
3444,Manganvesuvianite,09,Vesuvianite,tetragonal,-0.17806623632968985,-0.16835427893092558,0.029455397560386103
3445,Mangazeite,07,,triclinic,-0.221203241292252,-0.28750179197279346,-0.25867880395168397
3446,Manitobaite,08,Alluaudite-Manitobaite,monoclinic,-0.3382820912414444,0.3298324203005049,0.30889067294944067
3447,Manjiroite,04,Coronadite,tetragonal,0.6297378315702372,-0.04176501383208285,0.06420052771121093
3448,Mannardite,04,Coronadite,tetragonal,0.6642670456898805,-0.07109855903563767,0.04875629355602948
3449,Mansfieldite,08,,orthorhombic,-0.3304265522565296,0.33647778211748053,0.2896007355902562
3450,Mantienneite,08,Paulkerrite,orthorhombic,-0.2557217692134184,-0.2095086652694758,0.36089093984283166
3451,Manuelarossiite,03,Aravaipaite,monoclinic,0.6145746856214482,0.06630029733026323,-0.024129176106588934
3452,Maohokite,04,Spinel-Post-spinel,orthorhombic,0.5890688719375413,-0.03666284064612,0.04516419053173132
3453,Maoniupingite-(Ce),09,Chevkinite,monoclinic,0.6162808208815103,-0.06577528374265215,0.057442164348939215
3454,Mapimite,08,,monoclinic,-0.25643633631241014,-0.2084776357667834,0.34655158767197847
3455,Mapiquiroite,04,Crichtonite,hexagonal,0.6241184232386479,-0.06815857485013756,0.05828157976099588
3456,Marathonite,01,Not in a structural group,hexagonal,0.6292033978122424,0.5225353413169511,-0.053549598716230926
3457,Marcasite,02,Marcasite,orthorhombic,0.6116462427488705,0.002282182649590408,0.01944553416204511
3458,Marchettiite,10,,triclinic,0.627407453211748,-0.06947773154220835,0.016452984591804574
3459,Marcobaldiite,02,Geocronite,triclinic,0.651051917147256,-0.018677681525860208,-0.04045655949295411
3460,Marécottite,07,,triclinic,-0.25403670224919667,-0.3450695949500523,-0.28886585891888417
3461,Margaritasite,08,Sengierite,monoclinic,-0.23592454725934098,-0.18636567611168117,0.3403366827346378
3462,Margarite,09,"Mica, Clay",monoclinic,0.5899801566509746,-0.13299584246573798,0.02383399098527199
3463,Margarosanite,09,Margarosanite,triclinic,0.6061646554472673,-0.03907544552043396,-0.014765015088213656
3464,Mariakrite,02,Hydrotalcite,triclinic,0.5960133000319277,-0.18497284463336688,0.04075768129848391
3465,Marialite,09,Scapolite,tetragonal,0.608666757061884,-0.05105391566919321,0.016067299280133097
3466,Marićite,08,,orthorhombic,-0.3389316182366313,0.32419198802399607,0.29942803760815506
3467,Maricopaite,09,Mordenite,orthorhombic,0.6028774136277959,-0.09195010584267568,-0.010901412618140066
3468,Mariinskite,04,Olivine,orthorhombic,0.6213542433113001,-0.0033116317106620177,0.009569210963065188
3469,Marinaite,06,Ludwigite,monoclinic,-0.14858218852702582,-0.16365499764326993,-0.03827852324743185
3470,Marinellite,09,Cancrinite-sodalite,hexagonal,-0.2236854309057862,-0.20630510501511323,-0.26534893362613754
3471,Marioantofilliite,05,Hydrotalcite,monoclinic,-0.1781340062526415,-0.2949866332183269,-0.044289448225147104
3472,Markascherite,07,Not in a structural group,monoclinic,-0.17115836999823847,-0.189345407239276,-0.016952749207918567
3473,Markcooperite,07,,monoclinic,-0.12988702128712576,-0.21615755790272864,-0.36654911821013275
3474,Markeyite,05,Markeyite,orthorhombic,-0.19931341665398117,-0.26593574540499704,-0.053031535117906085
3475,Markhininite,07,,triclinic,-0.31503589870317505,0.2928277160074356,-0.37730018697840706
3476,Marklite,05,Not in a structural group,monoclinic,-0.1880059628681449,-0.3021053270355055,-0.06077682287105496
3477,Markwelchite,02,Richardsollyite,monoclinic,0.6671969134182101,-0.036277921344310626,-0.018819286511514946
3478,Marokite,04,Spinel-Post-spinel,orthorhombic,0.6042665756676913,-0.03376828644507816,0.05167533522769112
3479,Marrite,02,,monoclinic,0.6672884729963344,-0.02173529502303531,-0.030721428764824255
3480,Marrucciite,02,,monoclinic,0.6564132132029894,-0.023085605778696942,-0.02268582339153618
3481,Marsaalamite-(Y),07,,monoclinic,-0.1651741561378068,-0.1743820204023447,0.0018604185083155721
3482,Marshite,03,Diamond-Sphalerite,cubic,0.6934400700712922,0.06963823673095056,-0.03055524526639025
3483,Marsturite,09,Rhodonite,triclinic,0.5869954067937899,-0.07147062478978468,0.05215867675159198
3484,Marthozite,04,Guilleminite,orthorhombic,-0.22325789979447647,-0.3211745880151893,-0.3362235895006779
3485,Martinandresite,09,Not in a structural group,orthorhombic,0.6151389646148279,-0.07619291914862905,0.004260377029593967
3486,Martinite,09,Gyrolite,triclinic,0.606744781578622,-0.04536353367561818,0.033551897988870684
3487,Martyite,04,Volborthite,hexagonal,0.594058021310629,-0.12599127018095058,0.04356010269886495
3488,Marumoite,02,,monoclinic,0.6518103860809502,0.00365597919637681,-0.05430519400159418
3489,Maruyamaite,09,Tourmaline,hexagonal,-0.1486122396347438,-0.1931539581018734,-0.006323820555852984
3490,Masaitisite,03,Ilinskite,orthorhombic,-0.21548337595549433,-0.14810559789521935,-0.34149267243814124
3491,Mascagnite,07,Arcanite,orthorhombic,-0.2552552673132428,-0.15521906063696084,-0.2978026887729185
3492,Maslovite,02,Pyrite,cubic,0.6624213025868486,-0.0189567470086193,-0.0009982751421718367
3493,Massicot,04,,orthorhombic,0.6361317937212663,-0.06353409959206956,-0.05136892581584757
3494,Masutomilite,09,Mica,monoclinic,0.5896375270027648,-0.11791644368898353,0.041947016938603435
3495,Masuyite,04,,monoclinic,0.637872774731184,-0.22548032549920677,0.016890011104227064
3496,Mathesiusite,07,Mathesiusite,tetragonal,-0.23753358229740462,-0.26085868052206035,-0.16296218717669012
3497,Mathewrogersite,09,,hexagonal,0.5994688142151235,-0.16472395753535574,0.008606006381754402
3498,Mathiasite,04,Crichtonite,hexagonal,0.6246325656724894,-0.02572882805004583,0.06240993957582236
3499,Matildite,02,,hexagonal,0.6816839751385427,-0.020738784395308144,0.022079074390524832
3500,Matioliite,08,Dufrénite,,-0.2361949465262138,-0.20246687445730432,0.32584637928351917
3501,Matlockite,03,Matlockite,tetragonal,0.6553084739627796,0.09544505678139469,-0.06955978701964242
3502,Matsubaraite,09,Chevkinite,monoclinic,0.6374560770611327,-0.06441321181086097,0.044727283293201456
3503,Mattagamite,02,Marcasite,orthorhombic,0.6237211539823475,0.017421232669335124,0.029077556166882366
3504,Matteuccite,07,,monoclinic,-0.3367964165652278,0.16905957431865432,-0.3132478424925112
3505,Mattheddleite,09,Apatite,hexagonal,-0.24212128505937466,-0.046227469056330156,-0.23640785548284854
3506,Matthiasweilite,04,Not in a structural group,triclinic,-0.31659553497674453,0.28166561579352173,-0.43717048374072603
3507,Matulaite,08,,monoclinic,-0.2565333803627258,-0.24109881571260075,0.3406666253119846
3508,Matyhite,08,Cerite,hexagonal,-0.3386771346058081,0.33633097282270863,0.2948921266383246
3509,Maucherite,02,,"tetragonal, monoclinic",0.6433801094208376,0.14262637716746895,0.027111630928045343
3510,Mauriziodiniite,03,Lucabindiite,hexagonal,0.6204676140804051,-0.11616302733957276,0.025792280995891797
3511,Maurogemmiite,04,Not in a structural group,hexagonal,0.6287096659559634,-0.05937614614519608,0.029077301416389124
3512,Mavlyanovite,01,Xifengite,hexagonal,0.6399447840832875,0.14178097333211973,0.02729486387607738
3513,Mawbyite,08,Natrochalcite,monoclinic,-0.2272893340725901,-0.16984464368643404,0.3155118632848422
3514,Mawsonite,02,,tetragonal,0.6592881181366378,-0.05566993466741278,0.011974629220698177
3515,Maxwellite,08,Titanite,monoclinic,-0.2571392471551548,0.00832707173740225,0.3429013950765392
3516,Mayingite,02,Pyrite,cubic,0.6629668870334448,-0.018888166901892326,-0.0010144143198718043
3517,Mazorite,08,Palmierite,hexagonal,-0.3346821632381931,0.34487260121611674,0.2994911862954869
3518,Mazzettiite,02,Petrovicite,orthorhombic,0.673999537147652,-0.041036170061789466,-0.0046168089102666225
3519,Mazzite-Mg,09,,hexagonal,0.6133766546170868,-0.06760270055767323,0.013155439475503017
3520,Mazzite-Na,09,,hexagonal,0.6243528119163417,-0.088158887598552,0.013980619457532302
3521,Mbobomkulite,04,Chalcoalumite,monoclinic,0.6059466587567699,-0.18367864522114613,0.03214430963001587
3522,Mcallisterite,06,,hexagonal,0.6072455161359243,-0.1701131086842185,0.030264162246949746
3523,Mcalpineite,07,,"cubic, orthorhombic",-0.24298651063893661,0.33989424893310466,-0.44482135434856496
3524,Mcauslanite,08,,triclinic,-0.26485883929055387,-0.12882727195505028,0.33279164345545736
3525,Mcbirneyite,08,,triclinic,-0.34401898029678996,0.3497359197613442,0.2568100206537811
3526,Mcconnellite,04,,hexagonal,-0.21192757704069373,0.4000302710530077,-0.12313735046210487
3527,Mccrillisite,08,,tetragonal,-0.22394530181729153,-0.17671466719379195,0.3557907319930585
3528,Mcgillite,09,"Pyrosmalite, Clay",monoclinic,0.5916510505119691,-0.11862593370880736,0.045715788512745915
3529,Mcgovernite,09,Hematolite,hexagonal,-0.2313324899732823,-0.13606758113829326,0.3219770219539838
3530,Mcguinnessite,05,Malachite,monoclinic,-0.17536499248586163,-0.2599714777060383,-0.03261050635658327
3531,Mckelveyite-(Nd),05,Mckelveyite,monoclinic,-0.29284696501566565,0.26743737254317484,-0.09477702428418276
3532,Mckelveyite-(Y),05,Mckelveyite,monoclinic,-0.29279489873265796,0.2673006571912498,-0.09453984299420096
3533,Mckinstryite,02,,orthorhombic,0.6586701761620252,-0.028504165421039913,-0.0028882879733894834
3534,Mcnearite,08,,triclinic,-0.24785674340003366,-0.19356570837654036,0.3210391970870512
3535,Medaite,09,Medaite,monoclinic,0.6071247467867823,-0.04353254763235803,0.03533494426388835
3536,Medenbachite,08,Medenbachite,triclinic,-0.22461130672248975,-0.1752630191710564,0.3277974552809483
3537,Medvedevite,03,Not in a structural group,monoclinic,0.6117482174494095,-0.020277815839423546,0.044281425806784694
3538,Meerschautite,02,,monoclinic,0.6627207469476619,-0.002736967378036116,-0.0195386871473183
3539,Megacyclite,09,,monoclinic,0.6081083546031704,-0.18825652701854997,0.03844248974219827
3540,Megakalsilite,09,Tridymite-Nepheline,hexagonal,-0.2750514655881242,0.322794664846383,-0.03206249156488011
3541,Megawite,04,Perovskite,orthorhombic,0.6295176436539616,-0.07357689140837442,0.027164109908000444
3542,Meieranite,09,Nordite,orthorhombic,0.5944749769535551,-0.02825263502796551,0.03964358935555168
3543,Meierite,09,,cubic,0.5874100192517766,-0.11683746092278766,0.028622594021035085
3544,Meifuite,09,"Talc, Mica",triclinic,0.5824337480858287,-0.11278600289012161,0.03583853474617066
3545,Meionite,09,Scapolite,tetragonal,-0.1725566895262167,-0.17200910334335504,-0.05474460893911231
3546,Meisserite,07,Not in a structural group,triclinic,-0.21788863667875913,-0.2554917797849986,-0.26321406019831445
3547,Meitnerite,07,Johannite,triclinic,-0.23248751215403873,-0.2855565040750599,-0.2704982704282369
3548,Meixnerite,04,Hydrotalcite,hexagonal,0.5837256059703355,-0.19422528824417365,0.03801914264593123
3549,Meizhouite,08,Lazulite,monoclinic,-0.24549922319820472,-0.13739463736278432,0.3384282511578223
3550,Mejillonesite,08,Not in a structural group,orthorhombic,-0.22984470352908892,-0.2053052277286024,0.3215708811375409
3551,Melanarsite,08,Not in a structural group,monoclinic,-0.22549380556527893,-0.13098586411011331,0.3066006033040044
3552,Melanocerite-(Ce),09,Apatite,,-0.16627651888520312,-0.14789006466485,0.033162297588984285
3553,Melanophlogite,09,,"cubic, tetragonal",0.6159613125022142,-0.1455138925646355,0.02433714774605942
3554,Melanostibite,04,Corundum,hexagonal,0.6188591662118731,-0.05818696596397173,0.04277572118069489
3555,Melanotekite,09,,orthorhombic,0.6081639055968879,-0.042854970177026164,-0.01175723756240384
3556,Melanothallite,03,,orthorhombic,0.6493910151381814,0.016243072489885668,-0.04633429131773789
3557,Melanovanadite,04,,triclinic,0.6165255344413558,-0.03629773315881159,0.006029260202010356
3558,Melansonite,09,Rhodesite,orthorhombic,0.6468420962214061,-0.06797792463762584,0.043568037771893456
3559,Melanterite,07,Melanterite,monoclinic,-0.36662653914726234,0.2747880530864296,-0.3604494982023846
3560,Melcherite,04,Peterandresenite,hexagonal,0.6427134669198415,-0.12763673037408055,0.03876769443865666
3561,Meliphanite,09,,tetragonal,0.597474643542205,-0.03336840789984878,0.02677656466019263
3562,Melkovite,08,Betpakdalite,monoclinic,-0.2515112682583844,-0.20932998577491296,0.34512203053571544
3563,Melliniite,01,,cubic,0.6316765256417722,0.1257518664657805,0.018081063048073817
3564,Mellite,10,,tetragonal,0.6456710524982181,-0.033630920659294475,-0.014447617022158805
3565,Mellizinkalite,03,Not in a structural group,triclinic,0.6201047061035949,0.096151079563023,0.024316251157541678
3566,Melonite,02,Melonite,hexagonal,0.62347479480121,0.016265284198515088,0.028989790162584836
3567,Mélonjosephite,08,,orthorhombic,-0.2332265122244193,-0.1487570064352814,0.3301244441573925
3568,Menchettiite,02,Lillianite,monoclinic,0.6522496263823062,-0.010701893008446324,0.0031027858149592375
3569,Mendeleevite-(Ce),09,Mendeleevite,cubic,0.6018647222074549,-0.14280918925693567,0.03900752392836604
3570,Mendeleevite-(Nd),09,Mendeleevite,cubic,0.6009206392495332,-0.14227991593290085,0.0347837110339408
3571,Mendigite,09,Wollastonite,triclinic,0.6078356622102644,-0.010259969718338174,0.029304006774532182
3572,Mendipite,03,,orthorhombic,0.6434737907334792,0.001684686831448169,-0.06126238488624268
3573,Mendozavilite-KCa,08,Betpakdalite,monoclinic,0.6053214307591377,-0.1469063313876321,0.06378858740200795
3574,Mendozavilite-NaCu,08,Betpakdalite,monoclinic,0.6106687510441444,-0.15209958117276814,0.05582235633020538
3575,Mendozavilite-NaFe,08,Betpakdalite,monoclinic,0.610965755429397,-0.12137863347345257,0.06631060538485357
3576,Mendozite,07,,monoclinic,-0.34077362710171466,0.23009150070315415,-0.3445170291490249
3577,Meneghinite,02,Meneghinite,orthorhombic,0.6534917686625932,-0.02619742928101521,-0.03561123985309602
3578,Menezesite,04,Menezesite,cubic,0.6752500843443991,-0.13632177279743424,0.04191141910413628
3579,Mengeite,08,Not in a structural group,triclinic,-0.24319049453605338,-0.17595827775118505,0.3489395963402381
3580,Mengxianminite,06,Not in a structural group,orthorhombic,-0.14189647594503424,-0.1553710066282273,-0.011484345764418653
3581,Meniaylovite,09,Chukhrovite,cubic,-0.2649874063685416,-0.0973363963524116,-0.3120786505069695
3582,Menshikovite,02,,hexagonal,0.6604104094040335,0.11805518288499979,0.020277382089450312
3583,Menzerite-(Y),09,Garnet,cubic,0.5937441756225394,-0.017907922398726978,0.03668379564591447
3584,Mercallite,07,,orthorhombic,-0.33167243501888966,0.17438158369277146,-0.31493650620857844
3585,Mercury,01,,,0.6225623782751679,0.5205841438636547,-0.05622258118315836
3586,Mereheadite,05,,monoclinic,-0.1715102625310801,-0.17406944393925003,-0.07871882090966936
3587,Mereiterite,07,,monoclinic,-0.33908284597975386,0.239812465964249,-0.33103277646665336
3588,Merelaniite,02,Cylindrite,triclinic,0.6528861447726735,-0.004411877919329318,-0.04554998856846465
3589,Merenskyite,02,Melonite,hexagonal,0.6646475243845248,-0.02815493510340457,-0.00015787710009172382
3590,Meridianiite,07,Not in a structural group,,-0.3465996162185515,0.27466425059799066,-0.32581802578353125
3591,Merlinoite,09,,orthorhombic,0.6179246852659135,-0.09191498446829867,0.015416842508874035
3592,Merrihueite,09,Milarite,hexagonal,0.577407446230848,-0.027447084814770015,0.042369705127557236
3593,Merrillite,08,Cerite,hexagonal,-0.33671630417553083,0.33476499902268564,0.29949893993785015
3594,Mertieite,02,Stillwaterite,hexagonal,0.6872196686858812,0.10359274807623986,-0.00410297651452538
3595,Merwinite,09,Aphthitalite,monoclinic,-0.27634596047946297,0.34897234667435084,-0.025703764014305627
3596,Mesaite,04,Not in a structural group,monoclinic,0.6165157900720002,-0.04136126728979788,0.03017700239438054
3597,Mesolite,09,Natrolite,orthorhombic,0.6053995552947422,-0.08910048547102001,0.015874277559146208
3598,Messelite,08,Fairfieldite,triclinic,-0.353451677447238,0.3150560854278143,0.29444696737521536
3599,Meta-aluminite,07,Aluminite,,-0.22617461727308125,-0.29443018512486546,-0.26227791651017407
3600,Meta-alunogen,07,,,-0.33505581628517517,0.24788818511709076,-0.3722190538232018
3601,Meta-ankoleite,08,Trögerite,tetragonal,-0.2459557597190279,-0.19632058798046545,0.3512326315680763
3602,Meta-autunite,08,Meta-autunite,tetragonal,-0.25784376800160097,-0.21090000252343438,0.3619237531164299
3603,Metaborite,06,,cubic,-0.20162023827820907,0.25831942701548877,-0.055342251204091086
3604,Metacalciouranoite,04,Wölsendorfite,,0.618250389655986,-0.15185774081064646,0.027374507216382606
3605,Metacinnabar,02,Diamond-Sphalerite,cubic,0.663934769016814,-0.028915595561965237,-0.0157128417618412
3606,Metadelrioite,04,,triclinic,-0.2216875506774167,-0.19623941229153358,0.304041398166195
3607,Metahaiweeite,09,,,0.6139799302735625,-0.18777086795279346,0.034899259971134085
3608,Metaheimite,08,,monoclinic,-0.22523071170523706,-0.19361674825306005,0.30044450104599313
3609,Metaheinrichite,08,,"tetragonal, monoclinic",-0.2545915119110421,-0.21434176343037925,0.359715149460885
3610,Metahewettite,04,Hewettite,monoclinic,0.614907917988434,-0.0335300025296313,0.008796758178381492
3611,Metahohmannite,07,Amarantite,triclinic,-0.2368212172437596,-0.17784833194023084,-0.26179590453588575
3612,Metakahlerite,08,Metakahlerite,triclinic,-0.26311349688974056,-0.21956188311551583,0.3653939946097363
3613,Metakirchheimerite,08,Metakahlerite,triclinic,-0.2616133045581149,-0.21432453628639148,0.37205383395426994
3614,Metaköttigite,08,Symplesite,triclinic,-0.22540749835927537,-0.19123994994067253,0.33009460493246473
3615,Metalodèvite,08,,"tetragonal, triclinic",-0.25621214213000765,-0.2056145161512561,0.36438843818896277
3616,Metamunirite,04,,orthorhombic,-0.3160262605354669,0.3252752362571343,0.2758485525847407
3617,Metanatroautunite,08,,tetragonal,-0.24492140763031145,-0.19729858263457412,0.3526221668398568
3618,Metanováčekite,08,,tetragonal,-0.25845302684711546,-0.21024445368948536,0.37007385431433765
3619,Metarauchite,08,Autunite,triclinic,-0.261805247902335,-0.2139293342924594,0.37224046842714564
3620,Metarossite,04,,triclinic,0.6197607214349562,-0.024374760771750124,0.013491147230027279
3621,Metasaléeite,08,,,-0.2551303393797102,-0.2016418536979955,0.3672984762429041
3622,Metaschoderite,08,,monoclinic,-0.3427008262698485,0.32257908806468205,0.28862911019410353
3623,Metaschoepite,04,Schoepite,orthorhombic,0.63082143371171,-0.25615768098582514,0.02734527882356912
3624,Metasideronatrite,07,,orthorhombic,-0.22076150600932004,-0.2446987839810087,-0.23107365360897886
3625,Metastibnite,02,Stibnite,,0.6818463966075001,-0.009862476776553723,0.016547801350231345
3626,Metastudtite,04,,orthorhombic,0.6919345978537763,-0.1831124076126764,0.017112450639116712
3627,Metaswitzerite,08,,monoclinic,-0.36969977491457867,0.35631753266605554,0.3062339475411242
3628,Metatamboite,07,,monoclinic,-0.2194784427705713,-0.2628041323748458,-0.2542015021743813
3629,Metathénardite,07,Aphthitalite,hexagonal,-0.3191198029976076,0.2634897261294132,-0.34405769091211946
3630,Metatorbernite,08,,"tetragonal, monoclinic",-0.2600865936099901,-0.23287762772523127,0.3556779694203003
3631,Metatyuyamunite,08,Fritzscheite,orthorhombic,-0.25011467845189544,-0.2036020489511913,0.34709394780483516
3632,Metauramphite,08,,,-0.2568218608784268,-0.21182645323460655,0.3482760822510599
3633,Metauranocircite,08,,monoclinic,-0.2572494586675967,-0.21667999965927404,0.37250914953278114
3634,Metauranopilite,07,,,-0.23290500413353282,-0.3298510707283362,-0.268987418067322
3635,Metauranospinite,08,,,-0.2567584282045735,-0.2141076743669976,0.35722228648559806
3636,Metauroxite,10,Oxalate,triclinic,0.6375452788537634,-0.22163511562346958,0.03251385844021352
3637,Metavandendriesscheite,04,,,0.6480923191633495,-0.20198194047368778,0.01695341419958416
3638,Metavanmeersscheite,08,,orthorhombic,-0.24245180556289428,-0.2437281823809865,0.3498028189104695
3639,Metavanuralite,08,,triclinic,-0.24747197285455752,-0.2415649226954693,0.3421019359549472
3640,Metavariscite,08,Phosphosiderite,monoclinic,-0.3365274120248175,0.3272462064649633,0.29264436806462873
3641,Metavauxite,08,,monoclinic,-0.24434280465275138,-0.20422702013100366,0.3296931464705856
3642,Metavivianite,08,Symplesite,triclinic,-0.25045273258937817,-0.18794565476299718,0.34022030381075163
3643,Metavoltine,07,Metavoltine,hexagonal,-0.2372809316518334,-0.2226183102750042,-0.2509014415159031
3644,Metazellerite,05,,orthorhombic,-0.18897461039639013,-0.2705501103095973,-0.05069133223671822
3645,Metazeunerite,08,,tetragonal,-0.25820369718950886,-0.23302315121782874,0.3487821553609778
3646,Meurigite-K,08,Phosphofibrite,monoclinic,-0.25281259119772415,-0.2011584290209462,0.3507932594721745
3647,Meurigite-Na,08,Phosphofibrite,monoclinic,-0.25280295871783687,-0.20138959931649636,0.3511718095901625
3648,Meyerhofferite,06,,triclinic,0.6005131129772693,-0.15874678279829563,0.03040041722090371
3649,Meymacite,07,Amorphous,,-0.3232217258890711,0.4357290616873052,-0.14418076307375513
3650,Meyrowitzite,05,Not in a structural group,monoclinic,-0.19212648706259247,-0.276226761269699,-0.051756530556930615
3651,Mgriite,02,Diamond,cubic,0.6599342627698493,-0.011238043002084842,-0.0158776310835769
3652,Mianningite,04,Crichtonite,hexagonal,0.6241460096190146,-0.07257739215081246,0.05949893401806558
3653,Miargyrite,02,,monoclinic,0.6874468690075568,-0.027099222784520236,0.022481369631617558
3654,Miassite,02,,cubic,0.6621549779782361,-0.028713323146501383,0.0009576296635229742
3655,Michalskiite,08,Lyonsite,orthorhombic,-0.33899423985527843,0.33542237467068736,0.28685739774235414
3656,Micheelsenite,05,Ettringite,hexagonal,-0.23374448528449843,-0.2718698704814659,0.16133844561727304
3657,Michenerite,02,Ullmannite,cubic,0.666326208850158,-0.02651616536268392,0.008614274841364213
3658,Michitoshiite-(Cu),01,Iron,cubic,0.6241223015146851,0.5131314851708385,-0.06277490848643796
3659,Microcline,09,Feldspar,triclinic,0.608887960793561,-0.05378264571574897,0.01247853998242997
3660,Microsommite,09,"Cancrinite-sodalite, Cancrinite",hexagonal,-0.21320941035739982,-0.18340718942889872,-0.26123169802938895
3661,Midbarite,09,Garnet,cubic,0.5925242342680842,-0.008861679164549639,0.03214139029125675
3662,Middendorfite,09,,monoclinic,0.5990659904545048,-0.18306964293809835,0.04014623062489337
3663,Middlebackite,10,"Not in a structural group, Oxalate",monoclinic,0.6075861552091825,-0.1521530063179512,0.0032660999689516045
3664,Mieite-(Y),09,Not in a structural group,orthorhombic,-0.17634903052065182,-0.17304533752676188,0.033747591606506165
3665,Miersite,03,Diamond-Sphalerite,cubic,0.7028086603309375,0.08077582891080723,-0.004939866505857732
3666,Miessiite,02,Isomertieite,cubic,0.6658881038654516,-0.02749760673098333,-0.0008734753043329879
3667,Miguelromeroite,08,Hureaulite,monoclinic,-0.2479769307230807,-0.1496986524790742,0.34106681213435863
3668,Miharaite,02,,orthorhombic,0.6562261758206789,-0.04970118172306465,-0.005405058330267189
3669,Mikasaite,07,Millosevichite,hexagonal,-0.3377460756412844,0.302481947679355,-0.33007731340106283
3670,Mikecoxite,10,Not in a structural group,monoclinic,0.663579359237316,0.04422310990915742,-0.024223069340354376
3671,Mikehowardite,08,Schubnelite,triclinic,-0.36131438267681004,0.3648563663127898,0.31754672821073665
3672,Mikenewite,04,Albertiniite,monoclinic,-0.34165308591406557,0.28489057450455146,-0.3725092428976936
3673,Milanriederite,09,Vesuvianite,tetragonal,0.5921066421530508,-0.08618317923224678,0.03589461089140146
3674,Milarite,09,Milarite,hexagonal,0.5994217211590197,-0.047589464973665535,0.021400594239342458
3675,Milkovoite,08,Kozyrevskite,orthorhombic,-0.23349467894584802,-0.12066371045258784,0.3068281722122619
3676,Millerite,02,Millerite,hexagonal,0.6240850414562125,0.016160658225717273,0.028906017596027313
3677,Millisite,08,Wardite,,-0.23945184775613754,-0.21289296495968485,0.3258515759607666
3678,Millosevichite,07,Millosevichite,hexagonal,-0.3127744333930159,0.2682361360947134,-0.3601646896502221
3679,Millsite,04,,monoclinic,-0.3283198945358806,0.2583358492507179,-0.424946114497605
3680,Milotaite,02,Ullmannite,cubic,0.6702346940402392,-0.030732323740693332,0.010713040948329727
3681,Mimetite,08,Apatite,"hexagonal, monoclinic",-0.2647400365301813,0.01257645124111164,0.28641395259693136
3682,Minakawaite,02,Modderite,orthorhombic,0.6302663174807593,0.5266159386345504,-0.05424453125224261
3683,Minasragrite,07,Minasragrite,monoclinic,-0.29419667910343894,-0.1957617524278375,-0.3974459301417045
3684,Mineevite-(Y),05,,hexagonal,-0.1897454757071224,-0.18854660977047177,-0.0848352291345075
3685,Minehillite,09,Gyrolite,hexagonal,0.5825459503862257,-0.1091659289438161,0.03765327367378803
3686,Minguzzite,10,Oxalate,monoclinic,0.6128842676856621,-0.053693052689592374,0.029474166049722434
3687,Minium,04,Minium,"tetragonal, orthorhombic",0.6425759268415373,-0.07640633475238841,-0.03586328117416766
3688,Minjiangite,08,Cymrite,hexagonal,0.618114594341937,-0.027259576690440927,0.014801062748153666
3689,Minnesotaite,09,"Clay, Talc",triclinic,0.5839196058307524,-0.11830354927424609,0.03217657299077537
3690,Minohlite,07,,hexagonal,-0.23446954528967645,-0.27698578668610896,-0.2615164186302352
3691,Minrecordite,05,Calcite-Dolomite,hexagonal,-0.28706014813416403,0.2970344764535383,-0.09483531094153747
3692,Minyulite,08,,orthorhombic,-0.26448053354516743,-0.022780364270712998,0.3331002498528423
3693,Mirabilite,07,,monoclinic,-0.3398554546149516,0.24340489736466808,-0.3536422322711882
3694,Mirnyite,04,Crichtonite,hexagonal,0.6531629712898274,-0.0655660966505585,0.053366122963305784
3695,Misakiite,03,Atacamite,hexagonal,0.5995833635419576,-0.15694205328365146,0.017456314706340664
3696,Misenite,07,,,-0.21346201907645426,-0.26438672273309355,-0.2590943339601603
3697,Miserite,09,,triclinic,0.6052707558787638,-0.09032244552311613,0.03644001679628454
3698,Mitridatite,08,Arseniosiderite,"hexagonal, monoclinic",-0.24645665716736634,-0.12034631310095045,0.34704703407150606
3699,Mitrofanovite,02,,hexagonal,0.6619118974371141,-0.02773520536070975,0.0009425212384739715
3700,Mitryaevaite,08,,triclinic,-0.24923196136084694,-0.1988895381437355,0.33341985579066963
3701,Mitscherlichite,03,,tetragonal,0.6330986472249024,0.050487651364629765,-0.011467550992372079
3702,Mixite,08,Mixite,hexagonal,-0.23959861452977735,-0.20961335419454724,0.3117482110127237
3703,Miyahisaite,08,Apatite,hexagonal,-0.2581522505054097,0.015500107568566504,0.33467612596997254
3704,Miyawakiite-(Y),09,Not in a structural group,tetragonal,-0.17134091691121747,-0.16893474646638462,-0.0436407819865961
3705,Mizraite-(Ce),04,Magnetoplumbite,hexagonal,0.6118509588242895,-0.06997131016482039,0.00834551759262324
3706,Moabite,08,Not in a structural group,orthorhombic,-0.2355452172693826,-0.08882287016334513,0.33577877542504764
3707,Moctezumite,04,,monoclinic,-0.20059042558846263,-0.2631319988184723,-0.34056986434236247
3708,Modderite,02,Modderite,orthorhombic,0.6441786247012924,0.14289112867387962,0.02632289430129604
3709,Modraite,09,Vesuvianite,tetragonal,-0.17918829803448194,-0.1739829674184713,0.02844729062005047
3710,Moëloite,02,,orthorhombic,0.6548295993980804,-0.02420770805558168,-0.025817648340812446
3711,Mogánite,09,,monoclinic,-0.09171611887056991,-0.2523298995390393,-0.0005253661853827653
3712,Mogovidite,09,Eudialyte,hexagonal,-0.17708328913796478,-0.19884430516395182,-0.02319248250282515
3713,Mohite,02,Diamond-Sphalerite,triclinic,0.6852664203295609,-0.06242829945352503,0.00136937007413487
3714,Möhnite,07,Aphthitalite,hexagonal,-0.2623866854453043,-0.1568887163551858,-0.27874350177067
3715,Mohrite,07,Picromerite,monoclinic,-0.27473050031380275,-0.18255378184811472,-0.29528553012059755
3716,Moiraite,02,Sartorite,triclinic,0.6556866310818869,-0.011085325151231028,-0.029527482925339653
3717,Moissanite,01,Wurtzite,"hexagonal, cubic",0.793559036332322,0.13249491362059201,-0.03878452110953507
3718,Mojaveite,07,,hexagonal,-0.2109652195695935,-0.25947220334874443,-0.2565854709480866
3719,Molinelloite,08,,triclinic,-0.23788617707813775,-0.16982208267121934,0.31122244031756785
3720,Moluranite,07,,,-0.19326451767945055,-0.2595922175619977,0.002149041254566714
3721,Molybdenite,02,Molybdenite,hexagonal,0.7876529811169626,0.02068758250953069,-0.027580522574212188
3722,Molybdite,07,,orthorhombic,-0.30940165196485353,0.4510641496171952,-0.14055700141503558
3723,Molybdofornacite,08,Fornacite,monoclinic,-0.21336104383030574,-0.15831437986054248,0.15010219073827463
3724,Molybdomenite,04,Molybdomenite,monoclinic,-0.31786037274375734,0.2805959379714029,-0.4376189764565345
3725,Molybdophyllite,09,Molybdophyllite,"triclinic, monoclinic",-0.18387173835680407,-0.23108492219840193,-0.04531808970621638
3726,Molysite,03,,hexagonal,0.632309012958486,0.12817269489995406,0.026360054108950953
3727,Momoiite,09,Garnet,cubic,-0.22316290944572492,0.03878391115226139,0.02084747789545005
3728,Monazite-(Ce),08,Monazite,monoclinic,-0.3424671148330138,0.3747212381843017,0.3324900408564386
3729,Monazite-(Gd),08,Monazite,monoclinic,-0.32144764143546745,0.3539038089312551,0.30964507600372093
3730,Monazite-(La),08,Monazite,monoclinic,-0.3215609455779893,0.35358802410066303,0.3096018619601482
3731,Monazite-(Nd),08,Monazite,monoclinic,-0.32158217118230015,0.35400308477088666,0.30957269992539493
3732,Monazite-(Sm),08,Monazite,monoclinic,-0.3214380185923801,0.3539512950510554,0.30965110229270065
3733,Moncheite,02,Melonite,hexagonal,0.6605296569150598,-0.017262412871720333,-0.00034479440896533625
3734,Monchetundraite,02,Not in a structural group,orthorhombic,0.6426965047714712,-0.011567260410430984,0.02100443819546298
3735,Monetite,08,,triclinic,-0.22236345955788753,-0.19646335479880797,0.30217534333749996
3736,Mongolite,09,,tetragonal,0.6175474842884388,-0.19165517565491164,0.03831214729476924
3737,Monimolite,04,Pyrochlore,,0.6569799217778152,-0.09624245878704749,-0.022141231671516284
3738,Monipite,01,Barringerite,hexagonal,0.6432668359435064,0.1398520063432699,0.02439390106645631
3739,Monohydrocalcite,05,,hexagonal,-0.28522266428439774,0.2880612962297059,-0.11438221115634865
3740,Montanite,07,,,-0.12692422960330924,-0.23600871047907807,-0.29591835582326304
3741,Montbrayite,02,,triclinic,0.6592476565682396,-0.020138129605927233,-0.009083393536131653
3742,Montdorite,09,Mica,monoclinic,0.5773519042776867,-0.11274992900739633,0.0500370378124032
3743,Montebrasite,08,Titanite-Amblygonite,triclinic,-0.22613060912306163,-0.17985208374843997,0.3273259664105772
3744,Monteneroite,08,Vivianite,monoclinic,-0.3697046973832554,0.33553844674050676,0.28814550983517223
3745,Monteneveite,04,Garnet,cubic,0.6050539534967871,-0.07607254022649595,0.039641488245809445
3746,Monteponite,04,Rocksalt,cubic,0.6173002738713718,-0.025034891012760085,0.019331743319396782
3747,Monteregianite-(Y),09,Rhodesite,"orthorhombic, monoclinic",0.6254221679412652,-0.06477894598667823,0.022800859346399166
3748,Montesommaite,09,,tetragonal,0.6167858435766945,-0.0853741531617222,0.009872889268076767
3749,Montetrisaite,07,,orthorhombic,-0.22228371746907638,-0.2866606181839485,-0.27014815163846534
3750,Montgomeryite,08,Calcioferrite,monoclinic,-0.2512411934173453,-0.20046223860886425,0.3340669615383425
3751,Monticellite,09,Olivine,orthorhombic,-0.27752322765612747,0.3557722820268536,-0.01858363696978827
3752,Montmorillonite,09,"Clay, Smectite-vermiculite","triclinic, monoclinic",0.5772969648293983,-0.1410462140481939,0.04187815507087053
3753,Montpelvouxite,02,Zinkenite,triclinic,0.6642823573658894,-0.009677020999764432,-0.012923257489592757
3754,Montroseite,04,Diaspore,orthorhombic,0.6172848936456159,-0.13986515061931454,0.028430021451835433
3755,Montroyalite,05,,,-0.18880439746427596,-0.3078271372595094,-0.03990154088429033
3756,Montroydite,04,,orthorhombic,0.6499877908914935,-0.06914848912841323,-0.009664485338335138
3757,Mooihoekite,02,Chalcopyrite,tetragonal,0.6188774206349078,-0.02229354269941301,0.005408327786432859
3758,Moolooite,10,Oxalate,orthorhombic,0.607799805277525,-0.15478904922625758,0.009785910039738527
3759,Mooreite,07,Not in a structural group,monoclinic,-0.2341442273899013,-0.27743490995052045,-0.23702643944867058
3760,Moorhouseite,07,Hexahydrite,monoclinic,-0.36203592234511967,0.2866559853512661,-0.3590179691815727
3761,Mopungite,04,Perovskite,tetragonal,0.6085245277174761,-0.18159264579963957,0.04084816395623277
3762,Moraesite,08,,monoclinic,-0.2456665596453507,-0.18659712508315124,0.33471632507137067
3763,Moragite,09,Paqueite,hexagonal,0.6028826355038086,-0.060990928665260485,0.021570153653162394
3764,Moraskoite,08,Moraskoite,orthorhombic,-0.2548942389544555,0.005540848519581011,0.3408866678506713
3765,Mordenite,09,Mordenite,orthorhombic,0.618426857312578,-0.08952796029017793,0.022148859819129868
3766,Moreauite,08,,monoclinic,-0.24733981602516658,-0.22567334220592153,0.3373373424060917
3767,Morelandite,08,Apatite,hexagonal,-0.256818679874991,0.015844847817736395,0.3249941534516757
3768,Morenosite,07,Epsomite,orthorhombic,-0.3634680363822107,0.28748584254759796,-0.36066275157079974
3769,Morimotoite,09,Garnet,cubic,0.6036742900259741,-0.048382385228914984,0.034713215723220586
3770,Morinite,08,,monoclinic,-0.2612375206158752,-0.08474656044176555,0.33255379364675897
3771,Morleyite,02,Not in a structural group,triclinic,0.6575137675996374,-0.02078871546447615,-0.023792464787157623
3772,Morningstarite,07,Wumuite,hexagonal,0.6067193456731003,-0.05763137922919133,0.03577726680295525
3773,Morozeviczite,02,,,0.6530809438330094,-0.026408158550794966,-0.02251858081776419
3774,Morrisonite,04,Not in a structural group,monoclinic,0.6346335671277263,-0.0426069017302015,0.009336864495358244
3775,Mosandrite-(Ce),09,Seidozerite-Rinkite,monoclinic,0.6083723372325833,-0.1277904659883461,0.05187141426771574
3776,Moschelite,03,,tetragonal,0.6952710454113677,0.07643215366179748,-0.011197060984334472
3777,Moschellandsbergite,01,,cubic,0.6264683544884,0.5233414340619246,-0.052594247873181954
3778,Mosesite,03,,cubic,0.6693545101452382,0.0917373247550359,-0.03199563842291878
3779,Moskvinite-(Y),09,,orthorhombic,0.6200255696556788,-0.03931941595481017,0.027178978455639255
3780,Mössbauerite,05,Hydrotalcite,hexagonal,-0.1879613990320915,-0.2736213472614884,-0.02631420503286147
3781,Mottanaite-(Ce),09,Hellandite,monoclinic,0.6063699897818691,-0.0372833734422865,0.025914383356434752
3782,Mottramite,08,Conichalcite,orthorhombic,-0.2267042458155179,-0.1788184463392878,0.2871096031030865
3783,Motukoreaite,07,Woodwardite,hexagonal,-0.24365727579176624,-0.31159910537388374,-0.24574532751227457
3784,Mounanaite,08,Natrochalcite,monoclinic,-0.22615290577770614,-0.16950698919862545,0.31092662191700615
3785,Mountainite,09,,monoclinic,0.5927502985981672,-0.11346455489021187,0.03773871030701233
3786,Mountkeithite,07,"Woodwardite, Hydrotalcite",hexagonal,-0.21677544551880815,-0.2566717975119239,-0.23287630394651448
3787,Mourite,07,,monoclinic,0.6915391625387202,-0.17510144183231852,0.00836856542412815
3788,Moxuanxueite,09,Wöhlerite,triclinic,0.6085031458722516,-0.029192186819804712,0.026840428008357623
3789,Moydite-(Y),05,,orthorhombic,-0.17047389226846635,-0.25367073830614395,-0.03742430835551502
3790,Mozartite,09,Conichalcite,orthorhombic,-0.1783486270613926,-0.18481323549579762,0.049410906619621005
3791,Mozgovaite,02,,orthorhombic,0.6623616279650637,-0.007690972834153037,-0.0013114654630680296
3792,Mpororoite,07,Anthoinite,"monoclinic, triclinic",-0.17066365868118177,-0.12814662122867562,-0.026573459281350062
3793,Mrázekite,08,,monoclinic,-0.23472939192192296,-0.18115039939219663,0.32379577113767744
3794,Mroseite,05,,orthorhombic,-0.2906456663070512,0.2732389126896173,-0.27159761160177687
3795,Mückeite,02,Lapieite,orthorhombic,0.6490044081542418,-0.01521065370434177,0.021821990641561692
3796,Muirite,09,Muirite,tetragonal,0.5927560431737452,-0.1026795329425847,0.03543118942704704
3797,Mukhinite,09,"Clinozoisite, Epidote",monoclinic,-0.1778972025838946,-0.1644140807967878,0.02522712371803454
3798,Müllerite,07,Backite,hexagonal,-0.1599975748867816,-0.03086282488954435,-0.37250545266447105
3799,Mullite,09,,orthorhombic,0.6232173341056463,-0.05330981157693257,-0.0027782168285033094
3800,Mummeite,02,Pavonite,monoclinic,0.6733117220569877,-0.020139254216943486,0.010909887722795945
3801,Munakataite,07,Linarite,monoclinic,-0.20947713543357666,-0.27347526930761523,-0.28919102852405754
3802,Mundite,08,,orthorhombic,-0.2486857611352485,-0.24974944322207987,0.35087724824008054
3803,Mundrabillaite,08,,monoclinic,-0.22916161267422175,-0.18843016179695182,0.31191673499123607
3804,Munirite,04,,monoclinic,-0.3208765245169112,0.3227500402393489,0.27912740218337234
3805,Muonionalustaite,03,,monoclinic,0.5949100010574683,-0.14070236250166426,0.035763378905873694
3806,Murakamiite,09,Pectolite,triclinic,0.5857420201394298,-0.1022933911295871,0.03878729416378045
3807,Murashkoite,01,Nickeline,orthorhombic,0.6305613552299515,0.12557056914975598,0.016667657012588967
3808,Murataite-(Y),03,,cubic,0.6179225154421388,-0.10357413046175695,0.061556484017609756
3809,Murchisite,02,,hexagonal,0.7885315852741734,0.03774043488235587,-0.030604280464121888
3810,Murdochite,03,Murdochite,cubic,0.6426623359665242,-0.07272358601777355,-0.02965407929422049
3811,Murmanite,09,Seidozerite-Murmanite,triclinic,0.6494175358983072,-0.08621796217944805,0.052073320147003485
3812,Murphyite,07,Raspite,"monoclinic, unknown",-0.32920432126314947,0.29367687694403294,-0.40244187767068434
3813,Murunskite,02,Bukovite,tetragonal,0.6389208053649136,-0.05725633034844906,0.018881672027922822
3814,Muscovite,09,"Mica, Clay","monoclinic, triclinic, hexagonal",0.5932363048549746,-0.14034683831660166,0.02587094279598598
3815,Museumite,02,,monoclinic,0.6571110160450373,-0.024351192627818513,-0.017239457374028037
3816,Mushistonite,04,Perovskite,"cubic, tetragonal",0.6110950736723445,-0.18316960855360198,0.02642730991492594
3817,Muskoxite,04,Hydrotalcite,,0.5823098370870443,-0.1786034528542328,0.04532173856957336
3818,Muthmannite,02,,monoclinic,0.6637707036753098,-0.023444748561832443,0.004694615883378734
3819,Mutinaite,09,,orthorhombic,0.6207830814110404,-0.07996775078584663,0.01596108120850009
3820,Mutnovskite,02,,orthorhombic,0.6520588099806087,0.03377014372191012,-0.06164495033235452
3821,Naalasite,08,Nafeasite,hexagonal,-0.22153149879641804,-0.20563223998493485,0.31273477256256005
3822,Nabalamprophyllite,09,Seidozerite-Lamprophyllite,"monoclinic, orthorhombic",0.6108645052567333,-0.1202510215187757,0.0597381030703587
3823,Nabaphite,08,Nastrophite,cubic,-0.3544169568324954,0.32074936767059226,0.3213494488826153
3824,Nabateaite,08,,triclinic,0.6069718563708643,-0.01447982223777896,0.012294440840310342
3825,Nabesite,09,,orthorhombic,0.6171564794157341,-0.05360951391331133,0.033839373518995935
3826,Nabiasite,08,,cubic,-0.23436883797345268,-0.12164153661443958,0.3274296954084177
3827,Nabimusaite,09,Arctite,hexagonal,-0.204790081300662,-0.12833151667709788,-0.10595403840450632
3828,Nabokoite,07,,tetragonal,-0.2468653320296023,-0.07584989234127101,-0.3402520257906346
3829,Nacaphite,08,,"hexagonal, triclinic",-0.2584602651804668,-0.0028045420864973043,0.3382823849624924
3830,Nacareniobsite-(Ce),09,Seidozerite-Rinkite,monoclinic,0.6080010382125715,-0.04610744883262413,0.04054365304098445
3831,Nacareniobsite-(Nd),09,Seidozerite-Rinkite,monoclinic,0.6072999979203941,-0.04354617284598267,0.03705052236067545
3832,Nacareniobsite-(Y),09,Seidozerite-Rinkite,monoclinic,0.6070508614868121,-0.04352098052601298,0.037143977064966305
3833,Nacrite,09,"Clay, Kaolinite",monoclinic,0.5971895710412896,-0.16862561065608286,0.022197281697303117
3834,Nadorite,03,Nadorite,orthorhombic,0.6483864814361693,-0.024195299648954168,-0.028299627424085545
3835,Nafeasite,08,Nafeasite,monoclinic,-0.22376467833540495,-0.19756891662829365,0.3228587183356205
3836,Nafertisite,09,,monoclinic,0.5858465118937688,-0.12963952811931853,0.04733830147414975
3837,Nagashimalite,09,,orthorhombic,0.6203246536388333,-0.08960890090229136,0.05209209706754703
3838,Nagelschmidtite,09,,hexagonal,-0.3220741429834155,0.33534382647205757,0.16100777584925446
3839,Nagyágite,02,,monoclinic,0.6570762790767684,-0.024345408636411395,-0.01724108803214769
3840,Nahcolite,05,,monoclinic,-0.2866929977897717,0.18987548186692443,-0.07884959133306249
3841,Nahpoite,08,,monoclinic,-0.21415269298102713,-0.19350541571136176,0.31147233198759955
3842,Nakauriite,05,,orthorhombic,-0.2417197980102748,-0.3096660840815417,-0.2674294587913346
3843,Nakkaalaaqite,09,Odintsovite,orthorhombic,0.6047398315598644,-0.0495515769387858,0.040377532113804515
3844,Naldrettite,02,,orthorhombic,0.6318519002457317,0.5255346509560295,-0.05319878094686789
3845,Nalipoite,08,,orthorhombic,-0.32840009113665686,0.3342478314708901,0.30634275089848856
3846,Nalivkinite,09,Astrophyllite-Astrophyllite,triclinic,0.5959998758596238,-0.12119240963510648,0.05239498593568341
3847,Namansilite,09,,monoclinic,0.6076569575439817,-0.02511761157056603,0.05412809597109347
3848,Nambulite,09,Rhodonite,triclinic,0.5985393833028672,-0.06219802612686723,0.04464355953026585
3849,Namibite,08,,triclinic,-0.22014879439783464,-0.15155171826650632,0.32203575269389756
3850,Namuwite,07,Ktenasite,hexagonal,-0.2343124137663865,-0.2767475262015816,-0.2463633679827475
3851,Nancyrossite,04,Perovskite,tetragonal,0.6007032525790532,-0.17454284175912152,0.0360990287615411
3852,Nanlingite,03,,hexagonal,-0.2467024958002363,0.014263495389648176,0.3159976487269557
3853,Nannoniite,03,Gibbsite,monoclinic,0.5973413861095545,-0.16940160597055903,0.02435869216333984
3854,Nanpingite,09,Mica,monoclinic,0.5934875179529144,-0.1396047025440077,0.02754308957119373
3855,Nantokite,03,Diamond-Sphalerite,cubic,0.6920024178159881,0.06313833005762241,-0.03543506698760553
3856,Napoliite,03,Not in a structural group,tetragonal,0.6466752990592171,0.03112783738558294,-0.06277166238700815
3857,Naquite,01,Brownleeite,cubic,0.6306943311382993,0.12135282387207298,0.010663699583854583
3858,Narsarsukite,09,,tetragonal,0.6180564240842286,-0.009740001459045362,0.05204975521136548
3859,Nashite,04,Pascoite,monoclinic,0.6258610809271984,-0.0762958130231389,0.04121284672582143
3860,Nasinite,06,,orthorhombic,0.609422655633165,-0.11780440780732779,0.03943097950889898
3861,Nasledovite,05,Alumohydrocalcite,,-0.20423763973755313,-0.21975343653039506,-0.1236389057665067
3862,Nasonite,09,,hexagonal,0.6099387249629059,-0.04330477812944857,-0.030640906321011675
3863,Nastrophite,08,Nastrophite,cubic,-0.3551704636562555,0.3211046675662453,0.3204425855867722
3864,Nataliakulikite,09,Perovskite,orthorhombic,0.5967154605594793,-0.06413838130757558,0.042984629877876004
3865,Nataliyamalikite,03,,orthorhombic,0.7000685602519969,0.07651991531974602,-0.02124404230577967
3866,Natalyite,09,Pyroxene,monoclinic,0.6262620910083396,-0.03177800460284431,0.02291216666168827
3867,Natanite,04,Perovskite,cubic,0.6044414572179034,-0.17817764468367614,0.0364185560588374
3868,Natisite,09,,tetragonal,-0.15953229081174583,-0.15787617244745078,0.045485630982338446
3869,Natrite,05,,monoclinic,-0.2708089326913155,0.28571802244739974,-0.10037684036025371
3870,Natroalunite,07,Alunite-Alunite,hexagonal,-0.2123810348818218,-0.26933164930812525,-0.248951743414375
3871,Natroaphthitalite,07,Aphthitalite,hexagonal,-0.3194719257788585,0.2625748839266472,-0.34331263638913334
3872,Natroboltwoodite,09,,orthorhombic,-0.1559986390877112,-0.2680249262478603,0.0010176848246396906
3873,Natrochalcite,07,Natrochalcite,monoclinic,-0.2215192901808222,-0.2567280603631907,-0.2668880677351265
3874,Natrodufrénite,08,Dufrénite,monoclinic,-0.237419285043591,-0.1756489597879085,0.34641232120538257
3875,Natroglaucocerinite,07,Woodwardite,hexagonal,-0.2431479667732242,-0.31208352277835094,-0.2525591041357344
3876,Natrojarosite,07,Alunite-Alunite,hexagonal,-0.2164836401778178,-0.2591719122251585,-0.23360215949202295
3877,Natrolemoynite,09,Lemoynite,monoclinic,0.6497479635487708,-0.08986049214371918,0.045788153518222754
3878,Natrolite,09,Natrolite,"orthorhombic, monoclinic",0.6075375315340364,-0.07616992329375244,0.015882053304115355
3879,Natromarkeyite,05,Markeyite,orthorhombic,-0.20628565022237577,-0.28218344402987794,-0.03983277582462637
3880,Natromelansonite,09,Rhodesite,monoclinic,0.6311986586370423,-0.07514513581745544,0.04010303004444679
3881,Natromolybdite,07,,orthorhombic,-0.27776366346798026,0.35946344841354355,-0.05820785821628833
3882,Natron,05,,monoclinic,-0.28657846590804,0.27779360451879104,-0.09934034036294692
3883,Natronambulite,09,Rhodonite,triclinic,0.5969041059687441,-0.06332513547630345,0.04646610311100696
3884,Natroniobite,04,Perovskite,monoclinic,0.6447378408104105,-0.09764562021509493,0.034740351077875625
3885,Natropalermoite,08,Carminite,orthorhombic,-0.22640692224303416,-0.18212071346644979,0.32607682152048467
3886,Natropharmacoalumite,08,Pharmacosiderite,cubic,-0.23649344156631794,-0.2100986085734231,0.3205829661292253
3887,Natropharmacosiderite,08,Pharmacosiderite,cubic,-0.2414829103783846,-0.19398886585954528,0.33551228014455836
3888,Natrophilite,08,Olivine,orthorhombic,-0.3377628494251653,0.3367793681638165,0.30992223935456803
3889,Natrophosphate,08,,cubic,-0.2686130720350959,-0.016882096227450374,0.36414297878032065
3890,Natrosilite,09,,monoclinic,0.624582882091019,-0.03876199198533499,0.02062348222368785
3891,Natrosulfatourea,07,Not in a structural group,orthorhombic,-0.24429958659345208,-0.1933409797227686,-0.26625098808268416
3892,Natrotantite,04,,hexagonal,0.6584763481907093,-0.10484103876635985,0.036558050314113535
3893,Natrotitanite,09,Titanite,monoclinic,-0.15612891921497246,-0.15795871783605994,0.052756412332673655
3894,Natrouranospinite,08,Trögerite,tetragonal,-0.24803341992513195,-0.20261028492119476,0.3490173217593609
3895,Natrowalentaite,08,Walentaite,orthorhombic,-0.24690791679757065,-0.09532758240396505,0.36507730501686164
3896,Natroxalate,10,Oxalate,,0.627062362989488,-0.028616594211364314,0.018151184536854707
3897,Natrozippeite,07,Zippeite,monoclinic,-0.24168179419116842,-0.3207622525794631,-0.27414355383724404
3898,Naujakasite,09,,monoclinic,0.6020925204816918,-0.05826668135342167,0.023228471164786033
3899,Naumannite,02,Not in a structural group,orthorhombic,0.6929445258889748,-0.04869854650932651,0.007384293341899842
3900,Navajoite,04,Ajoite,monoclinic,0.6303954508213246,-0.025909347831710148,0.039398310144827406
3901,Navrotskyite,07,,orthorhombic,-0.22042028734871705,-0.23731147104805989,-0.2699430333953108
3902,Nazarchukite,08,Itelmenite,orthorhombic,-0.34272529004268115,0.3323973364131591,0.30521857299174726
3903,Nazarovite,01,,tetragonal,0.6428714840368868,0.14238603553307316,0.027286268567901888
3904,Nchwaningite,09,,orthorhombic,-0.1585907482163953,-0.2151298023982837,0.006454343278109363
3905,Nealite,03,,triclinic,-0.2584784190998667,-0.013588706169958713,0.27250137076684483
3906,Nechelyustovite,09,Seidozerite-Lamprophyllite,triclinic,0.6339149800915507,-0.14990779600686124,0.06626299040655385
3907,Nefedovite,08,,tetragonal,-0.2605060776395267,-7.358160881847445e-05,0.33663047091679404
3908,Negevite,01,Pyrite,cubic,0.6447018451998452,0.1421695028355358,0.025692902370188626
3909,Neighborite,03,Perovskite,"orthorhombic, tetragonal, cubic",0.5950540970345868,0.10611887373986853,0.04025323378624655
3910,Nekoite,09,,triclinic,0.6261978541731188,-0.046168500777477944,0.008470830560862187
3911,Nekrasovite,02,"Germanite, Diamond-Sphalerite",cubic,0.6740093737267421,-0.057509107814326166,-0.010352744489827115
3912,Nelenite,09,"Pyrosmalite, Clay","hexagonal, monoclinic",0.592465438908272,-0.12481408463162222,0.0455135062966332
3913,Neltnerite,09,Braunite,tetragonal,-0.17539117452224254,-0.10173125594776083,0.04939965304900662
3914,Nenadkevichite,09,Labuntsovite,"orthorhombic, monoclinic",0.6344476348463459,-0.14836222253840903,0.04912151747135683
3915,Neotocite,09,Allophane,,-0.2822652620623049,0.3560183023493623,-0.08354731066805413
3916,Nepheline,09,Tridymite-Nepheline,hexagonal,0.6049019528172905,-0.06385081709886747,0.017649008911095006
3917,Népouite,09,"Serpentine, Clay",,0.5925942345034877,-0.13677108365050344,0.04275093313225646
3918,Nepskoeite,03,,orthorhombic,0.5788109514001065,-0.17192165967069767,0.04247302712764877
3919,Neptunite,09,Neptunite,monoclinic,0.6116305968495759,-0.059590457662742326,0.050903400472478266
3920,Neskevaaraite-Fe,09,Labuntsovite,monoclinic,0.6320278367625602,-0.15851285972094292,0.05692056987108281
3921,Nesquehonite,05,,monoclinic,-0.29365113170078727,0.3048929105799987,-0.08394697949383442
3922,Nestolaite,04,Not in a structural group,monoclinic,-0.31673365482352334,0.2617331516370901,-0.37487296886716515
3923,Neustädtelite,08,Medenbachite,triclinic,-0.22796582795785764,-0.15685005108795905,0.3343712729277403
3924,Nevadaite,08,Nevadaite,orthorhombic,-0.27658196181922173,-0.08321891607777303,0.3459271272806688
3925,Nevskite,02,Tetradymite,hexagonal,0.6594779918362266,-0.012638069623851386,-0.0005217802809755895
3926,Newberyite,08,Newberyite,orthorhombic,-0.22799268245039062,-0.1924646524700589,0.3153855268854
3927,Neyite,02,Neyite,monoclinic,0.6546842147199337,-0.024198852760384165,-0.02273934037745238
3928,Nežilovite,04,Magnetoplumbite,hexagonal,0.6074741319609611,-0.0500922414648456,0.03350021205490407
3929,Niahite,08,Dittmarite,orthorhombic,-0.27637100189834796,-0.077855573460056,0.3549674279568301
3930,Niasite,08,Jeffbenite,tetragonal,-0.3524334058500008,0.37496222261866297,0.2957230766293297
3931,Nickel,01,Copper,"cubic, hexagonal",0.5921827171971451,0.5481799829154772,-0.02223368493719311
3932,Nickelalumite,07,Chalcoalumite,monoclinic,-0.21960219882323523,-0.2838805317083245,-0.2529640974102086
3933,Nickelaustinite,08,Conichalcite,orthorhombic,-0.23253733982190472,-0.1606799041149812,0.327729043768653
3934,Nickelbischofite,03,,monoclinic,0.6372038930076067,0.10717166397975338,0.0010315467917464136
3935,Nickelblödite,07,Blödite,monoclinic,-0.3395182324357743,0.24720832511093963,-0.3267300496916552
3936,Nickelboussingaultite,07,Picromerite,monoclinic,-0.2740488461007876,-0.17998971275625766,-0.29476440428270584
3937,Nickelhexahydrite,07,Hexahydrite,monoclinic,-0.36230625832912383,0.2872801622098464,-0.35844231490113976
3938,Nickeline,02,Nickeline,"hexagonal, orthorhombic",0.6446377927415855,0.14232195262929975,0.02623306184477807
3939,Nickellotharmeyerite,08,Natrochalcite,monoclinic,-0.3557037924012771,0.33313077140518305,0.2975964485101066
3940,Nickelphosphide,01,,tetragonal,0.6428714840368868,0.14238603553307316,0.027286268567901888
3941,Nickelpicromerite,07,Picromerite,monoclinic,-0.342345776264097,0.2469550766851461,-0.3321768994793485
3942,Nickelschneebergite,08,Natrochalcite,monoclinic,-0.23454791401482683,-0.14417549242748834,0.339186343044788
3943,Nickelskutterudite,02,"Skutterudite, Perovskite",cubic,0.6451373406277238,0.14242136078989104,0.02552080351864598
3944,Nickeltalmessite,08,Fairfieldite,triclinic,-0.349576345230179,0.3252385240891862,0.2946127269608604
3945,Nickeltsumcorite,08,Natrochalcite,monoclinic,-0.22719472308209138,-0.18047676403830792,0.3232868121414148
3946,Nickeltyrrellite,02,Spinel,cubic,0.6309477154088672,-0.005413547362047247,0.02254120600955046
3947,Nickelzippeite,07,Zippeite,,-0.24187158273056292,-0.33509467984210495,-0.2668618480919901
3948,Nickenichite,08,Alluaudite,monoclinic,-0.3325600846779507,0.3304426244416654,0.29589649465948314
3949,Nickolayite,01,Barringerite,orthorhombic,0.6305070090309217,0.12396740185973733,0.01463542168661504
3950,Nicksobolevite,03,Not in a structural group,monoclinic,-0.22192861243359102,-0.12025493936113454,-0.3635954629622621
3951,Niedermayrite,07,,monoclinic,-0.22362073112428232,-0.28313425031173156,-0.2651585803331839
3952,Nielsbohrite,08,,orthorhombic,-0.23764700646966158,-0.2349625042721365,0.3435440580426635
3953,Nielsenite,01,,tetragonal,0.6211498327955786,0.511581981782734,-0.06780860763483237
3954,Nierite,01,,hexagonal,0.7955521916533774,0.12447892692569278,-0.041945944056574994
3955,Nifontovite,06,,monoclinic,0.6046228146144903,-0.16060396602453267,0.0342168314708156
3956,Nigelcookite,08,Bjarebyite,monoclinic,-0.24080881034887486,-0.14531143622252163,0.3235966707347549
3957,Niggliite,01,Nickeline,hexagonal,0.6281682895396009,0.5220070946948152,-0.053701497470897315
3958,Niigataite,09,"Clinozoisite, Epidote",monoclinic,-0.17443573153402234,-0.16574764870556322,0.023877096002627995
3959,Nikischerite,07,"Woodwardite, Hydrotalcite",hexagonal,-0.23096541394936831,-0.2920528063815417,-0.24992598783924294
3960,Nikmelnikovite,09,Garnet,hexagonal,-0.1798127630363983,-0.21802406744653932,0.0363009612014953
3961,Niksergievite,09,,monoclinic,-0.17360891209897883,-0.2515273686075226,-0.040337040502197816
3962,Nimite,09,"Chlorite, Clay",monoclinic,0.5795028842788194,-0.11171011043145346,0.040647244723476306
3963,Ningyoite,08,Rhabdophane,orthorhombic,-0.23072018795187055,-0.16960630173483596,0.35145349782719704
3964,Niningerite,02,Rocksalt,cubic,0.594064168384079,0.034585850496834214,0.03469321667460976
3965,Niobobaotite,09,Baotite,tetragonal,0.6366561965472519,-0.07875331418276907,0.046665948229328874
3966,Niobocarbide,01,Rocksalt,cubic,0.7105467981666629,0.0983404969984289,0.014975950644820137
3967,Nioboheftetjernite,04,Columbite,monoclinic,0.6480527484759226,-0.09438825541235651,0.020768739119609154
3968,Nioboholtite,09,Dumortierite,orthorhombic,0.6280402757763179,-0.05716524642735293,0.0008057366646128175
3969,Nioboixiolite-(◻),04,Columbite,orthorhombic,0.6977643091262535,-0.10518362775824458,0.02893481753881528
3970,Nioboixiolite-(Fe2+),04,Columbite,orthorhombic,0.6502342304459837,-0.09309794054833326,0.03545663947762303
3971,Nioboixiolite-(Fe3+),04,Columbite,orthorhombic,0.6389293536902887,-0.07450081244122922,0.04696131135063167
3972,Nioboixiolite-(Mn2+),04,Columbite,orthorhombic,0.656551366551202,-0.08330446991967638,0.044281981487139965
3973,Niobokupletskite,09,Astrophyllite-Kupletskite,triclinic,0.6054165071671518,-0.1010038832422287,0.0603944100170967
3974,Niobophyllite,09,Astrophyllite-Astrophyllite,triclinic,0.5979749124952322,-0.11214296672680849,0.05070594212604359
3975,Niocalite,09,Wöhlerite,monoclinic,0.6170990859841621,-0.03451150851162069,0.015448567368185399
3976,Nipalarsite,02,Not in a structural group,cubic,0.6494931108451321,0.1332378305758743,0.0274063277580198
3977,Nipeiite-(Ce),09,Cerite,hexagonal,-0.17250669716525796,-0.18611398419230432,0.035307113044771604
3978,Nisbite,02,Marcasite,orthorhombic,0.611742812210672,0.527305716528745,-0.026415926965490766
3979,Nishanbaevite,08,Not in a structural group,orthorhombic,-0.23021056942303103,-0.16429574736513833,0.027908941695613095
3980,Nisnite,01,Auricupride,cubic,0.5970379381284587,0.5405682973124417,-0.021729365603098388
3981,Nissonite,08,,monoclinic,-0.24515940464761898,-0.1945477873726132,0.33006155890063565
3982,Niter,04,,"orthorhombic, hexagonal",0.6259014067628677,-0.037846109411023315,0.017070288495757563
3983,Nitratine,04,Calcite,hexagonal,0.6240239998175681,-0.03932984351183848,0.02069446458922878
3984,Nitrobarite,04,,cubic,0.6178065532091701,-0.016115867934353486,0.012517139191197332
3985,Nitrocalcite,04,,monoclinic,0.6229377985526842,-0.0270845652896093,0.011016595626493441
3986,Nitromagnesite,04,,monoclinic,0.599298055420222,0.012261302476579541,0.04209610483552075
3987,Nitroplumbite,04,Not in a structural group,monoclinic,0.6047881324849439,-0.14593361226250873,-0.011406509741398915
3988,Nitscheite,07,Not in a structural group,monoclinic,-0.24401121597465036,-0.2952634265070659,-0.2763032439875921
3989,Niveolanite,05,,tetragonal,-0.18265681641278142,-0.2629675977889046,-0.018009957219745548
3990,Nixonite,04,Jeppeite,monoclinic,0.6527550813119547,-0.08821007693425342,0.05416800440166362
3991,Nizamoffite,08,Hopeite,orthorhombic,-0.366116245501162,0.3702490642334981,0.3141652732554266
3992,Nobleite,06,,monoclinic,0.6017254421757889,-0.1424913273247588,0.03253532580919023
3993,Noelbensonite,09,,orthorhombic,0.5906989016461172,-0.1291187888091223,0.057840076955356874
3994,Nöggerathite-(Ce),04,Zirconolite,orthorhombic,0.6438155944240448,-0.08980617420203652,0.0571477664838572
3995,Nolanite,04,Nolanite,hexagonal,0.5915364702429795,-0.11071214512830524,0.04908072185043543
3996,Nollmotzite,03,Not in a structural group,monoclinic,0.6554212215611857,-0.13146340464999204,0.03917637929484444
3997,Nolzeite,09,Not in a structural group,triclinic,0.5954665693024721,-0.12127570086433483,0.05575231004704466
3998,Nontronite,09,"Clay, Smectite-vermiculite","monoclinic, triclinic",0.5918435639568287,-0.1367977620747241,0.032603015366733094
3999,Noonkanbahite,09,Batisite,orthorhombic,0.6248526337154341,-0.06787218990110887,0.05188738260056833
4000,Norbergite,09,Humite,orthorhombic,-0.20274318220874604,0.035463607758230785,0.02633658307670754
4001,Nordenskiöldine,06,Calcite-Dolomite,hexagonal,-0.24819928871566788,0.32913756375250863,-0.0662953176399782
4002,Nordgauite,08,Nordgauite,triclinic,-0.27048855110089337,-0.013139952293912032,0.3461377889073488
4003,Nordite-(Ce),09,Nordite,orthorhombic,0.603377969008335,-0.04632560843365635,0.04416754846026966
4004,Nordite-(La),09,Nordite,orthorhombic,0.6037556755423581,-0.04638832662093209,0.043603194206472545
4005,Nordstrandite,04,,triclinic,0.596926301707101,-0.18290506696987596,0.02522447528934078
4006,Nordströmite,02,,monoclinic,0.6587720025910304,-0.017048916429729208,-0.01042401572612036
4007,Norilskite,01,Not in a structural group,hexagonal,0.627700823302737,0.521147970594465,-0.06109554836368579
4008,Normandite,09,Wöhlerite,monoclinic,0.6200278183282347,-0.058500313980041664,0.05938070964771505
4009,Norrishite,09,Mica,monoclinic,0.6105688570729877,-0.024421302506478518,0.052293437207872
4010,Norsethite,05,Calcite-Dolomite,hexagonal,-0.27741325999090577,0.3058104981924873,-0.08669942398581233
4011,Northstarite,07,Not in a structural group,hexagonal,-0.21440239022054833,-0.16628432716545882,-0.364123609667969
4012,Northupite,05,Northupite,cubic,-0.19450635603711836,-0.06362258432958261,-0.04475542917990449
4013,Nosean,09,"Sodalite, Cancrinite-sodalite",cubic,-0.21379919503557093,-0.19508008539822705,-0.2664343359149175
4014,Nováčekite,08,,"triclinic, monoclinic",-0.24957433722808348,-0.19402160302783272,0.3727049608664006
4015,Novákite,02,,"tetragonal, monoclinic",0.6779749819284825,0.09765610103190044,-0.011201651376872736
4016,Novgorodovaite,10,Oxalate,"monoclinic, triclinic",0.624642517771197,0.010702427899038514,0.002310816572403977
4017,Novikovite,07,Not in a structural group,monoclinic,-0.2276726431970727,-0.2222265088274848,-0.27513259725973677
4018,Novodneprite,01,Khatyrkite,,0.6194703726414104,0.5185803572534152,-0.0796321176375196
4019,Novograblenovite,03,Carnallite,monoclinic,0.6195112818344963,-0.04297873522943059,0.03276520176454148
4020,Nowackiite,02,Nowackiite,hexagonal,0.6577882929982888,-0.01722868956917586,0.009947816466540922
4021,Nsutite,04,Ramsdellite,,0.5951245406446428,-0.14430760527187608,0.053361844615767276
4022,Nuffieldite,02,Kobellite,orthorhombic,0.6571525591643598,-0.0295916983077252,-0.023851091649815852
4023,Nukundamite,02,,hexagonal,0.6408428382165092,-0.03395275860717574,-0.006173294513021552
4024,Nullaginite,05,Malachite,monoclinic,-0.17889849457257911,-0.24085389302028387,-0.023331687904048007
4025,Numanoite,05,,monoclinic,-0.18252518297331627,-0.24458123633522313,-0.03888143106668962
4026,Nuragheite,07,Not in a structural group,monoclinic,-0.2717523967252788,0.394969759704972,-0.047953824450600285
4027,Nuwaite,02,Nuwaite,tetragonal,0.6267349233455877,0.012763674977620623,0.02984102163264256
4028,Nybergite,09,Kristiansenite,triclinic,0.5920871774533643,-0.12024892322636968,0.031109430051468788
4029,Nybøite,09,Amphibole,monoclinic,0.5763284891670503,-0.0963472816241881,0.04986922666099233
4030,Nyerereite,05,Fairchildite,"orthorhombic, hexagonal",-0.2816208700106201,0.2740707933426252,-0.09157041124166643
4031,Nyholmite,08,Hureaulite,monoclinic,-0.2523836959241251,-0.15826740465030487,0.3317271063241263
4032,Oberthürite,02,Pentlandite,cubic,0.6265859951029622,0.013797830361726365,0.02864137821160513
4033,Oberwolfachite,08,Alunite,hexagonal,-0.24193515489579231,-0.22572909435827923,0.04668388430083857
4034,Oboniobite,04,Corundum,hexagonal,0.6035017890107173,-0.044308958580816335,0.04938046013398445
4035,Obradovicite-KCu,07,Betpakdalite,orthorhombic,0.6129105169953087,-0.15130390611276695,0.05204330712335742
4036,Obradovicite-NaCu,07,Betpakdalite,orthorhombic,0.611843212888969,-0.15193661271286912,0.0544986010801981
4037,Obradovicite-NaNa,07,Betpakdalite,orthorhombic,0.609922482862507,-0.15897468804772927,0.06279493118976139
4038,O'danielite,08,Alluaudite,monoclinic,-0.23111671075290013,-0.15500896530943573,0.32768279860846594
4039,Odigitriaite,09,Not in a structural group,monoclinic,0.5980912517460102,-0.03163764735747316,0.02879334744820044
4040,Odikhinchaite,09,Eudialyte,hexagonal,-0.18772979997705658,-0.22324218075638783,-0.017146021446210708
4041,Odinite,09,"Clay, Serpentine","monoclinic, hexagonal",0.5798336032460165,-0.1089920409408964,0.04055045320072097
4042,Odintsovite,09,Odintsovite,orthorhombic,0.6043265066085852,-0.04959657329876011,0.040677214347610416
4043,Oenite,02,Marcasite,orthorhombic,0.6604127991990122,0.12290071830814565,0.031847135436384934
4044,Offretite,09,Not in a structural group,hexagonal,0.6092787072365872,-0.0819254178237401,0.014961267555262144
4045,Oftedalite,09,Milarite,hexagonal,0.6024485610457487,-0.035097257087644065,0.023098325325322546
4046,Ogdensburgite,08,,orthorhombic,-0.24617485910430556,-0.19998386779358152,0.33383333510598223
4047,Ognitite,02,Melonite,hexagonal,0.632005168470209,0.005133438474259726,0.025783704280567442
4048,Ohmilite,09,Ohmilite,monoclinic,0.6314947230827461,-0.049280193320777745,0.03496241810233257
4049,Ohtaniite,09,Wadsleyite,orthorhombic,0.5857019709314591,0.018508734428026398,0.03675675426844606
4050,Ojuelaite,08,Arthurite,monoclinic,-0.24516223543290638,-0.18360143766160364,0.334904035091336
4051,Okanoganite-(Y),09,Okanoganite,hexagonal,0.6067488231440561,-0.11510840575626936,0.04858655756851917
4052,Okayamalite,09,Melilite,tetragonal,-0.034192514535338364,0.059714769035629625,-0.029014509995829812
4053,Okenite,09,,triclinic,0.6368979519878819,-0.03562402726503051,0.013436240246247363
4054,Okhotskite,09,Pumpellyite,monoclinic,-0.18650037510863893,-0.17603503584113248,0.05150520050859446
4055,Okieite,04,Pascoite,triclinic,0.6183705916042045,-0.024980736340025067,0.04407051533453918
4056,Okruginite,02,Diamond-Sphalerite,monoclinic,0.6587224049275056,-0.029374488289599206,-0.010011645146511958
4057,Okruschite,08,Roscherite,monoclinic,-0.24825300952141705,-0.17940045682959327,0.336627017895793
4058,Oldhamite,02,Rocksalt,cubic,0.6206500376554276,-0.005787932598822862,0.00486138882103895
4059,Oldsite-(K),07,Svornostite,orthorhombic,-0.2339031215619026,-0.26421943529832376,-0.2708522214774592
4060,Olekminskite,05,Paralstonite,hexagonal,-0.27762857777720706,0.29848867096640513,-0.11304456256365976
4061,Olenite,09,Tourmaline,hexagonal,-0.1396117066928911,-0.16673895650739007,-0.021527069404886356
4062,Olgafrankite,01,Perovskite,cubic,0.5962609283632463,0.5407897764796391,-0.022728186204690304
4063,Olgite,08,Aphthitalite,hexagonal,-0.3354396856552032,0.3250649785116042,0.3083203700358618
4064,Olivenite,08,Andalusite,"monoclinic, orthorhombic",-0.23084240628078245,-0.1787006528067827,0.3048301282976683
4065,Olkhonskite,04,Schreyerite,monoclinic,0.6811318320545948,-0.05970157043707404,0.04434443827081717
4066,Olmiite,09,,orthorhombic,-0.15535607802342868,-0.2218667082082807,0.005578425059477536
4067,Olmsteadite,08,,orthorhombic,-0.231711658343439,-0.13150970567221065,0.3507558515914393
4068,Olsacherite,07,Baryte,orthorhombic,-0.3320074397988103,0.28891819851818923,-0.41184460780704946
4069,Olsenite,08,Not in a structural group,orthorhombic,-0.34984248153259184,0.3424684220117009,0.2964050353544714
4070,Olshanskyite,06,,triclinic,0.6050505061245671,-0.16500937882315944,0.03561951796203145
4071,Olympite,08,,orthorhombic,-0.32877219764566207,0.3335727021483004,0.3058032637742551
4072,Omariniite,02,Stannoidite,orthorhombic,0.6599398895245341,-0.053742614988126394,0.013579266001135726
4073,Omeiite,02,Marcasite,orthorhombic,0.6970904802679632,0.10864005422560667,0.011336501083108632
4074,Ominelite,09,,orthorhombic,-0.15898925418906734,-0.14544199828118654,-0.0004082235434931113
4075,Omongwaite,07,,monoclinic,-0.3377797067489121,0.2544802960496025,-0.3366058581609462
4076,Omphacite,09,Pyroxene,monoclinic,0.5795920758390906,-0.04063122770687799,0.04077737943373501
4077,Omsite,04,Hydrotalcite,hexagonal,0.6005063619159376,-0.17478203509927345,0.04175108994013811
4078,Ondrušite,08,Lindackerite,triclinic,-0.2539053808642785,-0.20323469810012826,0.30975806621193336
4079,Oneillite,09,Eudialyte,hexagonal,0.5911938506258715,-0.12431426145392466,0.0557907656601756
4080,Onoratoite,03,,monoclinic,0.6698856083772607,-0.03550004493381738,0.019306138406443067
4081,Oosterboschite,02,,orthorhombic,0.6577289458377222,-0.03250814826848153,-0.010354775912911557
4082,Ootannite,07,Not in a structural group,monoclinic,0.693234513767857,-0.0773739764148237,0.03857218520894566
4083,Opal,09,Amorphous,,-0.09296801989988325,-0.253772919768275,-0.001271985335651665
4084,Ophirite,07,Not in a structural group,triclinic,0.6138478329976004,-0.05475092296781141,0.04724929494274056
4085,Oppenheimerite,07,Not in a structural group,triclinic,-0.22578841960319085,-0.25832894838359904,-0.2741643131636815
4086,Orcelite,02,,hexagonal,0.6433801094208376,0.14262637716746895,0.027111630928045343
4087,Ordoñezite,04,Tapiolite,tetragonal,0.6568735842379857,-0.08428872197837911,0.043107287517666015
4088,Örebroite,09,Welinite,hexagonal,-0.1794883880742052,-0.11664212729876336,0.03416586541515242
4089,Oregonite,02,,hexagonal,0.6347144128197673,0.1278983983107066,0.0215890743112275
4090,Oreillyite,01,,hexagonal,0.7954847327965432,0.13063314910031945,-0.04130199129151679
4091,Organovaite-Mn,09,Labuntsovite,monoclinic,0.6151580210559792,-0.16245491280081656,0.04594513540136953
4092,Organovaite-Zn,09,Labuntsovite,monoclinic,0.6388708423809817,-0.16085319831892653,0.05864362379714232
4093,Orickite,04,,hexagonal,0.5971199840916265,-0.14569226077371783,0.026862876437734592
4094,Orientite,09,,orthorhombic,-0.18772695334834133,-0.1917848491759146,0.05530130653684151
4095,Orishchinite,01,Barringerite,orthorhombic,0.6437754583504045,0.14280215320325107,0.026484902222861244
4096,Orlandiite,03,,triclinic,-0.23821577351189743,-0.08122192873940813,-0.3897066363389999
4097,Orlovite,09,Mica,monoclinic,0.6330837199888764,-0.04840193196870737,0.03662644218934513
4098,Orlymanite,09,Gyrolite,hexagonal,0.5830102524322459,-0.14838367139290018,0.04150534805902105
4099,Orpiment,02,Orpiment,monoclinic,0.7903021410953247,0.03155693700919797,-0.02067004633342257
4100,Orschallite,07,,hexagonal,-0.3361247487992319,0.25981826890133275,-0.37651344157569855
4101,Orthobrannerite,04,Brannerite,orthorhombic,0.6446615635651775,-0.16039640497584587,0.052482987871666976
4102,Orthoclase,09,Feldspar,"monoclinic, triclinic",0.6093196546410926,-0.053012778290925724,0.012879386440553002
4103,Orthocuproplatinum,01,,orthorhombic,0.623583753489784,0.5146854404944591,-0.059181695669012324
4104,Orthogersdorffite,02,Cobaltite,orthorhombic,0.647537124108561,0.07651931515893119,0.044163759320843224
4105,Orthojoaquinite-(Ce),09,Joaquinite,orthorhombic,-0.15190980875119395,-0.19835029126855958,0.01695141435683282
4106,Orthojoaquinite-(La),09,Joaquinite,orthorhombic,-0.15191204647153989,-0.18310786359699943,0.011689059120970987
4107,Orthominasragrite,07,Minasragrite,orthorhombic,-0.2877043842516128,-0.18439347514610577,-0.3952243043453324
4108,Orthopinakiolite,06,,orthorhombic,-0.150110188989309,-0.11806590223775826,0.011810762957601107
4109,Orthoserpierite,07,,orthorhombic,-0.22746311656393214,-0.28857144171227195,-0.26718126362865907
4110,Orthowalpurgite,08,,orthorhombic,-0.23226779680439374,-0.13495172436219216,0.3526222155182255
4111,Osakaite,07,Ktenasite,triclinic,-0.23653950449118405,-0.2804433370118054,-0.24749424543063495
4112,Osarizawaite,07,Alunite-Alunite,hexagonal,-0.2109294470424707,-0.2707768519268168,-0.2629440141241677
4113,Osarsite,02,Arsenopyrite,monoclinic,0.6871960904495509,0.03108538530104963,0.015928439886226366
4114,Osbornite,01,Rocksalt,cubic,0.6889714472073277,0.11296904006022056,0.013220756591575787
4115,Oscarkempffite,02,Lillianite,orthorhombic,0.6775661979242027,-0.019707433477413036,0.010469520672428529
4116,Oskarssonite,03,Perovskite,hexagonal,0.6400122286415453,0.0862355420812528,-0.015083910463814012
4117,Osmium,01,,hexagonal,0.6265411164953094,0.5224849623988558,-0.053528741374023164
4118,Osumilite,09,Milarite,hexagonal,0.6067445516823968,-0.0473768342210724,0.018631999982184407
4119,Osumilite-(Mg),09,Milarite,hexagonal,0.5954224767470532,-0.04555495918176725,0.020557336552124265
4120,Oswaldpeetersite,05,,monoclinic,-0.18903836446988934,-0.34131146895573494,-0.04055369666415988
4121,Otavite,05,Calcite,hexagonal,-0.2979975157758673,0.3284324912423124,-0.11027249329492675
4122,Otjisumeite,04,,triclinic,0.6445917059177118,-0.07221426334104611,-0.008664060114038913
4123,Ottemannite,02,,orthorhombic,0.6747616215816405,-0.0416786934394969,0.010738952191298248
4124,Ottensite,02,Cetineite,hexagonal,0.6483389438457972,-0.07977067821063334,0.029354821701744017
4125,Ottohahnite,07,,triclinic,-0.23235081046497885,-0.26433080655309327,-0.2750680323427521
4126,Ottoite,07,Not in a structural group,monoclinic,-0.28733558550280947,0.32231959857525694,-0.4293886622769214
4127,Ottrélite,09,Chloritoid,monoclinic,-0.17332755474002912,-0.20654722218693397,0.03299637891615546
4128,Otwayite,05,,orthorhombic,-0.18359929795671354,-0.25065255697380207,-0.024456084349420055
4129,Oulankaite,02,,tetragonal,0.6593604842962915,-0.032402938196770543,-0.008152992996561102
4130,Ourayite,02,Lillianite,orthorhombic,0.6620215494781063,-0.025206398959424225,-0.0127779657900558
4131,Oursinite,09,,orthorhombic,-0.17101958133671832,-0.29113246427271017,0.0033568368376803576
4132,Ovamboite,02,"Germanite, Diamond-Sphalerite",cubic,0.6639078351791035,-0.053547694983354654,0.0046455618088580095
4133,Overite,08,Overite,orthorhombic,-0.23948042140941525,-0.16519176464089447,0.33766844038257476
4134,Owensite,02,Djerfisherite,cubic,0.6255194637084234,-0.027159516891555095,0.009039390536881235
4135,Owyheeite,02,Owyheeite,monoclinic,0.6614872101998818,-0.027003803677052282,-0.018134911885260174
4136,Oxammite,10,Oxalate,orthorhombic,0.6250908499956823,-0.12126749053002953,0.02032222631358115
4137,Oxo-magnesio-hastingsite,09,Amphibole,monoclinic,0.5823431846389301,-0.04150977020929953,0.0427268885611603
4138,Oxo-mangani-leakeite,09,Amphibole,monoclinic,0.6087544362793644,-0.0253872368851262,0.05507321643925164
4139,Oxybismutomicrolite,04,Pyrochlore-microlite,cubic,0.6792651245943598,-0.08369703682988888,0.029191434859246766
4140,Oxycalciomicrolite,04,Pyrochlore-microlite,cubic,0.6379311485232361,-0.08654868270813085,0.025694577820565674
4141,Oxycalciopyrochlore,04,Pyrochlore-Pyrochlore,cubic,0.6381437092136908,-0.08617854639910177,0.025776560701023243
4142,Oxycalcioroméite,04,Pyrochlore-Roméite,cubic,0.6382757731557419,-0.08815898251329884,0.02641077429925211
4143,Oxy-chromium-dravite,09,Tourmaline,hexagonal,-0.1615403874382062,-0.19889511348734512,0.014640616298957333
4144,Oxy-dravite,09,Tourmaline,hexagonal,-0.14865213143050404,-0.19345771278295693,-0.005562785666295025
4145,Oxy-foitite,09,Tourmaline,hexagonal,-0.14507465530940583,-0.19508587132437494,-0.01493056823939641
4146,Oxykinoshitalite,09,,monoclinic,0.5932121161157897,-0.04946139191045218,0.039343538134492886
4147,Oxynatromicrolite,03,Pyrochlore-microlite,cubic,0.6415582277440565,-0.09462620177264433,0.038053739787768784
4148,Oxyphlogopite,09,Mica,monoclinic,0.598730775630978,-0.035230408197777396,0.047288969940482345
4149,Oxyplumbopyrochlore,04,Pyrochlore,cubic,0.6572797394199617,-0.09363348855154095,-0.0233361900153273
4150,Oxyplumboroméite,04,Pyrochlore-Roméite,cubic,0.6576133004645736,-0.09632851817760352,-0.022942970328818167
4151,Oxy-schorl,09,Tourmaline,hexagonal,-0.14757685366193402,-0.19325943043117114,-0.007714699894059521
4152,Oxystannomicrolite,04,Pyrochlore-microlite,cubic,0.6712651157742952,-0.09543473831654173,0.010472682863986253
4153,Oxystibiomicrolite,04,Pyrochlore-microlite,cubic,0.643409692957056,-0.0814716403306338,0.029840361614893368
4154,Oxy-vanadium-dravite,09,Tourmaline,hexagonal,-0.15954721426460683,-0.19942322814556157,0.01658896976745635
4155,Oxyvanite,04,Berdesinskiite,monoclinic,-0.2722943993349357,0.047020215560350534,0.40751816910783795
4156,Oxyyttrobetafite-(Y),04,Pyrochlore-betafite,cubic,0.6500887213807259,-0.07374904126893156,0.03850128667141874
4157,Oyelite,09,,orthorhombic,0.5979801029901699,-0.13085283971856276,0.03321202213346843
4158,Oyonite,02,Lillianite,monoclinic,0.6609248521168063,-0.013964757415302191,0.006630648823271275
4159,Ozernovskite,04,Not in a structural group,monoclinic,-0.3501446931601847,0.27644182485718444,-0.3518851689558377
4160,Ozerovaite,08,Ozerovaite,orthorhombic,-0.3293799308669754,0.31995655165765996,0.2888353198750314
4161,Pääkkönenite,02,Stibnite,monoclinic,0.6861554593263711,0.01972964033181255,0.01867130958635945
4162,Paarite,02,Meneghinite,orthorhombic,0.6647716791467022,-0.01969968599606363,-0.004508800732698361
4163,Pabellóndepicaite,10,,orthorhombic,0.6237640930491799,-0.08437086692478296,0.0061734900779552015
4164,Pabstite,09,Benitoite,hexagonal,0.6394953262606642,-0.05244617130969974,0.028169031503787516
4165,Paceite,10,Acetate,tetragonal,0.6094578311236793,-0.15190347950162775,0.015032994410680827
4166,Pachnolite,03,,monoclinic,0.6097018573574098,0.06469840624966633,0.018528159753497798
4167,Packratite,04,Not in a structural group,triclinic,0.6348903658714538,-0.042239873155729406,0.009544837974964976
4168,Paddlewheelite,05,Not in a structural group,monoclinic,-0.19219092643788432,-0.2664121429594793,-0.0459932672944583
4169,Padĕraite,02,,monoclinic,0.6700348678390659,-0.02719184811288862,0.003150186632347715
4170,Padmaite,02,Ullmannite,cubic,0.6638088516743013,-0.018593546040515857,-0.0011439535854275169
4171,Paganoite,08,,triclinic,-0.22416066961178185,-0.08078737033003866,0.3406847805920222
4172,Pahasapaite,08,,cubic,-0.3679518450986864,0.3098866230607928,0.31712308220678187
4173,Painite,06,,hexagonal,-0.1341844214938905,-0.1627085308788795,-0.021330987450943317
4174,Pakhomovskyite,08,,monoclinic,-0.3751534797013346,0.35395096726696174,0.30798667110801653
4175,Palarstanide,02,Stillwaterite,hexagonal,0.6861754957527315,0.10111421770927681,-0.0038785580094295898
4176,Palenzonaite,08,Garnet,cubic,-0.33495136772647666,0.32898231072398787,0.29431276893004404
4177,Palermoite,08,Carminite,orthorhombic,-0.2263584535431131,-0.18128003419329936,0.32583515792742124
4178,Palladinite,04,,tetragonal,0.6554042720294868,-0.07002876713030755,-0.0075784704319752615
4179,Palladium,01,Copper,cubic,0.6306864958242548,0.5232489630818541,-0.05537191511229805
4180,Palladoarsenide,02,,monoclinic,0.6846806365733553,0.10159168071456581,-0.003607411923880699
4181,Palladobismutharsenide,02,,orthorhombic,0.6836328909989382,0.10736976013434389,-0.0038176661593402415
4182,Palladodymite,02,Barringerite,orthorhombic,0.6855476264423196,0.10198694819598367,-0.004526479737254691
4183,Palladogermanide,01,Barringerite,hexagonal,0.6295594948895201,0.5220513389509825,-0.05455279362066752
4184,Palladosilicide,01,Barringerite,hexagonal,0.6839200534377291,0.096268583916568,-0.010251068014506414
4185,Palladothallite,01,Not in a structural group,tetragonal,0.6297300390588415,0.5230948094923498,-0.05599142474070507
4186,Palladseite,02,,cubic,0.664046956897752,-0.026901745366595804,0.0007599442870636266
4187,Palmierite,07,Palmierite,hexagonal,-0.3202667345016013,0.25614072226411333,-0.36455618955054103
4188,Palygorskite,09,"Palygorskite, Clay","monoclinic, orthorhombic",0.5813588141437721,-0.10517605003566619,0.02874896627361754
4189,Pampaloite,02,Not in a structural group,monoclinic,0.6645568106191855,-0.022220024026282204,0.0012203484397935328
4190,Panasqueiraite,08,Titanite,monoclinic,-0.23155284116061314,-0.15332582357161184,0.331420717331743
4191,Pandoraite-Ba,04,Pandoraite,monoclinic,0.6303427935434633,-0.02021361045172436,0.018806515528932973
4192,Pandoraite-Ca,04,Pandoraite,monoclinic,0.623826335248387,-0.018700915719898705,0.013873644550057051
4193,Panethite,08,,monoclinic,-0.3374922882534904,0.3188980265330486,0.3058652576756265
4194,Panguite,04,Not in a structural group,orthorhombic,0.6055917109882156,-0.07756088833411401,0.04407094731344406
4195,Panichiite,03,,cubic,0.6309648336231284,-0.03373923239365237,0.016752440589682536
4196,Panskyite,02,Thalhammerite,tetragonal,0.6641534594671059,-0.026226248251637774,-0.005560296852973738
4197,Pansnerite,08,Ozerovaite,orthorhombic,-0.3355033139162762,0.3300921169783216,0.3062057383101395
4198,Panunzite,09,Tridymite-Nepheline,hexagonal,-0.16809283228608707,-0.1374824658385109,0.021071393693741565
4199,Paolovite,01,,orthorhombic,0.6301171812729656,0.5228956458584857,-0.052770165118792164
4200,Papagoite,09,,monoclinic,0.5872283066867086,-0.16593458039173514,0.025413949865372085
4201,Papikeite,09,Amphibole,orthorhombic,0.5792595098748995,-0.09117299258523995,0.036118197569175954
4202,Paqueite,09,Paqueite,hexagonal,0.6208966102616278,-0.0645267018621952,0.03511913995661666
4203,Para-alumohydrocalcite,05,Alumohydrocalcite,,-0.1901088376137414,-0.300253697558213,-0.04064590752258896
4204,Paraberzeliite,08,Alluaudite,monoclinic,-0.3320106009901786,0.33155018702703276,0.3001245531404616
4205,Parabrandtite,08,Fairfieldite,triclinic,-0.3493347243454214,0.3248511884621996,0.29549216545808804
4206,Parabutlerite,07,Not in a structural group,orthorhombic,-0.22356722806669022,-0.2524393738964489,-0.23500456621716737
4207,Paracelsian,09,Danburite,"monoclinic, orthorhombic",0.6057826028481943,-0.05448975796733816,0.009104953046878944
4208,Paracoquimbite,07,Coquimbite,hexagonal,-0.3759068521806827,0.2770179226216504,-0.34460515645915524
4209,Paracostibite,02,Marcasite,orthorhombic,0.640854355474797,-0.0037179239018957522,0.03429630713524301
4210,Paradamite,08,Tarbuttite,triclinic,-0.23601920002601606,-0.1489780303338328,0.3303010798288268
4211,Paradimorphite,02,,orthorhombic,0.7927034633965107,0.05621754263134081,-0.028021577039848783
4212,Paradocrasite,02,,monoclinic,0.6846350064167832,0.10895932383937379,-0.003344636109707092
4213,Parádsasvárite,05,Malachite,monoclinic,-0.17885160069434167,-0.24091183856354534,-0.023906933725865526
4214,Paraershovite,09,Ershovite,triclinic,0.5919266774859306,-0.1559246548322055,0.04639382588246833
4215,Parafiniukite,08,Apatite,hexagonal,-0.2667161298872983,0.020275501868475862,0.33779039013445356
4216,Parafransoletite,08,,triclinic,-0.24618478532462867,-0.1748119472706951,0.326695695610435
4217,Parageorgbokiite,03,,monoclinic,-0.21196238889743657,-0.1562827052812904,-0.353849319420837
4218,Paragersdorffite,02,Pyrite,cubic,0.6485187718322738,0.07588528186596198,0.04338279336795742
4219,Paragonite,09,"Mica, Clay",monoclinic,0.5916937956165154,-0.14038254904928704,0.02943816880337073
4220,Paraguanajuatite,02,Tetradymite,hexagonal,0.6730889280086574,0.0026422966810194792,0.016232886114751335
4221,Parahibbingite,03,,hexagonal,0.5836164838636487,-0.1412334824290855,0.03174368864687954
4222,Parahopeite,08,Parahopeite,triclinic,-0.36724865224565084,0.36914347300404254,0.3131129367019536
4223,Parakeldyshite,09,,triclinic,0.631071044627013,-0.06296572616566723,0.04253097489423309
4224,Parakuzmenkoite-Fe,09,Labuntsovite,monoclinic,0.6020234451275411,-0.16539002728912117,0.0516760562584554
4225,Paralabuntsovite-Mg,09,Labuntsovite,monoclinic,0.6019482501843076,-0.16521120244303045,0.05433537981196358
4226,Paralammerite,08,Lammerite-β,monoclinic,-0.346730048060686,0.3479265273917362,0.26462081105945534
4227,Paralaurionite,03,,monoclinic,0.6081774194987681,-0.10785987619496179,-0.017852531166894673
4228,Paralomonosovite,09,Seidozerite-Murmanite,triclinic,-0.19531115993116877,-0.17514865476939176,0.34568478717948914
4229,Paralstonite,05,Paralstonite,hexagonal,-0.2789770035101671,0.29558850287149263,-0.11134432453188613
4230,Paramarkeyite,05,,monoclinic,-0.18543009350207484,-0.24681659535132897,-0.04615103347996794
4231,Paramelaconite,04,,tetragonal,0.6502339089772518,-0.09588817570719145,-0.02294797800488718
4232,Paramendozavilite,08,,,-0.25587325331071725,-0.20643535750372344,0.3518181648060394
4233,Paramolybdomenite,04,,monoclinic,-0.316646167493348,0.28079761563058153,-0.4379007294776246
4234,Paramontroseite,04,Ramsdellite,orthorhombic,-0.3399449910966079,0.43361041095369807,0.34188020601179847
4235,Paranatisite,09,,orthorhombic,-0.15953229081174583,-0.15787617244745078,0.045485630982338446
4236,Paranatrolite,09,Natrolite,monoclinic,0.6077250128824668,-0.07997459229617494,0.01632091596458952
4237,Paraniite-(Y),08,,tetragonal,-0.304931597393178,0.3598494951059732,0.08023153490463039
4238,Paraotwayite,05,,monoclinic,-0.32885742444018995,0.17116979290053091,-0.23113733731932187
4239,Parapierrotite,02,,monoclinic,0.6830155948303503,-0.015707690883086614,0.016102462875732672
4240,Pararaisaite,07,,monoclinic,-0.22324182087476713,-0.27358060381959415,-0.23348274905394678
4241,Pararammelsbergite,02,Marcasite,orthorhombic,0.6570445737228443,0.15169717397982954,0.0424586360296077
4242,Pararealgar,02,,monoclinic,0.7915538131466198,0.04413866111451163,-0.02718631903883745
4243,Pararobertsite,08,,monoclinic,-0.24140849046162882,-0.11247287612130787,0.3573242024210833
4244,Pararsenolamprite,01,,orthorhombic,0.7995042727643735,0.13185192089457629,-0.03309073533534848
4245,Parascandolaite,03,Perovskite,cubic,0.5972695543017378,0.107263533668611,0.03640061155300801
4246,Paraschachnerite,01,,orthorhombic,0.6273731375059681,0.5250468401255312,-0.05089053111728733
4247,Paraschoepite,04,,orthorhombic,0.6180148104957509,-0.2169683416405438,0.03262909801914547
4248,Parascholzite,08,,monoclinic,-0.3527651409749277,0.3414034797666714,0.3084783754239503
4249,Parascorodite,08,,hexagonal,-0.3534861350222559,0.3715367635223842,0.32263155325096415
4250,Parasibirskite,06,,monoclinic,0.6174968410004054,-0.016143266687448456,0.006928813982804587
4251,Parasterryite,02,Madocite,monoclinic,0.6645081177919061,0.000750345942141472,-0.015568638492644376
4252,Parasymplesite,08,Vivianite,monoclinic,-0.37867251714049366,0.34222410002083026,0.2899995013636991
4253,Paratacamite,03,Atacamite,hexagonal,0.6043499563662704,-0.1617325653263918,0.005739552776558892
4254,Paratacamite-(Mg),03,Atacamite,hexagonal,0.5940896615691819,-0.15832611916868058,0.018178626622281417
4255,Paratacamite-(Ni),03,Atacamite,hexagonal,0.599701748212988,-0.15696143460047363,0.016954000653184628
4256,Paratellurite,04,Rutile,tetragonal,-0.3178658368463037,0.34942515314578193,-0.49971896270544525
4257,Paratimroseite,07,Not in a structural group,orthorhombic,-0.24683323507708904,0.3240200760134292,-0.4589720251636319
4258,Paratobermorite,09,Tobermorite,monoclinic,0.6060668385924202,-0.08996889484732001,0.02698500647566996
4259,Paratooite-(La),05,Carbocernaite,orthorhombic,-0.28297630150532527,0.27713694399740263,-0.08809029545326191
4260,Paratsepinite-Ba,09,Labuntsovite,monoclinic,0.6181276430334233,-0.13943614327645415,0.05408423001485804
4261,Paratsepinite-Na,09,Labuntsovite,monoclinic,0.611682612522497,-0.13029560408965293,0.051121129514838125
4262,Paraumbite,09,,orthorhombic,0.6229819832763914,-0.12316538054218439,0.04677844754007379
4263,Parauranophane,09,,monoclinic,-0.17033015698280263,-0.29206330758205173,-0.001575233680909868
4264,Paravauxite,08,Laueite,triclinic,-0.24629585809073534,-0.2061492405762041,0.32993052298017833
4265,Paravinogradovite,09,,triclinic,0.6024091667557433,-0.13296689979563053,0.06451618864536321
4266,Parawulffite,07,Not in a structural group,monoclinic,-0.21060727891154302,-0.2036566829631035,-0.27981270178194667
4267,Pargasite,09,Amphibole,monoclinic,0.5731225760148254,-0.0813691405613122,0.04582693200820648
4268,Parisite-(Ce),05,Parisite,"hexagonal, monoclinic",-0.20103000929631673,-0.05641986846993239,-0.05410642823562081
4269,Parisite-(La),05,Parisite,monoclinic,-0.19174772451382838,-0.05571341006277312,-0.06128772331386531
4270,Parisite-(Nd),05,Parisite,monoclinic,-0.19177394387240465,-0.05547904102531204,-0.06130306509716455
4271,Parkerite,02,,orthorhombic,0.6315387800467969,-0.003582690892214699,0.012473748153816189
4272,Parkinsonite,07,Asisite,tetragonal,0.04976112659287923,0.12061581691656684,-0.12610407321135927
4273,Parnauite,08,,"orthorhombic, monoclinic",-0.2612682713784318,-0.2614025614196893,0.12258973045410779
4274,Parsettensite,09,"Stilpnomelane, Clay",monoclinic,0.5745897256850125,-0.0940483355926415,0.05708582591640189
4275,Parsonsite,08,,triclinic,-0.2326448682758465,-0.1601077893694852,0.30234665318468645
4276,Parthéite,09,,monoclinic,0.5888086627396948,-0.14444897520688818,0.020312456759365518
4277,Parwanite,05,,monoclinic,-0.2517467901420106,-0.21947899281418912,0.30822740547717364
4278,Parwelite,09,,monoclinic,0.6239965210375135,-0.02582607644747579,0.033930129849237656
4279,Pašavaite,02,,orthorhombic,0.6579197883813221,-0.02780817227370936,-0.015035536481855042
4280,Pascoite,04,Pascoite,monoclinic,0.6370242907162162,-0.03341079421984046,0.01892068367593188
4281,Paseroite,04,Crichtonite,hexagonal,0.6653336312828212,-0.041953764876202296,0.05072597405961787
4282,Patrónite,02,,monoclinic,0.7868574011457592,0.019332042466091586,-0.024678272798333727
4283,Pattersonite,08,,triclinic,-0.2312449805787642,-0.18771443601879004,0.3293164021340532
4284,Patynite,09,Not in a structural group,triclinic,0.5977266166526386,-0.030027749871303484,0.02700457621972555
4285,Pauflerite,07,,orthorhombic,-0.2757491268398686,-0.1659687665029939,-0.3904499801824949
4286,Pauladamsite,07,Not in a structural group,triclinic,-0.21693620971168778,-0.2864494521442132,-0.28696635052874564
4287,Paulgrothite,08,Not in a structural group,orthorhombic,-0.23447327861760903,-0.10725263864857938,0.30899160587264174
4288,Paulhlavaite,04,Not in a structural group,monoclinic,0.6042262798074743,-0.06830195727116602,-0.007824213031213603
4289,Paulingite-Ca,09,,cubic,0.6166396984596592,-0.0799932757131986,0.017797080587909853
4290,Paulingite-K,09,,cubic,0.6166396984596592,-0.0799932757131986,0.017797080587909853
4291,Paulišite,05,Not in a structural group,monoclinic,-0.28952385513457246,0.28874131443879403,-0.09507365600315298
4292,Paulkellerite,08,,monoclinic,-0.22416471051599227,-0.16062321201770915,0.34394779529993313
4293,Paulkerrite,08,Paulkerrite,orthorhombic,-0.26970762466404824,-0.10347375142773804,0.3754157725223452
4294,Paulmooreite,04,,monoclinic,0.6423890427183238,-0.028710462131107478,-0.05093246572520366
4295,Pauloabibite,04,Corundum,hexagonal,0.6448270170695961,-0.0991121568299167,0.03310825630941147
4296,Paulrobinsonite,04,Not in a structural group,cubic,0.621010562778427,-0.056471942100599616,0.030891718860473042
4297,Paulscherrerite,04,,"monoclinic, orthorhombic",0.6180148104957509,-0.2169683416405438,0.03262909801914547
4298,Pautovite,02,Cubanite,orthorhombic,0.6037731000685278,-0.020168555136805457,0.039987519098054286
4299,Pavlovskyite,09,,orthorhombic,-0.1716692509299585,-0.1096440772859562,0.011824777702661712
4300,Pavonite,02,Pavonite,monoclinic,0.6784470779057072,-0.008671767061436965,0.021853750924424806
4301,Paxite,02,Arsenopyrite,"orthorhombic, monoclinic",0.675547429660339,0.09465286915974884,-0.021547985803117165
4302,Pearceite,02,Polybasite,"hexagonal, monoclinic",0.6917941218958488,-0.041341230682937845,0.005006486288565875
4303,Peatite-(Y),05,Not in a structural group,orthorhombic,-0.23670939888919512,-0.11844179371260048,0.26692684095783387
4304,Pecoraite,09,"Clay, Serpentine",,0.5925701803076865,-0.13688687720567683,0.042768071549765085
4305,Pectolite,09,Pectolite,triclinic,0.5835104411430221,-0.10347702465002984,0.0410995983780115
4306,Peisleyite,08,,"monoclinic, triclinic",-0.2555199203869237,-0.24134555379010103,0.23784430335636034
4307,Pekoite,02,Meneghinite,orthorhombic,0.6697582169994534,-0.0069114739115379575,0.00787767820357724
4308,Pekovite,09,Danburite,orthorhombic,0.6207694705517598,-0.00825549397222571,0.008238766380328992
4309,Péligotite,07,,triclinic,-0.2230344193382109,-0.23619084444709457,-0.2724953785569983
4310,Pellouxite,02,,monoclinic,0.6583938882064303,-0.02584335581626933,-0.022231424841574962
4311,Pellyite,09,,orthorhombic,0.5911536155425253,-0.029904408523352945,0.025886706437621195
4312,Penberthycroftite,08,,monoclinic,-0.2522336014813212,-0.24104508262303426,0.3339746965364735
4313,Pendevilleite-(Y),05,Not in a structural group,triclinic,-0.18652920751033158,-0.3017490488391479,-0.021317334379292785
4314,Penfieldite,03,,hexagonal,0.6197413147854034,-0.04172471961915866,-0.033242312382943756
4315,Pengite,04,Pyrochlore,hexagonal,0.6578900855567126,-0.09444858569256179,-0.01184687225581908
4316,Penikisite,08,Bjarebyite,"triclinic, monoclinic",-0.22857736261091327,-0.16837006673096622,0.32675888898556493
4317,Penkvilksite,09,,"orthorhombic, monoclinic",0.6347400834122428,-0.08173940531843163,0.04017557404121857
4318,Pennantite,09,"Chlorite, Clay",orthorhombic,0.5905919463931777,-0.1300553552459293,0.0313108500647897
4319,Penobsquisite,06,,monoclinic,0.5969634739969046,-0.16249735523658,0.03351154369573996
4320,Penriceite,08,Aldermanite,monoclinic,-0.27302546555702123,-0.02713277541241029,0.3500392748518816
4321,Penroseite,02,Pyrite,cubic,0.6241024880294624,-0.007156504296684067,0.02073581866853568
4322,Pentagonite,09,,orthorhombic,0.6229958672854532,-0.03289542433401135,0.009273923190036368
4323,Pentahydrite,07,Chalcanthite,triclinic,-0.34298583544791306,0.27621865651518585,-0.3232579862917996
4324,Pentahydroborite,06,,triclinic,0.6057773107673006,-0.1718099026663696,0.03161860141037045
4325,Pentlandite,02,Pentlandite,cubic,0.6143186857052712,0.0019395687480333271,0.01919606398782624
4326,Penzhinite,02,,hexagonal,0.6582098814387171,-0.029823320946289915,-0.005730024925347681
4327,Peprossiite-(Ce),09,Peprossiite,hexagonal,0.6250079455462544,-0.04452676937461966,0.011932561353617373
4328,Peprossiite-(Y),09,Peprossiite,hexagonal,0.6221954546011814,-0.03909685183187396,0.0021697742834305284
4329,Perbøeite-(Ce),09,Gatelite,monoclinic,-0.17417966306037827,-0.17137925788025818,0.03646253263616919
4330,Perbøeite-(La),09,Gatelite,monoclinic,-0.1707076557906494,-0.17115132388444113,0.030932138941867478
4331,Perchiazziite,05,Malachite,monoclinic,-0.17867121968872976,-0.24138925800720695,-0.023927751604488658
4332,Perchukite-(Y),09,Not in a structural group,monoclinic,0.6308944210205248,-0.03957282824796321,-0.023442425262204147
4333,Percleveite-(Ce),09,Percleveite,tetragonal,0.6594162956443487,-0.03066299399560848,0.02463712786445689
4334,Percleveite-(La),09,Percleveite,tetragonal,0.6453262764281648,-0.03429433064359119,0.008249421895841002
4335,Peretaite,07,,monoclinic,-0.21303725823435768,-0.24439857457927855,-0.2617554417718386
4336,Perettiite-(Y),09,Perettiite,orthorhombic,0.6122838624842406,-0.008375219317415033,0.030385532074359664
4337,Perhamite,09,Perhamite,hexagonal,0.5956883849818938,-0.1986700748743539,0.022815942919585955
4338,Periclase,04,Rocksalt,cubic,0.5821893144833137,-0.003490193028072165,0.03776028731319804
4339,Perite,03,Nadorite,orthorhombic,0.6426588451608276,-0.018223874017818414,-0.028779078025201126
4340,Perlialite,09,,hexagonal,0.6167528321839131,-0.09140365013716538,0.013007856753270652
4341,Perloffite,08,Bjarebyite,monoclinic,-0.23187994778958188,-0.1623951374068833,0.33787930280632067
4342,Permingeatite,02,"Stannite, Diamond-Sphalerite",tetragonal,0.6597925644383058,-0.025337348499294275,-0.012613863074471258
4343,Perovskite,04,Perovskite,"orthorhombic, cubic",0.6263477696311215,-0.07355638296950037,0.04057735905382478
4344,Perraultite,09,Seidozerite-Bafertisite,"monoclinic, triclinic",0.6001561664849415,-0.0933803507629663,0.06357542014146084
4345,Perrierite-(Ce),09,Chevkinite,monoclinic,0.6232156197447494,-0.050854369653949044,0.060916190991467466
4346,Perrierite-(La),09,Chevkinite,monoclinic,0.608817088189405,-0.06256916150553897,0.047036199707382056
4347,Perroudite,02,,orthorhombic,0.6767066707560981,0.013858896243949221,-0.009966684290626693
4348,Perryite,01,,hexagonal,0.6312940590583177,0.1195235502030085,0.016561888577313222
4349,Pertlikite,07,Voltaite,tetragonal,-0.3584392379893522,0.24437946426454943,-0.321318854782104
4350,Pertoldite,04,Quartz,hexagonal,0.6525638599846378,-0.0663868395442542,0.0051124651526371235
4351,Pertsevite-(F),06,Pertsevite,orthorhombic,-0.17656433443946767,0.01914956757630982,-0.009684595772724592
4352,Pertsevite-(OH),06,Pertsevite,orthorhombic,-0.15545751058975338,-0.18755897566627605,0.015292706996354828
4353,Petalite,09,Not in a structural group,monoclinic,0.6103056680338554,-0.04957061764840126,0.013730941274960329
4354,Petarasite,09,,monoclinic,0.6264704987746346,-0.0981674670076371,0.04885917058541114
4355,Petedunnite,09,Pyroxene,monoclinic,0.5968306916624452,-0.016569047496097528,0.03179847196169154
4356,Peterandresenite,04,Peterandresenite,monoclinic,0.6714032415074479,-0.11593003032206546,0.04984624544497786
4357,Peterbaylissite,05,,orthorhombic,-0.17572578143300283,-0.2693465651620889,-0.050640487337109484
4358,Peterchinite,04,Chlorophoenicite,monoclinic,0.5921277981638428,-0.15062427632424663,0.04510742266322432
4359,Petermegawite,09,Not in a structural group,orthorhombic,-0.21486678281237692,-0.3215186792408722,-0.23634109182716967
4360,Petersenite-(Ce),05,Burbankite,monoclinic,-0.2762003955099512,0.28415687836538395,-0.08820850828268861
4361,Petersite-(Ce),08,Mixite,hexagonal,-0.24258693484838995,-0.21089675002368405,0.3200684008807283
4362,Petersite-(La),08,Mixite,hexagonal,-0.2415824690267585,-0.21136179980843797,0.31842894104793507
4363,Petersite-(Y),08,Mixite,hexagonal,-0.24161959441208553,-0.2112707490325925,0.3184599253345201
4364,Petewilliamsite,04,,monoclinic,0.6198424463832328,0.0009545511074057337,0.023752019682449166
4365,Petitjeanite,08,,triclinic,-0.22363116019338217,-0.13676020801231967,0.3515512773971786
4366,Petříčekite,02,Marcasite,orthorhombic,0.6485313999900081,-0.042313534040200274,-0.0387200602618469
4367,Petrovicite,02,Petrovicite,orthorhombic,0.6659634296923591,-0.045283272089705756,-0.019951036942041207
4368,Petrovite,07,Not in a structural group,monoclinic,-0.3186134151747075,0.2561003649590331,-0.34465684130298857
4369,Petrovskaite,02,,monoclinic,0.6644615893384975,-0.02356634850665497,0.004628280729752882
4370,Petrukite,02,"Enargite, Wurtzite",orthorhombic,0.6554368362175504,-0.049893396509600604,0.020115166417489203
4371,Petscheckite,04,,hexagonal,0.6524864244885703,-0.10096985714939091,0.03834952970675239
4372,Petterdite,05,Dundasite,orthorhombic,-0.18350024497289047,-0.25491400353905846,-0.05690483711237512
4373,Petzite,02,,cubic,0.6936464438032783,-0.049219792392052514,0.006327907297950181
4374,Pezzottaite-(Cs),09,Beryl,hexagonal,0.598668794463997,-0.056133878012469864,0.023929090862491433
4375,Pfaffenbergite,09,Cymrite,hexagonal,0.6067822732572647,-0.054438134010510855,0.01620996988084958
4376,Pharmacoalumite,08,Pharmacosiderite,cubic,-0.23961410407780814,-0.21453628857946164,0.3222401537551506
4377,Pharmacolite,08,Gypsum,monoclinic,-0.23353104742117275,-0.2131927778138275,0.3067886812316353
4378,Pharmacosiderite,08,Pharmacosiderite,"tetragonal, cubic",-0.2255147229546727,-0.19218881637527238,0.3302503725694581
4379,Pharmazincite,08,Tridymite-Nepheline,hexagonal,-0.3369098192174565,0.33870849845575773,0.30022618998951756
4380,Phaunouxite,08,,triclinic,-0.36568835172804814,0.3248306302329405,0.30419005048175607
4381,Phenakite,09,Phenakite,hexagonal,-0.2760174780275203,0.3508408501428536,-0.04033301110793755
4382,Philipsbornite,08,Alunite-Crandallite,hexagonal,-0.2207107745970624,-0.20533283011749304,0.30109589975013745
4383,Philipsburgite,08,Philipsburgite,monoclinic,-0.23536994431482422,-0.2013614736705689,0.3179110951073017
4384,Phillipsite-Ca,09,Harmotome,"monoclinic, orthorhombic",0.6127216127888735,-0.08282058168003398,0.002868400221413785
4385,Phillipsite-K,09,Harmotome,"monoclinic, orthorhombic",0.6188816602389013,-0.09128755062555079,0.009535149238246622
4386,Phillipsite-Na,09,Harmotome,orthorhombic,0.6165376528111729,-0.0910058193067374,0.013117059377996025
4387,Philolithite,05,,tetragonal,-0.19485170327567372,-0.23965077272798915,-0.11949043346821206
4388,Philoxenite,07,Not in a structural group,triclinic,-0.32217698240242637,0.24143506975168214,-0.3341504666114275
4389,Philrothite,02,Sartorite,monoclinic,0.6981964834002393,-0.01548976000157426,-0.007050794717006649
4390,Phlogopite,09,"Mica, Clay","monoclinic, hexagonal",0.5693426924619343,-0.1048995574644857,0.05314198966129567
4391,Phoenicochroite,07,,monoclinic,-0.16962137903463784,-0.09854939585110364,-0.06586830263722628
4392,Phosgenite,05,,tetragonal,-0.20210537611759355,-0.053937406007722184,-0.13043436620982357
4393,Phosinaite-(Ce),09,,orthorhombic,-0.30900372157523665,0.31638307523337184,0.15526769790689693
4394,Phosphammite,08,,monoclinic,-0.23752528466622114,-0.13926331973827127,0.3124737190702436
4395,Phosphocyclite-(Fe),08,Phosphocyclite,monoclinic,0.6082599774640781,-0.011000299648959141,0.012590629989473256
4396,Phosphocyclite-(Ni),08,Phosphocyclite,monoclinic,0.6214030197204664,0.003599248860664474,0.02320248918474016
4397,Phosphoellenbergerite,05,Ellenbergerite,hexagonal,-0.2276626195601346,-0.18058207348901892,0.2482344328850205
4398,Phosphoferrite,08,Reddingite,orthorhombic,-0.3685721179722812,0.3580588895710862,0.3004269723978431
4399,Phosphofibrite,08,Phosphofibrite,orthorhombic,-0.24014536814854986,-0.20134819492499573,0.34845754601227463
4400,Phosphogartrellite,08,Natrochalcite-Helmutwinklerite,triclinic,-0.22715381242637672,-0.19693900508289292,0.32045176882354875
4401,Phosphohedyphane,08,Apatite,hexagonal,-0.2637322229001107,-0.0014905720887444414,0.295056172363836
4402,Phosphoinnelite,09,Seidozerite-Lamprophyllite,triclinic,-0.2267722718682283,-0.1145285018523797,0.35716097036203964
4403,Phosphophyllite,08,Phosphophyllite,monoclinic,-0.368761809489398,0.35773545864878054,0.30732623899521994
4404,Phosphorrösslerite,08,,,-0.23654626919953092,-0.20766053351126512,0.32080565171571096
4405,Phosphosiderite,08,Phosphosiderite,monoclinic,-0.35963231093338116,0.3616262819950913,0.3254107525663399
4406,Phosphovanadylite-Ba,08,Phosphovanadylite,cubic,0.6163434326365688,-0.1850579298846341,0.028216011947628423
4407,Phosphovanadylite-Ca,08,Phosphovanadylite,cubic,0.6141246239441398,-0.1847789995382612,0.0280240547899154
4408,Phosphowalpurgite,08,,triclinic,-0.23065524714384872,-0.1292245313924792,0.3631877471293482
4409,Phosphuranylite,08,Phosphuranylite,orthorhombic,-0.24928816358730838,-0.24795684563757645,0.3642003879670205
4410,Phoxite,10,"Not in a structural group, Oxalate",monoclinic,-0.23219655964267602,-0.1930891010819789,0.32294697217037777
4411,Phuralumite,08,,monoclinic,-0.2443004646040618,-0.24133395090701223,0.35644230258731324
4412,Phurcalite,08,Phosphuranylite,orthorhombic,-0.2581635766748126,-0.20831194798727173,0.3671811151774462
4413,Phylloretine,10,,,0.6346019883586274,-0.026809861586071567,0.015104871306526596
4414,Phyllotungstite,07,,orthorhombic,-0.30302096178750615,0.32638749845610476,-0.02377216141142681
4415,Picaite,08,Not in a structural group,monoclinic,-0.2018190612728339,-0.2130479882829656,0.32250856471422173
4416,Piccoliite,08,Carminite,orthorhombic,-0.22759921265325217,-0.14271508297902638,0.3424396464647556
4417,Pickeringite,07,Halotrichite,monoclinic,-0.34708153970372163,0.2407335900536269,-0.3456505298683719
4418,Picotpaulite,02,Cubanite,orthorhombic,0.6298822204558626,-0.021069884523134214,0.02417027622587242
4419,Picromerite,07,Picromerite,monoclinic,-0.3410361063311603,0.23975583931729327,-0.3212619031600309
4420,Picropharmacolite,08,,triclinic,-0.2591978468561233,-0.18954075272039658,0.3394311863687885
4421,Pieczkaite,08,Apatite,hexagonal,-0.2745993433271145,0.04137328897066808,0.34048332890666316
4422,Piemontite,09,Epidote,monoclinic,-0.17623404037206397,-0.16088677949063057,0.034426538274043704
4423,Piemontite-(Pb),09,"Epidote, Clinozoisite",monoclinic,-0.1729366104967069,-0.16728840329891598,0.022475012959026444
4424,Piemontite-(Sr),09,"Clinozoisite, Epidote",monoclinic,-0.17557192137903144,-0.16098612485800515,0.035179883956041214
4425,Piergorite-(Ce),09,,monoclinic,0.5938158092761043,-0.07324654811120536,0.034143753438921086
4426,Pierrotite,02,Sartorite,orthorhombic,0.6886149706966822,0.023195492954190187,0.017542265396302693
4427,Pigeonite,09,Pyroxene,monoclinic,-0.26315103000658824,0.3357429418198013,-0.0582843054119213
4428,Pigotite,10,Citrate,,0.6113415048563877,-0.17031662932592143,0.009166341138580862
4429,Piilonenite-(Nd),05,Not in a structural group,orthorhombic,-0.283118616552081,0.27083792478889296,-0.09794976444281868
4430,Pilanesbergite,09,Wöhlerite,monoclinic,0.599608724950889,-0.05707612736531793,0.054202764990717966
4431,Pilawite-(Y),09,Carminite,monoclinic,-0.1706428366884351,-0.1846167362683922,0.02874969280760001
4432,Pilipenkoite,08,Not in a structural group,,-0.3393709601796237,0.31744841881843283,0.2764630573826438
4433,Pillaite,02,,monoclinic,0.6561383320516936,-0.020611735141509272,-0.023985323439734665
4434,Pilsenite,02,Tetradymite,hexagonal,0.6588729092842481,-0.012536415496438968,-0.00046163425315845497
4435,Pinakiolite,06,,monoclinic,-0.14623381838402544,-0.13894637659140005,0.01177922429429006
4436,Pinalite,07,,orthorhombic,-0.18590697233149284,-0.015672064300486628,-0.07916976767180903
4437,Pinchite,03,,orthorhombic,0.6537756094217169,-0.03098409324630145,-0.01620618007598577
4438,Pingguite,07,,orthorhombic,0.6614197524102481,-0.034091335829887756,0.0197380361674655
4439,Pinnoite,06,,tetragonal,0.5973023757884307,-0.15025855372797267,0.03660051933580295
4440,Pintadoite,04,,,0.6189400146403263,-0.05059841807644936,0.007022268174558106
4441,Piretite,04,Guilleminite,orthorhombic,-0.22141350383021285,-0.33839085564977645,-0.2839160563014661
4442,Pirquitasite,02,"Stannite, Diamond-Sphalerite",tetragonal,0.6681751375795006,-0.03624623875059152,0.03375978847669028
4443,Pirssonite,05,,orthorhombic,-0.2871188457876268,0.26900584639549774,-0.09028957812536462
4444,Písekite-(Y),04,,,0.6388764262707936,-0.0747430361150177,0.04997228736685044
4445,Pitiglianoite,09,"Cancrinite, Cancrinite-sodalite",hexagonal,-0.2159477328990858,-0.19798001953307118,-0.26702028776952114
4446,Pitticite,08,,,-0.23878237867651758,-0.22441717147583667,0.046434408244147234
4447,Pittongite,07,,hexagonal,0.592595979108741,-0.16554858830131602,0.045476576148810476
4448,Piypite,07,,tetragonal,-0.2138972167206113,-0.17834047888697457,-0.28879792432001633
4449,Pizgrischite,02,,monoclinic,0.668559340149766,-0.03038133752003022,0.005827611007082116
4450,Plagionite,02,,monoclinic,0.6601306593451374,-0.02090005577116776,-0.01716942558495689
4451,Plancheite,09,Plancheite,orthorhombic,0.6148350028452274,-0.14830762354199706,-0.008149091197332188
4452,Planerite,08,Turquoise,triclinic,-0.23879004679856283,-0.21958041847926052,0.3164955783688561
4453,Plášilite,07,Not in a structural group,monoclinic,-0.22588244953683456,-0.30097519881920054,-0.2541737114713175
4454,Platinum,01,Copper,cubic,0.6281691044596037,0.5223727979653287,-0.05526678408531071
4455,Plattnerite,04,Rutile,tetragonal,0.6709061538033244,-0.07874538838505396,-0.001541864875109076
4456,Plavnoite,07,Zippeite,monoclinic,-0.2337837117632392,-0.2784398941852421,-0.2755470312133559
4457,Playfairite,02,Madocite,monoclinic,0.661483196952574,0.005862295591239545,-0.01963068675056702
4458,Plechovite,09,Milarite,hexagonal,0.6075624855452944,-0.03527283902052247,0.025750780031949944
4459,Pleysteinite,08,Paulkerrite,"orthorhombic, monoclinic",-0.2869630493991021,-0.03643443038105125,0.35880824777013565
4460,Plimerite,08,Rockbridgeite,orthorhombic,-0.23636786970183402,-0.17191684740206323,0.33969825574778323
4461,Pliniusite,08,Apatite,hexagonal,-0.2569791535205221,0.0183803581161305,0.31914286211348664
4462,Plombièrite,09,Tobermorite,monoclinic,0.5924682626091786,-0.1418769617729596,0.03381573716744737
4463,Plumboagardite,08,Mixite,hexagonal,-0.2350011583164314,-0.2157131558233925,0.3057472322569343
4464,Plumboferrite,04,Magnetoplumbite,hexagonal,0.6089851291392808,-0.04240361652638584,0.024201931279136606
4465,Plumbogaidonnayite,09,Gaidonnayite,orthorhombic,0.6584473946153553,-0.06446127759547031,-0.008550873821683338
4466,Plumbogottlobite,08,Conichalcite,orthorhombic,-0.22631619213974885,-0.16410918768943597,0.2990722070155882
4467,Plumbogummite,08,Alunite-Crandallite,hexagonal,-0.22166758425527597,-0.2054711085463883,0.30385422118505756
4468,Plumbojarosite,07,Alunite-Alunite,hexagonal,-0.21531198516387945,-0.2571329754738971,-0.24246972250329923
4469,Plumbojohntomaite,08,Bjarebyite,monoclinic,-0.2314915981212064,-0.1644406890248955,0.32246197066366983
4470,Plumbonacrite,05,,hexagonal,-0.17320155897838002,-0.23810985206183885,-0.08198908178171946
4471,Plumbopalladinite,01,,hexagonal,0.6236829757104096,0.5173213591839905,-0.07032540694936264
4472,Plumboperloffite,08,Bjarebyite,monoclinic,-0.2304846339707139,-0.16333251499027937,0.32827422123638794
4473,Plumbopharmacosiderite,08,Pharmacosiderite,cubic,-0.24300873141822213,-0.1940724155832687,0.3298824357938704
4474,Plumbophyllite,09,,orthorhombic,0.6462353074723234,-0.03932217406142417,-0.054977165232345616
4475,Plumboselite,04,Not in a structural group,orthorhombic,-0.2011121477532567,-0.1969073158981856,-0.3521832584110107
4476,Plumbotellurite,04,,orthorhombic,-0.31659553497674453,0.28166561579352173,-0.43717048374072603
4477,Plumbotsumite,09,,"orthorhombic, triclinic",0.6043658199400165,-0.16365873867159608,0.000792999163007688
4478,Plumosite,02,,,0.6553742633919902,-0.021793468865913,-0.025628320567857313
4479,Podlesnoite,05,,orthorhombic,-0.1978670468623399,-0.04961196676477428,-0.06812205326124292
4480,Poellmannite,07,Hydrotalcite,hexagonal,-0.24676277616230272,-0.31999573961080724,-0.2558580030033163
4481,Pohlite,03,Not in a structural group,triclinic,0.6148287787085553,-0.07455175606865624,-0.027677785869591808
4482,Poirierite,09,,orthorhombic,-0.27762395046441096,0.36868580866779976,-0.014300114937305278
4483,Poitevinite,07,,triclinic,-0.3401136296117623,0.2682176435367473,-0.40406269120883453
4484,Pokhodyashinite,02,Not in a structural group,"triclinic, monoclinic",0.6843899852017609,-0.022707122949888907,0.011935438243624962
4485,Pokrovskite,05,Malachite,monoclinic,-0.17889866199614957,-0.23508536758252657,-0.015327859953600437
4486,Polarite,02,,orthorhombic,0.6228187009843648,0.5215281417548441,-0.06794852421748883
4487,Poldervaartite,09,,orthorhombic,-0.15620305488873573,-0.21395983713829228,0.0036422353720087027
4488,Polekhovskyite,01,,hexagonal,0.6428168544061694,0.1408561024988214,0.02607804432454297
4489,Polezhaevaite-(Ce),03,Gagarinite,hexagonal,0.6229414795139522,0.07899116264077016,0.03296288070361358
4490,Polhemusite,02,Diamond-Sphalerite,"tetragonal, cubic",0.636319634995888,-0.0041158879305057934,0.013609210448336606
4491,Polkanovite,02,,hexagonal,0.6817503947875099,0.09988754601485798,-0.0033307546719427376
4492,Polkovicite,02,"Germanite, Diamond-Sphalerite",cubic,0.619760418125696,-0.026583967910210237,-0.009810988248515048
4493,Polloneite,02,Sartorite,monoclinic,0.6545380462726826,-0.011422762435395539,-0.03155349388232256
4494,Pollucite,09,Analcime,"cubic, tetragonal",0.5930728170668471,-0.16060369206574845,0.03434145119584965
4495,Polyakovite-(Ce),09,Chevkinite,monoclinic,0.6257196650742639,-0.05555232027216249,0.05077631812206587
4496,Polyarsite,08,Not in a structural group,monoclinic,-0.2529510355819983,-0.010517328124851604,0.3265707628542104
4497,Polybasite,02,Polybasite,"monoclinic, hexagonal",0.6917941218958488,-0.041341230682937845,0.005006486288565875
4498,Polydymite,02,Spinel,cubic,0.633084378888448,0.01868647480314313,0.03973678472707233
4499,Polyhalite,07,,triclinic,-0.3335588614609288,0.2531660503546241,-0.3189899052834022
4500,Polylithionite,09,Mica,monoclinic,0.6169681432585064,-0.03826471183024361,0.017185850111129296
4501,Polyphite,09,Seidozerite-Murmanite,triclinic,-0.2290347600179135,-0.10632573328929576,0.3473569803615708
4502,Pomite,05,Not in a structural group,triclinic,-0.19697560558434604,-0.1858849145123459,-0.05827097337329894
4503,Ponomarevite,03,,monoclinic,0.6297939401914878,0.04776634688894492,-0.01813116593481686
4504,Popovite,08,Not in a structural group,triclinic,-0.23040105247013395,-0.12056954172036083,0.30107579177138283
4505,Poppiite,09,Pumpellyite,monoclinic,-0.1922670792361306,-0.1970491896624032,0.03183833966141228
4506,Popugaevaite,06,Brianroulstonite,monoclinic,0.6057110349854917,-0.164774135050764,0.029021698769758728
4507,Portlandite,04,Brucite,hexagonal,0.5856398658214004,-0.17159011273015853,0.03360752843308111
4508,Pošepnýite,02,Tetrahedrite,cubic,0.6731192573141525,-0.0398590205156882,-0.0008165222980491965
4509,Posnjakite,07,,monoclinic,-0.21749348576864047,-0.27755886456958284,-0.2699074070784965
4510,Postite,04,Pascoite,orthorhombic,0.5994865418270917,-0.1683699559921636,0.03231812303052012
4511,Potarite,01,Potarite,tetragonal,0.6282595223291448,0.5232577310577345,-0.05605708932007398
4512,Potassic-arfvedsonite,09,Amphibole,monoclinic,0.581858151035618,-0.09227655254346796,0.04733594776887175
4513,Potassiccarpholite,09,Carpholite,orthorhombic,0.5902657638215811,-0.16471081121595915,0.03418278214841627
4514,Potassic-chloro-hastingsite,09,Amphibole,monoclinic,0.5884611679890259,-0.03983018887282133,0.03390018857650276
4515,Potassic-chloro-pargasite,09,Amphibole,monoclinic,0.581939230786786,-0.02626510617456836,0.03456128991540071
4516,Potassic-ferri-leakeite,09,Amphibole,monoclinic,0.577455845531536,-0.09426118448088558,0.0600288939534356
4517,Potassic-ferro-ferri-sadanagaite,09,Amphibole,monoclinic,0.5818551531855943,-0.09376154880980472,0.042284077390876876
4518,Potassic-ferro-ferri-taramite,09,Amphibole-amphiboles sodic-calcic,,0.5821566652731764,-0.09577743636912858,0.04449388957301162
4519,Potassic-ferro-pargasite,09,Amphibole,monoclinic,0.5806641598701678,-0.09512522799582276,0.0381109192324061
4520,Potassic-ferro-sadanagaite,09,Amphibole,,0.5853701588812941,-0.09847615334606491,0.03165525173599923
4521,Potassic-ferro-taramite,09,Amphibole,monoclinic,0.5846131341257117,-0.1005264676765461,0.03782491445068366
4522,Potassic-fluoro-hastingsite,09,Amphibole,monoclinic,0.5884119752868824,-0.039871881002660925,0.03437225604980847
4523,Potassic-fluoro-pargasite,09,Amphibole,monoclinic,0.5818906972618678,-0.02630370756437476,0.03503351890784703
4524,Potassic-fluoro-richterite,09,Amphibole,monoclinic,0.5794870173603986,0.0014991118226864095,0.049786683897768955
4525,Potassic-hastingsite,09,Amphibole,monoclinic,0.5797038666561277,-0.09255536937691304,0.042060742857858574
4526,Potassic-jeanlouisite,09,Amphibole,monoclinic,0.5852240091790426,-0.02099040508710716,0.05891346987900964
4527,Potassic-magnesio-arfvedsonite,09,Amphibole-amphiboles sodic,monoclinic,0.5698788699336714,-0.08000085482388655,0.06271285785939246
4528,Potassic-magnesio-fluoro-arfvedsonite,09,Amphibole,monoclinic,0.5779976886267806,-0.01452983742341036,0.05368651574326107
4529,Potassic-magnesio-hastingsite,09,Amphibole,monoclinic,0.5723571255482907,-0.07874595367807627,0.0496382886049901
4530,Potassic-mangani-leakeite,09,Amphibole,,0.5830679302675477,-0.08659716852702568,0.061224568958387335
4531,Potassic-pargasite,09,Amphibole,monoclinic,0.5735611166708899,-0.08101245195776026,0.04484331802917922
4532,Potassic-richterite,09,Amphibole,monoclinic,0.5696085873781132,-0.06679210458120857,0.059025675976895474
4533,Potassic-sadanagaite,09,Amphibole,monoclinic,0.5783400187552287,-0.090813894854924,0.03615565465580415
4534,Pottsite,08,Pottsite,tetragonal,-0.34093069115656405,0.3501821601313336,0.2546352138780344
4535,Poubaite,02,Tetradymite,hexagonal,0.6561549880257536,-0.013423938635759233,-0.013967126974692745
4536,Poudretteite,09,Milarite,hexagonal,0.6252125690728276,-0.03400010547143651,0.018687962834983265
4537,Poughite,07,,orthorhombic,-0.3438363692702263,0.28353667449371067,-0.34856225454691553
4538,Povondraite,09,Tourmaline,hexagonal,-0.15777902817388617,-0.1733584264344742,0.01639944429769924
4539,Powellite,07,Scheelite,tetragonal,-0.2753879721594309,0.3828603728223883,-0.07179274401492959
4540,Poyarkovite,03,,monoclinic,0.6831863305606704,-0.027108159290670703,-0.006237992824682872
4541,Prachařite,04,Not in a structural group,hexagonal,0.6758269627508949,-0.10921698882885467,0.035850102912805035
4542,Pradetite,08,Lindackerite,triclinic,-0.25222163430955485,-0.19581096576864254,0.32156595046275865
4543,Pratesiite,02,,orthorhombic,0.6542275281864518,-0.03771786083421899,-0.025682629619466928
4544,Prehnite,09,Prehnite,orthorhombic,0.5824305242848504,-0.13393813276379624,0.02689603439004431
4545,Preisingerite,08,,triclinic,-0.22201844063327086,-0.13680993344816347,0.3457692699185778
4546,Preiswerkite,09,Mica,monoclinic,0.575832251097002,-0.12064948254311367,0.043473768273355154
4547,Preobrazhenskite,06,,orthorhombic,0.5886329079202202,-0.13089781806607903,0.040444694469583896
4548,Pretulite,08,Zircon,tetragonal,-0.3243828838430092,0.34430597128829393,0.2930787335453482
4549,Prewittite,03,,orthorhombic,-0.22265507650526548,-0.11240069090814003,-0.3479611107278008
4550,Příbramite,02,Chalcostibite,orthorhombic,0.6794771080683077,-0.03644638286312414,0.005188184713765113
4551,Priceite,06,,monoclinic,0.5976272071940889,-0.1473561273699419,0.03218581807269638
4552,Priderite,04,Coronadite,tetragonal,0.6534076791017455,-0.08482834792306551,0.05625874114088504
4553,Princivalleite,09,Tourmaline,hexagonal,-0.14731307907478514,-0.19358236726249525,-0.006672658890735532
4554,Pringleite,06,,triclinic,0.6141766111593275,-0.17824343435115333,0.03218374809182084
4555,Priscillagrewite-(Y),04,Garnet,cubic,0.6099255309451463,-0.08623379717727694,0.030282861425484267
4556,Prismatine,09,Kornerupine,orthorhombic,0.5821628853030506,-0.11241489038431086,0.0352752111500121
4557,Probertite,06,,monoclinic,0.6011077880937421,-0.15706216481584678,0.04351993232036582
4558,Proshchenkoite-(Y),09,Okanoganite,hexagonal,0.6095638689500881,0.0030287147108810485,0.03955722431522202
4559,Prosopite,03,,monoclinic,0.5906943534161365,-0.121164088599923,0.024663391918052842
4560,Prosperite,08,,monoclinic,-0.3481028186864853,0.34314931147683786,0.2986434322989477
4561,Protasite,04,,monoclinic,0.6318514484987752,-0.22201229937456612,0.03858700605207274
4562,Proto-anthophyllite,09,Amphibole,orthorhombic,0.5729297128844779,-0.05001359773977642,0.04957330271302904
4563,Protocaseyite,04,Pascoite,triclinic,0.6244272109577458,-0.21330691231137872,0.02227773827134242
4564,Protochabournéite,02,Chabournéite,triclinic,0.6793787511344052,-0.01890341853049508,0.008825033725102495
4565,Protoenstatite,09,Pyroxene,orthorhombic,0.5859009025945293,0.02067766788986462,0.036386810037195044
4566,Proto-ferro-anthophyllite,09,Amphibole,orthorhombic,0.5907275076874863,-0.07782536873873382,0.02642953503783349
4567,Proto-ferro-suenoite,09,Amphibole,orthorhombic,0.5912440848504049,-0.07779827604646003,0.028026093859657875
4568,Proto-owyheeite,02,,monoclinic,0.6600072708876454,-0.02547291641508055,-0.019757131812750864
4569,Proudite,02,,monoclinic,0.6525748768537221,-0.018212281190465883,-0.022011931131893446
4570,Proustite,02,,hexagonal,0.6969567383530888,-0.026995595362827782,0.010711242891539066
4571,Proxidecagonite,01,,orthorhombic,0.5858099565257416,0.5044094614063591,-0.043559365238409344
4572,Proxitwelvefoldite,02,,tetragonal,0.6330639467721564,0.0015315132387496797,0.02800412679658446
4573,Przhevalskite,08,,,-0.2491488247118156,-0.21106270456224321,0.33400008290110456
4574,Pseudoboleite,03,,tetragonal,0.608704020868879,-0.10310194046117238,-0.016719711969119352
4575,Pseudobrookite,04,Pseudobrookite,orthorhombic,0.6210865411424314,-0.053710270011781004,0.06260633746595723
4576,Pseudocotunnite,03,,,0.6329468312764973,0.07517520427062793,-0.022093366575317484
4577,Pseudodickthomssenite,04,Not in a structural group,triclinic,-0.34821514688328276,0.33262370526405377,0.2866262186285547
4578,Pseudograndreefite,07,,orthorhombic,-0.2483503375355225,-0.05995795865983049,-0.36423330458711123
4579,Pseudojohannite,07,,triclinic,-0.23862424305462693,-0.32339143355830496,-0.2940273358061131
4580,Pseudolaueite,08,Stewartite,monoclinic,-0.2511160695646892,-0.1901092543777556,0.3454429000231317
4581,Pseudolyonsite,08,Not in a structural group,monoclinic,-0.34401898029678996,0.3497359197613442,0.2568100206537811
4582,Pseudomalachite,08,,monoclinic,-0.22970002854118643,-0.18812919260708105,0.3121262221425058
4583,Pseudomarkeyite,05,,monoclinic,-0.2035554943200071,-0.2803833177387787,-0.047351694666677574
4584,Pseudomeisserite-(NH4),07,Not in a structural group,monoclinic,-0.24240624247996728,-0.27846160673917225,-0.26008098459530266
4585,Pseudomertieite,02,,monoclinic,0.6869778315781597,0.1051317428831676,-0.003184715578018896
4586,Pseudopomite,05,Not in a structural group,triclinic,-0.19721467366730663,-0.1865049681836493,-0.058451139664099705
4587,Pseudorutile,04,Tivanite,hexagonal,0.6354485106565341,-0.07108041027255561,0.06073465579948885
4588,Pseudosinhalite,06,,monoclinic,0.5805487783054807,-0.0853086126221109,0.02799640602155507
4589,Pseudowollastonite,09,,"triclinic, monoclinic",-0.25202368234829153,0.344612290696798,-0.08345844499796382
4590,Pucherite,08,Scheelite,orthorhombic,-0.3344818577722479,0.39152255618188697,0.3104529607868627
4591,Pumpellyite-(Al),09,Pumpellyite,monoclinic,-0.18246462971213154,-0.19984827172053285,0.027542026465685533
4592,Pumpellyite-(Fe2+),09,Pumpellyite,monoclinic,-0.1855223223209959,-0.19378895494731013,0.03226417083452358
4593,Pumpellyite-(Fe3+),09,Pumpellyite,monoclinic,-0.18424432742361285,-0.19561985362793613,0.03517360286429755
4594,Pumpellyite-(Mg),09,Pumpellyite,monoclinic,-0.184509615307669,-0.1893372020977766,0.0353750244354217
4595,Pumpellyite-(Mn2+),09,Pumpellyite,monoclinic,-0.1847067805349861,-0.19277298559338701,0.03530608974118708
4596,Puninite,07,Euchlorine,monoclinic,-0.21331031774622927,-0.20516505537788196,-0.28422138141330755
4597,Punkaruaivite,09,,monoclinic,0.616134890773734,-0.1655055144152063,0.05640975865555968
4598,Purpurite,08,Olivine,orthorhombic,-0.34409277892858536,0.3879931739109199,0.33466385042101726
4599,Puschridgeite,10,"Glycolate, Stanevansite",monoclinic,0.6107678819852839,-0.12868559353598608,0.040834417040166326
4600,Pushcharovskite,08,,triclinic,-0.23476560564595045,-0.23650453629125306,0.3183548501323208
4601,Putnisite,05,Not in a structural group,orthorhombic,-0.21903553372591336,-0.28809255901309905,-0.07772719221907046
4602,Putoranite,02,Chalcopyrite,cubic,0.6189273108444657,-0.02286889486041963,0.005499089529330894
4603,Puttapaite,08,Not in a structural group,monoclinic,-0.25175684978886964,-0.17513202417140125,0.339537812530754
4604,Putzite,02,Argyrodite,cubic,0.6858140780958217,-0.06067842507489714,-0.012123907065536657
4605,Pyatenkoite-(Y),09,,hexagonal,0.6285504681506353,-0.07996044853556272,0.034009291110152384
4606,Pyracmonite,07,Pyracmonite,"hexagonal, monoclinic",-0.25704986060818147,-0.15616049325774103,-0.29025827483787764
4607,Pyradoketosite,02,,monoclinic,0.689710249168313,-0.0386673265585492,0.018590204277628832
4608,Pyrargyrite,02,,hexagonal,0.689710249168313,-0.0386673265585492,0.018590204277628832
4609,Pyrite,02,Pyrite,"cubic, triclinic",0.6127531708042742,-0.0028975233579024246,0.005795680828680275
4610,Pyroaurite,05,Hydrotalcite,hexagonal,-0.18872264413593787,-0.28321350020119884,-0.02325445964501945
4611,Pyrobelonite,08,Conichalcite,orthorhombic,-0.22804260556538164,-0.16116127058907936,0.3046963571955791
4612,Pyrochroite,04,Brucite,hexagonal,0.5912794270667228,-0.16026563879135491,0.04407330289137845
4613,Pyrolusite,04,Rutile,tetragonal,0.6418596180197191,-0.034065094971903714,0.05775888429310371
4614,Pyromorphite,08,Apatite,hexagonal,-0.2663225001291801,0.012245551526493864,0.2924929689345707
4615,Pyrope,09,Garnet,cubic,-0.2770672962654175,0.34158590111914805,-0.02389777299321496
4616,Pyrophanite,04,Corundum,"tetragonal, hexagonal",0.6314464451986472,-0.05487529203650324,0.05809872895876067
4617,Pyrophyllite,09,"Clay, Pyrophyllite","monoclinic, triclinic",0.5968804960387396,-0.1520904557294984,0.01690862236112084
4618,Pyrosmalite-(Fe),09,"Pyrosmalite, Clay",hexagonal,0.5833467704177673,-0.1454992807612292,0.0332305180552701
4619,Pyrosmalite-(Mn),09,"Pyrosmalite, Clay",hexagonal,0.5938829090203749,-0.10940734280457165,0.04036432817780502
4620,Pyrostilpnite,02,Xanthoconite,monoclinic,0.6903957263329228,-0.038987561978727964,0.01957797439921053
4621,Pyroxferroite,09,,triclinic,-0.2745492743359422,0.36522370338081145,-0.08438687237451381
4622,Pyroxmangite,09,,triclinic,-0.2690935820204656,0.37974152686189244,-0.07516486456105795
4623,Pyrrhotite,02,Nickeline,"monoclinic, orthorhombic, hexagonal",0.6133882693274704,-0.000507568487397931,0.01937202175314173
4624,Qandilite,04,Spinel,"cubic, tetragonal",0.5930517966457367,-0.05571994055435865,0.05133936300246368
4625,Qaqarssukite-(Ce),05,,hexagonal,-0.19826308544821059,-0.05485257564589163,-0.052635061764965296
4626,Qatranaite,04,,monoclinic,0.5946195189752954,-0.17526033214663783,0.044784630441914136
4627,Qeltite,09,Paqueite,hexagonal,0.5981031024222063,-0.04918379901419189,0.04361528213017546
4628,Qilianshanite,05,,monoclinic,-0.2902741527713934,0.18442107956663648,-0.07568080356473086
4629,Qingheiite,08,Alluaudite-Wyllieite,monoclinic,-0.3343891147064795,0.31673362477569555,0.30762596056793745
4630,Qingsongite,01,Diamond-Sphalerite,cubic,0.7957544340147584,0.12941082976159918,-0.04624921186733381
4631,Qitianlingite,07,Columbite,orthorhombic,-0.010348187852562231,0.5251341281817993,-0.0766093385927841
4632,Qiumingite,08,Dugganite,hexagonal,0.6194597238070634,-0.055168661988345635,-0.0015676931296761936
4633,Quadratite,02,Quadratite,tetragonal,0.6530709436483257,0.004526095150526563,0.03050694365161407
4634,Quadridavyne,09,"Cancrinite-sodalite, Cancrinite",hexagonal,0.6023244424347942,-0.05532861398864225,0.022166311322871328
4635,Quadruphite,09,Seidozerite-Murmanite,triclinic,-0.22558295144475168,-0.11305982282060054,0.35090407441100824
4636,Quartz,09,Quartz,hexagonal,-0.2331667468570381,0.4400805633127375,-0.11635888724693316
4637,Quatrandorite,02,Lillianite,"orthorhombic, monoclinic",0.6737362448730575,-0.02567294509672307,0.00011962026403675857
4638,Queitite,09,,monoclinic,-0.21326210865237033,-0.14662158127748,-0.18519741108611762
4639,Quenselite,04,,monoclinic,0.5967374631393118,-0.13183860931724672,0.02112560567485373
4640,Quenstedtite,07,Not in a structural group,triclinic,-0.3592224152426997,0.28259935136141673,-0.339730409261858
4641,Quetzalcoatlite,07,,hexagonal,0.5955748775494325,-0.13427287105832658,0.026574198951758367
4642,Quijarroite,02,,orthorhombic,0.6652176700626765,-0.04009286674234342,-0.01235431308307263
4643,Quintinite,05,Hydrotalcite,hexagonal,-0.18535361481538382,-0.28524224719390834,-0.027962814517667953
4644,Qusongite,01,Qusongite,hexagonal,0.7923297992699713,0.13409015690441295,-0.038677311698388374
4645,Raadeite,08,Allactite,monoclinic,-0.23059273250594844,-0.16707541918643215,0.329980869376987
4646,Rabbittite,05,,monoclinic,-0.19992095129506893,-0.29489135397736344,-0.023498328328558655
4647,Rabejacite,07,,orthorhombic,-0.24253160783231772,-0.2933645727689809,-0.29463033976702746
4648,Raberite,02,Not in a structural group,triclinic,0.6966254581832362,-0.02053191476686511,0.005330749899034301
4649,Radekškodaite-(Ce),09,Radekškodaite,monoclinic,-0.17300333974629928,-0.17428810070313702,0.03655025765983133
4650,Radekškodaite-(La),09,Radekškodaite,monoclinic,-0.16892184943747882,-0.1745836611069882,0.030146817473796834
4651,Radhakrishnaite,02,,tetragonal,0.6530019448251088,-0.0007039918967555459,-0.028768185758846862
4652,Radovanite,08,,orthorhombic,-0.21589733099210887,-0.18754401032092455,0.31808838637669656
4653,Radtkeite,02,,monoclinic,0.6642443912973753,0.02045096021016564,-0.020780699548224223
4654,Radvaniceite,02,,monoclinic,0.6643783974455273,-0.025042915595470363,0.0022005511895631623
4655,Raguinite,02,Raguinite,monoclinic,0.6453669913967889,-0.026824317469206386,0.026345358461911973
4656,Raisaite,07,Not in a structural group,monoclinic,-0.2275304668999087,-0.27918711816509045,-0.23662364268308606
4657,Raite,09,,monoclinic,0.5987577207527219,-0.12780251227207934,0.05372882147674862
4658,Rajite,04,,monoclinic,0.6402322379675477,-0.06971790238492231,-0.03362619110737773
4659,Rakovanite,04,Pascoite,monoclinic,0.6144772254608939,-0.18149696816071142,0.037613904266150744
4660,Ralphcannonite,02,Routhierite,tetragonal,0.6524669800759819,0.003718926627009624,0.025013490726789468
4661,Ramaccioniite,07,Brochantite,monoclinic,-0.21051504111086322,-0.2669849404915228,-0.25375582935106017
4662,Ramanite-(Cs),06,Santite,monoclinic,0.607807452825263,-0.16051836763949043,0.03312172754373312
4663,Ramanite-(Rb),06,Santite,orthorhombic,0.6080938373295519,-0.15998582997643376,0.03117164405473916
4664,Ramazzoite,05,Not in a structural group,cubic,-0.22686332924568745,-0.2929237078649337,-0.013171449658176234
4665,Rambergite,02,Wurtzite,hexagonal,0.6268812800631536,0.015582766565254532,0.019486804575739373
4666,Ramdohrite,02,Lillianite,"orthorhombic, monoclinic",0.6657119775361822,-0.026021409128892455,-0.007561832480742133
4667,Rameauite,04,Compreignacite,monoclinic,0.6234430176083728,-0.23429948639892778,0.03464883881299535
4668,Ramikite-(Y),05,Not in a structural group,triclinic,-0.2291705285608981,-0.13892850215354163,0.27441587929412964
4669,Rammelsbergite,02,Marcasite,orthorhombic,0.6570445737228443,0.15169717397982954,0.0424586360296077
4670,Ramosite,02,Cylindrite,monoclinic,0.6493373418345756,-0.03171287114817319,-0.022546311020501388
4671,Ramsbeckite,07,,monoclinic,-0.22925137992053857,-0.2974283322086165,-0.27597540907809015
4672,Ramsdellite,04,Ramsdellite,orthorhombic,0.6416444234333953,-0.034359949737643246,0.05779581717301911
4673,Ranciéite,04,,hexagonal,0.6206096770442573,-0.04144717203085793,0.0589755405428669
4674,Rankachite,07,,"orthorhombic, monoclinic",0.5876045919784041,-0.0996215220919485,0.05188159007527288
4675,Rankamaite,04,,orthorhombic,0.6155127260404514,-0.1757652898058668,0.041633528006230686
4676,Rankinite,09,,monoclinic,0.6107950710355587,-0.02412081705313327,0.008395167331648442
4677,Ransomite,07,,monoclinic,-0.3504563936398208,0.257098898696128,-0.34958401094028313
4678,Ranunculite,08,,monoclinic,-0.22842268641882227,-0.25234369310648114,0.31075175867780824
4679,Rapidcreekite,05,,orthorhombic,-0.3384703732113488,0.24310884212375986,-0.2745229232463984
4680,Rappoldite,08,Natrochalcite-Helmutwinklerite,triclinic,-0.3586484915660676,0.3459592870647358,0.2732970668394238
4681,Raslakite,09,Eudialyte,hexagonal,0.5989993955131376,-0.12015705815992372,0.054656013785393726
4682,Rasmussenite,10,Glycolate,triclinic,0.5998625612456424,-0.15092341258101485,0.025762765655281898
4683,Raspite,07,Raspite,monoclinic,-0.28157444003262905,0.39581611922034754,-0.1297699610562026
4684,Rastsvetaevite,09,Eudialyte,hexagonal,0.5984826038254968,-0.08183662100452163,0.04548936924298576
4685,Rasvumite,02,Cubanite,orthorhombic,0.6021394844583314,-0.020532087261065035,0.039578168376523545
4686,Rathite,02,Sartorite,monoclinic,0.6583988125859555,-0.004243236218762908,-0.0470639477542287
4687,Rathite-IV,02,Sartorite,,0.6591711010560369,0.006624732694689332,-0.026305718346066022
4688,Rauchite,08,Autunite,triclinic,-0.25829848455870047,-0.20753960984580794,0.3648774907834692
4689,Raudseppite,09,Not in a structural group,triclinic,-0.17307696980392456,-0.14973581478241238,-0.05603114406811272
4690,Rauenthalite,08,,triclinic,-0.3583032270174451,0.324612148130301,0.29342546670753705
4691,Rauvite,04,,,0.6584223757530219,-0.16669741513809794,0.01875588796255461
4692,Ravatite,10,,monoclinic,0.6346019883586274,-0.026809861586071567,0.015104871306526596
4693,Raydemarkite,07,,triclinic,-0.31691943635933467,0.44156915152543513,-0.141587868398789
4694,Raygrantite,09,Iranite,triclinic,-0.21759362206072036,-0.21097752076783066,-0.25094234243294666
4695,Rayite,02,,,0.6624895881931724,-0.03051401359964327,-0.02022486331782359
4696,Realgar,02,,monoclinic,0.7915538131466198,0.04413866111451163,-0.02718631903883745
4697,Reaphookhillite,08,Parahopeite,triclinic,-0.3642227795411112,0.3342506937238815,0.3022193251256507
4698,Rebulite,02,,monoclinic,0.6895768486168385,-0.006247403367649909,0.014497722157403116
4699,Reckibachite,02,Sartorite,monoclinic,0.6573669481216011,-0.007132313800941438,-0.03332360516410552
4700,Rectorite,09,"Corrensite, Clay",,0.6011389530912014,-0.12646632794101928,0.01696951983127913
4701,Redcanyonite,07,Zippeite,monoclinic,-0.2326308084821423,-0.3048776057058283,-0.26150423267189304
4702,Reddingite,08,Reddingite,orthorhombic,-0.368675876388177,0.3585462051984184,0.30585885996678114
4703,Redgillite,07,,monoclinic,-0.2189111434893016,-0.28045344071923844,-0.26871271719012324
4704,Redingtonite,07,Halotrichite,,-0.3055081815340602,-0.06779347020639326,-0.32253628680921864
4705,Redledgeite,04,Coronadite,tetragonal,0.6640815883371186,-0.07043620642741297,0.04694121479415752
4706,Redmondite,07,Redmondite,monoclinic,-0.20233488212818923,-0.2563173023363375,-0.3045578830706829
4707,Redondite,08,,,-0.33527267147713324,0.3273991957588848,0.29152463517458177
4708,Reederite-(Y),05,,hexagonal,-0.20860311833662087,-0.05961664647471637,-0.07234673908321211
4709,Reedmergnerite,09,Feldspar,triclinic,0.6264483331182973,-0.03336071657584444,0.01869256180254849
4710,Reevesite,05,Hydrotalcite,hexagonal,-0.1881250802134377,-0.284390837618544,-0.02730755064246655
4711,Refikite,10,,orthorhombic,0.6319983440506795,-0.043413322238309286,0.016309407991527088
4712,Regerite,08,Not in a structural group,monoclinic,-0.25541207156505663,-0.21611941174652402,0.3540135597458371
4713,Reichenbachite,08,,monoclinic,-0.22970002854118643,-0.18812919260708105,0.3121262221425058
4714,Reidite,09,,tetragonal,-0.2682509059411732,0.357849625573035,-0.008565675462434532
4715,Reinerite,04,,orthorhombic,-0.34032619825055166,0.36413040011338577,0.27392260964019877
4716,Reinhardbraunsite,09,Humite,monoclinic,-0.17900345430235542,-0.1849314656317217,0.029280811544522174
4717,Relianceite-(K),10,Oxalate,monoclinic,-0.23594151456487422,-0.20484959372352843,0.3301850497956432
4718,Rémondite-(Ce),05,Burbankite,orthorhombic,-0.28258203057371906,0.2743536650383481,-0.08285951636664791
4719,Rémondite-(La),05,Burbankite,monoclinic,-0.2790212439397519,0.2746340405674747,-0.08552819389767602
4720,Renardite,08,,,-0.2510971250975993,-0.2554592609050488,0.3465818544313131
4721,Rengeite,09,Chevkinite,monoclinic,0.6374194630494158,-0.06440849566570675,0.0446802755437237
4722,Renierite,02,"Germanite, Diamond-Sphalerite",tetragonal,0.6329076776696383,-0.028051551947808978,0.009561423747233708
4723,Reppiaite,08,,monoclinic,-0.23018958620402907,-0.1600262340112127,0.32588736131913654
4724,Retgersite,07,,tetragonal,-0.36097845533121387,0.2875085578229181,-0.3585425892703532
4725,Retzian-(Ce),08,Retzian,orthorhombic,-0.2277773819808206,-0.1780012008315655,0.3359696530506489
4726,Retzian-(La),08,Retzian,orthorhombic,-0.22628602832440115,-0.17943305293618592,0.3323262843847515
4727,Retzian-(Nd),08,Retzian,orthorhombic,-0.2263136196488066,-0.17931394781845886,0.3323095092024828
4728,Revdite,09,,monoclinic,0.6119163392820391,-0.1983595765509876,0.03901316475330642
4729,Rewitzerite,08,Paulkerrite,monoclinic,-0.25405601840867653,-0.19274372786339378,0.36765816408299057
4730,Reyerite,09,Gyrolite,hexagonal,0.5882813867012519,-0.14219815384932522,0.030131706566242342
4731,Reynoldsite,07,Not in a structural group,triclinic,-0.1645771126884889,-0.09422540902085401,-0.024290895395142592
4732,Reznitskyite,08,Titanite,monoclinic,-0.2546771797133872,0.03280883243845022,0.3267131752521406
4733,Rhabdoborite-(Mo),06,Rhabdoborite,hexagonal,-0.15712035596946483,-0.07679096869613633,-0.0013959739533752121
4734,Rhabdoborite-(V),08,Rhabdoborite,hexagonal,-0.15958308672449073,-0.06291362521103566,-0.0004959053199844114
4735,Rhabdoborite-(W),08,Rhabdoborite,hexagonal,-0.15742485340101492,-0.06956483508589902,0.0003407440436834384
4736,Rhabdophane-(Ce),08,Rhabdophane,hexagonal,-0.3501281741512639,0.3663980008045725,0.3327335730770965
4737,Rhabdophane-(La),08,Rhabdophane,,-0.32933731756291873,0.3459478308398641,0.3099224046001997
4738,Rhabdophane-(Nd),08,Rhabdophane,,-0.329355744359082,0.34636276487250967,0.3098980526186582
4739,Rhabdophane-(Y),08,Rhabdophane,hexagonal,-0.3291819733419352,0.3459220619340474,0.3098231177445213
4740,Rheniite,02,,triclinic,0.6615363306521386,-0.028997290352452423,0.0009904455108395403
4741,Rhodarsenide,02,Barringerite,orthorhombic,0.6826300533382622,0.10029385656160429,-0.00425235450696012
4742,Rhodesite,09,Rhodesite,orthorhombic,0.6024918324995904,-0.05737109902034324,0.020416510260541466
4743,Rhodium,01,Copper,cubic,0.6276432868640769,0.5221696650961463,-0.05522390866712617
4744,Rhodizite,06,Rhodizite,cubic,0.6022067772331217,-0.038600044716157036,0.011501645891602623
4745,Rhodochrosite,05,Calcite,hexagonal,-0.29808698495252356,0.32899538147330787,-0.10741566215711432
4746,Rhodonite,09,Rhodonite,triclinic,0.6059375142655503,-0.011975947843993426,0.03044652134812883
4747,Rhodostannite,02,Spinel,tetragonal,0.6673323310703227,-0.05282860661147032,0.021139125230698337
4748,Rhodplumsite,02,,hexagonal,0.656417218517889,-0.0291362190760898,-0.014906476865559182
4749,Rhomboclase,07,Not in a structural group,orthorhombic,-0.22094059221550075,-0.2819548123477408,-0.24844343733107144
4750,Rhönite,09,Sapphirine,triclinic,0.5858655081043501,-0.04438058439655032,0.03854793827605521
4751,Ribbeite,09,Humite,orthorhombic,-0.1844298337691209,-0.16359877842250076,0.04049357436213686
4752,Richardsite,02,Stannite,tetragonal,0.6313433937120461,-0.020261364809670102,0.020669042131903098
4753,Richardsollyite,02,Richardsollyite,monoclinic,0.666677085808173,-0.02452857469190018,-0.0410871018035413
4754,Richellite,08,,,-0.24350218270902618,-0.12227695160279224,0.3374941486485529
4755,Richelsdorfite,08,,monoclinic,-0.24619589917188883,-0.2093293397176017,0.32020812885035266
4756,Richetite,04,,triclinic,0.6460927299165443,-0.2521899396252043,0.018106617427396842
4757,Richterite,09,Amphibole,monoclinic,0.5692586637776672,-0.0669722180232823,0.059840627005254055
4758,Rickardite,02,,tetragonal,0.6535162298573839,-0.03173917543689925,-0.015769823388785874
4759,Rickturnerite,03,Not in a structural group,orthorhombic,0.5990347146984075,-0.12945616904933183,-0.010605971621332637
4760,Riebeckite,09,Amphibole,monoclinic,0.5822488393963804,-0.09453063045293454,0.050828704637401675
4761,Riesite,04,Columbite,monoclinic,0.677564065033845,-0.08072984419800516,0.044262268189563095
4762,Rietveldite,07,Svornostite,orthorhombic,-0.23640794506435356,-0.2554645237360406,-0.27519744233309706
4763,Rigrahamite,05,Not in a structural group,monoclinic,-0.1864571982804339,-0.28208683060109907,-0.021980003224223395
4764,Rilandite,09,,,0.09148660873532231,0.0599545386952908,-0.056311665669808
4765,Rimkorolgite,08,,monoclinic,-0.35358614304408353,0.3365189087900528,0.3081700296440698
4766,Ringwoodite,09,Spinel,cubic,-0.27740389958183065,0.36915645567597655,-0.015502575047305954
4767,Rinkite-(Ce),09,Seidozerite-Rinkite,monoclinic,0.6046451938587224,-0.03888092132578234,0.04306311541672652
4768,Rinkite-(Y),09,Seidozerite-Rinkite,monoclinic,0.603825762418559,-0.036198912218477416,0.03927965150714843
4769,Rinmanite,04,Nolanite,hexagonal,0.5923566629023111,-0.10167047984937991,0.054101208364118386
4770,Rinneite,03,Rinneite,hexagonal,0.6227185144819865,0.0777330329953027,0.015402739792610975
4771,Riomarinaite,07,,monoclinic,-0.21593563074711675,-0.2564452821369853,-0.2613578179127809
4772,Ríosecoite,08,Not in a structural group,triclinic,-0.2298146163656493,-0.18960935787620953,0.3168321945736289
4773,Riotintoite,07,Not in a structural group,triclinic,-0.2209788270293595,-0.2797519808953314,-0.25882860911170813
4774,Rippite,09,Not in a structural group,tetragonal,0.656633876989577,-0.07210042211286947,0.047897499088459375
4775,Rittmannite,08,Jahnsite,monoclinic,-0.2522623082697627,-0.15909715105293806,0.33889462929658165
4776,Rivadavite,06,,monoclinic,0.6089800462468229,-0.17863970713027882,0.03422539527915254
4777,Riversideite,09,Tobermorite,,0.5923027823251458,-0.115203452229317,0.024479078108991102
4778,Roaldite,01,,cubic,0.6295198526516513,0.1255212064475703,0.00898113203229408
4779,Robertsite,08,Arseniosiderite,monoclinic,-0.242090836298832,-0.11311770144785349,0.3525455033162758
4780,Robinsonite,02,,monoclinic,0.6594560901939424,-0.021176271000505904,-0.018483352751913294
4781,Rockbridgeite,08,Rockbridgeite,orthorhombic,-0.2311399497358259,-0.1691492307461922,0.33354042220306795
4782,Rodalquilarite,03,,triclinic,-0.2340724168049204,-0.15219125483464319,-0.282011867429687
4783,Rodolicoite,08,Quartz,hexagonal,-0.3490100798873074,0.3735262996319121,0.3225026396684869
4784,Roeblingite,09,Roeblingite,monoclinic,-0.23582272488424139,-0.22671905176341664,-0.27195947024079237
4785,Roedderite,09,Milarite,hexagonal,0.5789546291486453,-0.0005264518085125172,0.04887357447912806
4786,Rogermitchellite,09,,hexagonal,0.6131471480280606,-0.1585885060144935,0.05301574745289074
4787,Roggianite,09,,tetragonal,0.5824736430755236,-0.1482554952722055,0.03251365913442718
4788,Rohaite,02,,"tetragonal, orthorhombic",0.6473018258102227,-0.03698316932809445,-0.008608257303266118
4789,Rokühnite,03,,monoclinic,0.6205773905354721,0.10108440386216908,-0.00692080054670664
4790,Rollandite,08,,orthorhombic,-0.3621469958135491,0.33087661015785225,0.2643440669572727
4791,Romanèchite,04,,monoclinic,0.6009935207843595,-0.10240254675208749,0.06694900012500493
4792,Romanorlovite,03,,tetragonal,0.6165162513998943,-0.023733840512252784,-0.0009462469801647918
4793,Romarchite,04,Litharge,tetragonal,0.655494076223535,-0.06913606896877283,-0.007605263933976834
4794,Römerite,07,Römerite,triclinic,-0.36294928763016965,0.27265238751314225,-0.3439134703602802
4795,Rondorfite,09,,"triclinic, cubic",-0.19731233535579373,0.00459674813197233,0.0035582132071642664
4796,Rongibbsite,09,Not in a structural group,monoclinic,0.6043396120187549,-0.11946986035750176,-0.01694322539078981
4797,Ronneburgite,04,,monoclinic,0.6079861017616309,-0.03090988166747563,0.04242591295906825
4798,Ronpetersonite,07,Scheelite,tetragonal,-0.2713940165326098,0.3848499314168862,-0.06769686516917733
4799,Röntgenite-(Ce),05,,hexagonal,-0.2001874007275474,-0.05571102505719614,-0.05346196585605168
4800,Rooseveltite,08,Monazite,monoclinic,-0.3359216482745556,0.3886938977243516,0.3190648845475533
4801,Roquesite,02,Chalcopyrite,tetragonal,0.6566646851874667,-0.04962646938026739,0.000597659480958454
4802,Rorisite,03,Matlockite,tetragonal,0.6268894049686631,0.10971431040903495,-0.005848970763400074
4803,Rosasite,05,Malachite,monoclinic,-0.17496269751971677,-0.25886884069995914,-0.03720711042907188
4804,Roscherite,08,Roscherite,triclinic,-0.2505884486491375,-0.180173362644073,0.3415219299953938
4805,Roscoelite,09,Mica,,0.5932839004705956,-0.15135732717335504,0.035035336759443654
4806,Roselite,08,Roselite,monoclinic,-0.34845639070704404,0.32562282477330207,0.29575295137424384
4807,Rosemaryite,08,Alluaudite-Wyllieite,monoclinic,-0.33601612588805285,0.32463585833839986,0.3086475627331165
4808,Rosenbergite,03,Rosenbergite,tetragonal,0.6101381376817916,-0.11143128764341076,0.01876348281689738
4809,Rosenbuschite,09,Seidozerite-Rinkite,triclinic,0.6094251932796787,-0.04928297800382812,0.04435279658305304
4810,Rosenhahnite,09,,triclinic,0.5859259728298206,-0.12222499295662206,0.030029799870121728
4811,Roshchinite,02,Lillianite,orthorhombic,0.6777177477454877,-0.03314644786247163,0.00458188771285495
4812,Rosiaite,04,Kassite,hexagonal,0.6681161515550315,-0.10456765709681545,-0.006300432510298588
4813,Rosickýite,02,,monoclinic,0.7821976193486184,-0.020077875734341562,-0.0252412253075075
4814,Rosièresite,08,,,-0.213393947452198,-0.18255138740268081,0.31616813223696794
4815,Rossiantonite,08,Not in a structural group,triclinic,-0.2507517225458752,-0.26724474448045865,-0.06542974827434545
4816,Rossite,04,,triclinic,-0.340017363741153,0.31819897611190334,0.26636755174560917
4817,Rösslerite,08,,monoclinic,-0.2363055464356127,-0.20621017869151018,0.31303858723931255
4818,Rossmanite,09,Tourmaline,hexagonal,-0.14602362734127527,-0.20812544628382962,-0.013471830345724158
4819,Rossovskyite,04,Columbite,monoclinic,0.6386885378568794,-0.07482717204031468,0.048649621980597815
4820,Rostite,07,Khademite,orthorhombic,-0.22527613250474943,-0.28549071300341566,-0.26211169723750427
4821,Rotemite,03,"Hydrotalcite, Clay",hexagonal,0.5958717207163481,-0.17579611882043572,0.028318336633313474
4822,Roterbärite,02,Lapieite,orthorhombic,0.6693677812373057,-0.03345366671724202,0.0005195459426015799
4823,Rotherkopfite,09,Neptunite,monoclinic,0.6017889875007413,-0.051727340429347096,0.04855209289896793
4824,Rouaite,04,,monoclinic,0.6038214450404895,-0.1688653262106705,0.009055208077140133
4825,Roubaultite,05,,triclinic,-0.18841747377693627,-0.3251829099689952,-0.055314799378232894
4826,Roumaite,09,,monoclinic,0.6094238145745865,-0.057147098157126534,0.036060445188814856
4827,Rouseite,04,,triclinic,-0.3427258603528998,0.3285999608891833,0.23636841213783036
4828,Routhierite,02,Routhierite,tetragonal,0.6768293701267385,-0.02535186168058532,-0.011999309993087114
4829,Rouvilleite,05,,monoclinic,-0.2014390672424265,-0.06752684965434289,-0.04924018304729724
4830,Rouxelite,02,,monoclinic,0.6580555067036723,-0.025440681130446265,-0.020898969571567335
4831,Roweite,06,,orthorhombic,0.586698604599193,-0.13903165737849935,0.04163500185633941
4832,Rowlandite-(Y),09,Rowlandite,,0.6273037059708175,-0.029849662633141896,0.016757972082393463
4833,Rowleyite,08,Not in a structural group,cubic,0.607886571223732,-0.11736370050239131,0.03695385200022581
4834,Roxbyite,02,,"monoclinic, triclinic",0.654145159602196,-0.03184915053212785,-0.01583196510372207
4835,Roymillerite,09,Molybdophyllite,triclinic,-0.17989424639534982,-0.2231726775919215,-0.05780141049935171
4836,Rozenite,07,Starkeyite,monoclinic,-0.3623977949565641,0.2771548825703566,-0.35757742676534304
4837,Rozhdestvenskayaite-(Zn),02,Tetrahedrite,cubic,0.6784290331288266,-0.03400674425242252,0.02495034967859212
4838,Rruffite,08,Roselite,monoclinic,-0.35023856391019903,0.3116330484250417,0.2763148969473388
4839,Ruarsite,02,,monoclinic,0.6859301936400071,0.029995001918029562,0.015211785007176003
4840,Rubicline,09,Feldspar,monoclinic,0.6108632011029268,-0.0521642558050822,0.014536666746558694
4841,Rubinite,09,Garnet,cubic,0.6197508389980443,-0.04192131057945107,0.029150589299856484
4842,Rucklidgeite,02,Tetradymite,hexagonal,0.6559221067223803,-0.013358794483658272,-0.013922833798773626
4843,Rudabányaite,08,Not in a structural group,cubic,-0.2506579835607104,0.0005076857072454713,0.3523678514897086
4844,Rudashevskyite,02,Diamond-Sphalerite,cubic,0.6170170247685413,0.0013395243638315325,0.0071434375141145945
4845,Rudenkoite,09,,monoclinic,0.5872625363536508,-0.17379865758185029,0.029776588983696367
4846,Rüdlingerite,08,Fianelite,monoclinic,-0.158668183860442,0.0874137616976898,0.39607384851390676
4847,Rudolfhermannite,04,,hexagonal,-0.32813709721011913,0.29082026646805087,-0.3497624770612085
4848,Ruifrancoite,08,Roscherite,monoclinic,-0.24716691545770772,-0.16565419955589147,0.34048956365539645
4849,Ruitenbergite,06,,monoclinic,0.6049425466199317,-0.17117521832014013,0.025810257211489253
4850,Ruizhongite,02,Not in a structural group,cubic,0.654769418563178,-0.04778642277016019,-0.02614753206480145
4851,Ruizite,09,Ruizite,monoclinic,0.5868631494116463,-0.1522756151413095,0.04983881156568023
4852,Rumoiite,01,,orthorhombic,0.6278909103622142,0.5222575846451639,-0.05275500339541788
4853,Rumseyite,03,,tetragonal,0.6466752990592171,0.03112783738558294,-0.06277166238700815
4854,Rundqvistite-(Ce),09,Vladykinite,monoclinic,0.5977469978005814,-0.04067871371674585,0.04866997748057079
4855,Rusakovite,08,,,-0.235212982819984,-0.19613589850022012,0.3212393267860495
4856,Rusinovite,09,Not in a structural group,orthorhombic,0.6113857296771228,-0.01767411080288962,0.006901690605849126
4857,Russellite,07,,"orthorhombic, tetragonal",-0.1758004280405977,0.49476911749223557,-0.0902567475378298
4858,Russoite,03,,hexagonal,0.6235427496603239,-0.10844773748025607,0.024389225265947237
4859,Rustenburgite,01,"Perovskite, Auricupride",cubic,0.6291885745943065,0.5224159012114343,-0.05441682892703552
4860,Rustumite,09,,monoclinic,-0.17820883626759132,-0.1422526587051333,0.021120350886680662
4861,Ruthenarsenite,02,Modderite,orthorhombic,0.6547763685102599,0.12301292417905967,0.023538483024462
4862,Rutheniridosmine,01,,,0.6280518431368257,0.5225954535621732,-0.05344193045211317
4863,Ruthenium,01,,hexagonal,0.626443844451645,0.5214250711457336,-0.053336610574639606
4864,Rutherfordine,05,,orthorhombic,-0.17539451419466567,-0.2826334389004579,-0.05717276084676201
4865,Rutile,04,Rutile,tetragonal,0.6780099693061366,-0.08040206242203074,0.042697446474696685
4866,Ryabchikovite,09,Pyroxene,monoclinic,0.5929447426108978,-0.03515730743033588,0.008538710538459336
4867,Rynersonite,04,Aeschynite,orthorhombic,0.6534616079157711,-0.09888678652641272,0.03084275210951041
4868,Saamite,09,Seidozerite-Lamprophyllite,triclinic,0.6209225385880914,-0.13844366995158808,0.06192560735135219
4869,Sabatierite,02,,"orthorhombic, tetragonal",0.6542833892142843,-0.03238979053173324,-0.01597764654274994
4870,Sabelliite,08,,hexagonal,-0.2262586550589853,-0.18695370136395736,0.31440472870972136
4871,Sabieite,07,Sabieite,hexagonal,-0.25854471745669133,-0.1528267791202133,-0.280058160050342
4872,Sabinaite,05,,monoclinic,-0.1582053217765449,-0.20636155524343677,-0.023710606824889843
4873,Sabugalite,08,Meta-autunite,tetragonal,-0.25929390837225297,-0.24667133442464667,0.37014247099706166
4874,Saccoite,07,Not in a structural group,tetragonal,-0.2183914307133056,-0.2501117345153458,-0.2403034118249748
4875,Sachanbińskiite,09,Beryl,orthorhombic,0.6030555122590309,-0.06511700199967543,0.022600234136192512
4876,Sacrofanite,09,Cancrinite-sodalite,hexagonal,-0.2235731855486499,-0.20174523883160128,-0.2597517240204926
4877,Sadanagaite,09,Amphibole,monoclinic,0.5779329412215723,-0.09114225773468485,0.037072035148333474
4878,Saddlebackite,02,Tetradymite,hexagonal,0.6502095103789435,-0.017007839882375038,-0.02713693564237961
4879,Safflorite,02,Marcasite,orthorhombic,0.6571367510717974,0.15170938282279298,0.04247721634062432
4880,Sahamalite-(Ce),05,,monoclinic,-0.2793643985563917,0.30434866906995023,-0.08319449314103375
4881,Sahlinite,08,,monoclinic,-0.23611662544268025,-0.08643652834080695,0.28535101526622525
4882,Sailaufite,05,Arseniosiderite,monoclinic,-0.23834005883374224,-0.15677465648259387,0.2450715057383554
4883,Sainfeldite,08,Hureaulite,monoclinic,-0.24868070214965016,-0.17402268176679714,0.32363130141015
4884,Sakhaite,05,Harkerite,cubic,-0.17271660716758933,-0.12131583133517317,-0.028240581171094147
4885,Sakuraiite,02,"Stannite, Diamond-Sphalerite","tetragonal, cubic",0.6303081911694349,-0.036968060573687185,0.008165645551905467
4886,Salammoniac,03,,cubic,0.628457367290501,-0.03340124664872344,0.010821082055865195
4887,Saléeite,08,,monoclinic,-0.2564676666306263,-0.20371161515205274,0.3687416101497223
4888,Salesite,03,,orthorhombic,0.6040704144075851,-0.158467713345107,0.004317022806759864
4889,Saliotite,09,Corrensite,monoclinic,0.5898744008311112,-0.16178459221396374,0.03234652172737366
4890,Saltonseaite,03,Rinneite,hexagonal,0.6270868932292052,0.08627196863856022,0.02025771245364337
4891,Salzburgite,02,Meneghinite,orthorhombic,0.6651916668615727,-0.018702646995179047,-0.003388249373192369
4892,Samaniite,02,,tetragonal,0.6216740193588302,-0.015263215067459191,0.009635954459312167
4893,Samarskite-(Y),04,Columbite,monoclinic,0.6436650803199104,-0.08635072672662673,0.04458894074847125
4894,Samarskite-(Yb),04,Columbite,monoclinic,0.6595548228062011,-0.08473889059189446,0.027047339142071847
4895,Samfowlerite,09,,monoclinic,0.5900973074890559,-0.08029815533464768,0.035167687745108756
4896,Sampleite,08,,monoclinic,-0.27960677132004513,-0.035172457350499925,0.31486657002506135
4897,Samraite,08,,monoclinic,0.620079821044721,3.709572412887406e-05,0.022850915441150622
4898,Samsonite,02,,monoclinic,0.6745563961653496,-0.03028842197721995,0.0291192805395043
4899,Samuelsonite,08,,monoclinic,-0.22963040916926797,-0.13023497485352126,0.32957018211277384
4900,Sanbornite,09,,orthorhombic,0.6189174407979203,-0.016847697973972064,0.011733879259187584
4901,Sanderite,07,Not in a structural group,orthorhombic,-0.3339592457768143,0.28214028059459356,-0.3179257838409041
4902,Saneroite,09,Saneroite,triclinic,-0.22690856059210107,-0.14237361355351394,0.31743512330331264
4903,Sangenaroite,02,Ferdowsiite,monoclinic,0.668181929838457,-0.014201777250192971,0.006778749615466383
4904,Sanguite,03,,monoclinic,0.6319344125938959,0.06489458448726634,-0.019776698020371675
4905,Sanidine,09,Feldspar,monoclinic,0.6087408049493919,-0.05248878443021735,0.014291468601213142
4906,Sanjuanite,08,,monoclinic,-0.2528499335636638,-0.2437954199983627,0.03381315657649029
4907,Sanmartinite,07,Columbite,"triclinic, monoclinic",-0.2921338276396285,0.4177679689568265,-0.06466841576459227
4908,Sanrománite,05,Burbankite,hexagonal,-0.2814852164337583,0.26955164794905284,-0.13097780431591746
4909,Santabarbaraite,08,Amorphous,,-0.24685153438992874,-0.19310142441431777,0.34121606440876295
4910,Santaclaraite,09,,triclinic,0.5885932468888152,-0.09916772713269077,0.04614749350383377
4911,Santafeite,08,,orthorhombic,-0.23670112431121154,-0.1735080540163765,0.33389200386495765
4912,Santanaite,07,,hexagonal,0.015939035766316202,0.5171686283947492,-0.1337764927560102
4913,Santarosaite,06,,tetragonal,0.6460371323690663,-0.03724237269594505,-0.03849886957888495
4914,Santite,06,Santite,orthorhombic,0.6069460100181048,-0.16040796276634073,0.031277143943491306
4915,Saponite,09,"Clay, Smectite-vermiculite",,0.58203359860298,-0.10330211485985841,0.03019762421852131
4916,Sapozhnikovite,09,Sodalite,cubic,0.5988314698964233,-0.09791393032179874,0.026307337468008143
4917,Sapphirine,09,Sapphirine,"triclinic, monoclinic",0.5967975886090796,-0.05592739852635163,0.014895778556590751
4918,Sarabauite,02,,monoclinic,0.6616979301383952,-0.04234566474768946,0.022861103602147728
4919,Saranchinaite,07,Not in a structural group,monoclinic,-0.3209499523583209,0.24973728724543212,-0.34893391334148444
4920,Saranovskite,04,Crichtonite,hexagonal,0.6513045029997091,-0.07462753969785554,0.05029375933115268
4921,Sarcolite,09,,tetragonal,-0.2173768771893157,-0.2056504619985552,0.13376573537106567
4922,Sarcopside,08,Olivine-Sarcopside,monoclinic,-0.3580714209886044,0.3604740943063161,0.29250497774736883
4923,Sardashtite,02,Owyheeite,monoclinic,0.6600552834711666,-0.024095775526600152,-0.021575817409215315
4924,Sardignaite,07,Not in a structural group,monoclinic,0.6226797438749424,-0.14559395284528265,0.031649775411922286
4925,Sarkinite,08,Wagnerite,monoclinic,-0.23519500024731452,-0.14794759903672364,0.3324000335198229
4926,Sarmientite,08,,monoclinic,-0.2594879423939972,-0.21392347923021723,0.051961311333487775
4927,Sarrabusite,03,Not in a structural group,monoclinic,-0.2307026562443481,-0.07617075229313323,-0.38688618296029315
4928,Sarrochite,08,,hexagonal,0.6112489248823447,-0.08683470314067326,0.04854080065777117
4929,Sartorite,02,Sartorite,monoclinic,0.6528371245468333,0.0072058633478799435,-0.0537359215625774
4930,Sarvodaite,07,,monoclinic,-0.32798917135580963,0.25096842743052955,-0.3662296580048145
4931,Saryarkite-(Y),09,,tetragonal,-0.22832620048937757,-0.23153094788596787,0.21334955768063976
4932,Sasaite,08,,orthorhombic,-0.2463055029659933,-0.20756774730241867,0.33768322604192264
4933,Sassite,04,Pseudobrookite,orthorhombic,0.6654005797891441,-0.06904631118502574,0.04250868804696643
4934,Sassolite,06,,triclinic,0.614379215430987,-0.15226988811580527,0.02521814095985692
4935,Satimolite,06,,orthorhombic,0.5938815826504759,-0.17279413283135558,0.03080034363995355
4936,Satpaevite,04,,,0.6426452772931309,-0.08455313503514286,-0.0036550147845228545
4937,Satterlyite,08,Holtedahlite,hexagonal,-0.23530853227041226,-0.13225653128227238,0.32530310938251694
4938,Sauconite,09,"Clay, Smectite-vermiculite",,0.5971483642589916,-0.12238111902041243,0.02658642977329921
4939,Savelievaite,06,Ludwigite,orthorhombic,-0.2428735697171775,0.3895446160423054,-0.058581196520422554
4940,Sayrite,04,,monoclinic,0.6383162199133916,-0.2244879101455794,0.0014747013195447571
4941,Sazhinite-(Ce),09,,orthorhombic,0.6231034504293914,-0.05983062231076808,0.032341527423882424
4942,Sazhinite-(La),09,,orthorhombic,0.6221137667169796,-0.055826906978430846,0.025852155359324704
4943,Sazykinaite-(Y),09,,hexagonal,0.6286747731137988,-0.07969583640109039,0.03318157780267494
4944,Sbacchiite,03,Not in a structural group,orthorhombic,0.6125043703095507,0.08894838439594302,-0.0016772469057514273
4945,Sborgite,06,,monoclinic,0.6060259450793186,-0.16534304936950797,0.03319878294253276
4946,Scacchite,03,Scacchite,hexagonal,0.6333930868792992,0.13349394113131913,0.0066742729509784065
4947,Scainiite,02,,monoclinic,0.662105399719881,-0.024107874069330286,-0.010919116376003337
4948,Scandiobabingtonite,09,Rhodonite,triclinic,0.581942255797579,-0.07703846757552306,0.04853826893472633
4949,Scandio-fluoro-eckermannite,09,Amphibole,monoclinic,0.5797458142679018,-0.01589775960991144,0.04781430254700596
4950,Scandio-winchite,09,Amphibole,monoclinic,0.5709869606924813,-0.07715644213257611,0.054399045702678464
4951,Scarbroite,05,,triclinic,-0.18267763353592084,-0.3002766088656081,-0.044419144707895396
4952,Scawtite,09,,monoclinic,-0.1816884511931357,-0.17249540540566574,-0.05726484035154848
4953,Scenicite,07,Not in a structural group,orthorhombic,-0.2364651493902694,-0.33407218899732893,-0.26876541942319926
4954,Schachnerite,01,,hexagonal,0.6272733589775349,0.5245952343374723,-0.05142145031294745
4955,Schafarzikite,04,Minium,tetragonal,0.6350317021771006,-0.049929486681767665,0.02764322983137596
4956,Schäferite,08,Garnet,cubic,-0.3297183699106103,0.3339051972138016,0.2931425008578071
4957,Schairerite,07,,hexagonal,-0.23629608161007382,-0.0725255502812671,-0.2973353801911134
4958,Schallerite,09,"Pyrosmalite, Clay",hexagonal,0.5917470771591605,-0.1251007313142982,0.04549722927914716
4959,Schapbachite,02,Rocksalt,cubic,0.6717449631026666,-0.02888619420815556,-0.0011405522146610038
4960,Schaurteite,07,Fleischerite,hexagonal,-0.2312626118840201,-0.2844622014054697,-0.25460063794650245
4961,Scheelite,07,Scheelite,tetragonal,-0.27502473116364146,0.38297590978032675,-0.0715904995088454
4962,Schertelite,08,,orthorhombic,-0.23527338161232986,-0.19919908743377507,0.3138363069364973
4963,Scheuchzerite,09,,triclinic,0.08141467672644148,-0.07372826493738038,0.029921519027202713
4964,Schiavinatoite,06,Zircon,tetragonal,-0.24747308925072437,0.36324772543732015,-0.036041384574164684
4965,Schieffelinite,07,Schieffelinite,orthorhombic,-0.22982791465538366,-0.2868081688610217,-0.2887298611672897
4966,Schindlerite,04,Pascoite,triclinic,0.6184536438024418,-0.17855630062541705,0.030557874990450463
4967,Schizolite,09,Pectolite,triclinic,0.5808234851760834,-0.1033506128374077,0.055379154137675565
4968,Schlegelite,08,,orthorhombic,-0.20815409720759787,-0.07831142103879704,0.23369936582582745
4969,Schlemaite,02,,monoclinic,0.6729449186420806,-0.05299281402757503,-0.019029808860968406
4970,Schlossmacherite,07,Alunite-Alunite,,-0.21106899467415613,-0.2701802556585588,-0.25595278611953676
4971,Schlüterite-(Y),09,Epidote,monoclinic,0.6140226315225349,-0.11858318772672766,0.030551808967759855
4972,Schmidite,08,Calcioferrite-Schoonerite,orthorhombic,-0.24743647755089798,-0.1778163376506488,0.3532055264142536
4973,Schmiederite,07,Linarite,monoclinic,-0.20661523553398028,-0.27086845557667255,-0.2804762510742719
4974,Schmitterite,04,,orthorhombic,-0.20826993042237008,-0.2935320710414482,-0.3313758111794344
4975,Schneebergite,08,Natrochalcite,monoclinic,-0.23435974532482406,-0.14465482512008812,0.33907484392193454
4976,Schneiderhöhnite,04,,triclinic,0.6129912761350506,-0.0008159721762346604,0.038943871883001656
4977,Schoderite,08,,monoclinic,-0.34480410798469946,0.32171231985063525,0.28993077685830926
4978,Schoenfliesite,04,Perovskite,cubic,0.6007422035282068,-0.17376278325210223,0.04040619078146096
4979,Schoepite,04,Schoepite,orthorhombic,0.6365413947310987,-0.2405497206970999,0.03610387272460874
4980,Schöllhornite,04,,hexagonal,0.6339359080576312,-0.011183925653788545,0.015598765136356295
4981,Scholzite,08,,orthorhombic,-0.3560388722284749,0.33224796833325687,0.302934534225099
4982,Schoonerite,08,Calcioferrite-Schoonerite,orthorhombic,-0.26059548423900014,-0.18273060164478228,0.34902063436054626
4983,Schorl,09,Tourmaline,hexagonal,-0.15031630128019724,-0.20100777596444783,-0.004468935593984291
4984,Schorlomite,09,Garnet,cubic,0.6054103961723417,-0.06529256356564246,0.05013894580572119
4985,Schreibersite,01,,tetragonal,0.6316765256417722,0.1257518664657805,0.018081063048073817
4986,Schreyerite,04,Schreyerite,monoclinic,0.6814619057713764,-0.06072568014173565,0.04717477949214054
4987,Schröckingerite,05,Schröckingerite,triclinic,-0.22728725900715013,-0.2326464624054746,-0.13081909629339464
4988,Schubnelite,08,Schubnelite,triclinic,-0.35319938236634163,0.36772373015863474,0.31069055383944444
4989,Schuetteite,07,,hexagonal,-0.215321558153657,-0.18978861961253596,-0.31138063084511447
4990,Schuilingite-(Nd),05,,orthorhombic,-0.17428382619495295,-0.2564788517706485,-0.06530873400685365
4991,Schulenbergite,07,Ktenasite,hexagonal,-0.22995459375736593,-0.2678636368103984,-0.2586008436100921
4992,Schüllerite,09,Seidozerite-Murmanite,triclinic,0.6011295686916931,-0.04135392909307227,0.05826725341060027
4993,Schultenite,08,,monoclinic,-0.21503134937044324,-0.20302993541676828,0.27698117820550594
4994,Schumacherite,08,,triclinic,-0.22064568600908863,-0.1363654391922295,0.34014023637241425
4995,Schwartzembergite,03,,tetragonal,0.6157312980419734,-0.08982143674501064,-0.02989609181512652
4996,Schwertmannite,07,Coronadite,"tetragonal, triclinic",-0.23959708941890456,-0.25946621392162494,-0.2424103619695926
4997,Sclarite,05,,monoclinic,-0.1753621747782876,-0.2490086867163887,-0.025208979593090257
4998,Scolecite,09,Natrolite,monoclinic,0.6035012198895169,-0.07107945407323313,0.006208520920054283
4999,Scordariite,07,Metavoltine,hexagonal,-0.23585696409539025,-0.26443575269351927,-0.23819507486823693
5000,Scorodite,08,,orthorhombic,-0.35664902495209566,0.3621623330618,0.31738393149418576
5001,Scorticoite,09,Welinite,hexagonal,-0.17943784946907176,-0.1745101581611576,0.044998161127286315
5002,Scorzalite,08,Lazulite,monoclinic,-0.227084205523036,-0.17554110680360385,0.3234298814761642
5003,Scotlandite,04,Molybdomenite,monoclinic,-0.3178969830898433,0.280398466885398,-0.4376069864227088
5004,Scottyite,09,Not in a structural group,orthorhombic,0.6185482048228605,-0.06562501545600004,-0.014210373424964628
5005,Scrutinyite,04,Columbite,orthorhombic,0.6706986418776094,-0.07859762129763279,-0.0018617464937744528
5006,Seaborgite,07,Not in a structural group,triclinic,-0.21437080141611414,-0.23564643148202796,-0.26482362522778286
5007,Seamanite,08,,orthorhombic,-0.2303535811359006,-0.17017016944852104,0.33769265650731595
5008,Searlesite,09,,monoclinic,0.5974546811131854,-0.15089551780704422,0.04052653604650196
5009,Sederholmite,02,Nickeline,hexagonal,0.6234583962757392,0.016272936837087824,0.028993072806130324
5010,Sedovite,07,,orthorhombic,-0.2707335935365428,0.3738672748134262,-0.05917667945385256
5011,Seeligerite,03,,orthorhombic,0.6432347074968876,0.002063210311398469,-0.06043784176003934
5012,Seelite,08,Seelite,monoclinic,-0.2538117963845543,-0.20054374084107582,0.35372362018300346
5013,Segelerite,08,Overite,orthorhombic,-0.24702075132160195,-0.16498522410865896,0.3374100062703168
5014,Segerstromite,08,Not in a structural group,cubic,-0.23546018977415956,-0.17062203506105791,0.3288033828921748
5015,Segnitite,08,Alunite-Crandallite,,-0.22383410175177318,-0.19623739130319412,0.3111258584925281
5016,Seidite-(Ce),09,,monoclinic,0.598708378999218,-0.15949121018201678,0.051696205142576515
5017,Seidozerite,09,Seidozerite-Rinkite,monoclinic,0.6264514944052895,-0.05605959965750963,0.054168772625393186
5018,Seifertite,09,Columbite,orthorhombic,-0.23221850635366814,0.4417709667908574,-0.11642744208171818
5019,Seinäjokite,02,Marcasite,orthorhombic,0.6032138928084277,0.5114554366759461,-0.032676875589319365
5020,Sejkoraite-(Y),07,Zippeite,triclinic,-0.24664534870756416,-0.33145490657558385,-0.2953473580195547
5021,Sekaninaite,09,Beryl,orthorhombic,0.6095824912948216,-0.043103000457068844,0.01369108765649223
5022,Selenium,02,Sulphur,"hexagonal, monoclinic",0.782384010981138,-0.020631788577199293,-0.026202142373923223
5023,Selenodantopaite,02,Pavonite,monoclinic,0.6781826355077247,-0.009854314275883404,0.0220866534702588
5024,Selenojalpaite,02,Jalpaite,tetragonal,0.6908210082062453,-0.05385641953594727,-0.0007971850028051647
5025,Selenojunoite,02,Junoite,monoclinic,0.6612126298338856,-0.020483456305706402,-0.007365118634712545
5026,Selenolaurite,02,Pyrite,cubic,0.6633996645182837,-0.02936902578744518,-0.0005214957863941133
5027,Selenopolybasite,02,Polybasite,hexagonal,0.6887471004223473,-0.05367688358762816,0.0020061141180532545
5028,Selenostephanite,02,,orthorhombic,0.690099312052365,-0.04219055837873158,0.015523468262997322
5029,Seligmannite,02,Bournonite,orthorhombic,0.6633608492432305,-0.02601410083863292,-0.045086095707409464
5030,Selivanovaite,09,Seidozerite-Murmanite,triclinic,0.6559044893793122,-0.08599057629821133,0.06555839457173951
5031,Sellaite,03,Rutile,tetragonal,0.6008406122824885,0.14813042997442905,0.028408864241465916
5032,Selsurtite,09,Eudialyte,hexagonal,0.5994576966820997,-0.1709587790732158,0.04248867245639408
5033,Selwynite,08,,tetragonal,-0.3425084809796683,0.3070074490464038,0.3347171075621296
5034,Semenovite-(Ce),09,,"tetragonal, orthorhombic",0.5880029125494086,-0.1265226530348046,0.03938478048154443
5035,Semseyite,02,,monoclinic,0.6545790332694555,-0.022298468074232008,-0.027451104736894216
5036,Senaite,04,Crichtonite,hexagonal,0.6052326135312694,-0.12725356632334836,0.05879495443957125
5037,Senandorite,02,Lillianite,orthorhombic,0.67324785527372,-0.024692123716482033,-6.780525595165288e-05
5038,Senarmontite,04,Arsenolite,cubic,0.6701325288291535,-0.05087897914769285,0.019704302301710618
5039,Senegalite,08,,orthorhombic,-0.23001755073128763,-0.201452683849773,0.3216535578168517
5040,Sengierite,08,Sengierite,monoclinic,-0.2475187988763069,-0.24381025208753793,0.32469412119833296
5041,Senkevichite,09,,triclinic,0.5975692625842818,-0.09132523123526143,0.04987042377637961
5042,Sepiolite,09,"Sepiolite, Clay",orthorhombic,0.5744374915956174,-0.10633515321704452,0.047452621430211214
5043,Serandite,09,Pectolite,triclinic,0.5896668265484022,-0.09001373211488112,0.05429964337002402
5044,Serendibite,09,Sapphirine,triclinic,0.586581239352723,-0.0386519226465394,0.02067897754651229
5045,Sergeevite,05,,hexagonal,-0.1977477903641757,-0.23631161361825906,-0.018840760756724445
5046,Sergevanite,09,Eudialyte,hexagonal,0.6011903210066232,-0.08965318803079692,0.0488737163227494
5047,Sergeysmirnovite,08,Hopeite,orthorhombic,-0.36333969092415125,0.3355410830664177,0.302286591829127
5048,Serpierite,07,Devilline,monoclinic,-0.22521795714448817,-0.28551980726254994,-0.2653990506100635
5049,Serrabrancaite,08,Kieserite,monoclinic,-0.350954838609547,0.37936448479296647,0.33706078966521147
5050,Sewardite,08,Carminite,orthorhombic,-0.2310592225072643,-0.1671535284789564,0.32924078839048737
5051,Shabaite-(Nd),05,Not in a structural group,"monoclinic, triclinic",-0.17941121727643433,-0.24455512892695372,-0.04041657785815125
5052,Shabynite,06,,,-0.17167524135947893,-0.21437142016876276,0.008118024747934383
5053,Shadlunite,02,Pentlandite,cubic,0.6198089490298754,-0.023877919529584523,0.004441298218226291
5054,Shafranovskite,09,,hexagonal,0.5893249870561126,-0.16592467556318843,0.049779043212882124
5055,Shagamite,04,Magnetoplumbite,hexagonal,0.6088015636637939,-0.03705577272193773,0.044421466650890515
5056,Shakhdaraite-(Y),04,Columbite,monoclinic,0.6497880326824033,-0.09383033545973846,0.029102153673541478
5057,Shakhovite,04,,monoclinic,0.6380894314864302,-0.16768170736811075,0.03298334616174672
5058,Shandite,02,,hexagonal,0.6251549767028803,0.0008895454770774889,0.012980684379666076
5059,Shannonite,05,,orthorhombic,-0.17241638005741067,-0.18418088422161422,-0.1072859387705512
5060,Sharpite,05,,orthorhombic,-0.18946234010200533,-0.2944961866344361,-0.050387710723382544
5061,Sharyginite,04,"Brownmillerite, Perovskite",orthorhombic,0.5955500882158672,-0.062375299873302065,0.04418584720193383
5062,Shasuite,08,,monoclinic,0.6035840324496127,-0.013437825337670312,0.034041317383721986
5063,Shattuckite,09,,orthorhombic,-0.14999186938931344,-0.21496002794909047,-0.040412986228568495
5064,Shcherbakovite,09,Batisite,orthorhombic,0.6198175681826983,-0.10670273111705461,0.052725380377340134
5065,Shcherbinaite,04,,orthorhombic,0.7781220895928753,-0.02147620641568017,-0.01752660307310054
5066,Shchurovskyite,08,Not in a structural group,monoclinic,-0.22740923316387854,-0.1323860004993883,0.30478932276350335
5067,Sheldrickite,05,,hexagonal,-0.20786354018140135,-0.06958193941979732,-0.05470283774406312
5068,Shenganfuite,03,Not in a structural group,triclinic,0.6095342020096737,-0.1408979488336707,-0.01362353235156854
5069,Shenzhuangite,02,Chalcopyrite,tetragonal,0.6164049325146559,0.0027871108155517136,0.00867476656592947
5070,Sherwoodite,04,,tetragonal,0.621726506890638,-0.06189050252885374,0.010573701784971034
5071,Shibkovite,09,Milarite,hexagonal,0.5934861323148479,-0.027239188524207016,0.04117444045531114
5072,Shigaite,07,"Woodwardite, Hydrotalcite",hexagonal,-0.24305970549663986,-0.31203983591482753,-0.25162587422102745
5073,Shijiangshanite,09,Wickenburgite,hexagonal,0.596029622069144,-0.1656166331618561,-0.0037180090949825214
5074,Shilovite,04,,orthorhombic,0.6172203070004373,-0.11615187682061298,0.017318882108143235
5075,Shimazakiite,06,Not in a structural group,"monoclinic, orthorhombic",0.6129587745843791,-0.010840905597688013,0.00604854659655654
5076,Shimenite,02,Chabournéite,triclinic,0.684411563777406,-0.016382768607524117,0.015477184340611445
5077,Shinarumpite,07,Leydetite,monoclinic,-0.2508224899081191,-0.27825159194487087,-0.2788121668491208
5078,Shinichengite,09,,triclinic,0.5901612698669152,-0.15405033310060956,0.02563129508168774
5079,Shinkolobweite,04,Not in a structural group,orthorhombic,0.6360528174482596,-0.2336875214186817,0.02809244174808403
5080,Shiranuiite,02,Spinel,cubic,0.6823964370162348,-0.05105994728782533,0.015407528169916883
5081,Shirokshinite,09,,monoclinic,0.5814009859077424,-0.0034579233660772413,0.04685764412382815
5082,Shirozulite,09,,monoclinic,0.5870860945859258,-0.10998737263059348,0.04967964196746688
5083,Shkatulkalite,09,Seidozerite-Lamprophyllite,monoclinic,0.6538322612270407,-0.08777738683222985,0.04507623260286672
5084,Shlykovite,09,,monoclinic,0.5849150696973341,-0.14095530050625596,0.04085263159595922
5085,Shojiite,09,Amphibole,monoclinic,0.5688850778608515,-0.06341493065349642,0.05981616803994279
5086,Shomiokite-(Y),05,,orthorhombic,-0.28420736889462317,0.2683095467700606,-0.0974192205833673
5087,Shortite,05,,orthorhombic,-0.2827602042734643,0.2767244660231374,-0.0913677681863998
5088,Shosanbetsuite,01,,orthorhombic,0.6292848014584409,0.5265826042260527,-0.04789061935375735
5089,Shuangfengite,02,Melonite,hexagonal,0.6945954198743751,-0.04395870317386745,0.024796250343725387
5090,Shuiskite-(Cr),09,Pumpellyite,monoclinic,-0.18787640645776538,-0.19151449804821705,0.031047131098705855
5091,Shuiskite-(Mg),09,Pumpellyite,monoclinic,-0.19159974106017152,-0.18106216819073193,0.04007494631647211
5092,Shulamitite,04,"Perovskite, Brownmillerite",orthorhombic,0.5971626476034235,-0.0696623971127485,0.0342185018778141
5093,Shumwayite,07,Not in a structural group,monoclinic,-0.2398108941279575,-0.3063410244639991,-0.317714174417764
5094,Shuvalovite,07,Not in a structural group,orthorhombic,-0.24752726389241092,-0.07445742893079685,-0.28363063725784177
5095,Sibirskite,06,,monoclinic,-0.26625876722809727,0.23862798687897743,-0.05855383004936393
5096,Sicherite,02,,orthorhombic,0.6918645817551081,0.003810981101339669,0.021450731367030004
5097,Siderazot,01,,hexagonal,0.6275675116843333,0.12500535091855974,0.008468225026184995
5098,Siderite,05,Calcite,hexagonal,-0.30316803878136817,0.31573149871650835,-0.11622419293564476
5099,Sideronatrite,07,,orthorhombic,-0.22656015486396913,-0.255018782149653,-0.23347285988791688
5100,Siderophyllite,09,Mica,"monoclinic, hexagonal",0.5871408861440527,-0.1236596609447763,0.034389948201810336
5101,Siderotil,07,Chalcanthite,triclinic,-0.3649730687979448,0.2756349889147995,-0.360255145948339
5102,Sidorenkite,05,Bradleyite,monoclinic,-0.3256459682594593,0.2907233078258169,0.13951481503933227
5103,Sidorovite,01,"Auricupride, Perovskite",cubic,0.5843235815732817,0.5192541890794045,-0.030399206127363583
5104,Sidpietersite,07,,triclinic,-0.20310425872029117,-0.2511438080479253,-0.31604030285028395
5105,Sidwillite,07,,monoclinic,-0.3214012501358849,0.43616787751938657,-0.14298508235389348
5106,Siegenite,02,Spinel,cubic,0.6333349356236393,0.01814493474578904,0.03938385028716858
5107,Sieleckiite,08,,triclinic,-0.23334457800645314,-0.21333008796166178,0.3213522691333347
5108,Sigismundite,08,Arrojadite,monoclinic,-0.23714208780787915,-0.13326033909036514,0.3264206349245371
5109,Sigloite,08,Laueite,triclinic,-0.24462380395930394,-0.2123271627548709,0.33206490864551275
5110,Sigogglinite,07,Not in a structural group,monoclinic,-0.22428319882631814,-0.2794805772143914,-0.2789041695837028
5111,Siidraite,03,Not in a structural group,orthorhombic,0.6216745421099611,-0.08409850925833565,-0.016625681778238543
5112,Silesiaite,09,Kristiansenite,triclinic,0.5967959942764216,-0.10104044062648451,0.04487090294288339
5113,Silhydrite,09,,orthorhombic,0.7781332212544633,-0.031035947257637603,-0.0247287375731678
5114,Silicocarnotite,09,Ternesite,orthorhombic,-0.3308978829839291,0.3363902976700709,0.2130175959935067
5115,Silicon,01,Diamond,"cubic, orthorhombic",0.7983242361646471,0.12611231072034662,-0.040278278479152524
5116,Siligiite,07,Not in a structural group,monoclinic,-0.22591656616913783,-0.27258280211327596,-0.24661292381812333
5117,Silinaite,09,,monoclinic,0.6261575043549029,-0.055827997374075185,0.01925059897634229
5118,Sillénite,09,,cubic,0.0287511659500975,0.5465419064763956,-0.0605434907850704
5119,Sillimanite,09,Not in a structural group,orthorhombic,-0.1561592319915588,-0.13674004422089117,0.005842205405362538
5120,Silver,01,Copper,"cubic, hexagonal",0.6293744847278452,0.5276400515632651,-0.049303979686891534
5121,Silvialite,09,Scapolite,tetragonal,-0.2139150487958933,-0.17434703040124847,-0.2719598559313333
5122,Simferite,08,Olivine-Sarcopside,orthorhombic,-0.3334587471733075,0.3315187328874578,0.30598253222280186
5123,Simmonsite,03,Perovskite,monoclinic,0.6268326567390187,0.07288896436185022,0.012759897870317354
5124,Simonellite,10,,orthorhombic,0.6346019883586274,-0.026809861586071567,0.015104871306526596
5125,Simonite,02,,monoclinic,0.6784949170661609,-0.012881511219132443,-0.010024060281413737
5126,Simonkolleite,03,,hexagonal,0.5914491115840083,-0.14811968750131377,0.040550818582220344
5127,Simplotite,04,,monoclinic,0.6169412480183214,-0.03279054757459896,0.004994806160910723
5128,Simpsonite,04,,hexagonal,0.6278549385111852,-0.12402086853318743,0.02278344615924626
5129,Sincosite,08,Meta-autunite,triclinic,-0.2587445982145311,-0.07342783284703214,0.33626617302961687
5130,Sinhalite,06,Olivine,orthorhombic,-0.25775685885645755,0.3518458535349104,-0.03739691234150018
5131,Sinjarite,03,,orthorhombic,0.6266445904220013,0.0930093257027804,-0.010366594028832594
5132,Sinkankasite,08,,triclinic,-0.2307902922103926,-0.2206624374371784,0.31095147186832317
5133,Sinnerite,02,,triclinic,0.6884711008920201,-0.029727915877620477,-0.01518090613250176
5134,Sinoite,09,,orthorhombic,0.7889584353814085,0.0784021586123091,-0.0376489075654292
5135,Sitinakite,09,,tetragonal,0.631630410971423,-0.13173634365041242,0.05417503126924851
5136,Siudaite,09,Eudialyte,hexagonal,0.5996752147546286,-0.10289852027572657,0.05296629401414929
5137,Siwaqaite,07,Ettringite,hexagonal,-0.20011673603068408,-0.22849310806214,0.00268263940879067
5138,Škáchaite,05,Calcite-Dolomite,hexagonal,-0.2869342842631114,0.29694016762666703,-0.09478972711170769
5139,Skaergaardite,01,Iron,cubic,0.6250925347415794,0.5128663413598099,-0.06664947404837057
5140,Skinnerite,02,,monoclinic,0.6808451205434352,-0.04927822591541775,-0.003126500388504705
5141,Skippenite,02,Tetradymite,hexagonal,0.6731054685986803,0.002639752228699166,0.016234012008425974
5142,Sklodowskite,09,,monoclinic,-0.16967822292979978,-0.2848788536829832,0.0016030841209992179
5143,Skogbyite,09,Braunite,tetragonal,0.004111337782310149,0.5218224610162947,-0.001405945166745829
5144,Skorpionite,05,,monoclinic,-0.23820998121186254,-0.1930462411634486,0.23451227284403986
5145,Skutterudite,02,"Skutterudite, Perovskite",cubic,0.6581111792556267,0.1511069434830983,0.04169695657695753
5146,Slavíkite,07,Not in a structural group,hexagonal,-0.24060690113401034,-0.2792244660923575,-0.23992594681841123
5147,Slavkovite,08,,triclinic,-0.25786889773527555,-0.1912201570887838,0.31763129822380587
5148,Slawsonite,09,,"monoclinic, triclinic",0.6045144666692384,-0.05325030039586357,0.008804324175088085
5149,Šlikite,05,Not in a structural group,triclinic,-0.19323918946459345,-0.2556016235338856,-0.02162953991781009
5150,Slottaite,08,Alunite,hexagonal,-0.24313766981020793,-0.22564027763964056,0.050924030793932665
5151,Sluzhenikinite,02,Not in a structural group,monoclinic,0.6318364973192996,0.5253346602742628,-0.05302906499618008
5152,Slyudyankaite,09,Sodalite,triclinic,-0.21109041114166335,-0.20430699515858564,-0.24249670947773758
5153,Smamite,08,Not in a structural group,triclinic,-0.2439300149803963,-0.2199703221124105,0.3376867136434595
5154,Smirnite,04,,orthorhombic,-0.2774088478168368,0.3484276531891226,-0.3781856627160243
5155,Smirnovskite,08,,,-0.22816432050583368,-0.18877162623954424,0.3447304773326165
5156,Smithite,02,,monoclinic,0.6979650670491233,-0.01650037780968791,0.009910455423060375
5157,Smithsonite,05,Calcite,hexagonal,-0.29806743186057666,0.3286514409752744,-0.11005862947736327
5158,Smolyaninovite,08,Smolyaninovite,orthorhombic,-0.37254631325375887,0.3396573072628499,0.3044726415187582
5159,Smrkovecite,08,Atelestite,monoclinic,-0.22479994965393968,-0.1513110324076393,0.3499776286915798
5160,Smythite,02,,hexagonal,0.6094061431091925,-0.008374529404908723,0.027783677867237504
5161,Sobolevite,09,Seidozerite-Murmanite,monoclinic,-0.22684954722615924,-0.1055068717436094,0.3504643725468196
5162,Sobolevskite,02,Nickeline,hexagonal,0.627575365301288,0.5283158914546674,-0.054563068841760425
5163,Sodalite,09,"Cancrinite-sodalite, Sodalite",cubic,0.60783528276841,-0.0586532242806435,0.016124133605899416
5164,Soddyite,09,,orthorhombic,-0.1814433768906,-0.23889420453270643,0.022312929557327665
5165,Sofiite,03,,orthorhombic,-0.24387769708565993,-0.04085955961193708,-0.32223310921444465
5166,Sogdianite,09,Milarite,hexagonal,0.6364362203835793,-0.05435979080924128,0.037522137315469696
5167,Söhngeite,04,Perovskite,orthorhombic,0.599571014174331,-0.17949686436075524,0.02526429798216747
5168,Sokolovaite,09,Mica,monoclinic,0.6182555446893925,-0.037907639536026896,0.017260405385328165
5169,Solongoite,06,,monoclinic,0.5908131181391528,-0.13426823000628668,0.029825730705063162
5170,Sombrereteite,09,,monoclinic,0.5986534765491841,-0.05649316213163484,0.015239704308351396
5171,Somersetite,05,Not in a structural group,hexagonal,-0.1728971316153678,-0.24506455120342807,-0.07892730024098842
5172,Sonolite,09,Humite,monoclinic,-0.18559472166351265,-0.14372294969871663,0.03742928260933808
5173,Sonoraite,04,,monoclinic,-0.2093349087826219,-0.2625225401906617,-0.2540508735756336
5174,Sopcheite,02,,orthorhombic,0.6651907091707623,-0.02204202074008601,0.005125993592205218
5175,Sorbyite,02,Madocite,monoclinic,0.6626730339746382,0.001750520717941956,-0.018479027752529416
5176,Sørensenite,09,,monoclinic,0.61276745120753,-0.07012537478236211,0.034067889356567196
5177,Sorosite,02,Nickeline,hexagonal,0.6258612187117424,0.5150518749342902,-0.061415079107961006
5178,Sosedkoite,04,,orthorhombic,0.637893142922784,-0.0668383981585771,0.017615412919214896
5179,Součekite,02,Bournonite,orthorhombic,0.6592414721022293,-0.035521763179366894,-0.023813590931970524
5180,Souzalite,08,Souzalite,triclinic,-0.23757080651285123,-0.19578222677039803,0.3262584835815919
5181,Spadaite,09,,,-0.10926219718667071,-0.24400026869709085,0.017305393404749334
5182,Spaltiite,02,Not in a structural group,monoclinic,0.6908455965747253,-0.033850897960745516,-0.016064145894014836
5183,Spangolite,07,Spangolite,hexagonal,-0.22641775038054107,-0.28899651168478,-0.27028683236610224
5184,Spanoite,04,,monoclinic,0.6781960635654599,-0.14263308891342275,0.003323108604451147
5185,Spencerite,08,,monoclinic,-0.24806135897567783,-0.16734912461358248,0.3390161883288709
5186,Sperlingite,08,Paulkerrite,monoclinic,-0.2540252436036114,-0.209272775628272,0.36546403211835843
5187,Sperrylite,02,Pyrite,cubic,0.6846743833031412,0.10048146025398362,-0.00509955865798738
5188,Spertiniite,04,,orthorhombic,0.6017251182675585,-0.18484440561229598,0.014172193159666316
5189,Spessartine,09,Garnet,cubic,-0.28277075588905354,0.3473818558932873,-0.030285273796590628
5190,Sphaerobertrandite,09,,monoclinic,-0.17727467373345185,-0.2011287313096365,0.03187815918374841
5191,Sphaerobismoite,04,,tetragonal,0.6610153154498469,-0.037257776619859725,0.02066130258963408
5192,Sphalerite,02,Diamond-Sphalerite,cubic,0.6285340303348802,0.015563212743116285,0.01609603753508889
5193,Spheniscidite,08,Leucophosphite,monoclinic,-0.25629017704023893,-0.15315004580050215,0.3433639194487454
5194,Spherocobaltite,05,,hexagonal,-0.29616886787096475,0.3288141718393802,-0.10905671079420974
5195,Spinel,04,Spinel,cubic,0.5922336795036076,-0.05770385517324833,0.01680548097439248
5196,Spionkopite,02,,,0.654145159602196,-0.03184915053212785,-0.01583196510372207
5197,Spiridonovite,02,Fluorite,hexagonal,0.6883257744107263,-0.058532399896147794,-0.008678919336240598
5198,Spiroffite,04,,monoclinic,0.6156487392440773,-0.014840962701370362,0.022693865444619064
5199,Spodumene,09,Pyroxene,monoclinic,0.6098601270040246,-0.054634369696051885,0.015370710638360966
5200,Spriggite,04,,monoclinic,0.6381275871122012,-0.21361032594117157,-0.004510955657539083
5201,Springcreekite,08,Alunite-Crandallite,hexagonal,-0.23066757416910091,-0.18022861920792593,0.3264179597731191
5202,Spryite,02,Argyrodite,orthorhombic,0.6962628168997695,-0.037823247546356104,0.00909478096583553
5203,Spurrite,09,Spurrite-Afwillite,monoclinic,-0.29205573765242854,0.316678032090119,-0.0681080413485857
5204,Srebrodolskite,04,"Brownmillerite, Perovskite",orthorhombic,0.5869168522215812,-0.04921226777977045,0.036751032925879334
5205,Šreinite,08,,cubic,-0.242872649406687,-0.23083718515280957,0.3437959016726913
5206,Srilankite,04,Columbite,orthorhombic,0.6777572475920742,-0.08025293051099212,0.042351687106535515
5207,Stalderite,02,Routhierite,tetragonal,0.6376754695413542,-0.002331571611868739,0.014420119446234789
5208,Staněkite,08,Wagnerite,monoclinic,-0.23646790502163667,-0.08974575000443713,0.33762469353887037
5209,Stanevansite,10,"Glycolate, Stanevansite",monoclinic,0.5985828933206486,-0.12883456868770043,0.042272834982525445
5210,Stanfieldite,08,,monoclinic,-0.33192925880523927,0.3467119789709724,0.30091910068534045
5211,Stangersite,02,,monoclinic,0.6745528939442891,-0.04281029230108914,0.009899568398803526
5212,Stankeithite,04,Denningite,tetragonal,0.6166398218131878,-0.013656531241623429,0.02204575076510701
5213,Stanleyite,07,,orthorhombic,-0.2941587893837528,-0.19667747282730613,-0.3986566093477721
5214,Stannite,02,"Stannite, Diamond-Sphalerite",tetragonal,0.656443971870144,-0.052106388825606434,0.012641344279916205
5215,Stannoidite,02,Stannoidite,orthorhombic,0.6540539004260837,-0.05084895597478829,0.01514242174522647
5216,Stannopalladinite,01,,orthorhombic,0.6241615289971524,0.5127943873459944,-0.06296554197913126
5217,Starkeyite,07,Starkeyite,monoclinic,-0.34043249343351734,0.2776624996946968,-0.320698909382314
5218,Staročeskéite,02,Lillianite,orthorhombic,0.6635565882649002,-0.021701268169680918,-0.011064147461513896
5219,Starovaite,08,,triclinic,-0.22662548242467778,-0.12606460476616962,0.29854780745423337
5220,Staurolite,09,Staurolite,"monoclinic, orthorhombic",0.6081155394292558,-0.0793987607607081,0.01397815401363207
5221,Stavelotite-(La),09,,hexagonal,0.6199860697816332,-0.028832865560983932,0.05265868100209157
5222,Steacyite,09,Steacyite,tetragonal,0.608142982422648,-0.04545649071795896,0.037001347162658724
5223,Steedeite,09,Not in a structural group,triclinic,0.06365945469084898,-0.10573176759905359,0.029681097460940987
5224,Steenstrupine-(Ce),09,,"monoclinic, hexagonal",-0.2394229712532585,-0.13841069724124289,0.35560675465618
5225,Stefanweissite,04,Zirconolite,"orthorhombic, monoclinic",0.6456993239363895,-0.09316616703681255,0.04970965004588351
5226,Steigerite,08,,,-0.33498042363658453,0.3268662475224744,0.27831532439967777
5227,Steinhardtite,01,Iron,cubic,0.5958280116716659,0.5026678767553084,-0.06022337452821821
5228,Steiningerite,09,Labuntsovite,tetragonal,0.6356126961022206,-0.05278528829865739,0.04058933529001818
5229,Steinmetzite,08,,triclinic,-0.2468155398917269,-0.15865574026594995,0.33930701072460906
5230,Steklite,07,Sabieite,hexagonal,-0.31946937420339205,0.25183986247191137,-0.3378657828436433
5231,Stellerite,09,Stilbite,"orthorhombic, monoclinic",0.6209354005253405,-0.08017704432511041,0.0028058642661452464
5232,Stenhuggarite,04,,tetragonal,0.6113408134175056,-0.033262706552272654,0.040439477692843284
5233,Stenonite,05,,monoclinic,-0.1976598019565935,-0.06020368383647322,-0.06710235862753952
5234,Stepanovite,10,"Stepanovite, Oxalate",hexagonal,0.5893834122204298,-0.04897332330798991,0.04885912324312819
5235,Stephanite,02,,orthorhombic,0.6908529674100519,-0.04233854879302741,0.015473315050636673
5236,Štěpite,08,Not in a structural group,tetragonal,-0.2282696076924481,-0.22995354213341335,0.3264055383717268
5237,Stercorite,08,,triclinic,-0.24578465318751308,-0.18793372351338883,0.3165817548752102
5238,Stergiouite,08,Phosphophyllite,monoclinic,-0.3611755784341983,0.3286092733497204,0.29771205870550793
5239,Sterlinghillite,08,,monoclinic,-0.365377162866712,0.3583543567611511,0.29824111225280076
5240,Sternbergite,02,Cubanite,orthorhombic,0.6305952052671178,-0.0191655798214877,0.03173218104220542
5241,Steropesite,02,,monoclinic,0.691756621407338,0.08220962071051788,-0.011660232280198591
5242,Sterryite,02,Madocite,monoclinic,0.665182698969302,-0.0029490630274407337,-0.017081330559816237
5243,Stetefeldtite,04,Pyrochlore,,0.6207847919636976,-0.18021257723935408,0.03303016849175981
5244,Stetindite-(Ce),09,Zircon,tetragonal,-0.27618717088904166,0.36406292969896803,-0.01964698453666033
5245,Steudelite,09,Cancrinite,hexagonal,-0.21518419164049113,-0.21842242555461874,-0.28352908225678347
5246,Stevensite,09,Clay,,0.5692437238277206,-0.08952692588738295,0.056994239379777
5247,Steverustite,07,,monoclinic,-0.2068195183110824,-0.28200875249217094,-0.31082275600832937
5248,Stewartite,08,Stewartite,triclinic,-0.2518628652059631,-0.19095557908745286,0.34461851722655107
5249,Stibarsen,02,Arsenic,hexagonal,0.6852526909680197,0.10808794910001049,-0.004316789321116586
5250,Stibiconite,04,Pyrochlore,cubic,0.6547787042882754,-0.14377620285193507,0.041593066648154424
5251,Stibioclaudetite,04,Arsenolamprite-Claudetite,monoclinic,0.6745694921376227,-0.020447643509586756,0.024242099785096543
5252,Stibiocolumbite,04,,orthorhombic,0.6791884646290802,-0.08170607703183069,0.029410493727056636
5253,Stibiocolusite,02,"Germanite, Diamond-Sphalerite",cubic,0.6882365557612056,-0.05121569344427118,0.0013778701953499582
5254,Stibiogoldfieldite,02,Tetrahedrite,cubic,0.6832883478144008,-0.05501592002491333,-0.010211037789381991
5255,Stibiopalladinite,02,,hexagonal,0.6315961035008586,0.5251871908315133,-0.0531570127860243
5256,Stibiosegnitite,08,Alunite,hexagonal,-0.2248813967116276,-0.18786552213970686,0.32370545046323884
5257,Stibiotantalite,04,,orthorhombic,0.6789374206181161,-0.08201606448782815,0.029299366699485466
5258,Stibioústalečite,02,Tetrahedrite,cubic,0.6826081869480151,-0.05488568061878986,-0.010168505390928695
5259,Stibivanite,04,,"monoclinic, orthorhombic",-0.2838251969961751,0.4145398075220965,0.3237627548082293
5260,Stibnite,02,Stibnite,orthorhombic,0.6815651018806559,-0.008895561648903086,0.016713782842003512
5261,Stichtite,05,Hydrotalcite,hexagonal,-0.18947937046075336,-0.27645762259141693,-0.02625373003192914
5262,Stilbite-Ca,09,Stilbite,"orthorhombic, monoclinic",0.6190009206940887,-0.08567694468197733,0.008700980458838103
5263,Stilbite-Na,09,Stilbite,monoclinic,0.6243700909305883,-0.08996940182839167,0.014910684611099106
5264,Stilleite,02,Diamond-Sphalerite,cubic,0.6277910464089598,0.015711991558985047,0.016144189327289178
5265,Stillwaterite,02,Stillwaterite,hexagonal,0.6851705175506044,0.10050732734590956,-0.004553927848997956
5266,Stillwellite-(Ce),09,Stillwellite,hexagonal,-0.1296433766566783,0.0425073540561737,-0.010453593305988561
5267,Stillwellite-(La),09,Stillwellite,hexagonal,-0.11555990594449154,0.030572438484430996,-0.02349410875434798
5268,Stilpnomelane,09,"Stilpnomelane, Clay",triclinic,0.5826460597424599,-0.13864642317782333,0.03482383870467738
5269,Stishovite,09,Rutile,tetragonal,-0.23221577012119726,0.4419237114831962,-0.11626618720378304
5270,Stistaite,02,Rocksalt,"cubic, hexagonal",0.6263420125375682,0.5168508624379804,-0.057170285271478445
5271,Stöfflerite,09,Coronadite,tetragonal,0.601301509295953,-0.052856547812740115,0.008079572827620448
5272,Stoiberite,08,,monoclinic,-0.22910954064398484,-0.11987185308132042,0.2954905313951879
5273,Stokesite,09,,orthorhombic,0.6344812145441949,-0.06751766529361086,0.024458850631657612
5274,Stolperite,01,Iron,cubic,0.5973326748971994,0.4896812081131841,-0.0699382333702998
5275,Stolzite,07,Scheelite,tetragonal,-0.2815214102566522,0.39698114164054243,-0.131267820731868
5276,Stoppaniite,09,Beryl,hexagonal,0.5984331957038319,-0.041440829208178695,0.03246089082128603
5277,Stottite,04,Perovskite,"tetragonal, monoclinic",0.6007137589578311,-0.17740716107645135,0.0319660755831961
5278,Stracherite,09,Zadovite,hexagonal,-0.23489428119660133,-0.019865015158860518,0.08507794082128266
5279,Straczekite,04,Straczekite,monoclinic,0.603092185858414,-0.04655523179539789,0.029828535691178312
5280,Strakhovite,09,,orthorhombic,0.591212503816306,-0.08568023765761239,0.05792180081772466
5281,Strandite,04,Zenzénite,hexagonal,0.6211296118563004,-0.04622180637159229,0.02380184486526503
5282,Stranskiite,08,,triclinic,-0.34643645693977393,0.3550352699803382,0.2811869436144636
5283,Strashimirite,08,,monoclinic,-0.2400946338812578,-0.19641744294952362,0.3063642013540889
5284,Strassmannite,07,Leydetite,monoclinic,-0.25051024487331375,-0.276258601982664,-0.302384073651196
5285,Strätlingite,09,,hexagonal,0.5911834711711156,-0.18851663547862724,0.02891384125370437
5286,Strelkinite,08,,orthorhombic,-0.24663818728042478,-0.2037588135556839,0.34361732530632677
5287,Strengite,08,,orthorhombic,-0.358354504374675,0.36169324265622516,0.324358147106959
5288,Stringhamite,09,,monoclinic,-0.29081779334886804,0.3170772724605312,-0.05958050907586898
5289,Stromeyerite,02,,orthorhombic,0.6882770448696802,-0.05734229154545481,-0.00775918648581604
5290,Stronadelphite,08,Apatite,hexagonal,-0.2573841960251465,0.017194077326123727,0.33556112666678706
5291,Stronalsite,09,,orthorhombic,0.599976225667361,-0.06318824224680852,0.022173557931122294
5292,Strontianite,05,Aragonite,orthorhombic,-0.2771717826702796,0.2994687932993891,-0.11305460230087869
5293,Strontioborite,06,Not in a structural group,monoclinic,0.6023850752383553,-0.13694768308833555,0.029883976102443473
5294,Strontiochevkinite,09,Chevkinite,monoclinic,0.6373463127021761,-0.06449479424043192,0.05539472061336487
5295,Strontiodresserite,05,Dundasite,orthorhombic,-0.1788457719973548,-0.2803311321214027,-0.0383283913662666
5296,Strontiofluorite,03,Fluorite,cubic,0.6342202305259705,0.10893954497518699,-0.0008203008063803873
5297,Strontioginorite,06,,monoclinic,0.6015785307947287,-0.1614986438296721,0.026228650969568845
5298,Strontiohurlbutite,08,Danburite,monoclinic,-0.3350431423679483,0.34472697884824655,0.2998768261075247
5299,Strontiojoaquinite,09,Joaquinite,orthorhombic,-0.1564805474378549,-0.20742076115577865,0.01293046078310678
5300,Strontiomelane,04,Coronadite,monoclinic,0.6268381014133145,-0.03822034301568504,0.06208964606000582
5301,Strontio-orthojoaquinite,09,Joaquinite,orthorhombic,0.5946459525782264,-0.13118516362352967,0.0551448061689703
5302,Strontioperloffite,08,Bjarebyite,monoclinic,-0.23215340154794295,-0.16223638392940037,0.33754575976160595
5303,Strontiopharmacosiderite,08,Pharmacosiderite,tetragonal,-0.24374207992503405,-0.19055123454557696,0.33421331695365625
5304,Strontioruizite,09,Ruizite,monoclinic,0.590282978607346,-0.15240030273942431,0.04965263451599365
5305,Strontiowhitlockite,08,Cerite,hexagonal,-0.227172362553546,-0.12471710862368325,0.3291113768512164
5306,Strunzite,08,Strunzite,triclinic,-0.2500323768835589,-0.18808559091199453,0.34279819595656547
5307,Struvite,08,Struvite,orthorhombic,-0.2899776426272729,-0.09985031545996076,0.35172038159290975
5308,Struvite-(K),08,Struvite,orthorhombic,-0.35408533219431726,0.31321296907898455,0.3092889129267168
5309,Studenitsite,06,,monoclinic,0.5874797267499958,-0.15257319835186064,0.03737682004679692
5310,Studtite,04,,monoclinic,0.6925882511492081,-0.2013066798361529,0.015307830152889562
5311,Stumpflite,02,Nickeline,hexagonal,0.6304156591228778,0.525702418252702,-0.05424453915894167
5312,Stunorthropite,07,,triclinic,-0.18197674663987828,-0.13658445885880063,-0.007575331769344607
5313,Sturmanite,06,Ettringite,hexagonal,-0.24543604504853453,-0.30274361923878074,-0.2576084853036906
5314,Stützite,02,,hexagonal,0.6626618535662384,-0.021446002939384968,0.0072608131966560695
5315,Suanite,06,,monoclinic,0.586639683242182,0.029351134853212987,0.03565370408155349
5316,Sudburyite,02,Nickeline,hexagonal,0.6324006827802278,0.5261891038089963,-0.05434195814696601
5317,Sudoite,09,"Chlorite, Clay",monoclinic,0.5835685965976465,-0.16319799626713577,0.03388681916281908
5318,Sudovikovite,02,Melonite,hexagonal,0.6626115193253317,-0.028979699902489768,4.615763679449887e-05
5319,Suenoite,09,Amphibole,orthorhombic,0.5748901419605191,-0.05909213220538985,0.04992294186273795
5320,Suessite,01,,cubic,0.6289721739238646,0.12163369838631563,0.012281809346235704
5321,Sugakiite,02,Pentlandite,tetragonal,0.6139996146667822,-0.00010345330866277404,0.01937692988768684
5322,Sugarwhiteite,04,Not in a structural group,monoclinic,0.6373614738174798,-0.054240545323444064,-0.052835136554954545
5323,Sugilite,09,Milarite,hexagonal,0.6086471412913985,-0.04480949744072784,0.03553991522791832
5324,Suhailite,09,Mica,,0.5878716878375898,-0.14827124622854182,0.030621215456637246
5325,Sulfatoredmondite,07,Redmondite,monoclinic,-0.23158710120110892,-0.2773457963305295,-0.29080102635322336
5326,Sulfhydrylbystrite,09,"Cancrinite, Cancrinite-sodalite",hexagonal,0.5970883464218459,-0.08337139600569379,0.0259251176047643
5327,Sulfoborite,06,,orthorhombic,-0.2188875815714191,-0.2377171192745863,-0.24305856985798208
5328,Sulfopadmaite,02,Ullmannite,cubic,0.6644328321614232,-0.018702591395295454,-0.001221446613368227
5329,Sulphohalite,07,,cubic,-0.23603266352868058,-0.072560319804276,-0.2981337429842188
5330,Sulphotsumoite,02,Tetradymite,hexagonal,0.6592549495582548,-0.012628620516236257,-0.000537903826326052
5331,Sulphur,02,Sulphur,"orthorhombic, hexagonal, monoclinic",0.7834098552813169,-0.0207865173913655,-0.026291944228087484
5332,Sulvanite,02,,cubic,0.6531702124384018,-0.023041055342743193,-0.03366323834925361
5333,Sundiusite,07,,monoclinic,-0.21902290752039294,-0.16928929904650444,-0.33604618545662257
5334,Sunshuite,02,Berthierite,monoclinic,0.6400640443783441,-0.0029095501518775213,0.025383809935687073
5335,Suolunite,09,,orthorhombic,0.584661497992674,-0.14770896747405526,0.029882289460852147
5336,Suredaite,02,,orthorhombic,0.6610279300028817,-0.04135170053372611,-0.022801844025594296
5337,Surinamite,09,Sapphirine,monoclinic,0.5874570207138452,-0.03864215307639603,0.021728600131934846
5338,Surite,09,,monoclinic,-0.1747227379910831,-0.22267429209763132,-0.056011078103195805
5339,Sursassite,09,Ardennite,monoclinic,-0.17567717538824273,-0.1919819477186104,0.03466155434076199
5340,Susannite,05,,hexagonal,-0.20353310449288498,-0.25562821195386637,-0.17975419027133616
5341,Suseinargiuite,07,Scheelite,tetragonal,-0.26993745586606477,0.3813424467245303,-0.051753020061664275
5342,Sussexite,06,,monoclinic,-0.10407086428518333,-0.21669161268180553,0.018052226673981354
5343,Suzukiite,09,,orthorhombic,0.6191023393953492,-0.014793123253526273,0.013071228100228729
5344,Svabite,08,Apatite,triclinic,-0.2588914594421833,0.016527658618065842,0.3255614027585044
5345,Svanbergite,08,Alunite-Beudantite,hexagonal,-0.23985383186801115,-0.23596122157567442,0.0385810332142237
5346,Sveinbergeite,09,Astrophyllite-Devitoite,triclinic,0.5983724205187717,-0.13796638928958355,0.052007132539672374
5347,Sveite,03,,monoclinic,0.6026031868075917,-0.19734403384795596,0.020548741156132446
5348,Švenekite,08,,triclinic,-0.18158884945538278,-0.20252895332234241,0.33379847550885855
5349,Sverigeite,09,,orthorhombic,0.5962271600988496,-0.08614239568695767,0.05379727333372891
5350,Svetlanaite,02,Arsenolamprite,orthorhombic,0.6634101677892603,-0.026477090414146063,0.000534526994826888
5351,Svornostite-(K),07,Svornostite,orthorhombic,-0.23629514629035359,-0.269904358032242,-0.2648301623000219
5352,Svornostite-(NH4),07,Svornostite,orthorhombic,-0.2408464991767434,-0.2809192778952087,-0.26624964634972403
5353,Svyatoslavite,09,,"orthorhombic, monoclinic",0.6003391818086934,-0.05339874927583964,0.00877160067738046
5354,Svyazhinite,07,Aubertite,triclinic,-0.2659619988265102,-0.08698179294234447,-0.2906393261625397
5355,Swaknoite,08,,orthorhombic,-0.22916161267422175,-0.18843016179695182,0.31191673499123607
5356,Swamboite-(Nd),09,,monoclinic,-0.15362632452545605,-0.2785844154025116,-0.004639258851049887
5357,Swartzite,05,,monoclinic,-0.19558983874105682,-0.25068237342081595,-0.033950555800779984
5358,Swedenborgite,04,,hexagonal,0.6127662480384118,-0.06896067655193924,0.032998905318208246
5359,Sweetite,04,,tetragonal,0.5908653070452048,-0.15919287916268327,0.043119294700084944
5360,Swinefordite,09,"Clay, Smectite-vermiculite",,0.584142317928208,-0.08274730268153693,0.03969421505389147
5361,Switzerite,08,,monoclinic,-0.37415135938602295,0.35436749791103733,0.3085788353660791
5362,Sylvanite,02,Melonite,monoclinic,0.6645930576498378,-0.023765951576644934,0.005653708976580482
5363,Sylvite,03,Rocksalt,cubic,0.6425782410107526,0.08678992279041878,0.0004374273280110183
5364,Symesite,07,,triclinic,-0.229186522757456,-0.16162676916397553,-0.3436910553946635
5365,Symplesite,08,Symplesite,triclinic,-0.37969014069271634,0.3416464585620973,0.28892813871030887
5366,Synadelphite,08,,orthorhombic,-0.2383196166343918,-0.18899541302330913,0.32526418551024494
5367,Synchysite-(Ce),05,,monoclinic,-0.2009333253696829,-0.05488836444027857,-0.054377907146031766
5368,Synchysite-(Nd),05,,orthorhombic,-0.19472990171864066,-0.0511089487764991,-0.0627130095051637
5369,Synchysite-(Y),05,,orthorhombic,-0.19465513389605216,-0.05071079712687605,-0.06255416443814638
5370,Syngenite,07,Syngenite,monoclinic,-0.33410779115221995,0.24613469209961805,-0.33350964840822606
5371,Szaibélyite,06,,monoclinic,-0.10726860529429647,-0.21322817232567476,0.023739000808485376
5372,Szenicsite,07,,orthorhombic,-0.17115836999823847,-0.189345407239276,-0.016952749207918567
5373,Szilagyiite,05,Schröckingerite,hexagonal,-0.2119080947759256,-0.2203997434787257,-0.125097962013076
5374,Szklaryite,06,Dumortierite,orthorhombic,0.6258595026346132,-0.044147747297908685,-0.0017743088142880802
5375,Szmikite,07,Kieserite,monoclinic,-0.3497866913430909,0.29784229867663314,-0.34958419975758886
5376,Szomolnokite,07,Kieserite,monoclinic,-0.35307673928459393,0.28613996216437726,-0.3527448639979104
5377,Szymańskiite,05,,hexagonal,-0.17921264088732042,-0.29334695056758414,-0.03452279413953122
5378,Tacharanite,09,,monoclinic,0.5910742582114654,-0.1597801413348694,0.034068344175128516
5379,Tachyhydrite,03,,hexagonal,0.609798626095726,0.10412712163031161,0.019403050289303385
5380,Tadzhikite-(Ce),09,Hellandite,monoclinic,0.6008636848682575,-0.09722523883373275,0.04719324366665163
5381,Taenite,01,,cubic,0.5796114976628369,0.5271727885544674,-0.02941717696583015
5382,Taikanite,09,,monoclinic,0.6064306254377196,-0.021380805399582696,0.04242029718474537
5383,Taimyrite,01,,orthorhombic,0.6277593397031908,0.5190158435341029,-0.05603007102353461
5384,Tainiolite,09,Mica,monoclinic,0.5841436669678943,-0.0023954332189833286,0.045550024163751375
5385,Taipingite-(CeCa),09,Cerite,hexagonal,-0.17991087331363262,-0.16759244398414758,0.03084248864497997
5386,Takanawaite-(Y),04,Fluorite,monoclinic,0.6585755965128635,-0.0848084394089211,0.0269205490962593
5387,Takanelite,04,,hexagonal,0.5970271956367185,-0.05197443488385597,0.04254869061640181
5388,Takedaite,06,,hexagonal,0.612068608200605,-0.01597054052903763,0.00702990558356238
5389,Takéuchiite,06,,orthorhombic,-0.150110188989309,-0.11806590223775826,0.011810762957601107
5390,Takovite,05,Hydrotalcite,hexagonal,-0.18695479368382864,-0.28791089176563867,-0.03112404835784921
5391,Talc,09,"Clay, Talc","triclinic, monoclinic",0.5695951827011054,-0.09582590563819082,0.051153274908847995
5392,Talmessite,08,Fairfieldite,triclinic,-0.34398274947666585,0.3303497664943753,0.29420159696837217
5393,Talnakhite,02,Chalcopyrite,cubic,0.6210641151574581,-0.025139183100206047,0.0032202691315343507
5394,Tamaite,09,,orthorhombic,0.5896789491251682,-0.10680972894271888,0.03563554863520381
5395,Tamarugite,07,Tamarugite,monoclinic,-0.3378325061631069,0.23184638462155713,-0.34096966158892655
5396,Tamboite,07,,monoclinic,-0.22196146241894799,-0.2672980132550446,-0.2551881637278657
5397,Tamuraite,02,Kuvaevite,hexagonal,0.6196323847473529,-0.011518311366808075,0.020042194003103083
5398,Tancaite-(Ce),07,Not in a structural group,hexagonal,-0.29572973396305635,0.3858423815948876,-0.04225467140485661
5399,Tancoite,08,,orthorhombic,-0.22263242126835986,-0.18871258772078695,0.3193478131214422
5400,Taneyamalite,09,,triclinic,0.5902299970384774,-0.16421027175203404,0.03735081988099411
5401,Tangdanite,08,Tyrolite,monoclinic,-0.2545311181627544,-0.23385955020910787,0.2509087724228479
5402,Tangeite,08,Conichalcite,orthorhombic,-0.23114998711634072,-0.1790124201822392,0.30658970843078076
5403,Taniajacoite,09,Ruizite,triclinic,0.5884993070558342,-0.15374770407136534,0.04842176799342066
5404,Tanohataite,09,Pectolite,triclinic,0.5918862612744451,-0.08871617642250865,0.052045735448515165
5405,Tantalaeschynite-(Ce),04,Aeschynite,orthorhombic,0.6675395135707806,-0.08647780592061335,0.0541852599575703
5406,Tantalaeschynite-(Y),04,Aeschynite,orthorhombic,0.6616397158471536,-0.08760657968251644,0.045068224363845735
5407,Tantalcarbide,01,Rocksalt,cubic,0.7105395210518041,0.09833768725898122,0.014975357374556745
5408,Tantalite-(Fe),04,Columbite,orthorhombic,0.6500203540792471,-0.09336604041474064,0.03534849499944551
5409,Tantalite-(Mg),04,Columbite,orthorhombic,0.6410384184294985,-0.08412188766612566,0.04707337758938232
5410,Tantalite-(Mn),04,Columbite,orthorhombic,0.6559710502269569,-0.08328622710339001,0.04419746615550692
5411,Tantalowodginite,04,Columbite,monoclinic,0.6651936568500516,-0.0905393897302372,0.04477367026988851
5412,Tanteuxenite-(Y),04,Columbite,,0.6618537122605432,-0.08784541717217913,0.04478811499558995
5413,Tantite,04,,monoclinic,0.6966903659973231,-0.10602256366035812,0.029849688431574355
5414,Tapiaite,08,Not in a structural group,monoclinic,-0.2510247771884121,-0.20613580164676065,0.328748830724352
5415,Tapiolite-(Fe),04,Tapiolite,tetragonal,0.6501820665800335,-0.09316347082348728,0.03542971291419034
5416,Tapiolite-(Mn),04,Tapiolite,tetragonal,0.6561425847927403,-0.08310209501806337,0.04427689099593347
5417,Taramellite,09,,orthorhombic,0.6143869036490012,-0.04807128508876664,0.05630569667935013
5418,Taramite,09,Amphibole,monoclinic,0.5762827936638566,-0.09457046529630962,0.04416415641230975
5419,Taranakite,08,Taranakite,hexagonal,-0.24925122466090815,-0.21896891750573882,0.3320996358087288
5420,Tarapacáite,07,,orthorhombic,-0.2665087732228469,0.37206365074148834,-0.05988298002757503
5421,Tarbagataite,09,Astrophyllite-Astrophyllite,triclinic,0.5858261824445201,-0.12325803390337133,0.04736229653903071
5422,Tarbuttite,08,Tarbuttite,triclinic,-0.23766922949592606,-0.14880033400303816,0.33634832514489416
5423,Tarkianite,02,,cubic,0.6494155103291058,-0.0011850119175455184,0.0031265173383193904
5424,Tartarosite,01,,cubic,0.796579053437211,0.13169214138179525,-0.04011616221605322
5425,Tarutinoite,02,Lillianite,monoclinic,0.6575061693591128,-0.02421287675309891,-0.018264297192085208
5426,Taseqite,09,Eudialyte,hexagonal,0.5887728515403025,-0.11776933984264543,0.05423637101240771
5427,Tashelgite,04,Not in a structural group,monoclinic,0.5955565150228509,-0.08940594602618496,0.01886905992016053
5428,Tassieite,08,Wicksite,orthorhombic,-0.35148217432163936,0.3138597683447944,0.30399351333383395
5429,Tatarinovite,06,Ettringite,hexagonal,-0.2401555922313726,-0.29806763174442263,-0.2601229433676431
5430,Tatarskite,05,,,-0.24632957432396524,-0.22823130036042333,-0.1835699775565341
5431,Tatyanaite,01,,orthorhombic,0.6244162200172217,0.5134976658077228,-0.061280618635792136
5432,Tausonite,04,Perovskite,"cubic, orthorhombic, tetragonal",0.6316020902409951,-0.0737537842064858,0.04190294133266466
5433,Tavagnascoite,07,Klebelsbergite,orthorhombic,-0.21144879427861485,-0.22775233893753546,-0.26710120275105836
5434,Tavorite,08,Titanite-Amblygonite,triclinic,-0.22949616939027795,-0.16973998125340867,0.33808243254397075
5435,Tazheranite,04,Fluorite,cubic,0.6403097418593237,-0.08228149477225012,0.04491495867611056
5436,Tazieffite,02,Vurroite,monoclinic,0.6520671741823668,0.019689462161221534,-0.019791420242569503
5437,Tazzoliite,09,Pyrochlore,orthorhombic,-0.15555091364574175,0.3683413250271252,0.2068543386203307
5438,Teallite,02,Arsenolamprite,orthorhombic,0.6565663032169404,-0.02672075512873217,-0.017988467026238953
5439,Tedhadleyite,03,,triclinic,0.6820866062609074,-0.007594742373561896,-0.006600305877804915
5440,Teepleite,06,,tetragonal,0.5970928878643971,-0.14440607696871646,0.03875076521825045
5441,Tegengrenite,04,Spinel,hexagonal,0.5945493329101869,-0.03054675473892924,0.051710588490912646
5442,Teineite,04,Chalcomenite,orthorhombic,-0.3296021236757994,0.25888388675231433,-0.42631395382244097
5443,Telargpalite,02,,cubic,0.6654943112749753,-0.022437138475449512,0.00458212775464451
5444,Tellurantimony,02,Tetradymite,hexagonal,0.6806121357512089,-0.010182507924916751,0.01675725528026357
5445,Tellurite,04,,orthorhombic,-0.31692332694543424,0.34824785937549063,-0.49814370361092725
5446,Tellurium,02,,hexagonal,0.7811061357334151,-0.019918618109971552,-0.02516900846271631
5447,Tellurobismuthite,02,Tetradymite,hexagonal,0.6731367246855059,0.0026349801921226428,0.016236309751721915
5448,Tellurohauchecornite,02,Hauchecornite,tetragonal,0.6257425469971959,0.016227640061726632,0.029554440429431506
5449,Telluromandarinoite,04,Mandarinoite,monoclinic,-0.34141883623204183,0.2795195021567432,-0.35627579781913593
5450,Telluronevskite,02,Tetradymite,hexagonal,0.6590043301583781,-0.012539692330746208,-0.00045722086285127084
5451,Telluropalladinite,02,,monoclinic,0.6640013010807073,-0.0268937074585443,0.0007484295392835502
5452,Telluroperite,03,Nadorite,orthorhombic,-0.24429365957764915,-0.05361484804432315,-0.35278694977671243
5453,Telyushenkoite,09,Leifite,hexagonal,0.6031291544517478,-0.05235276709096613,0.026530370076664672
5454,Temagamite,02,,orthorhombic,0.6632007110647296,-0.025923478509464172,0.0006214490888368663
5455,Tengchongite,07,Not in a structural group,orthorhombic,-0.19537919537810725,-0.25172588945108904,0.0012588162057750561
5456,Tengerite-(Y),05,Tengerite,orthorhombic,-0.16807199041580095,-0.2650017393383411,-0.03623246059089214
5457,Tennantite-(Cd),02,Tetrahedrite,cubic,0.6732309826241837,-0.031243312083977407,-0.0006841619450640227
5458,Tennantite-(Cu),02,Tetrahedrite,cubic,0.6805073017810132,-0.041133322369191046,-0.018575997801560683
5459,Tennantite-(Fe),02,Tetrahedrite,cubic,0.6692679694931667,-0.037530223763087116,-0.004022855823375471
5460,Tennantite-(Hg),02,Tetrahedrite,cubic,0.6842429962513988,-0.03660867581227219,-0.014505554627542595
5461,Tennantite-(In),02,Tetrahedrite,cubic,0.6827260862880782,-0.04157441667791183,-0.009432592429877698
5462,Tennantite-(Mn),02,Tetrahedrite,cubic,0.6729465353809168,-0.030968396212142285,0.0005169375479946968
5463,Tennantite-(Ni),02,Tetrahedrite,cubic,0.6731362023319535,-0.030949410428762897,-0.00037958964709820103
5464,Tennantite-(Zn),02,Tetrahedrite,cubic,0.6729948026879288,-0.031149989463347072,-0.0005648113526924865
5465,Tenorite,04,,monoclinic,0.6390295341442659,-0.0786557005568739,-0.03226184377962196
5466,Tephroite,09,Olivine,orthorhombic,-0.2964163331924124,0.38483049332694946,-0.03192236321750299
5467,Terlinguacreekite,03,,orthorhombic,0.6570771300817284,-0.0028646081157751354,-0.019609563488667013
5468,Terlinguaite,03,,monoclinic,0.657014692151215,0.0017333785857413988,-0.005900450943981927
5469,Ternesite,09,Ternesite,orthorhombic,-0.3071881730300752,0.3089614575777839,-0.16853864052842477
5470,Ternovite,04,,,0.6129993095484144,-0.17868531587460212,0.03842884484055567
5471,Terranovaite,09,,orthorhombic,0.5870791951278106,-0.1210077530701685,0.03122689994447399
5472,Terrywallaceite,02,Lillianite,monoclinic,0.6731852141027559,-0.013963116508590421,0.008727890267784439
5473,Terskite,09,Terskite,orthorhombic,0.6002550153880938,-0.14664380639588603,0.04864249956886394
5474,Tertschite,06,,,0.628737552280384,-0.037418139105209136,-0.00017385366803035485
5475,Teruggite,06,,monoclinic,0.6016757401716915,-0.1751586928712381,0.031024488616481202
5476,Teschemacherite,05,,orthorhombic,-0.2082598591624611,-0.15237326331983078,-0.05969514496255522
5477,Testibiopalladite,02,Pyrite,cubic,0.6682179471360488,-0.02180258981156584,-0.0005190031726553246
5478,Tetra-auricupride,01,,,0.621233410180735,0.5114107908530177,-0.06474406929194304
5479,Tetradymite,02,Tetradymite,hexagonal,0.6734149797822673,0.00256198620796743,0.016186582799911406
5480,Tetraferriannite,09,Mica,"monoclinic, hexagonal",0.581650001008048,-0.11143995787457692,0.044838518060402066
5481,Tetraferriphlogopite,09,Mica,,0.567736015543477,-0.0999421641488121,0.06015143106374521
5482,Tetraferroplatinum,01,Potarite,tetragonal,0.5915430968530182,0.5142915180315972,-0.03429428893063353
5483,Tetrahedrite-(Cd),02,Tetrahedrite,cubic,0.6707978811529043,-0.04332589320529251,0.005977243465480354
5484,Tetrahedrite-(Cu),02,Tetrahedrite,cubic,0.6761682372971198,-0.050779861997190784,-0.00719432354335404
5485,Tetrahedrite-(Fe),02,Tetrahedrite,,0.6670112862290196,-0.048411749975745544,0.0044288144010369655
5486,Tetrahedrite-(Hg),02,Tetrahedrite,cubic,0.6789408787519267,-0.04757132512334716,-0.004081957409063086
5487,Tetrahedrite-(Mn),02,Tetrahedrite,cubic,0.67057129540292,-0.04311492958092955,0.006898000868329363
5488,Tetrahedrite-(Ni),02,Tetrahedrite,cubic,0.6707254743845453,-0.04310478572245843,0.0062001840978130884
5489,Tetrahedrite-(Zn),02,Tetrahedrite,cubic,0.6706085812528559,-0.043275575255106086,0.0060534327032131414
5490,Tetrarooseveltite,08,Scheelite,tetragonal,-0.33603793845457053,0.38995533082749284,0.3178648649095844
5491,Tetrataenite,01,,"tetragonal, monoclinic",0.5796114976628369,0.5271727885544674,-0.02941717696583015
5492,Tetrawickmanite,04,Perovskite,tetragonal,0.6063014175663219,-0.172443525865147,0.04050750137878353
5493,Tewite,07,Not in a structural group,orthorhombic,0.6257682067778104,-0.04131000285479938,0.016644860829876713
5494,Thadeuite,08,,orthorhombic,-0.24202405235167013,-0.10077205804931838,0.3334952932709694
5495,Thalcusite,02,Bukovite,tetragonal,0.6683259909631747,-0.05719269471193308,-0.000483769635663725
5496,Thalénite-(Y),09,,monoclinic,0.6440810543600411,-0.025406702977487632,0.007570647737842433
5497,Thalfenisite,02,Djerfisherite,cubic,0.6169594839824802,0.0007616138787532919,0.019411514435621845
5498,Thalhammerite,02,Thalhammerite,tetragonal,0.6660368180012732,-0.022144197462124135,0.0010556617009264309
5499,Thalliomelane,04,Coronadite,tetragonal,0.6411539251604359,-0.046161060500667,0.05049668709787964
5500,Thalliumpharmacosiderite,08,Pharmacosiderite,cubic,-0.23942349895403858,-0.19283705604974755,0.33600367111340856
5501,Thaumasite,09,Ettringite,hexagonal,-0.24063169431498063,-0.3062921404855168,-0.18392448739414782
5502,Thebaite-(NH4),10,"Not in a structural group, Oxalate",monoclinic,-0.2268784945480627,-0.18452413846462704,0.31425018249722286
5503,Theisite,04,,"orthorhombic, hexagonal",0.5944669669161807,-0.1622823376155489,0.03063019097721095
5504,Thénardite,07,,orthorhombic,-0.31736992516919776,0.26403480669934387,-0.34273202313229856
5505,Theoparacelsite,04,,orthorhombic,0.6046340714827703,-0.16727907754324495,0.010229987980083696
5506,Theophrastite,04,Brucite,hexagonal,0.5916455094881627,-0.16032221190953774,0.04278013694502196
5507,Therasiaite,07,Not in a structural group,monoclinic,-0.2505535720975229,-0.16137053343890906,-0.26893939804647865
5508,Thérèsemagnanite,07,Ktenasite,hexagonal,-0.2367801987259998,-0.26998890780692353,-0.24427648220659068
5509,Thermaerogenite,04,Spinel,cubic,0.6143811390984439,-0.09043961775959661,-0.011532784790277834
5510,Thermessaite,07,Thermessaite,orthorhombic,-0.23741272436735605,-0.07928609624021914,-0.2937458937639288
5511,Thermessaite-(NH4),07,Thermessaite,orthorhombic,-0.2477759422324206,-0.16184128030686873,-0.28668110610946396
5512,Thermonatrite,05,,orthorhombic,-0.27756547324696157,0.2770985384431228,-0.10104230528550337
5513,Theuerdankite,08,Not in a structural group,cubic,-0.337637954065376,0.35976608992102344,0.3176805476372655
5514,Thionasilite,09,Apophyllite,orthorhombic,0.6290157226224653,-0.027563846287380116,0.018746209828490016
5515,Thomasclarkite-(Y),05,,monoclinic,-0.18309150984650915,-0.29664318476100826,-0.029014888623759807
5516,Thometzekite,08,Natrochalcite,monoclinic,-0.35465747691046406,0.32556397968143935,0.24359324915514158
5517,Thomsenolite,03,,monoclinic,0.6052571103129667,0.059364469439836975,0.017134428872338195
5518,Thomsonite-Ca,09,Thomsonite,orthorhombic,0.6033521583493098,-0.08788392243443219,0.013153384708612433
5519,Thomsonite-Sr,09,Thomsonite,orthorhombic,0.5906552053690316,-0.1691902674793914,0.030343897308846506
5520,Thorasphite,08,Not in a structural group,orthorhombic,-0.3575861259446034,0.26704316257434024,0.34329953656390755
5521,Thorbastnäsite,05,Bastnäsite,hexagonal,-0.2091448552623693,-0.09173843250603372,-0.05512045057206215
5522,Thoreaulite,04,,monoclinic,0.6772079841107558,-0.10106005561556505,0.019734203065669066
5523,Thorianite,04,Fluorite,cubic,0.679246963133455,-0.07738868644181898,0.03572987005796006
5524,Thorikosite,03,,tetragonal,0.6238197573674934,-0.08095455714954337,-0.023319731586013578
5525,Thorite,09,Zircon,tetragonal,-0.2721278544775336,0.36164741209237994,-0.016565039875091385
5526,Thornasite,09,,hexagonal,0.6437306901619558,-0.0818700373025973,0.02581259630592024
5527,Thorneite,05,Not in a structural group,monoclinic,-0.17944236021476928,-0.17672696530761156,-0.11063955776290343
5528,Thorosteenstrupine,09,,,0.6190106040764953,-0.04713412330087739,0.04858437572967164
5529,Thortveitite,09,Thortveitite,monoclinic,0.6288921511888799,-0.04322086994079053,-0.00032699194557266054
5530,Thorutite,04,Brannerite,monoclinic,0.6767948912032631,-0.07959804263217313,0.04998005834945012
5531,Threadgoldite,08,,monoclinic,-0.2504366497143824,-0.24175759373917657,0.35377590932205605
5532,Thunderbayite,02,,triclinic,0.6663893555818567,-0.020135806409406137,0.002095689527245653
5533,Tianhongqiite,04,Tivanite,monoclinic,0.630576216774998,-0.14684242426704147,0.05573152060890865
5534,Tianhuixinite,07,Not in a structural group,hexagonal,-0.31691943635933467,0.44156915152543513,-0.141587868398789
5535,Tiberiobardiite,09,Chalcophyllite,hexagonal,-0.23211301432395828,-0.32305866008257633,-0.2100178632157924
5536,Tiemannite,02,Diamond-Sphalerite,cubic,0.6631641325973758,-0.02877470736897713,-0.015677165529137338
5537,Tienshanite,09,,hexagonal,0.5945647335847375,-0.10126071798061867,0.05814059570524727
5538,Tiettaite,09,,orthorhombic,0.6019784738143111,-0.11325402916758502,0.03983487223498426
5539,Tikhonenkovite,03,Tikhonenkovite,monoclinic,0.5958221365654184,-0.0531707231913341,0.021752415670444756
5540,Tilasite,08,Titanite,monoclinic,-0.25598407754682884,0.03145804204461221,0.3321026953989562
5541,Tilkerodeite,02,Jacutingaite,hexagonal,0.6636498362582943,-0.027252875029046934,-0.000727597379111742
5542,Tilleyite,09,,monoclinic,-0.1717509418985914,-0.15816236404843215,-0.05522849489464722
5543,Tillmannsite,08,,tetragonal,-0.30207457156669854,0.3585176940925243,0.2931306317535097
5544,Timroseite,07,Not in a structural group,orthorhombic,-0.13142114033839278,-0.22303833165854764,-0.3391290069571279
5545,Tin,01,,"tetragonal, cubic",0.6270781535788261,0.5219963672592267,-0.05265242463128895
5546,Tinaksite,09,,triclinic,0.596941237768443,-0.09146764847359684,0.0495213808188555
5547,Tincalconite,06,,hexagonal,0.5999608333055746,-0.16700561924492024,0.03680713728126267
5548,Tinnunculite,10,,monoclinic,0.6276410311060135,-0.08980049454328588,0.014636515077641464
5549,Tinsleyite,08,Leucophosphite,monoclinic,-0.23335983762504614,-0.18188293519834037,0.32787748299142094
5550,Tinticite,08,,triclinic,-0.24165648831843256,-0.1867571421919355,0.33898373314264707
5551,Tintinaite,02,Kobellite,orthorhombic,0.6621814889650693,-0.02463602213516597,-0.017626721736232226
5552,Tinzenite,09,Axinite,triclinic,0.5878304737597299,-0.087143007209845,0.035017563801690486
5553,Tiptopite,08,"Cancrinite, Cancrinite-sodalite",hexagonal,0.5945569082034416,-0.0813404158222385,0.03895728371315811
5554,Tiragalloite,09,,monoclinic,0.6023312974013537,-0.05940310989140102,0.038760491346688186
5555,Tischendorfite,02,,orthorhombic,0.6632015419694836,-0.025950094294649215,0.0005104320616440942
5556,Tisinalite,09,Lovozerite-Zirsinalite–Lovozerite,hexagonal,0.5967892692472929,-0.13653540403818656,0.057927292121536585
5557,Tissintite,09,Pyroxene,monoclinic,0.5914416322712122,-0.05597588836881242,0.02795039861141746
5558,Tistarite,04,Corundum,hexagonal,0.6638080762514396,-0.05847008011166085,0.03259331133062873
5559,Titanite,09,Titanite,monoclinic,-0.21062562789295203,0.37936975018452224,-0.031545800144299294
5560,Titanium,01,,"hexagonal, cubic",0.623153895548838,0.5226134699872186,-0.03845912002276192
5561,Titanoholtite,09,Dumortierite,orthorhombic,0.6260012990065658,-0.057659962730747014,0.006724547487181372
5562,Titanomaghemite,04,Spinel,cubic,0.6181150893804828,-0.04509197121322551,0.056506210848302305
5563,Titanowodginite,04,Columbite,monoclinic,0.6583790223014456,-0.08672593416158193,0.0583124224906794
5564,Titantaramellite,09,,orthorhombic,0.5937679290729722,-0.06403614815115238,0.06207403729944959
5565,Tivanite,04,Tivanite,monoclinic,-0.208035799141839,-0.20545197842818957,0.3394931288521853
5566,Tlalocite,07,,,-0.23243597519634046,-0.3067408259700301,-0.2664871091169584
5567,Tlapallite,07,,"monoclinic, hexagonal",-0.18241488148069465,-0.21809268191387332,-0.31890851740253534
5568,Tobelite,09,Mica,monoclinic,0.5985493701346366,-0.16046035031119957,0.021011865100604057
5569,Tobermorite,09,Tobermorite,"triclinic, monoclinic",0.5866340331841023,-0.1286299426922224,0.02958793422297667
5570,Tochilinite,02,Tochilinite,triclinic,0.5687072325909965,-0.14913572814116174,0.045189377119332304
5571,Tocornalite,03,,,0.6992412018403042,0.07909208317465449,-0.005445294624631223
5572,Todorokite,04,,monoclinic,0.5840082276502123,-0.09916220443226934,0.05718835441509141
5573,Tokkoite,09,,triclinic,0.5896654270984408,-0.0690347005735162,0.033535485712983024
5574,Tokyoite,08,Brackebuschite,monoclinic,-0.22651367974915437,-0.14821285071437673,0.33252123775484604
5575,Tolbachite,03,,monoclinic,0.6567636504675473,0.07986816477744502,-0.052778433752823525
5576,Toledoite,01,,orthorhombic,0.6394881949439174,0.10412710992771018,0.022591539502175302
5577,Tolovkite,02,Cobaltite,orthorhombic,0.6666151739469238,-0.021430116413323968,0.0002999498331087893
5578,Tolstykhite,02,Maletoyvayamite,triclinic,0.6627690510489315,-0.030041893077559893,-0.00012307291068243235
5579,Tomamaeite,01,"Auricupride, Perovskite",cubic,0.6216046021655437,0.5116771014624536,-0.06954471448652572
5580,Tombstoneite,07,Not in a structural group,hexagonal,-0.2185940964269109,-0.22398714529799718,-0.34800442779583285
5581,Tomcampbellite,08,Not in a structural group,monoclinic,-0.2374412777724881,-0.15058345400024187,0.3232566875573424
5582,Tomichite,04,,monoclinic,0.0670134552195027,-0.0359193608933311,0.2510321337323576
5583,Tomiolloite,07,Not in a structural group,hexagonal,-0.19815300925016624,-0.27937710026119855,-0.27407480463306944
5584,Tomsquarryite,08,Alunite-Crandallite,hexagonal,-0.24525113574524926,-0.22159307627733266,0.333021209262714
5585,Tondiite,03,Atacamite,hexagonal,0.5940896615691819,-0.15832611916868058,0.018178626622281417
5586,Tongbaite,01,,orthorhombic,0.7959710621610494,0.1305259211114708,-0.03955538066038705
5587,Tooeleite,07,,monoclinic,-0.24540148233867695,-0.21173489155791095,0.20199543039475698
5588,Topaz,09,Topaz,orthorhombic,-0.185431051788692,-0.007723690718934173,-0.006792761233823939
5589,Topsøeite,03,Rosenbergite,tetragonal,0.6422958054696579,0.12024002726254178,0.03362353416565324
5590,Torbernite,08,,tetragonal,-0.256795346661073,-0.22650435210671638,0.35046897381669356
5591,Törnebohmite-(Ce),09,Fornacite,monoclinic,-0.16849941899243662,-0.18604974144438977,0.03638302060319173
5592,Törnebohmite-(La),09,Fornacite,monoclinic,-0.16300787609247175,-0.18808326881663434,0.028092729538445792
5593,Törnroosite,02,Isomertieite,cubic,0.6756521616988859,0.026442100540336584,-0.0021159978656517878
5594,Torrecillasite,03,Not in a structural group,orthorhombic,0.6602288954958002,0.00030917777809360766,0.030555903823934798
5595,Torreyite,07,,,-0.2343965910648158,-0.27984713464010574,-0.23868031433247378
5596,Torryweiserite,02,Kuvaevite,hexagonal,0.6300316023505612,0.0032955169539355122,0.028591697613852343
5597,Tosudite,09,"Corrensite, Clay",,0.5861390336678068,-0.16269636578844252,0.027269094077772414
5598,Toturite,09,Garnet,cubic,0.6084153091890928,-0.06420702150362464,0.03958922504508315
5599,Tounkite,09,Cancrinite-sodalite,hexagonal,-0.220515045639855,-0.19080110769523317,-0.25604483037458886
5600,Touretite,06,Rhodizite,cubic,0.6027146778705426,-0.038369264320304006,0.01150939112800127
5601,Townendite,09,Lovozerite,hexagonal,0.6260367959397254,-0.05114975286251377,0.02900665007423149
5602,Toyohaite,02,Spinel,tetragonal,0.673052427790563,-0.04575413763569292,0.032004863382656366
5603,Trabzonite,09,,"monoclinic, orthorhombic",0.5874175194239806,-0.11182151126972412,0.029342000348211435
5604,Tranquillityite,09,Braunite,hexagonal,0.6165101024435572,-0.05562463522482287,0.043602331895633735
5605,Transjordanite,01,Barringerite,hexagonal,0.6433871973128706,0.14150411152031586,0.026413552857329846
5606,Traskite,09,,hexagonal,0.5959077073076278,-0.1557082368979,0.05331352424675566
5607,Trattnerite,09,Milarite,hexagonal,0.5841887939635431,-0.00349375975096396,0.04105853582898717
5608,Treasurite,02,Lillianite,monoclinic,0.6590692696168674,-0.018059339225261695,-0.0056967446539886064
5609,Trébeurdenite,05,Hydrotalcite,,-0.1879660980869199,-0.28068290388296285,-0.02890415801688616
5610,Trebiskyite,04,Pascoite,monoclinic,0.610599318557573,-0.07508156400396258,0.05882304843705601
5611,Trechmannite,02,,hexagonal,0.6979650670491233,-0.01650037780968791,0.009910455423060375
5612,Tredouxite,04,Tapiolite,tetragonal,0.6571126733792343,-0.0840548316793645,0.043473625004927095
5613,Trembathite,06,Boracite,hexagonal,0.5891572401572364,0.041979738282057935,0.032927591806029714
5614,Tremolite,09,Amphibole,monoclinic,0.5733933985971196,-0.0586537371108239,0.05095067810197547
5615,Trevorite,04,Spinel,cubic,0.6078110876124244,-0.035937494725397756,0.03471540808249673
5616,Triangulite,08,,triclinic,-0.24528899164286555,-0.24112551023819753,0.3426146301507972
5617,Triazolite,10,,orthorhombic,0.6213283456157681,-0.06597693916002478,0.00643626366131018
5618,Tridymite,09,Tridymite,"monoclinic, orthorhombic, triclinic",-0.23305137221899577,0.44081573328194257,-0.11645992527593649
5619,Trigodomeykite,02,Fluocerite,hexagonal,0.6747326019049735,0.09412957461616867,-0.02176068295490252
5620,Trigonite,04,,monoclinic,-0.20605365072912146,-0.16249620240950616,0.28658194303297935
5621,Trikalsilite,09,Tridymite-Nepheline,hexagonal,-0.1681166117311625,-0.1376864438131263,0.021461970878498462
5622,Trilithionite,09,Mica,monoclinic,0.6094409986587956,-0.04520188280873938,0.014253769684980095
5623,Trimerite,09,Beryllonite,monoclinic,-0.17552912176015315,-0.11060109195808496,0.033172856112918606
5624,Trimounsite-(Y),09,,monoclinic,0.015040663004788478,0.49999835672288817,-0.04334932238684248
5625,Trinepheline,09,,"hexagonal, monoclinic",-0.27351493295593515,0.3213068231633083,-0.028132086861055366
5626,Triphylite,08,Olivine,orthorhombic,-0.33989814497216997,0.3279040587386426,0.299094642385226
5627,Triplite,08,Triplite,monoclinic,-0.27408852284366536,0.04153067089903656,0.3445770912130326
5628,Triploidite,08,Wagnerite,monoclinic,-0.2368484820118514,-0.14777978834169023,0.33846123257103866
5629,Trippkeite,04,Minium,tetragonal,0.6473825176267715,-0.03564703642255257,-0.033326805376560374
5630,Tripuhyite,04,Rutile,tetragonal,0.6391615798638952,-0.07674398834741464,0.04783906215936744
5631,Tristramite,08,Rhabdophane,hexagonal,-0.36696267027229507,0.2516980717400725,-0.0003187239625043123
5632,Tritomite-(Ce),09,Apatite,,-0.16627651888520312,-0.14789006466485,0.033162297588984285
5633,Tritomite-(Y),09,Apatite,,-0.15588237463653826,-0.1510443316932566,0.02201923014142656
5634,Trögerite,08,Trögerite,tetragonal,-0.24094094701265759,-0.23912026144811735,0.33978485237634015
5635,Trogtalite,02,Pyrite,cubic,0.626208297881938,0.010927907665180118,0.014997378070200471
5636,Troilite,02,,hexagonal,0.6137272939706514,0.0017390265459822241,0.007983591301964913
5637,Trolleite,08,,monoclinic,-0.2231751151336945,-0.18017260423524203,0.31963053542896475
5638,Trona,05,,monoclinic,-0.2915094008540102,0.2106954914608359,-0.08435085158524883
5639,Truscottite,09,Gyrolite,hexagonal,0.589053226724721,-0.12922741161893483,0.02594236721219742
5640,Trüstedtite,02,Spinel,cubic,0.6323739382311404,0.01883326888440117,0.03979031029288039
5641,Tsangpoite,09,,hexagonal,-0.32953075970281587,0.335769974444104,0.21328418933262447
5642,Tsaregorodtsevite,09,"Sodalite, Cancrinite-sodalite","cubic, orthorhombic",0.6154487519925296,-0.13105621525718517,0.02217984561778228
5643,Tschaunerite,04,Spinel-Post-spinel,orthorhombic,0.6125672171981567,-0.061401081201623436,0.04216860665780225
5644,Tschermakite,09,Amphibole,monoclinic,0.5773518865919607,-0.08787684348506175,0.03498973044052003
5645,Tschermigite,07,Alum,cubic,-0.2751585820782291,-0.1914672694301532,-0.3037711083178837
5646,Tschernichite,09,,"tetragonal, monoclinic",0.6091435021527775,-0.07410694956479275,0.0031369480321731744
5647,Tschörtnerite,09,,cubic,0.5998524362709008,-0.15519831735780087,0.02411687876639058
5648,Tsepinite-Ca,09,Labuntsovite,monoclinic,0.6155933001746982,-0.1393328899972303,0.0538619270938078
5649,Tsepinite-K,09,Labuntsovite,monoclinic,0.6172239081433073,-0.13636850874474266,0.05481510948949296
5650,Tsepinite-Na,09,Labuntsovite,monoclinic,0.6021333237746607,-0.1738059282215645,0.05305463302955327
5651,Tsepinite-Sr,09,Labuntsovite,monoclinic,0.6256234093228952,-0.14647805332746472,0.05477560366740608
5652,Tsikourasite,01,,cubic,0.6425826030891464,0.14115381306847313,0.02471030032624128
5653,Tsilaisite,09,Tourmaline,hexagonal,-0.14978269494457244,-0.20128922901287327,-0.0021935199664025583
5654,Tsnigriite,02,,monoclinic,0.6640357732836077,-0.020465436556866744,0.007373855821027505
5655,Tsugaruite,02,,orthorhombic,0.6508630052765596,-0.003865912120608491,-0.05375489954390515
5656,Tsumcorite,08,Natrochalcite,monoclinic,-0.35771595064104644,0.34652843389221094,0.2739827712353502
5657,Tsumebite,08,Brackebuschite,monoclinic,-0.24283001918638042,-0.20903253158553456,0.001919243892152314
5658,Tsumgallite,04,Diaspore,orthorhombic,0.5954042769608633,-0.169062561903655,0.020841104982411686
5659,Tsumoite,02,Tetradymite,hexagonal,0.6588729092842481,-0.012536415496438968,-0.00046163425315845497
5660,Tsygankoite,02,Not in a structural group,monoclinic,0.6621572796068387,-0.018303645932807637,0.02089950148502299
5661,Tubulite,02,,monoclinic,0.6561858470894202,-0.0239206163673497,-0.025648559762265724
5662,Tučekite,02,Hauchecornite,tetragonal,0.6286706694578619,0.013756042799604946,0.030286785151865656
5663,Tugarinovite,04,Rutile,monoclinic,-0.2551465629907892,0.4761033924615338,-0.13548487036311962
5664,Tugtupite,09,"Cancrinite-sodalite, Sodalite",tetragonal,0.6057044665919251,-0.05032530304483962,0.028022306055475753
5665,Tuhualite,09,,orthorhombic,0.5938959879611058,-0.03127049541194585,0.04360261709800301
5666,Tuite,08,Palmierite,hexagonal,-0.33787100815401144,0.34240487078516535,0.2943763133090964
5667,Tulameenite,01,Potarite,tetragonal,0.6039840114218041,0.5057735713681929,-0.04665610988651155
5668,Tuliokite,05,,hexagonal,-0.29246036267627884,0.25585074589712514,-0.09438013695011868
5669,Tululite,09,Not in a structural group,cubic,0.596962777897351,0.0009854642909619838,0.03980741186268668
5670,Tumchaite,09,,monoclinic,0.6331477793845914,-0.07381092167460708,0.04049941081200886
5671,Tundrite-(Ce),09,Tundrite,triclinic,-0.17697452071222072,-0.19128541184033349,-0.001193014257037534
5672,Tundrite-(Nd),09,Tundrite,triclinic,-0.1724939804564485,-0.19004887498826298,-0.007610140968237993
5673,Tunellite,06,,monoclinic,0.5979786014077753,-0.15157732136082985,0.02663439977389125
5674,Tungsten,01,Iron,cubic,0.797866115302101,0.13184283647465414,-0.04150965804774028
5675,Tungstenite,02,Molybdenite,hexagonal,0.7876529811169626,0.02068758250953069,-0.027580522574212188
5676,Tungstibite,07,,orthorhombic,-0.1661214224984263,0.4867902765072137,-0.0914197627268874
5677,Tungstite,07,Tungstite,orthorhombic,-0.31811384778612367,0.44185711704210606,-0.14251191093805984
5678,Tungusite,09,Gyrolite,triclinic,0.578078956578937,-0.14431780089115395,0.03751511104596054
5679,Tunisite,05,,tetragonal,-0.17429614108513575,-0.26154390889499396,-0.03330681937775819
5680,Tuperssuatsiaite,09,Palygorskite,monoclinic,0.5903639370508499,-0.10661472126160698,0.05278360087198936
5681,Turanite,08,,triclinic,-0.22678701172990962,-0.18787939022142475,0.3008217235098551
5682,Turkestanite,09,Steacyite,tetragonal,0.5940195185282164,-0.11150628857988562,0.04984761400863737
5683,Turneaureite,08,Apatite,hexagonal,-0.25838606611719994,0.01708494086873627,0.3218018106362387
5684,Turquoise,08,Turquoise,triclinic,-0.23984355721967848,-0.2161073172141419,0.3211016638062229
5685,Turtmannite,09,Hematolite,hexagonal,-0.22060181340306112,-0.17607678646450264,0.214447165734082
5686,Tuscanite,09,,monoclinic,-0.2200489725041171,-0.20612006737936636,-0.19236510570996818
5687,Tusionite,06,Calcite-Dolomite,hexagonal,-0.24832779842327407,0.3531472042374054,-0.05206463220759994
5688,Tuzlaite,06,,monoclinic,0.5864868770006884,-0.15450453776355327,0.0412081890075239
5689,Tvalchrelidzeite,02,,monoclinic,0.6670109814715504,-0.005018141512686919,-0.0005649657447324048
5690,Tvedalite,09,,orthorhombic,0.589686992024405,-0.13907265948553282,0.028153624009170215
5691,Tveitite-(Y),03,,hexagonal,0.6256901859841609,0.08172566704954405,0.026295581641793263
5692,Tvrdýite,08,Beraunite,monoclinic,-0.24729976352488892,-0.20962423697319213,0.3421881882154576
5693,Tweddillite,09,"Clinozoisite, Epidote",monoclinic,-0.17679918945052614,-0.15235587319115795,0.04648546717537194
5694,Twinnite,02,Sartorite,monoclinic,0.65845849162709,-0.0065610418208829355,-0.02145698093138705
5695,Tychite,05,Northupite,cubic,-0.29492314972650024,0.25790602393041023,-0.15073198121250436
5696,Tyretskite,06,Hilgardite,triclinic,0.5915292057797253,-0.10386282723310229,0.024409250326261872
5697,Tyrolite,05,Tyrolite,"orthorhombic, monoclinic",-0.2525860298522721,-0.24122794143165732,0.2557362279760314
5698,Tyrrellite,02,Spinel,cubic,0.6341636772142958,0.005516332210335739,0.03248317406400751
5699,Tyuyamunite,08,,"orthorhombic, tetragonal",-0.22671100706721692,-0.2097983417543536,0.327399659682045
5700,Tzeferisite,07,,hexagonal,-0.23385861193120916,-0.2631865604428324,-0.2457561272544982
5701,Uakitite,01,Rocksalt,cubic,0.7953746851001202,0.13143966711313373,-0.03699542134514117
5702,Uchucchacuaite,02,Lillianite,monoclinic,0.6576739375059348,-0.022507587177383118,-0.002184068039258547
5703,Udinaite,08,Jeffbenite,tetragonal,-0.3308358103058807,0.3451830663247456,0.2943700039542977
5704,Uduminelite,08,,,-0.23097917663030118,-0.131545625130455,0.32167917057573475
5705,Uedaite-(Ce),09,Epidote,monoclinic,-0.175806112787174,-0.1562129468226737,0.03665644644702252
5706,Uklonskovite,07,,monoclinic,-0.2561259454415684,-0.07024389433258661,-0.2592002015948246
5707,Ulexite,06,,triclinic,0.6002547861256673,-0.1744812319189869,0.033682429848017365
5708,Ulfanderssonite-(Ce),09,Not in a structural group,monoclinic,-0.18459774080870495,-0.11753355016330065,0.03301778031943345
5709,Ullmannite,02,Ullmannite,"cubic, triclinic",0.6414093627789234,-0.00455567267906461,0.034239601388148355
5710,Ulrichite,08,,monoclinic,-0.24837276306537526,-0.19217003955862252,0.3278512758297487
5711,Ulvöspinel,04,Spinel,cubic,0.6135401155240086,-0.06209830299988529,0.04150949588517136
5712,Umangite,02,,tetragonal,0.6535625332862378,-0.03174267782490185,-0.01575777737308003
5713,Umbite,09,Umbite,orthorhombic,0.6350126053139563,-0.06927402268914319,0.03685640721007905
5714,Umbozerite,09,,,0.5995679845200395,-0.07555441522910897,0.04312677545219896
5715,Umbrianite,09,Not in a structural group,orthorhombic,0.6031339892378001,-0.0479916306556384,0.025233966396646195
5716,Umohoite,07,,"triclinic, monoclinic",-0.18312090058696495,-0.20231540972505488,-0.014189266951665438
5717,Ungavaite,02,,tetragonal,0.6320655376862605,0.5261788922458107,-0.053287059739127174
5718,Ungemachite,07,,hexagonal,-0.23128502721457034,-0.20000617221452574,-0.27124707354487626
5719,Upalite,08,,monoclinic,-0.2516063829333669,-0.23987857304733265,0.35974867742474725
5720,Uralborite,06,,monoclinic,0.5972160164584451,-0.15050629641958194,0.03229771346993167
5721,Uralolite,08,,monoclinic,-0.24822973159280462,-0.1887021976147248,0.3346821584418008
5722,Uramarsite,08,Meta-autunite,triclinic,-0.25251890967544643,-0.20722847876596007,0.34029529830035143
5723,Uramphite,08,Trögerite,"tetragonal, triclinic",-0.25390459935865217,-0.20621067662386722,0.3464681602655811
5724,Urancalcarite,05,,orthorhombic,-0.18725735645855204,-0.324811594148852,-0.03540076669440262
5725,Uraninite,04,Fluorite,cubic,0.6745488798077962,-0.10290043799611699,0.020253655601478064
5726,Uranocircite,08,,"tetragonal, monoclinic",-0.25754332163492594,-0.21615997168216022,0.36706781911773556
5727,Uranoclite,03,Not in a structural group,monoclinic,0.6405499177794733,-0.2170094509618982,0.03268334108451956
5728,Uranophane,09,,monoclinic,-0.17088427050944288,-0.2903522019676459,-0.007040304404635387
5729,Uranopilite,07,,triclinic,-0.24130956077427898,-0.3464901676395458,-0.27786742419708954
5730,Uranopolycrase,04,Columbite,orthorhombic,0.6736383174034855,-0.0948433804572926,0.04045759518299384
5731,Uranosilite,09,,orthorhombic,0.6899735046782562,-0.1420428894166077,0.011837575053231334
5732,Uranospathite,08,,orthorhombic,-0.23561408398573003,-0.1583028118788914,0.33674204887412945
5733,Uranosphaerite,04,,monoclinic,0.6294064982456082,-0.18339520542459004,0.0353375303079827
5734,Uranospinite,08,,,-0.25808056261191287,-0.21620705629651205,0.35857272731260803
5735,Uranotungstite,07,Uranotungstite,orthorhombic,0.6162491585811508,-0.2058611218232796,0.03432060043938833
5736,Urea,04,,tetragonal,0.6259768919947718,-0.07295065864429968,0.01562684126381676
5737,Uricite,10,,monoclinic,0.6269179207724128,-0.07279644937274679,0.016809296174851083
5738,Uroxite,10,Oxalate,monoclinic,0.6376444722564936,-0.2311321285700552,0.033315057860870675
5739,Urusovite,08,,monoclinic,-0.218989820335447,-0.1309305240622063,0.29551083835720887
5740,Urvantsevite,02,,tetragonal,0.6211067321671201,0.5219999980623244,-0.07026185948900072
5741,Ushkovite,08,Laueite,triclinic,-0.25184126436152127,-0.19163874728913305,0.34302272957317514
5742,Usovite,03,,monoclinic,0.6079897796425904,0.09379631135009536,0.013131418588536383
5743,Ussingite,09,,triclinic,0.5932412841733189,-0.1197687370372782,0.03733562258596846
5744,Ustarasite,02,,,0.6730035734721902,-0.005081531092794099,0.010752254537758906
5745,Usturite,04,Garnet,cubic,0.6039864185291866,-0.0717240660825543,0.04789582395751288
5746,Utahite,07,,triclinic,0.5941336527886087,-0.17612513003231725,0.018613592151795387
5747,Uvanite,04,,,0.7007947065478396,-0.18535110812768377,0.012555004998084197
5748,Uvarovite,09,Garnet,"cubic, triclinic, orthorhombic",-0.2128247461697576,0.009069126356892498,0.0021735794177362056
5749,Uvite,09,Tourmaline,hexagonal,-0.15365405341170574,-0.19355748096912734,0.0009283144073114302
5750,Uytenbogaardtite,02,Uytenbogaardtite,cubic,0.6659721696662231,-0.022135261673279123,0.004759156859561329
5751,Uzonite,02,,monoclinic,0.7906029778043805,0.03510735056553837,-0.026328590928105668
5752,Vadlazarenkovite,02,Stillwaterite,hexagonal,0.6669702170305388,-0.012338608363704547,0.0017749579978210504
5753,Vaesite,02,Pyrite,cubic,0.6263773345943421,0.011999156079348938,0.01569477873432224
5754,Vajdakite,07,,monoclinic,-0.14779662543928535,-0.1270236326126845,-0.06674046168076184
5755,Vakhrushevaite,09,"Chlorite, Clay",triclinic,0.5739854040792294,-0.141333891872426,0.04618268184373729
5756,Valentinite,04,,orthorhombic,0.6683200794759735,-0.05021991989988998,0.021311809021004963
5757,Valleriite,02,Valleriite,"hexagonal, orthorhombic",0.584443094106791,-0.1483992612919787,0.040598997058225464
5758,Valleyite,04,"Cancrinite-sodalite, Sodalite",cubic,0.589789524892665,-0.05006447051467833,0.04097791464903778
5759,Vallouiseite,02,Chabournéite,triclinic,0.6867784347929633,-0.00665604035470518,0.017148220901078468
5760,Vanackerite,08,Apatite,hexagonal,-0.26320467139625703,0.014321687657588957,0.2934154191102614
5761,Vanadinite,08,Apatite,hexagonal,-0.26291540589537477,0.013213747520028114,0.27930560605258703
5762,Vanadiocarpholite,09,Carpholite,orthorhombic,0.59559980971104,-0.15357002697284766,0.035773053253355835
5763,Vanadio-oxy-chromium-dravite,09,Tourmaline,hexagonal,-0.16058197588239553,-0.19927649119155513,0.015563206176763409
5764,Vanadio-oxy-dravite,09,Tourmaline,hexagonal,-0.15285607002397228,-0.19651948395616897,0.002080282189857432
5765,Vanadio-pargasite,09,Amphibole,monoclinic,0.5722698679152726,-0.07778461197352532,0.0501407606233642
5766,Vanadium,01,Iron,cubic,0.8006254174799503,0.13133144816202535,-0.035058252771147436
5767,Vanadoakasakaite-(Ce),09,Epidote,monoclinic,-0.17814975283223744,-0.1593092880485244,0.04399424423594102
5768,Vanadoakasakaite-(La),09,Epidote,monoclinic,-0.1757402763915574,-0.1589695741434454,0.04069156705757069
5769,Vanadoallanite-(La),09,Epidote,monoclinic,-0.17922571055982492,-0.16168298714383947,0.03915210083403641
5770,Vanadoandrosite-(Ce),09,"Allanite, Epidote",monoclinic,-0.17832423113719909,-0.1489500614796043,0.0454042308431165
5771,Vanadomalayaite,09,Titanite,monoclinic,-0.18371454598020498,-0.07034254032863864,0.01152279729294985
5772,Vanalite,04,,monoclinic,0.6363956460749305,-0.08624686694644997,0.006304444617491103
5773,Vanarsite,04,Not in a structural group,monoclinic,0.6301126064817488,-0.04712279424378419,0.016497703641218886
5774,Vandenbrandeite,04,,triclinic,0.6084422808974035,-0.20462472184205055,0.02340125240883408
5775,Vandendriesscheite,04,,orthorhombic,0.6323983193159026,-0.2566169022674161,0.021380741787302485
5776,Vanderheydenite,08,Not in a structural group,monoclinic,-0.2647201651469345,-0.21409485716896468,0.14799824814428025
5777,Vandermeerscheite,04,Not in a structural group,monoclinic,0.6392116240983408,-0.14939968004017024,0.020489983865683813
5778,Vaniniite,08,Not in a structural group,monoclinic,-0.23920991921892754,-0.1117290912288299,0.3385644249887467
5779,Vanmeersscheite,08,,orthorhombic,-0.24701435255700666,-0.25097397409831856,0.3510076911239958
5780,Vanoxite,04,,,0.7834272111001865,-0.0505121241361096,-0.02482219434629878
5781,Vanpeltite,07,Not in a structural group,monoclinic,-0.26496545944619354,-0.24311460484258796,-0.4109229943896473
5782,Vantasselite,08,Not in a structural group,orthorhombic,-0.2420839870374878,-0.2110715499067098,0.32770677413327354
5783,Vanthoffite,07,,monoclinic,-0.31851418998810643,0.25739283662200857,-0.32616165954285575
5784,Vanuralite,08,,monoclinic,-0.24782129521738977,-0.24216954655350548,0.3424688477623825
5785,Vapnikite,04,Perovskite,monoclinic,0.6132215254822286,-0.09424529555379427,0.01719382421245571
5786,Varennesite,09,,orthorhombic,0.6104884062133764,-0.11457463929641383,0.04044483682298354
5787,Vargite,08,Akrochordite,monoclinic,-0.2389474382315993,-0.1918623916779811,0.3325044217669285
5788,Variscite,08,,orthorhombic,-0.33527267147713324,0.3273991957588848,0.29152463517458177
5789,Varlamoffite,04,Rutile,,0.6046947189731257,-0.16487101157505352,0.04938877890677777
5790,Varulite,08,Alluaudite,monoclinic,-0.3392129597547303,0.3309570553202217,0.31309397133083433
5791,Vashegyite,08,,orthorhombic,-0.24658325739286308,-0.20983071244805696,0.3376332686969728
5792,Vasilite,02,,cubic,0.6581771553228353,-0.03259426100713241,-0.010441189736949215
5793,Vasilseverginite,08,Not in a structural group,monoclinic,-0.24381552011080387,-0.16653533144474092,-0.007260504840554278
5794,Vasilyevite,05,,triclinic,-0.15492946987430017,-0.12826550202745432,-0.07120129432862529
5795,Västmanlandite-(Ce),09,Gatelite,monoclinic,0.5892882831947134,-0.09735559838009161,0.047909897687098996
5796,Vaterite,05,,"hexagonal, orthorhombic, monoclinic, triclinic",-0.278407838580926,0.29659893304420903,-0.11328347522138382
5797,Vaughanite,02,,triclinic,0.6838274926183909,-0.02232951953325256,0.016968442783732503
5798,Vauquelinite,08,,monoclinic,-0.2134167317561157,-0.15831619215564513,0.1541451738684146
5799,Vauxite,08,,triclinic,-0.24255341659871782,-0.20132656867378054,0.32793930227851054
5800,Vavřínite,02,Covellite,hexagonal,0.6312219673284265,0.007492916057602028,0.0290263862661954
5801,Väyrynenite,08,,monoclinic,-0.23115863714259277,-0.16051196748800337,0.3357933422518411
5802,Veatchite,06,Veatchite,"monoclinic, triclinic",0.599441882124459,-0.14588036751044267,0.029041360792170026
5803,Veblenite,09,Not in a structural group,triclinic,0.5941009322134606,-0.1372506022183024,0.05212761613029539
5804,Veenite,02,,"orthorhombic, monoclinic",0.6589522756832531,0.0030278577123731866,-0.023067293101978775
5805,Vegrandisite,03,Cotunnite,orthorhombic,0.6335283244352871,0.10885924209413922,-0.0038702886303734647
5806,Velikite,02,"Stannite, Diamond-Sphalerite",tetragonal,0.6780967044760214,-0.054145177508889974,-0.0007381235505254206
5807,Vendidaite,07,Not in a structural group,monoclinic,-0.2297877826352252,-0.27540480800230616,-0.26597741848746753
5808,Verbeekite,02,,monoclinic,0.664046956897752,-0.026901745366595804,0.0007599442870636266
5809,Verbierite,04,Humite,orthorhombic,0.6366627989241753,-0.044162826714295444,0.04146311416935784
5810,Vergasovaite,07,Vergasovaite,orthorhombic,-0.20728091467718915,-0.15698917976797588,-0.21666823469440377
5811,Vermiculite,09,"Clay, Smectite-vermiculite","monoclinic, triclinic",0.5955283369152355,-0.10362709311162022,0.028509184639952348
5812,Vernadite,04,,,0.5817315370019746,-0.1642940621614873,0.05671652934334796
5813,Verneite,03,,cubic,0.6050923057720632,0.07404256110725582,0.017338555913254623
5814,Verplanckite,09,,hexagonal,0.5889422826758233,-0.14081924870497922,0.039277676679235374
5815,Versiliaite,02,,orthorhombic,0.6257728776483195,-0.043498225759981635,0.03475163187886352
5816,Vertumnite,09,,hexagonal,0.5953001675955344,-0.19407301436401836,0.029585966399173404
5817,Veselovskýite,08,Lindackerite,triclinic,-0.2518451041221931,-0.19554597688967384,0.31169776141433103
5818,Vésigniéite,08,,monoclinic,-0.2278204463390404,-0.18009264028491753,0.30331922025541525
5819,Vestaite,04,Schreyerite,monoclinic,0.6518822321409379,-0.08098345107943139,0.05234559956712467
5820,Vesuvianite,09,Vesuvianite,tetragonal,-0.18020061518029182,-0.1427358614432668,0.04546863974470286
5821,Veszelyite,08,Veszelyite,"monoclinic, triclinic",-0.2422022724613474,-0.18466897745498115,0.3275764463609207
5822,Viaeneite,07,Not in a structural group,monoclinic,0.6107599982764266,-0.024042191979884282,-0.028207790142456723
5823,Vicanite-(Ce),09,Okanoganite,hexagonal,0.6389551407167458,0.0009408677115261381,0.03575016956365041
5824,Vielleaureite-(Ce),09,Epidote,monoclinic,-0.1810174111918521,-0.14012280285537207,0.04595114627544259
5825,Vigezzite,04,Aeschynite,orthorhombic,0.6537004940966926,-0.09858281800833724,0.030936615167962058
5826,Vigrishinite,09,Seidozerite-Murmanite,triclinic,0.6446653200828563,-0.11498068745810673,0.0678193163774451
5827,Vihorlatite,02,,hexagonal,0.6583924137274274,-0.011258578529293413,0.00047285202823348603
5828,Viitaniemiite,08,Viitaniemiite,monoclinic,-0.25799102404120916,-0.009581181615089638,0.3323916882134297
5829,Vikingite,02,Lillianite,monoclinic,0.6615956883607841,-0.021419271862848945,-0.008351968873374237
5830,Villamanínite,02,Pyrite,"cubic, monoclinic",0.6496995740782197,-0.04339532346448506,-0.03888154082387829
5831,Villiaumite,03,Rocksalt,cubic,0.6398645966218228,0.08614014433721406,0.009656788220328972
5832,Villyaellenite,08,Hureaulite,monoclinic,-0.24844413546234087,-0.1662832522296606,0.3301243886655661
5833,Vimsite,06,,monoclinic,0.5972160164584451,-0.15050629641958194,0.03229771346993167
5834,Vincentite,02,,monoclinic,0.6846806365733553,0.10159168071456581,-0.003607411923880699
5835,Vinciennite,02,,tetragonal,0.6331822025882651,-0.02794336586147806,-0.00026000810018156004
5836,Vinogradovite,09,,monoclinic,0.6011336240817318,-0.12862516861317871,0.050903176376257714
5837,Violarite,02,Spinel,cubic,0.6246434070777124,0.006354868393684227,0.03421320492914157
5838,Virgilite,09,Quartz,hexagonal,0.6098857810579994,-0.05583682639363178,0.013714819467405496
5839,Virgilluethite,07,Tungstite,monoclinic,-0.31809065529782987,0.44126730718038654,-0.14069274732727452
5840,Vishnevite,09,"Cancrinite-sodalite, Cancrinite",hexagonal,-0.21877663028742989,-0.20156091211812746,-0.266995399552504
5841,Viskontite,07,Caledonite,orthorhombic,-0.21250112933445173,-0.263813441329713,-0.290383791678214
5842,Vismirnovite,04,Perovskite,cubic,0.6070669469153964,-0.17399755725425134,0.03893907100298807
5843,Vistepite,09,,triclinic,0.603654403693844,-0.08846865867624096,0.048603110933796406
5844,Viteite,02,,tetragonal,0.675538423516138,0.0945733628044715,-0.0018890361308356723
5845,Vitimite,06,,monoclinic,-0.2408751094775778,-0.2666085498373928,-0.26190055130349965
5846,Vittinkiite,09,Rhodonite,triclinic,0.6199295172726201,-0.0006821917534204729,0.020677303019248347
5847,Vitusite-(Ce),08,,orthorhombic,-0.33239836499051567,0.33107806295482384,0.3150273502654213
5848,Vivianite,08,Vivianite,monoclinic,-0.3805151678873499,0.3418134322842663,0.2975372396265332
5849,Vladimirite,08,,monoclinic,-0.24331941191920317,-0.1715333489724837,0.3189092034129908
5850,Vladimirivanovite,09,"Sodalite, Cancrinite-sodalite",orthorhombic,-0.21894901120455967,-0.19225598585208928,-0.26042612038176643
5851,Vladkrivovichevite,06,Not in a structural group,orthorhombic,-0.16233487096627142,-0.1263810968755706,-0.08191341803476654
5852,Vladkuzminite,08,Not in a structural group,monoclinic,-0.3334899316668896,0.32979810671144705,0.29324558249938376
5853,Vladykinite,09,Vladykinite,monoclinic,0.5913222712660716,-0.04413781188726619,0.04283706732999797
5854,Vlasovite,09,,monoclinic,0.632274570582108,-0.05684806707260839,0.041700596803383685
5855,Vlodavetsite,07,,tetragonal,-0.25830111501213154,-0.0888929162279328,-0.30423738083005136
5856,Vochtenite,08,,monoclinic,-0.2273034892168999,-0.20692971434088614,0.3377563379528843
5857,Voggite,05,,monoclinic,-0.22571413704701926,-0.22940467869945114,0.1923208589428914
5858,Voglite,05,,monoclinic,-0.19146609789028785,-0.2573129759070717,-0.06070243191401813
5859,Volaschioite,07,Not in a structural group,monoclinic,-0.22447216454754756,-0.2662304638227562,-0.23819497638355958
5860,Volborthite,04,Volborthite,monoclinic,0.6113275986727139,-0.167258660323761,5.393996972294368e-05
5861,Volkonskoite,09,"Clay, Smectite-vermiculite",,0.5873392399440108,-0.115448551827557,0.02428977860079587
5862,Volkovskite,06,,triclinic,0.594423856298845,-0.1586271412314997,0.029723728237997633
5863,Voloshinite,09,Mica,monoclinic,0.6112419179892019,-0.04168357763794438,0.013532251358298122
5864,Voltaite,07,Voltaite,cubic,-0.358633136735652,0.2492833680399173,-0.33667708612623787
5865,Volynskite,02,,hexagonal,0.6617095219053832,-0.014739715153321314,0.004514139993245597
5866,Vonbezingite,07,,monoclinic,-0.22839120724277345,-0.2810509494989014,-0.25429919051286487
5867,Vonsenite,06,Ludwigite,orthorhombic,-0.15751104962441925,-0.1299546991720965,-0.011297647168369476
5868,Vorlanite,04,Fluorite,cubic,0.6278314871045886,-0.13655914598719318,0.016736652263434224
5869,Voronkovite,09,Eudialyte,hexagonal,0.5954186793704002,-0.09137036270295198,0.052871087408531664
5870,Vorontsovite,02,"Galkhaite, Tetrahedrite",cubic,0.6731724099997216,-0.018890060374711456,-0.012767594806886377
5871,Voudourisite,07,Kieserite,monoclinic,-0.34964902913755835,0.2976717066825485,-0.35230592117631293
5872,Vozhminite,02,,hexagonal,0.6296305171399839,0.04786216474665187,0.03064031733629774
5873,Vránaite,09,Not in a structural group,monoclinic,0.6235549587989477,-0.05098719401254398,-0.003140660784735705
5874,Vrančiceite,02,Not in a structural group,triclinic,0.6776709354005014,-0.05427541999376538,-0.01552448365143143
5875,Vrbaite,02,,orthorhombic,0.6797566027109896,-0.01296038354481385,0.0036341437329695317
5876,Vuagnatite,09,Conichalcite,orthorhombic,-0.17644545167352305,-0.20352004716962138,0.027844069903797834
5877,Vulcanite,02,,orthorhombic,0.6535162298573839,-0.03173917543689925,-0.015769823388785874
5878,Vuonnemite,09,Seidozerite-Lamprophyllite,triclinic,-0.2218093544275155,-0.11580964472476715,0.35077272562305506
5879,Vuorelainenite,04,Spinel,cubic,0.623678323881497,0.01859947168288255,0.023227003897883063
5880,Vuoriyarvite-K,09,Labuntsovite,monoclinic,0.6044598428591615,-0.15430852821514793,0.04631490334977377
5881,Vurroite,02,Vurroite,monoclinic,0.6559904284249087,0.011601578661836228,-0.019529067987467473
5882,Vyacheslavite,08,,orthorhombic,-0.22495133385881327,-0.19986146904024615,0.35173376398548206
5883,Vyalsovite,02,,"orthorhombic, monoclinic",0.5843229531023036,-0.17206973406352905,0.034582472040884604
5884,Vymazalováite,02,,cubic,0.6632395783969491,-0.01963931606128804,0.0004800308553205481
5885,Vysokýite,08,Not in a structural group,triclinic,-0.1884554280409635,-0.2278264823922189,0.3409977022761817
5886,Vysotskite,02,,tetragonal,0.6674556509846719,-0.029123633198101587,-0.011844407911450224
5887,Vyuntspakhkite-(Y),09,,monoclinic,-0.16982540139076424,-0.20549923289088207,0.029445062999033593
5888,Wadalite,09,Mayenite,cubic,0.5968953439693635,-0.04320414503596197,0.004634739835910303
5889,Wadeite,09,Wadeite,hexagonal,0.6344563123025881,-0.06010252627239622,0.03718719391260157
5890,Wadsleyite,09,Wadsleyite,"orthorhombic, monoclinic",-0.279388338829064,0.3689709389598193,-0.01490712540408658
5891,Wagnerite,08,Wagnerite,monoclinic,-0.25872359403317813,0.04497285275346578,0.3373073341617523
5892,Waimirite-(Y),03,,orthorhombic,0.6586701969947918,0.1030665566381731,-0.002050028460711442
5893,Waipouaite,09,Not in a structural group,monoclinic,0.5954172915637982,-0.16642217359254155,0.027471044396938787
5894,Wairakite,09,Analcime,monoclinic,0.6031449334474016,-0.06423198628289663,0.007063966115408649
5895,Wairauite,01,Iron,cubic,0.5813082877457245,0.5276694137702409,-0.031141755921501056
5896,Wakabayashilite,02,,orthorhombic,0.6722369888020552,0.022929669666497083,0.0007248971549594207
5897,Wakefieldite-(Ce),08,Zircon,tetragonal,-0.3389930406185938,0.3779431356086257,0.31678065835147184
5898,Wakefieldite-(La),08,Zircon,tetragonal,-0.3388654634859702,0.37823526875104324,0.31666342191893476
5899,Wakefieldite-(Nd),08,Zircon,tetragonal,-0.31820206931395834,0.35718403396954224,0.2943575445347669
5900,Wakefieldite-(Y),08,Zircon,tetragonal,-0.3183075073197555,0.35721852382156316,0.29439960980287977
5901,Walentaite,08,Walentaite,orthorhombic,-0.25298932432668425,-0.07292936729664433,0.3651159740925215
5902,Walfordite,07,,cubic,0.6004634678713457,-0.04810115963047346,0.06461083563567135
5903,Walkerite,06,,orthorhombic,0.6091878642633085,-0.1752337837001609,0.030564315760880457
5904,Wallisite,02,,triclinic,0.672078932724659,-0.030127435809554678,-0.036010653894927344
5905,Wallkilldellite,08,,,-0.2542787661390173,-0.20812449440854455,0.341550488099411
5906,Wallkilldellite-(Fe),08,,hexagonal,-0.25157220467202995,-0.2071235876468901,0.32783534072400317
5907,Walpurgite,08,,triclinic,-0.23226779680439374,-0.13495172436219216,0.3526222155182255
5908,Walstromite,09,Margarosanite,triclinic,0.6126052249658902,-0.023168800341228413,0.009690974028357193
5909,Walthierite,07,Alunite-Alunite,hexagonal,-0.21252021804899762,-0.2680415340227973,-0.25346433526137374
5910,Wampenite,10,Not in a structural group,monoclinic,0.6346019883586274,-0.026809861586071567,0.015104871306526596
5911,Wangdaodeite,04,Corundum,hexagonal,0.6218070641347652,-0.068539367379748,0.04749838411344015
5912,Wangkuirenite,03,,monoclinic,-0.2319142793193202,-0.07046347034933098,-0.3875232941308085
5913,Wangpuite,08,,cubic,-0.22543572259215455,-0.09610290493097111,0.33615352015344396
5914,Wangxibinite,01,,cubic,0.5881112506944569,0.5118249612485469,-0.018960023013131426
5915,Wangyanite,02,Pentlandite,cubic,0.6275680424105264,0.013275314351695657,0.02871143483478902
5916,Wardite,08,Wardite,tetragonal,-0.2350984326934436,-0.2070877145171256,0.3262164108388641
5917,Wardsmithite,06,,,0.6228614458292165,-0.02868436988655545,0.012545067963152294
5918,Warikahnite,08,,triclinic,-0.36235083069746715,0.3610405118248068,0.29624610710171473
5919,Warkite,04,Sapphirine,triclinic,0.6096428225092849,-0.07195817064662582,0.005208633958535474
5920,Warwickite,06,Warwickite,orthorhombic,-0.16654677999424122,-0.07446413218225087,0.007394821649547682
5921,Wassonite,02,,hexagonal,0.6617356593508196,-0.02499217087486673,0.0011530996824601451
5922,Watanabeite,02,,orthorhombic,0.6836869998199336,-0.02048168378018737,0.0030719858229164374
5923,Watatsumiite,09,Neptunite,monoclinic,0.6071138070326421,-0.030721318528398822,0.043346138824856856
5924,Waterhouseite,08,,monoclinic,-0.23059550402620815,-0.16949422878118903,0.3356647533056704
5925,Watkinsonite,02,Watkinsonite,monoclinic,0.6660622917538668,-0.026009639295944097,-0.002071365448818748
5926,Wattersite,07,,monoclinic,-0.1612013913801842,-0.1180788905938944,-0.024538332763951776
5927,Wattevilleite,07,,monoclinic,-0.34234837646212724,0.2358481139840683,-0.3347712949381742
5928,Wavellite,08,Wavellite,orthorhombic,-0.24038633574346907,-0.2112561979542435,0.32381796795558976
5929,Wawayandaite,09,,orthorhombic,0.5865100486015622,-0.11630924043838368,0.033252440065980486
5930,Waylandite,08,Alunite-Crandallite,hexagonal,-0.22477843422120164,-0.19074566932035292,0.32508795545959673
5931,Wayneburnhamite,09,Ganomalite,hexagonal,-0.1769728777065125,-0.1279385380346323,-0.019680926342545535
5932,Weberite,03,Weberite,orthorhombic,0.6025557720378727,0.07784135905478928,0.030524008998105492
5933,Weddellite,10,Oxalate,tetragonal,0.615529679311484,-0.02046669027793835,0.00255090445056454
5934,Weeksite,09,,"monoclinic, orthorhombic",0.6421158160932187,-0.15135343401675339,0.014775932815654444
5935,Wegscheiderite,05,,triclinic,-0.2840879936391886,0.20324015117871422,-0.07971959712098628
5936,Weibullite,02,Kobellite,orthorhombic,0.6550630349640245,-0.014502548798004384,-0.018158285211314306
5937,Weilerite,08,Alunite-Beudantite,,-0.23873305515043414,-0.23635305497201878,0.034582612822885536
5938,Weilite,08,,triclinic,-0.22276291614740967,-0.19582818843800853,0.30374750606342227
5939,Weinebeneite,08,,monoclinic,-0.24649726603840372,-0.18663246393456562,0.3340781964000241
5940,Weishanite,01,,hexagonal,0.627775911282521,0.5239444019567494,-0.052186101906442205
5941,Weissbergite,02,Weissbergite,triclinic,0.6870174826275408,-0.031398673502102,0.010143019297535503
5942,Weissite,02,,hexagonal,0.6535162298573839,-0.03173917543689925,-0.015769823388785874
5943,Welinite,09,Welinite,hexagonal,-0.18874079466202084,-0.14622223958985006,0.03856721829071619
5944,Weloganite,05,Mckelveyite,triclinic,-0.2940816028012969,0.2579165281210172,-0.086333049356378
5945,Welshite,09,Sapphirine,triclinic,0.5931598214324483,-0.03635613155016561,0.04450292593881382
5946,Wendwilsonite,08,Roselite,monoclinic,-0.3429779563072596,0.3309548308921783,0.29537606471336464
5947,Wenjiite,01,Xifengite,hexagonal,0.6778997244864681,0.0960558929067457,0.007442568014112574
5948,Wenkite,09,,hexagonal,-0.22059071933683932,-0.18753932973518894,-0.2705364163962521
5949,Wenlanzhangite-(Y),09,Jingwenite,triclinic,-0.17639094828724855,-0.19057150485274965,0.03206113019182895
5950,Wenqingite,02,Not in a structural group,monoclinic,0.6554801130088028,-0.026816394455576775,-0.03548197457480031
5951,Werdingite,09,,triclinic,0.6108213736820506,-0.04958072679808421,0.006412946642677058
5952,Wermlandite,07,"Woodwardite, Hydrotalcite",hexagonal,-0.24472687408541732,-0.30735404596241434,-0.24544384030326105
5953,Wernerbaurite,04,Pascoite,triclinic,0.6115334275935824,-0.1824648814884573,0.03062624455484126
5954,Wernerkrauseite,04,Spinel-Post-spinel,orthorhombic,0.5986222322316959,-0.050600325514385744,0.04977266654516617
5955,Wesselsite,09,Gillespite,tetragonal,0.6146229123032193,-0.04828623231240946,-0.009838278412664892
5956,Westerveldite,02,Modderite,orthorhombic,0.6310968767612781,0.1258221405061333,0.016491284973761053
5957,Wetherillite,07,Not in a structural group,monoclinic,-0.24002960279094143,-0.27825647239302603,-0.26459625335303993
5958,Wheatleyite,10,Oxalate,triclinic,0.6200934840754576,-0.06534913813066823,0.005373361576896561
5959,Whelanite,09,,orthorhombic,-0.19009455040142986,-0.24870080922438145,-0.043910651478776666
5960,Wherryite,09,,monoclinic,-0.2130284516283673,-0.21809324988678266,-0.23305412309592444
5961,Whewellite,10,Oxalate,monoclinic,0.6146929728485938,-0.015003765454506482,0.005208542770000497
5962,Whitecapsite,08,Not in a structural group,hexagonal,-0.24820284742259657,-0.19240326739395197,0.3539814512922044
5963,Whiteite-(CaFeMg),08,Jahnsite,monoclinic,-0.24932818045804364,-0.1808612815983656,0.3333160314337723
5964,Whiteite-(CaMgMg),08,Jahnsite,monoclinic,-0.24815143803115494,-0.17541543625721087,0.33449423768271214
5965,Whiteite-(CaMnFe),08,Jahnsite,monoclinic,-0.2504047668199822,-0.1840722912956156,0.33429689044381883
5966,Whiteite-(CaMnMg),08,Jahnsite,monoclinic,-0.24869658299979236,-0.17979230776013538,0.33646535309439285
5967,Whiteite-(CaMnMn),08,Jahnsite,monoclinic,-0.24951874079090158,-0.18301972317064724,0.33970238683517195
5968,Whiteite-(MnFeMg),08,Jahnsite,,-0.2503727085262161,-0.18031983334488824,0.3334369227835911
5969,Whiteite-(MnMnMg),08,Jahnsite,monoclinic,-0.24905071659199515,-0.17890238694274513,0.3373787242470202
5970,Whiteite-(MnMnMn),08,Jahnsite,monoclinic,-0.24991517767227006,-0.1779733828710227,0.3402847573532008
5971,Whiterockite,05,Jorgkellerite,monoclinic,-0.24786186565552337,-0.10488138799886797,0.2572097333920658
5972,Whitlockite,08,Cerite,hexagonal,-0.2294042002100603,-0.12421524543356793,0.3251534525413888
5973,Whitmoreite,08,Arthurite,monoclinic,-0.24703576832085483,-0.18314257716117213,0.3389495231585229
5974,Wickenburgite,09,Wickenburgite,hexagonal,0.6105694419208286,-0.08630562811536818,-0.032776208014622346
5975,Wickmanite,04,Perovskite,cubic,0.6070255912064235,-0.17381705837129285,0.039723560255841575
5976,Wicksite,08,Wicksite,orthorhombic,-0.3597921231952581,0.32723542752164475,0.3036036218648305
5977,Widenmannite,05,,orthorhombic,-0.17230714337979003,-0.2816101168354106,-0.064942214604928
5978,Widgiemoolthalite,05,,monoclinic,-0.17349375798446803,-0.25529237438692864,-0.025068964600992658
5979,Wightmanite,06,,monoclinic,-0.16310896516100884,-0.22959110917991424,0.013034760627404857
5980,Wiklundite,09,Not in a structural group,hexagonal,-0.23238895753584,-0.13082259402357568,0.3164579628081198
5981,Wilancookite,08,,cubic,0.6319125758439621,-0.06528530496999688,0.015625977002977555
5982,Wilcoxite,07,Aubertite,triclinic,-0.26753703038862575,-0.08851869443209699,-0.29186376625931104
5983,Wildcatite,07,Not in a structural group,hexagonal,-0.18214531625110214,-0.22580502667170482,-0.24095567348294505
5984,Wildenauerite,08,Calcioferrite,orthorhombic,-0.24735740374056958,-0.1778346568793508,0.3535214261003369
5985,Wilhelmgümbelite,08,Calcioferrite-Schoonerite,orthorhombic,-0.25342676807897757,-0.19958734948843365,0.3487740673719587
5986,Wilhelmkleinite,08,,monoclinic,-0.22986506295825043,-0.15953852421015663,0.3301889981662183
5987,Wilhelmramsayite,04,,orthorhombic,0.6345502190298773,-0.04906849776998595,-0.004135061045066524
5988,Wilhelmvierlingite,08,Overite,orthorhombic,-0.24295427354614796,-0.16366555526888157,0.3382270119112798
5989,Wilkinsonite,09,Sapphirine,triclinic,0.5941877076216049,-0.036269476790197666,0.03959061895378523
5990,Wilkmanite,02,Wilkmanite,monoclinic,0.6235338890644055,0.017080712495884123,0.030613165661017967
5991,Willemite,09,Phenakite,"hexagonal, tetragonal",-0.2969908733994917,0.3842540560461751,-0.03442695418204663
5992,Willemseite,09,"Clay, Talc",monoclinic,0.5943996918393083,-0.10358386509019456,0.04369447140584795
5993,Willhendersonite,09,Chabazite,triclinic,0.6025119119429032,-0.0894666693589781,0.01452571524121948
5994,Willyamite,02,Cobaltite,orthorhombic,0.6408581742348453,-0.003724516369859085,0.034294416884355264
5995,Wiluite,09,Vesuvianite,tetragonal,-0.17799439527632174,-0.14940418479434062,0.03254385557289275
5996,Winchite,09,Amphibole,monoclinic,0.5699962656826866,-0.07869147626082612,0.05403597347510587
5997,Windhoekite,09,Palygorskite,monoclinic,0.588344713313523,-0.16676079306152458,0.043942132360907125
5998,Windmountainite,09,"Clay, Palygorskite",monoclinic,0.5794020865571902,-0.12929574458225934,0.052172037299114765
5999,Winstanleyite,04,,cubic,0.6780456063313981,-0.07220913817973418,0.04237664645704546
6000,Wiperamingaite,08,Not in a structural group,orthorhombic,-0.259022529456145,-0.07730742108860324,0.34015144586479995
6001,Wiserite,09,,tetragonal,0.5892179672905848,-0.11209267583406936,0.04590708418452709
6002,Witherite,05,Aragonite,orthorhombic,-0.27643706765348586,0.2992032520406871,-0.11128117141962607
6003,Wittichenite,02,,orthorhombic,0.6775081020377509,-0.046446339284144836,-0.003661365731052208
6004,Wittite,02,,monoclinic,0.6514319233805379,-0.014923308648800298,-0.022283474931779533
6005,Witzkeite,07,Not in a structural group,monoclinic,-0.2271656202893403,-0.18931822728394984,-0.2689974504635776
6006,Wodegongjieite,09,Cymrite,hexagonal,0.5996692972662604,-0.05727756217455918,0.013229948903198457
6007,Wodginite,04,Columbite,monoclinic,0.6613518257286727,-0.08549864904802593,0.04821602565004164
6008,Wöhlerite,09,Wöhlerite,monoclinic,0.616797139045063,-0.05123173398114106,0.044620275670607015
6009,Wolfeite,08,Wagnerite,monoclinic,-0.23928196696340184,-0.15378132922629917,0.3262687566557878
6010,Wolfsriedite,07,Uranotungstite,monoclinic,0.6273749432600035,-0.18632665290364636,0.02303927585489217
6011,Wollastonite,09,Wollastonite,"monoclinic, triclinic",-0.253849695425793,0.34473243707191153,-0.0841121052735999
6012,Wölsendorfite,04,Wölsendorfite,orthorhombic,0.6493858824297428,-0.22482302908502783,-0.009054691885688984
6013,Wonesite,09,"Mica, Clay","monoclinic, triclinic",0.5884277221978342,-0.05869191369261081,0.03458002046628777
6014,Woodallite,03,Hydrotalcite,hexagonal,0.5862021997466376,-0.17020449466894685,0.03938215969025581
6015,Woodhouseite,08,Alunite-Beudantite,hexagonal,-0.2403144194125616,-0.2359040480813494,0.03869366938581651
6016,Woodruffite,04,,,0.6314622367225188,-0.06098658761504327,0.047450877663882354
6017,Woodwardite,07,"Woodwardite, Hydrotalcite",,-0.2119007507581283,-0.2695875027916211,-0.26115780798806765
6018,Wooldridgeite,08,,orthorhombic,0.6115522082055604,-0.10060954334811452,0.011034415266264877
6019,Wopmayite,08,Cerite,hexagonal,-0.23404777340307847,-0.15867413122199128,0.33081606900378646
6020,Wortupaite,04,Zemannite,hexagonal,-0.33624541068051295,0.2676943983362798,-0.3525765540823569
6021,Wrightite,08,Not in a structural group,orthorhombic,-0.21814424241887745,-0.1217279763618262,0.31666197396007545
6022,Wroewolfeite,07,,monoclinic,-0.2225241479264925,-0.28589247432632114,-0.2712104923246479
6023,Wulfenite,07,Scheelite,tetragonal,-0.2818579872688328,0.3964622388687997,-0.13143047282688758
6024,Wulffite,07,Not in a structural group,orthorhombic,-0.21058092624803768,-0.2034241809825369,-0.2804844163911624
6025,Wülfingite,04,Cristobalite,orthorhombic,0.5917110621049644,-0.15929703800554745,0.042422504157791745
6026,Wumuite,07,Wumuite,hexagonal,0.6142404894764255,-0.05382540385019856,0.016157610932045808
6027,Wupatkiite,07,Halotrichite,monoclinic,-0.34814728707660847,0.24517924495645,-0.3556343070511283
6028,Wurtzite,02,Wurtzite,hexagonal,0.6215438285707527,0.01638633144643605,0.01930297845955064
6029,Wüstite,04,Rocksalt,cubic,0.6039619308374571,-0.038048016897841645,0.009963172326642254
6030,Wuyanzhiite,02,,tetragonal,0.6846334249493402,-0.058311075247606786,-0.017671845850147087
6031,Wyartite,05,,orthorhombic,-0.19222479561604056,-0.3205043732019242,-0.03933299074941569
6032,Wycheproofite,08,,triclinic,-0.22773892081175584,-0.19830680124323194,0.34618452665276256
6033,Wyllieite,08,Alluaudite-Wyllieite,monoclinic,-0.336458499644043,0.32039062279446157,0.30402192589438515
6034,Xanthiosite,08,Olivine-Sarcopside,monoclinic,-0.3523080286152678,0.3737718854097297,0.29656039649195115
6035,Xanthoconite,02,Xanthoconite,monoclinic,0.6976069982729958,-0.027294006058852474,0.011693906530889461
6036,Xanthoxenite,08,,,-0.24436330184533558,-0.17113249697080546,0.3342497517909264
6037,Xenophyllite,08,,,-0.34391763408194886,0.329750395507995,0.29928373702515254
6038,Xenotime-(Gd),08,Zircon,tetragonal,-0.32151729878755364,0.3550254262636756,0.30850853972376396
6039,Xenotime-(Y),08,Zircon,tetragonal,-0.32175536266403915,0.3551625285651921,0.308470471408401
6040,Xenotime-(Yb),08,Zircon,tetragonal,-0.34242160512969555,0.3761108245697661,0.33119555681063123
6041,Xiangjiangite,08,,orthorhombic,-0.27532350908385284,-0.2935362209746618,0.05176052370642518
6042,Xianhuaite-(Ce),04,Xianhuaite,tetragonal,0.6606902172350331,-0.10061434301295633,0.03845344530471596
6043,Xianhuaite-(La),04,Xianhuaite,tetragonal,0.6588769718736391,-0.10093194559782309,0.03464904687435729
6044,Xieite,04,Spinel-Post-spinel,orthorhombic,0.6094995775565465,0.00524783358421983,0.008234962963531274
6045,Xiexiandeite,09,,monoclinic,-0.23141521438568968,0.44065220441567043,-0.11531001782432948
6046,Xifengite,01,Xifengite,hexagonal,0.6294165903815088,0.1207280155798328,0.011333290527579391
6047,Xilingolite,02,Lillianite,monoclinic,0.6486555089869214,-0.01867994028352245,-0.03127575510756617
6048,Ximengite,08,Rhabdophane,hexagonal,-0.3383729368359028,0.387505791070775,0.32507278220360014
6049,Xingzhongite,02,Spinel,cubic,0.663991525228,-0.029884102290335165,-0.014299698731738107
6050,Xitieshanite,07,,monoclinic,-0.2699828931909069,-0.05641972777488993,-0.29197173685495426
6051,Xocolatlite,07,,monoclinic,0.6067104265750869,-0.05205019361390521,0.042355080413053296
6052,Xocomecatlite,07,,,-0.20994439037956275,-0.26439321426013673,-0.2562120319703013
6053,Xonotlite,09,,"triclinic, monoclinic",0.5920971466161143,-0.09061670610411479,0.02655718423566339
6054,Xuite,04,Garnet,cubic,0.5787587788661115,-0.1354174877978838,0.036069058955403493
6055,Xuwenyuanite,02,,cubic,0.6813381689103996,-0.048814546702936265,0.018204410168052895
6056,Yafsoanite,07,Garnet,cubic,0.5938720130973136,-0.03668046435173782,0.030584584190244735
6057,Yagiite,09,Milarite,hexagonal,0.5790233476489012,-0.009613512962027613,0.0427681386127238
6058,Yakhontovite,09,"Smectite-vermiculite, Clay",monoclinic,0.58092345017044,-0.12489574830847855,0.03717213905957356
6059,Yakovenchukite-(Y),09,,orthorhombic,0.6127270438904338,-0.06497446524603315,0.02893446983956483
6060,Yakubovichite,08,Not in a structural group,orthorhombic,-0.34401772150369236,0.33853694634213366,0.3049007264200826
6061,Yamhamelachite,08,,monoclinic,0.6279801263936718,-0.03300005837789588,0.019257035414079117
6062,Yancowinnaite,08,Natrochalcite-Helmutwinklerite,triclinic,-0.2293146271725271,-0.1854153953008999,0.2948424517329639
6063,Yangite,09,Not in a structural group,triclinic,0.6180138473339658,-0.027605024109905108,-0.015152115598729365
6064,Yangzhumingite,09,Mica,monoclinic,0.5808709196769272,0.01244457359824895,0.04736893427022118
6065,Yanomamite,08,,orthorhombic,-0.35334011530101006,0.35264961016959756,0.3096652850121996
6066,Yarlongite,01,,hexagonal,0.6292192599318387,0.12463604024583372,0.012061234540938123
6067,Yaroshevskite,08,Not in a structural group,triclinic,-0.24069279516733594,-0.06810209819950792,0.2924108340733541
6068,Yaroslavite,03,,orthorhombic,0.592439442381122,-0.03376810356626585,0.02002900342727119
6069,Yarrowite,02,,hexagonal,0.654145159602196,-0.03184915053212785,-0.01583196510372207
6070,Yarzhemskiite,06,Larderellite,monoclinic,0.601597259113549,-0.14906535336460044,0.03573895344513969
6071,Yavapaiite,07,,monoclinic,-0.325489433139771,0.26297668741529984,-0.31254302862374306
6072,Yazganite,08,Alluaudite,monoclinic,-0.34527441599612974,0.3199922889899563,0.30931872802787885
6073,Yeatmanite,09,Katoptrite,triclinic,-0.1808383191403752,-0.1118195741281237,0.03042048308501297
6074,Yecoraite,07,,,-0.22406924258573557,-0.195304382408666,-0.2731524961223887
6075,Yedlinite,03,,hexagonal,0.6076147827585552,-0.11619563571828453,-0.01468893109704984
6076,Ye'elimite,07,Sodalite,cubic,-0.2104086945098645,-0.18694801122134977,-0.2692043040908676
6077,Yegorovite,09,Not in a structural group,monoclinic,0.5998855618206347,-0.17979707774900835,0.03794530076284111
6078,Yeite,01,,orthorhombic,0.6770197586411655,0.09975993149094757,0.0042620662394776965
6079,Yellowcatite,04,Not in a structural group,hexagonal,-0.2207850643677784,-0.20485728638089717,-0.2674380527844734
6080,Yeomanite,03,Not in a structural group,orthorhombic,0.6115206742237733,-0.10989289114295657,-0.02598688291503284
6081,Yimengite,04,Magnetoplumbite,hexagonal,0.6067960929775449,-0.04741493602444419,0.06904285086135709
6082,Yingjiangite,08,Phosphuranylite,orthorhombic,-0.25345286817915164,-0.24884629545537285,0.3556819256905088
6083,Yixunite,01,"Auricupride, Perovskite",cubic,0.6157328232550959,0.5089333211248281,-0.05398259696797561
6084,Yoderite,09,,monoclinic,-0.16906738274856772,-0.17659080385870957,0.02798773755850517
6085,Yofortierite,09,"Palygorskite, Clay",monoclinic,0.6041997136364432,-0.10775080898267338,0.038084109484666645
6086,Yoshimuraite,09,Seidozerite-Bafertisite,triclinic,-0.2305965976577969,-0.1329771805892322,0.35122973262426704
6087,Yoshiokaite,09,Tridymite-Nepheline,hexagonal,0.6043179274385023,-0.036441904665033414,0.005045887893844707
6088,Yttriaite-(Y),04,Bixbyite,cubic,0.6407290558377552,-0.05413895306951158,0.0088577241995687
6089,Yttrialite-(Y),09,,monoclinic,0.6432701710526246,-0.03327849598043808,0.008747065816179575
6090,Yttrocolumbite-(Y),04,Columbite,,0.6455093521530089,-0.11841672829158584,0.034752449285044
6091,Yttrocrasite-(Y),04,Columbite,orthorhombic,0.60615092685862,-0.1710598199850411,0.05485750749195701
6092,Yttrotantalite-(Y),04,Columbite,,0.6275907598504674,-0.17317388736272935,0.042977169813486066
6093,Yttrotungstite-(Ce),07,Yttrotungstite,monoclinic,0.6203772731427684,-0.14202942134711463,0.041555180986331736
6094,Yttrotungstite-(Nd),07,Yttrotungstite,monoclinic,0.6106942535226111,-0.15002490656396422,0.028892789406393376
6095,Yttrotungstite-(Y),07,Yttrotungstite,monoclinic,0.6140650247815114,-0.1446476494503008,0.030441277545674272
6096,Yuanfuliite,06,Warwickite,orthorhombic,-0.148815513165941,-0.14191721395706733,5.018117443471347e-05
6097,Yuanjiangite,01,Nickeline,hexagonal,0.6281132325838303,0.5217025943458801,-0.05374991540996278
6098,Yuchuanite-(Y),05,,triclinic,-0.2666923699472842,0.2971538117593119,-0.11678273663695586
6099,Yugawaralite,09,,monoclinic,0.604979103172683,-0.06785475949699014,0.0036775210956018385
6100,Yukonite,08,,,-0.2566112948613596,-0.13319855178874873,0.3516048625855757
6101,Yuksporite,09,,monoclinic,0.5923208442077371,-0.11500198427581779,0.05361454165800862
6102,Yulinite,04,Aeschynite,monoclinic,0.6577675658555383,-0.09882513357107782,0.032936243325298056
6103,Yunhaoite,07,Arcanite,monoclinic,-0.2677753613528284,0.3730570583573291,-0.0594091500942159
6104,Yurgensonite,08,Katiarsite,orthorhombic,-0.21575396907579714,-0.1324230227345771,0.3561285749945323
6105,Yurmarinite,08,Yurmarinite,hexagonal,-0.33485868599673346,0.3098359514967647,0.29298657656040483
6106,Yushkinite,02,Valleriite,,0.5848639228843497,-0.1296279766487274,0.038872261782181686
6107,Yusupovite,09,Elpidite,monoclinic,0.6350704924642312,-0.07589132891372438,0.03990785126708611
6108,Yuzuxiangite,09,Ohmilite,monoclinic,0.592196630769767,-0.10771491314697942,0.03716698047543842
6109,Yvonite,08,,triclinic,-0.2259846422014155,-0.22498915610054598,0.29023400485026457
6110,Żabińskiite,09,Titanite,triclinic,-0.1641558856564874,-0.16444757016849143,0.028256028602622614
6111,Zabuyelite,05,,monoclinic,-0.27015062039482207,0.2888237670984064,-0.10440935369679036
6112,Zaccagnaite,05,Hydrotalcite,hexagonal,-0.1847048270285167,-0.28624719042529817,-0.03184532922284061
6113,Zaccariniite,02,,tetragonal,0.6535659492210201,0.12267200574901455,0.02430781583055434
6114,Zadovite,09,Zadovite,hexagonal,-0.254973314344548,0.008304623568262868,0.2737157565871646
6115,Zagamiite,09,Not in a structural group,hexagonal,0.6013603601729967,-0.04836248013076569,0.0080628131876033
6116,Zaherite,07,,triclinic,-0.2321743421039559,-0.30790513040711953,-0.2669346400062784
6117,Zaïrite,08,Alunite-Crandallite,hexagonal,-0.22775280152759597,-0.1795558960220055,0.3359923326550128
6118,Zakharovite,09,,hexagonal,0.5909040066252602,-0.15273886315846524,0.05237223960183199
6119,Zálesíite,08,Mixite,hexagonal,-0.24044300460893786,-0.2220300596069335,0.30422676144120003
6120,Zanazziite,08,Roscherite,"triclinic, monoclinic",-0.2475669215757359,-0.17059445956751243,0.33878154172399355
6121,Zanelliite,08,Not in a structural group,monoclinic,-0.23496191519394385,-0.20612356755201044,0.30989132941038205
6122,Zangboite,01,,orthorhombic,0.6394881949439174,0.10412710992771018,0.022591539502175302
6123,Zapatalite,08,,tetragonal,-0.23776738812392378,-0.2189992044981082,0.31989826141846217
6124,Zaratite,05,Amorphous,,-0.1907361236322619,-0.27438830252684693,-0.028107254591389803
6125,Zavalíaite,08,Olivine-Sarcopside,monoclinic,-0.354021655031705,0.37294029855531113,0.30515915783375036
6126,Zavaritskite,03,Matlockite,tetragonal,0.6690407732732886,0.029859334742388215,0.01426418329271265
6127,Zavyalovite,02,Diamond-Sphalerite,monoclinic,0.693082560168821,-0.05058031265364895,0.008225273999705926
6128,Zaykovite,02,Kingstonite,monoclinic,0.6621592073531911,-0.028909278539520196,0.0019798316216748622
6129,Zdenĕkite,08,,monoclinic,-0.2755511047848781,-0.031099933799332243,0.2976449159375815
6130,Zektzerite,09,,orthorhombic,0.6338505532917025,-0.05400506513691587,0.04123840602045965
6131,Zellerite,05,,orthorhombic,-0.19212648706259247,-0.276226761269699,-0.051756530556930615
6132,Zemannite,04,Zemannite,hexagonal,-0.2072892771150392,-0.2505991586026083,-0.24863720924759994
6133,Zemkorite,05,,hexagonal,-0.2798441830702332,0.27414852544422463,-0.09061038533678831
6134,Zenzénite,04,Zenzénite,hexagonal,0.6110965428433494,-0.05969861826460282,0.01666811539799766
6135,Zeophyllite,09,,hexagonal,0.6061321790265418,-0.07091336510353785,0.011999553712471866
6136,Zeravshanite,09,,monoclinic,0.6357291764851614,-0.07151656156861562,0.03955305864220078
6137,Zeunerite,08,Autunite,tetragonal,-0.2560972015366345,-0.22662416152477985,0.343746834548787
6138,Zhanghengite,01,Iron,cubic,0.5966100836226071,0.5221917869613872,-0.037830137370459024
6139,Zhanghuifenite,08,Alluaudite-Bobfergusonite,monoclinic,-0.3379495194204174,0.32520852637942266,0.3090003768102584
6140,Zhangpeishanite,03,Matlockite,tetragonal,0.633269510214959,0.10875793463976598,-0.0008241621517447381
6141,Zhaoyuanite,04,Denningite,tetragonal,0.6164196460831819,-0.013895278371585383,0.021498039630577157
6142,Zharchikhite,03,,monoclinic,0.597094597559698,-0.14891731327819108,0.019311953081402176
6143,Zhemchuzhnikovite,10,"Stepanovite, Oxalate",hexagonal,0.5929494708926952,-0.05929926163425775,0.032632095926438356
6144,Zhengminghuaite,02,Nowackiite,hexagonal,0.6508068493480421,-0.028225100670027262,0.002479378024966049
6145,Zhenruite,07,,monoclinic,-0.31691943635933467,0.44156915152543513,-0.141587868398789
6146,Zheshengite,08,Dongchuanite,triclinic,-0.23269182902238122,-0.14709144957340808,0.3084344252241125
6147,Zhiqinite,01,,orthorhombic,0.6770197586411655,0.09975993149094757,0.0042620662394776965
6148,Zhonghongite,02,Tetrahedrite,orthorhombic,0.6834461857757994,-0.024513472152886323,0.00043391610983779805
6149,Ziesite,04,,"monoclinic, triclinic",0.6436590826591085,-0.05381844640691208,-0.030939200858386483
6150,Zigrasite,08,Malhmoodite,triclinic,-0.34777685428660565,0.32230104581950014,0.3397016025243763
6151,Zilbermintsite-(La),09,Radekškodaite,monoclinic,-0.16983983316633683,-0.17271010656844263,0.03402589999936969
6152,Zimbabweite,04,,orthorhombic,0.6548350019478201,-0.08296479278125553,0.03965538752174753
6153,Ziminaite,08,Howardevansite,triclinic,-0.3462362836873463,0.3754815778930578,0.30946283029397076
6154,Zinc,01,,hexagonal,0.590943841034963,0.5472195502655537,-0.02114875920195053
6155,Zincalstibite,04,Hydrotalcite,hexagonal,0.601475097377674,-0.17791391436838988,0.03734758613617992
6156,Zincaluminite,07,Woodwardite,,-0.21537821858442832,-0.25486803604611774,-0.24343100334247406
6157,Zincgartrellite,08,Natrochalcite-Helmutwinklerite,triclinic,-0.22589523703284753,-0.18856061021688098,0.32111182625165463
6158,Zincite,04,Wurtzite,hexagonal,0.6155105364563634,-0.024958638635740736,0.020334942971526496
6159,Zinclipscombite,08,,tetragonal,-0.2314113011817424,-0.1593486590961766,0.33588702718397145
6160,Zincmelanterite,07,Melanterite,monoclinic,-0.36332406325325545,0.2864164895660917,-0.3596740880444783
6161,Zincoberaunite,08,Beraunite,monoclinic,-0.24833824411493,-0.1916931513562322,0.3429655069850949
6162,Zincobotryogen,07,Botryogen,monoclinic,-0.23899799251030662,-0.2535429346635873,-0.24217905270521722
6163,Zincobradaczekite,08,Alluaudite,monoclinic,-0.34012042041028134,0.3324406720233516,0.28357093348846163
6164,Zincobriartite,02,"Stannite, Diamond-Sphalerite",tetragonal,0.6616386251601148,-0.04387291316715976,0.01715990490276442
6165,Zincochenite,07,Chenite,triclinic,-0.21447481215261932,-0.26054952351405636,-0.2719540551203159
6166,Zincochromite,04,Spinel,cubic,0.6234299214660819,0.01897287778827235,0.017210857301672527
6167,Zincocopiapite,07,Copiapite,triclinic,-0.24541697137451257,-0.2551554358288407,-0.24757837292969942
6168,Zincohögbomite-2N2S,04,Hogbömite-Zincohögbomite,hexagonal,0.6089259830104381,-0.0800253851486069,0.04524651216060011
6169,Zincohögbomite-2N6S,04,Hogbömite-Zincohögbomite,hexagonal,0.596359075229612,-0.07164028594626336,0.047836116881088256
6170,Zincolibethenite,08,Andalusite,orthorhombic,-0.23212007615730085,-0.16548411072830596,0.3223700625460135
6171,Zincolivenite,08,Andalusite,orthorhombic,-0.23037050647404714,-0.1655915844503219,0.31596115988124196
6172,Zincomenite,04,Not in a structural group,orthorhombic,-0.32648102903116083,0.3012641196366574,-0.3698166921237077
6173,Zinconigerite-2N1S,04,Hogbömite-Nigerite,hexagonal,0.6110326944242259,-0.10777198557170697,0.016355579252919507
6174,Zinconigerite-6N6S,04,Hogbömite-Nigerite,hexagonal,0.6091837945285626,-0.09707153784408801,0.017159589525130605
6175,Zincorietveldite,07,Svornostite,orthorhombic,-0.2350179890561318,-0.24901484192260975,-0.2739182423836885
6176,Zincorinmanite-(Zn),04,Nolanite,hexagonal,0.6023729920595401,-0.09985673113162857,0.0481437663906369
6177,Zincospiroffite,04,,monoclinic,0.6160229763595925,-0.015469463366149527,0.020091410399559435
6178,Zincostaurolite,09,Staurolite,monoclinic,0.607732700073178,-0.07928090514803068,0.016135442057462902
6179,Zincostottite,04,Perovskite,tetragonal,0.603175336100019,-0.171582191826522,0.03447446281992139
6180,Zincostrunzite,08,Strunzite,triclinic,-0.25070241132325005,-0.18895484878620689,0.34264861625793835
6181,Zincovelesite-6N6S,04,Hogbömite,hexagonal,0.6117521022385656,-0.07126952749220673,0.052918244736887374
6182,Zincovoltaite,07,Voltaite,cubic,-0.35800682041695797,0.2501043153651215,-0.3364274855873379
6183,Zincowoodwardite,07,"Woodwardite, Hydrotalcite",hexagonal,-0.2138710652912354,-0.2627003971887235,-0.24621576272403956
6184,Zincrosasite,05,Malachite,,-0.17832810560856266,-0.24010701508636542,-0.04317946525813189
6185,Zincroselite,08,Roselite,monoclinic,-0.34850624163043403,0.32557463406035325,0.2954726504872502
6186,Zincsilite,09,Smectite-vermiculite,,0.5971991501449129,-0.1290130640084259,0.037434761625534205
6187,Zinczippeite,07,Zippeite,monoclinic,-0.23746082271639335,-0.2733301128439529,-0.28126177536166064
6188,Zinkenite,02,Zinkenite,hexagonal,0.665216781289196,-0.020671200324657336,-0.009787415459091307
6189,Zinkgruvanite,09,Ericssonite,,-0.22332831312549978,-0.1953455221950131,-0.23923711084569055
6190,Zinkosite,07,Zinkosite,orthorhombic,-0.34288837603579203,0.3068547396848969,-0.35170436610136396
6191,Zippeite,07,Zippeite,"monoclinic, orthorhombic",-0.23165076116016844,-0.3114971895259356,-0.26922996355385426
6192,Zipserite,02,Not in a structural group,hexagonal,0.6590311235045102,-0.011376834738097098,0.00040051188857242147
6193,Zircarsite,08,Arsmirandite,cubic,-0.2296920139568461,-0.0940889554854928,0.31412346342122943
6194,Zircon,09,Zircon,tetragonal,-0.26944696060752676,0.35900624693659383,-0.009173226248949316
6195,Zirconolite,04,Zirconolite,"monoclinic, orthorhombic",0.6060016411806817,-0.07585446818495034,0.04980819596349765
6196,Zircophyllite,09,Astrophyllite-Astrophyllite,,0.5884453500850493,-0.11079084752681204,0.04946832169267567
6197,Zircosulfate,07,,orthorhombic,-0.3368900227752014,0.2591070631550443,-0.36330856478819423
6198,Zirkelite,04,Fluorite,"monoclinic, hexagonal",0.6399150458902605,-0.08247101743339547,0.04561842087180426
6199,Zirklerite,03,,,0.5858526763687287,-0.09668886763264431,0.031504360486953216
6200,Ziroite,04,Not in a structural group,tetragonal,0.6770054992743959,-0.08015923384715026,0.04112045396968987
6201,Zirsilite-(Ce),09,Eudialyte,hexagonal,-0.18027226689418346,-0.20953131593949262,-0.017561634723852845
6202,Zirsinalite,09,Lovozerite-Zirsinalite–Lovozerite,hexagonal,0.6158485589503239,-0.054773107539198396,0.035854333897596985
6203,Zlatogorite,02,Nickeline,hexagonal,0.6115100470459292,0.519492814216426,-0.041113550291141984
6204,Znamenskyite,02,,orthorhombic,0.6442337878340791,-0.025345912607680564,-0.01830281797755519
6205,Znucalite,05,,"triclinic, orthorhombic, monoclinic",-0.18571471008302048,-0.27698123897308835,-0.022670782393571853
6206,Zodacite,08,Calcioferrite,monoclinic,-0.25453881060635186,-0.1927052692719056,0.34560399942397935
6207,Zoharite,02,Djerfisherite,cubic,0.6126110634524684,-0.01998528459695847,0.023459910949797463
6208,Zoisite,09,Epidote,orthorhombic,-0.17502940145592108,-0.1647745824843905,0.021558410148203602
6209,Zoisite-(Pb),09,Epidote,orthorhombic,-0.1709968053979991,-0.17151457259944097,0.01039518582920669
6210,Zolenskyite,02,Wilkmanite,monoclinic,0.6176859327443813,0.032757665083059585,0.007911333281535607
6211,Zolotarevite,09,Lovozerite,hexagonal,0.6044177690933614,-0.15406667115854467,0.04473387794799459
6212,Zoltaiite,09,,hexagonal,0.6215262776981834,0.00037630235699841544,0.014858573608193678
6213,Zorite,09,Zorite,orthorhombic,0.6218682967917393,-0.17020742116928697,0.05579363589610896
6214,Zoubekite,02,,orthorhombic,0.6585433376110115,-0.022354628153849053,-0.01486862794865365
6215,Zoyashlyukovaite,01,Qusongite,hexagonal,0.7923297992699713,0.13409015690441295,-0.038677311698388374
6216,Zubkovaite,08,Not in a structural group,monoclinic,-0.3399512165800538,0.3210359228778836,0.26755783464659477
6217,Zugshunstite-(Ce),10,Oxalate,monoclinic,-0.23459996607995703,-0.19358149448921308,-0.2933998898624397
6218,Zuktamrurite,01,Marcasite,orthorhombic,0.630580716830837,0.12558062103010031,0.016671268514045358
6219,Zunyite,09,,cubic,0.5965582120165286,-0.13962566120145398,0.01631859763929424
6220,Zuolinite,04,Xianhuaite,tetragonal,0.645565859946247,-0.0941938778374771,0.03551642646297963
6221,Zussmanite,09,Clay,hexagonal,0.5833216340187877,-0.07887041065143435,0.03909010457481554
6222,Zvĕstovite-(Fe),02,Tetrahedrite,cubic,0.6771987689965706,-0.02885583187915522,0.01820368190683732
6223,Zvĕstovite-(Zn),02,Tetrahedrite,cubic,0.6807322872240885,-0.02267835968544111,0.021647220132095146
6224,Zvyaginite,09,Seidozerite-Lamprophyllite,triclinic,0.6308755806907409,-0.14557969756779238,0.06372931962518615
6225,Zvyagintsevite,01,"Auricupride, Perovskite",cubic,0.627434510275957,0.5187803925506799,-0.0665505252442231
6226,Zwieselite,08,Triplite,monoclinic,-0.27746943495254317,0.033589983508697394,0.3312355021891878
6227,Zýkaite,08,,orthorhombic,-0.26540563222093516,-0.18073337620017066,0.20363088896654075
